Date,Regime,Close,DMA200,VOL20,BREADTH_SCORE
2017-01-02,SIDEWAYS,,,,61.47
2017-01-03,SIDEWAYS,,,,61.47
2017-01-03,SIDEWAYS,8192.25,,,61.47
2017-01-04,SIDEWAYS,8190.5,,,61.47
2017-01-04,SIDEWAYS,,,,61.47
2017-01-05,SIDEWAYS,8273.7998046875,,,61.47
2017-01-05,SIDEWAYS,,,,61.47
2017-01-06,SIDEWAYS,8243.7998046875,,,61.47
2017-01-06,SIDEWAYS,,,,61.47
2017-01-09,SIDEWAYS,,,,61.47
2017-01-09,SIDEWAYS,8236.0498046875,,,61.47
2017-01-10,SIDEWAYS,,,,61.47
2017-01-10,SIDEWAYS,8288.599609375,,,61.47
2017-01-11,SIDEWAYS,,,,61.47
2017-01-11,SIDEWAYS,8380.650390625,,,61.47
2017-01-12,SIDEWAYS,,,,61.47
2017-01-12,SIDEWAYS,8407.2001953125,,,61.47
2017-01-13,SIDEWAYS,8400.349609375,,,61.47
2017-01-13,SIDEWAYS,,,,61.47
2017-01-16,SIDEWAYS,8412.7998046875,,,61.47
2017-01-16,SIDEWAYS,,,,61.47
2017-01-17,SIDEWAYS,,,,61.47
2017-01-17,SIDEWAYS,8398.0,,,61.47
2017-01-18,SIDEWAYS,,,,61.47
2017-01-18,SIDEWAYS,8417.0,,,61.47
2017-01-19,SIDEWAYS,8435.099609375,,,61.47
2017-01-19,SIDEWAYS,,,,61.47
2017-01-20,SIDEWAYS,,,,61.47
2017-01-20,SIDEWAYS,8349.349609375,,,61.47
2017-01-23,SIDEWAYS,,,,61.47
2017-01-23,SIDEWAYS,8391.5,,,61.47
2017-01-24,SIDEWAYS,8475.7998046875,,,61.47
2017-01-24,SIDEWAYS,,,,61.47
2017-01-25,SIDEWAYS,,,,61.47
2017-01-25,SIDEWAYS,8602.75,,,61.47
2017-01-27,SIDEWAYS,,,,61.47
2017-01-27,SIDEWAYS,8641.25,,,61.47
2017-01-30,SIDEWAYS,8632.75,,,61.47
2017-01-30,SIDEWAYS,,,,61.47
2017-01-31,SIDEWAYS,,,,61.47
2017-01-31,SIDEWAYS,8561.2998046875,,,61.47
2017-02-01,SIDEWAYS,8716.400390625,,,61.47
2017-02-01,SIDEWAYS,,,,61.47
2017-02-02,SIDEWAYS,,,,61.47
2017-02-02,SIDEWAYS,8734.25,,,61.47
2017-02-03,SIDEWAYS,,,,61.47
2017-02-03,SIDEWAYS,8740.9501953125,,,61.47
2017-02-06,SIDEWAYS,,,,61.47
2017-02-06,SIDEWAYS,8801.0498046875,,,61.47
2017-02-07,SIDEWAYS,,,,61.47
2017-02-07,SIDEWAYS,8768.2998046875,,,61.47
2017-02-08,SIDEWAYS,,,,61.47
2017-02-08,SIDEWAYS,8769.0498046875,,,61.47
2017-02-09,SIDEWAYS,,,,61.47
2017-02-09,SIDEWAYS,8778.400390625,,,61.47
2017-02-10,SIDEWAYS,8793.5498046875,,,61.47
2017-02-10,SIDEWAYS,,,,61.47
2017-02-13,SIDEWAYS,8805.0498046875,,,61.47
2017-02-13,SIDEWAYS,,,,61.47
2017-02-14,SIDEWAYS,8792.2998046875,,,61.47
2017-02-14,SIDEWAYS,,,,61.47
2017-02-15,SIDEWAYS,8724.7001953125,,,61.47
2017-02-15,SIDEWAYS,,,,61.47
2017-02-16,SIDEWAYS,,,,61.47
2017-02-16,SIDEWAYS,8778.0,,,61.47
2017-02-17,SIDEWAYS,8821.7001953125,,,61.47
2017-02-17,SIDEWAYS,,,,61.47
2017-02-20,SIDEWAYS,8879.2001953125,,,61.47
2017-02-20,SIDEWAYS,,,,61.47
2017-02-21,SIDEWAYS,,,,61.47
2017-02-21,SIDEWAYS,8907.849609375,,,61.47
2017-02-22,SIDEWAYS,8926.900390625,,,61.47
2017-02-22,SIDEWAYS,,,,61.47
2017-02-23,SIDEWAYS,,,,61.47
2017-02-23,SIDEWAYS,8939.5,,,61.47
2017-02-27,SIDEWAYS,,,,61.47
2017-02-27,SIDEWAYS,8896.7001953125,,,61.47
2017-02-28,SIDEWAYS,8879.599609375,,,61.47
2017-02-28,SIDEWAYS,,,,61.47
2017-03-01,SIDEWAYS,,,,61.47
2017-03-01,SIDEWAYS,8945.7998046875,,,61.47
2017-03-02,SIDEWAYS,8899.75,,,61.47
2017-03-02,SIDEWAYS,,,,61.47
2017-03-03,SIDEWAYS,8897.5498046875,,,61.47
2017-03-03,SIDEWAYS,,,,61.47
2017-03-06,SIDEWAYS,,,,61.47
2017-03-06,SIDEWAYS,8963.4501953125,,,61.47
2017-03-07,SIDEWAYS,,,,61.47
2017-03-07,SIDEWAYS,8946.900390625,,,61.47
2017-03-08,SIDEWAYS,,,,61.47
2017-03-08,SIDEWAYS,8924.2998046875,,,61.47
2017-03-09,SIDEWAYS,8927.0,,,61.47
2017-03-09,SIDEWAYS,,,,61.47
2017-03-10,SIDEWAYS,,,,61.47
2017-03-10,SIDEWAYS,8934.5498046875,,,61.47
2017-03-14,SIDEWAYS,,,,61.47
2017-03-14,SIDEWAYS,9087.0,,,61.47
2017-03-15,SIDEWAYS,9084.7998046875,,,61.47
2017-03-15,SIDEWAYS,,,,61.47
2017-03-16,SIDEWAYS,,,,61.47
2017-03-16,SIDEWAYS,9153.7001953125,,,61.47
2017-03-17,SIDEWAYS,,,,61.47
2017-03-17,SIDEWAYS,9160.0498046875,,,61.47
2017-03-20,SIDEWAYS,,,,61.47
2017-03-20,SIDEWAYS,9126.849609375,,,61.47
2017-03-21,SIDEWAYS,,,,61.47
2017-03-21,SIDEWAYS,9121.5,,,61.47
2017-03-22,SIDEWAYS,,,,61.47
2017-03-22,SIDEWAYS,9030.4501953125,,,61.47
2017-03-23,SIDEWAYS,9086.2998046875,,,61.47
2017-03-23,SIDEWAYS,,,,61.47
2017-03-24,SIDEWAYS,,,,61.47
2017-03-24,SIDEWAYS,9108.0,,,61.47
2017-03-27,SIDEWAYS,,,,61.47
2017-03-27,SIDEWAYS,9045.2001953125,,,61.47
2017-03-28,SIDEWAYS,,,,61.47
2017-03-28,SIDEWAYS,9100.7998046875,,,61.47
2017-03-29,SIDEWAYS,,,,61.47
2017-03-29,SIDEWAYS,9143.7998046875,,,61.47
2017-03-30,SIDEWAYS,,,,61.47
2017-03-30,SIDEWAYS,9173.75,,,61.47
2017-03-31,SIDEWAYS,9173.75,,,61.47
2017-03-31,SIDEWAYS,,,,61.47
2017-04-03,SIDEWAYS,,,,61.47
2017-04-03,SIDEWAYS,9237.849609375,,,61.47
2017-04-05,SIDEWAYS,9265.150390625,,,61.47
2017-04-05,SIDEWAYS,,,,61.47
2017-04-06,SIDEWAYS,9261.9501953125,,,61.47
2017-04-06,SIDEWAYS,,,,61.47
2017-04-07,SIDEWAYS,9198.2998046875,,,61.47
2017-04-07,SIDEWAYS,,,,61.47
2017-04-10,SIDEWAYS,9181.4501953125,,,61.47
2017-04-10,SIDEWAYS,,,,61.47
2017-04-11,SIDEWAYS,9237.0,,,61.47
2017-04-11,SIDEWAYS,,,,61.47
2017-04-12,SIDEWAYS,9203.4501953125,,,61.47
2017-04-12,SIDEWAYS,,,,61.47
2017-04-13,SIDEWAYS,9150.7998046875,,,61.47
2017-04-13,SIDEWAYS,,,,61.47
2017-04-17,SIDEWAYS,,,,61.47
2017-04-17,SIDEWAYS,9139.2998046875,,,61.47
2017-04-18,SIDEWAYS,9105.150390625,,,61.47
2017-04-18,SIDEWAYS,,,,61.47
2017-04-19,SIDEWAYS,,,,61.47
2017-04-19,SIDEWAYS,9103.5,,,61.47
2017-04-20,SIDEWAYS,9136.400390625,,,61.47
2017-04-20,SIDEWAYS,,,,61.47
2017-04-21,SIDEWAYS,9119.400390625,,,61.47
2017-04-21,SIDEWAYS,,,,61.47
2017-04-24,SIDEWAYS,,,,61.47
2017-04-24,SIDEWAYS,9217.9501953125,,,61.47
2017-04-25,SIDEWAYS,,,,61.47
2017-04-25,SIDEWAYS,9306.599609375,,,61.47
2017-04-26,SIDEWAYS,,,,61.47
2017-04-26,SIDEWAYS,9351.849609375,,,61.47
2017-04-27,SIDEWAYS,,,,61.47
2017-04-27,SIDEWAYS,9342.150390625,,,61.47
2017-04-28,SIDEWAYS,,,,61.47
2017-04-28,SIDEWAYS,9304.0498046875,,,61.47
2017-05-02,SIDEWAYS,,,,61.47
2017-05-02,SIDEWAYS,9313.7998046875,,,61.47
2017-05-03,SIDEWAYS,,,,61.47
2017-05-03,SIDEWAYS,9311.9501953125,,,61.47
2017-05-04,SIDEWAYS,9359.900390625,,,61.47
2017-05-04,SIDEWAYS,,,,61.47
2017-05-05,SIDEWAYS,,,,61.47
2017-05-05,SIDEWAYS,9285.2998046875,,,61.47
2017-05-08,SIDEWAYS,9314.0498046875,,,61.47
2017-05-08,SIDEWAYS,,,,61.47
2017-05-09,SIDEWAYS,9316.849609375,,,61.47
2017-05-09,SIDEWAYS,,,,61.47
2017-05-10,SIDEWAYS,9407.2998046875,,,61.47
2017-05-10,SIDEWAYS,,,,61.47
2017-05-11,SIDEWAYS,,,,61.47
2017-05-11,SIDEWAYS,9422.400390625,,,61.47
2017-05-12,SIDEWAYS,,,,61.47
2017-05-12,SIDEWAYS,9400.900390625,,,61.47
2017-05-15,SIDEWAYS,,,,61.47
2017-05-15,SIDEWAYS,9445.400390625,,,61.47
2017-05-16,SIDEWAYS,9512.25,,,61.47
2017-05-16,SIDEWAYS,,,,61.47
2017-05-17,SIDEWAYS,9525.75,,,61.47
2017-05-17,SIDEWAYS,,,,61.47
2017-05-18,SIDEWAYS,9429.4501953125,,,61.47
2017-05-18,SIDEWAYS,,,,61.47
2017-05-19,SIDEWAYS,9427.900390625,,,61.47
2017-05-19,SIDEWAYS,,,,61.47
2017-05-22,SIDEWAYS,,,,61.47
2017-05-22,SIDEWAYS,9438.25,,,61.47
2017-05-23,SIDEWAYS,,,,61.47
2017-05-23,SIDEWAYS,9386.150390625,,,61.47
2017-05-24,SIDEWAYS,,,,61.47
2017-05-24,SIDEWAYS,9360.5498046875,,,61.47
2017-05-25,SIDEWAYS,,,,61.47
2017-05-25,SIDEWAYS,9509.75,,,61.47
2017-05-26,SIDEWAYS,9595.099609375,,,61.47
2017-05-26,SIDEWAYS,,,,61.47
2017-05-29,SIDEWAYS,,,,61.47
2017-05-29,SIDEWAYS,9604.900390625,,,61.47
2017-05-30,SIDEWAYS,9624.5498046875,,,61.47
2017-05-30,SIDEWAYS,,,,61.47
2017-05-31,SIDEWAYS,,,,61.47
2017-05-31,SIDEWAYS,9621.25,,,61.47
2017-06-01,SIDEWAYS,9616.099609375,,,61.47
2017-06-01,SIDEWAYS,,,,61.47
2017-06-02,SIDEWAYS,9653.5,,,61.47
2017-06-02,SIDEWAYS,,,,61.47
2017-06-05,SIDEWAYS,9675.099609375,,,61.47
2017-06-05,SIDEWAYS,,,,61.47
2017-06-06,SIDEWAYS,9637.150390625,,,61.47
2017-06-06,SIDEWAYS,,,,61.47
2017-06-07,SIDEWAYS,,,,61.47
2017-06-07,SIDEWAYS,9663.900390625,,,61.47
2017-06-08,SIDEWAYS,,,,61.47
2017-06-08,SIDEWAYS,9647.25,,,61.47
2017-06-09,SIDEWAYS,9668.25,,,61.47
2017-06-09,SIDEWAYS,,,,61.47
2017-06-12,SIDEWAYS,9616.400390625,,,61.47
2017-06-12,SIDEWAYS,,,,61.47
2017-06-13,SIDEWAYS,9606.900390625,,,61.47
2017-06-13,SIDEWAYS,,,,61.47
2017-06-14,SIDEWAYS,9618.150390625,,,61.47
2017-06-14,SIDEWAYS,,,,61.47
2017-06-15,SIDEWAYS,,,,61.47
2017-06-15,SIDEWAYS,9578.0498046875,,,61.47
2017-06-16,SIDEWAYS,9588.0498046875,,,61.47
2017-06-16,SIDEWAYS,,,,61.47
2017-06-19,SIDEWAYS,9657.5498046875,,,61.47
2017-06-19,SIDEWAYS,,,,61.47
2017-06-20,SIDEWAYS,9653.5,,,61.47
2017-06-20,SIDEWAYS,,,,61.47
2017-06-21,SIDEWAYS,9633.599609375,,,61.47
2017-06-21,SIDEWAYS,,,,61.47
2017-06-22,SIDEWAYS,9630.0,,,61.47
2017-06-22,SIDEWAYS,,,,61.47
2017-06-23,SIDEWAYS,,,,61.47
2017-06-23,SIDEWAYS,9574.9501953125,,,61.47
2017-06-27,SIDEWAYS,,,,61.47
2017-06-27,SIDEWAYS,9511.400390625,,,61.47
2017-06-28,SIDEWAYS,,,,61.47
2017-06-28,SIDEWAYS,9491.25,,,61.47
2017-06-29,SIDEWAYS,,,,61.47
2017-06-29,SIDEWAYS,9504.099609375,,,61.47
2017-06-30,SIDEWAYS,9520.900390625,,,61.47
2017-06-30,SIDEWAYS,,,,61.47
2017-07-03,SIDEWAYS,9615.0,,,61.47
2017-07-03,SIDEWAYS,,,,61.47
2017-07-04,SIDEWAYS,9613.2998046875,,,61.47
2017-07-04,SIDEWAYS,,,,61.47
2017-07-05,SIDEWAYS,,,,61.47
2017-07-05,SIDEWAYS,9637.599609375,,,61.47
2017-07-06,SIDEWAYS,,,,61.47
2017-07-06,SIDEWAYS,9674.5498046875,,,61.47
2017-07-07,SIDEWAYS,,,,61.47
2017-07-07,SIDEWAYS,9665.7998046875,,,61.47
2017-07-10,SIDEWAYS,,,,61.47
2017-07-10,SIDEWAYS,9771.0498046875,,,61.47
2017-07-11,SIDEWAYS,9786.0498046875,,,61.47
2017-07-11,SIDEWAYS,,,,61.47
2017-07-12,SIDEWAYS,9816.099609375,,,61.47
2017-07-12,SIDEWAYS,,,,61.47
2017-07-13,SIDEWAYS,,,,61.47
2017-07-13,SIDEWAYS,9891.7001953125,,,61.47
2017-07-14,SIDEWAYS,,,,61.47
2017-07-14,SIDEWAYS,9886.349609375,,,61.47
2017-07-17,SIDEWAYS,9915.9501953125,,,61.47
2017-07-17,SIDEWAYS,,,,61.47
2017-07-18,SIDEWAYS,,,,61.47
2017-07-18,SIDEWAYS,9827.150390625,,,61.47
2017-07-19,SIDEWAYS,,,,61.47
2017-07-19,SIDEWAYS,9899.599609375,,,61.47
2017-07-20,SIDEWAYS,9873.2998046875,,,61.47
2017-07-20,SIDEWAYS,,,,61.47
2017-07-21,SIDEWAYS,,,,61.47
2017-07-21,SIDEWAYS,9915.25,,,61.47
2017-07-24,SIDEWAYS,,,,61.47
2017-07-24,SIDEWAYS,9966.400390625,,,61.47
2017-07-25,SIDEWAYS,9964.5498046875,,,61.47
2017-07-25,SIDEWAYS,,,,61.47
2017-07-26,SIDEWAYS,,,,61.47
2017-07-26,SIDEWAYS,10020.650390625,,,61.47
2017-07-27,SIDEWAYS,10020.5498046875,,,61.47
2017-07-27,SIDEWAYS,,,,61.47
2017-07-28,SIDEWAYS,,,,61.47
2017-07-28,SIDEWAYS,10014.5,,,61.47
2017-07-31,SIDEWAYS,,,,61.47
2017-07-31,SIDEWAYS,10077.099609375,,,61.47
2017-08-01,SIDEWAYS,,,,61.47
2017-08-01,SIDEWAYS,10114.650390625,,,61.47
2017-08-02,SIDEWAYS,,,,61.47
2017-08-02,SIDEWAYS,10081.5,,,61.47
2017-08-03,SIDEWAYS,,,,61.47
2017-08-03,SIDEWAYS,10013.650390625,,,61.47
2017-08-04,SIDEWAYS,,,,61.47
2017-08-04,SIDEWAYS,10066.400390625,,,61.47
2017-08-07,SIDEWAYS,10057.400390625,,,61.47
2017-08-07,SIDEWAYS,,,,61.47
2017-08-08,SIDEWAYS,9978.5498046875,,,61.47
2017-08-08,SIDEWAYS,,,,61.47
2017-08-09,SIDEWAYS,,,,61.47
2017-08-09,SIDEWAYS,9908.0498046875,,,61.47
2017-08-10,SIDEWAYS,,,,61.47
2017-08-10,SIDEWAYS,9820.25,,,61.47
2017-08-11,SIDEWAYS,9710.7998046875,,,61.47
2017-08-11,SIDEWAYS,,,,61.47
2017-08-14,SIDEWAYS,9794.150390625,,,61.47
2017-08-14,SIDEWAYS,,,,61.47
2017-08-16,SIDEWAYS,9897.2998046875,,,61.47
2017-08-16,SIDEWAYS,,,,61.47
2017-08-17,SIDEWAYS,9904.150390625,,,61.47
2017-08-17,SIDEWAYS,,,,61.47
2017-08-18,SIDEWAYS,9837.400390625,,,61.47
2017-08-18,SIDEWAYS,,,,61.47
2017-08-21,SIDEWAYS,,,,61.47
2017-08-21,SIDEWAYS,9754.349609375,,,61.47
2017-08-22,SIDEWAYS,9765.5498046875,,,61.47
2017-08-22,SIDEWAYS,,,,61.47
2017-08-23,SIDEWAYS,,,,61.47
2017-08-23,SIDEWAYS,9852.5,,,61.47
2017-08-24,SIDEWAYS,9857.0498046875,,,61.47
2017-08-24,SIDEWAYS,,,,61.47
2017-08-28,SIDEWAYS,9912.7998046875,,,61.47
2017-08-28,SIDEWAYS,,,,61.47
2017-08-29,SIDEWAYS,,,,61.47
2017-08-29,SIDEWAYS,9796.0498046875,,,61.47
2017-08-30,SIDEWAYS,,,,61.47
2017-08-30,SIDEWAYS,9884.400390625,,,61.47
2017-08-31,SIDEWAYS,,,,61.47
2017-08-31,SIDEWAYS,9917.900390625,,,61.47
2017-09-01,SIDEWAYS,9974.400390625,,,61.47
2017-09-01,SIDEWAYS,,,,61.47
2017-09-04,SIDEWAYS,,,,61.47
2017-09-04,SIDEWAYS,9912.849609375,,,61.47
2017-09-05,SIDEWAYS,9952.2001953125,,,61.47
2017-09-05,SIDEWAYS,,,,61.47
2017-09-06,SIDEWAYS,9916.2001953125,,,61.47
2017-09-06,SIDEWAYS,,,,61.47
2017-09-07,SIDEWAYS,,,,61.47
2017-09-07,SIDEWAYS,9929.900390625,,,61.47
2017-09-08,SIDEWAYS,,,,61.47
2017-09-08,SIDEWAYS,9934.7998046875,,,61.47
2017-09-11,SIDEWAYS,10006.0498046875,,,61.47
2017-09-11,SIDEWAYS,,,,61.47
2017-09-12,SIDEWAYS,,,,61.47
2017-09-12,SIDEWAYS,10093.0498046875,,,61.47
2017-09-13,SIDEWAYS,10079.2998046875,,,61.47
2017-09-13,SIDEWAYS,,,,61.47
2017-09-14,SIDEWAYS,,,,61.47
2017-09-14,SIDEWAYS,10086.599609375,,,61.47
2017-09-15,SIDEWAYS,,,,61.47
2017-09-15,SIDEWAYS,10085.400390625,,,61.47
2017-09-18,SIDEWAYS,,,,61.47
2017-09-18,SIDEWAYS,10153.099609375,,,61.47
2017-09-19,SIDEWAYS,10147.5498046875,,,61.47
2017-09-19,SIDEWAYS,,,,61.47
2017-09-20,SIDEWAYS,10141.150390625,,,61.47
2017-09-20,SIDEWAYS,,,,61.47
2017-09-21,SIDEWAYS,10121.900390625,,,61.47
2017-09-21,SIDEWAYS,,,,61.47
2017-09-22,SIDEWAYS,9964.400390625,,,61.47
2017-09-22,SIDEWAYS,,,,61.47
2017-09-25,SIDEWAYS,,,,61.47
2017-09-25,SIDEWAYS,9872.599609375,,,61.47
2017-09-26,SIDEWAYS,,,,61.47
2017-09-26,SIDEWAYS,9871.5,,,61.47
2017-09-27,SIDEWAYS,9735.75,,,61.47
2017-09-27,SIDEWAYS,,,,61.47
2017-09-28,SIDEWAYS,9768.9501953125,,,61.47
2017-09-28,SIDEWAYS,,,,61.47
2017-09-29,SIDEWAYS,9788.599609375,,,61.47
2017-09-29,SIDEWAYS,,,,61.47
2017-10-03,SIDEWAYS,9859.5,,,61.47
2017-10-03,SIDEWAYS,,,,61.47
2017-10-04,SIDEWAYS,9914.900390625,,,61.47
2017-10-04,SIDEWAYS,,,,61.47
2017-10-05,SIDEWAYS,,,,61.47
2017-10-05,SIDEWAYS,9888.7001953125,,,61.47
2017-10-06,SIDEWAYS,,,,61.47
2017-10-06,SIDEWAYS,9979.7001953125,,,61.47
2017-10-09,SIDEWAYS,9988.75,,,61.47
2017-10-09,SIDEWAYS,,,,61.47
2017-10-10,SIDEWAYS,,,,61.47
2017-10-10,SIDEWAYS,10016.9501953125,,,61.47
2017-10-11,SIDEWAYS,,,,61.47
2017-10-11,SIDEWAYS,9984.7998046875,,,61.47
2017-10-12,SIDEWAYS,,,,61.47
2017-10-12,SIDEWAYS,10096.400390625,,,61.47
2017-10-13,SIDEWAYS,,,,61.47
2017-10-13,SIDEWAYS,10167.4501953125,,,61.47
2017-10-16,SIDEWAYS,10230.849609375,,,61.47
2017-10-16,SIDEWAYS,,,,61.47
2017-10-17,SIDEWAYS,10234.4501953125,,,61.47
2017-10-17,SIDEWAYS,,,,61.47
2017-10-18,SIDEWAYS,10210.849609375,,,61.47
2017-10-18,SIDEWAYS,,,,61.47
2017-10-19,SIDEWAYS,,,,61.47
2017-10-19,SIDEWAYS,10146.5498046875,,,61.47
2017-10-23,SIDEWAYS,,,,61.47
2017-10-23,SIDEWAYS,10184.849609375,,,61.47
2017-10-24,SIDEWAYS,10207.7001953125,,,61.47
2017-10-24,SIDEWAYS,,,,61.47
2017-10-25,SIDEWAYS,10295.349609375,,,61.47
2017-10-25,SIDEWAYS,,,,61.47
2017-10-26,SIDEWAYS,10343.7998046875,,,61.47
2017-10-26,SIDEWAYS,,,,61.47
2017-10-27,SIDEWAYS,10323.0498046875,,,61.47
2017-10-27,SIDEWAYS,,,,61.47
2017-10-30,SIDEWAYS,10363.650390625,,,61.47
2017-10-30,SIDEWAYS,,,,61.47
2017-10-31,SIDEWAYS,,,,61.47
2017-10-31,SIDEWAYS,10335.2998046875,,,61.47
2017-11-01,SIDEWAYS,10440.5,,,61.47
2017-11-01,SIDEWAYS,,,,61.47
2017-11-02,SIDEWAYS,10423.7998046875,,,61.47
2017-11-02,SIDEWAYS,,,,61.47
2017-11-03,SIDEWAYS,10452.5,,,61.47
2017-11-03,SIDEWAYS,,,,61.47
2017-11-06,SIDEWAYS,10451.7998046875,,,61.47
2017-11-06,SIDEWAYS,,,,61.47
2017-11-07,SIDEWAYS,,,,61.47
2017-11-07,SIDEWAYS,10350.150390625,,,61.47
2017-11-08,SIDEWAYS,10303.150390625,,,61.47
2017-11-08,SIDEWAYS,,,,61.47
2017-11-09,SIDEWAYS,10308.9501953125,,,61.47
2017-11-09,SIDEWAYS,,,,61.47
2017-11-10,SIDEWAYS,,,,61.47
2017-11-10,SIDEWAYS,10321.75,,,61.47
2017-11-13,SIDEWAYS,10224.9501953125,,,61.47
2017-11-13,SIDEWAYS,,,,61.47
2017-11-14,SIDEWAYS,,,,61.47
2017-11-14,SIDEWAYS,10186.599609375,,,61.47
2017-11-15,SIDEWAYS,,,,61.47
2017-11-15,SIDEWAYS,10118.0498046875,,,61.47
2017-11-16,SIDEWAYS,,,,61.47
2017-11-16,SIDEWAYS,10214.75,,,61.47
2017-11-17,SIDEWAYS,,,,61.47
2017-11-17,SIDEWAYS,10283.599609375,,,61.47
2017-11-20,SIDEWAYS,,,,61.47
2017-11-20,SIDEWAYS,10298.75,,,61.47
2017-11-21,SIDEWAYS,,,,61.47
2017-11-21,SIDEWAYS,10326.900390625,,,61.47
2017-11-22,SIDEWAYS,,,,61.47
2017-11-22,SIDEWAYS,10342.2998046875,,,61.47
2017-11-23,SIDEWAYS,,,,61.47
2017-11-23,SIDEWAYS,10348.75,,,61.47
2017-11-24,SIDEWAYS,10389.7001953125,,,61.47
2017-11-24,SIDEWAYS,,,,61.47
2017-11-27,SIDEWAYS,10399.5498046875,,,61.47
2017-11-27,SIDEWAYS,,,,61.47
2017-11-28,SIDEWAYS,10370.25,,,61.47
2017-11-28,SIDEWAYS,,,,61.47
2017-11-29,SIDEWAYS,10361.2998046875,,,61.47
2017-11-29,SIDEWAYS,,,,61.47
2017-11-30,SIDEWAYS,10226.5498046875,,,61.47
2017-11-30,SIDEWAYS,,,,61.47
2017-12-01,SIDEWAYS,10121.7998046875,,,61.47
2017-12-01,SIDEWAYS,,,,61.47
2017-12-04,SIDEWAYS,10127.75,,,61.47
2017-12-04,SIDEWAYS,,,,61.47
2017-12-05,SIDEWAYS,,,,61.47
2017-12-05,SIDEWAYS,10118.25,,,61.47
2017-12-06,SIDEWAYS,10044.099609375,,,61.47
2017-12-06,SIDEWAYS,,,,61.47
2017-12-07,SIDEWAYS,,,,61.47
2017-12-07,SIDEWAYS,10166.7001953125,,,61.47
2017-12-08,SIDEWAYS,10265.650390625,,,61.47
2017-12-08,SIDEWAYS,,,,61.47
2017-12-11,SIDEWAYS,10322.25,,,61.47
2017-12-11,SIDEWAYS,,,,61.47
2017-12-12,SIDEWAYS,10240.150390625,,,61.47
2017-12-12,SIDEWAYS,,,,61.47
2017-12-13,SIDEWAYS,10192.9501953125,,,61.47
2017-12-13,SIDEWAYS,,,,61.47
2017-12-14,SIDEWAYS,10252.099609375,,,61.47
2017-12-14,SIDEWAYS,,,,61.47
2017-12-15,SIDEWAYS,10333.25,,,61.47
2017-12-15,SIDEWAYS,,,,61.47
2017-12-18,SIDEWAYS,10388.75,,,61.47
2017-12-18,SIDEWAYS,,,,61.47
2017-12-19,SIDEWAYS,,,,61.47
2017-12-19,SIDEWAYS,10463.2001953125,,,61.47
2017-12-20,SIDEWAYS,,,,61.47
2017-12-20,SIDEWAYS,10444.2001953125,,,61.47
2017-12-21,SIDEWAYS,10440.2998046875,,,61.47
2017-12-21,SIDEWAYS,,,,61.47
2017-12-22,SIDEWAYS,,,,61.47
2017-12-22,SIDEWAYS,10493.0,,,61.47
2017-12-26,SIDEWAYS,,,,61.47
2017-12-26,SIDEWAYS,10531.5,,,61.47
2017-12-27,SIDEWAYS,,,,61.47
2017-12-27,SIDEWAYS,10490.75,,,61.47
2017-12-28,SIDEWAYS,,,,61.47
2017-12-28,SIDEWAYS,10477.900390625,,,61.47
2017-12-29,SIDEWAYS,,,,61.47
2017-12-29,SIDEWAYS,10530.7001953125,,,61.47
2018-01-01,SIDEWAYS,,,,61.47
2018-01-02,SIDEWAYS,,,,61.47
2018-01-02,SIDEWAYS,10442.2001953125,,,61.47
2018-01-03,SIDEWAYS,,,,61.47
2018-01-03,SIDEWAYS,10443.2001953125,,,61.47
2018-01-04,SIDEWAYS,,,,61.47
2018-01-04,SIDEWAYS,10504.7998046875,,,61.47
2018-01-05,SIDEWAYS,,,,61.47
2018-01-05,SIDEWAYS,10558.849609375,,,61.47
2018-01-08,SIDEWAYS,10623.599609375,,,61.47
2018-01-08,SIDEWAYS,,,,61.47
2018-01-09,SIDEWAYS,,,,61.47
2018-01-09,SIDEWAYS,10637.0,,,61.47
2018-01-10,SIDEWAYS,,,,61.47
2018-01-10,SIDEWAYS,10632.2001953125,,,61.47
2018-01-11,SIDEWAYS,,,,61.47
2018-01-11,SIDEWAYS,10651.2001953125,,,61.47
2018-01-12,SIDEWAYS,,,,61.47
2018-01-12,SIDEWAYS,10681.25,,,61.47
2018-01-15,SIDEWAYS,,,,61.47
2018-01-15,SIDEWAYS,10741.5498046875,,,61.47
2018-01-16,SIDEWAYS,10700.4501953125,,,61.47
2018-01-16,SIDEWAYS,,,,61.47
2018-01-17,SIDEWAYS,10788.5498046875,,,61.47
2018-01-17,SIDEWAYS,,,,61.47
2018-01-18,SIDEWAYS,10817.0,,,61.47
2018-01-18,SIDEWAYS,,,,61.47
2018-01-19,SIDEWAYS,,,,61.47
2018-01-19,SIDEWAYS,10894.7001953125,,,61.47
2018-01-22,SIDEWAYS,10966.2001953125,,,61.47
2018-01-22,SIDEWAYS,,,,61.47
2018-01-23,SIDEWAYS,,,,61.47
2018-01-23,SIDEWAYS,11083.7001953125,,,61.47
2018-01-24,SIDEWAYS,,,,61.47
2018-01-24,SIDEWAYS,11086.0,,,61.47
2018-01-25,SIDEWAYS,11069.650390625,,,61.47
2018-01-25,SIDEWAYS,,,,61.47
2018-01-29,SIDEWAYS,,,,61.47
2018-01-29,SIDEWAYS,11130.400390625,,,61.47
2018-01-30,SIDEWAYS,11049.650390625,,,61.47
2018-01-30,SIDEWAYS,,,,61.47
2018-01-31,SIDEWAYS,11027.7001953125,,,61.47
2018-01-31,SIDEWAYS,,,,61.47
2018-02-01,SIDEWAYS,,,,61.47
2018-02-01,SIDEWAYS,11016.900390625,,,61.47
2018-02-02,SIDEWAYS,,,,61.47
2018-02-02,SIDEWAYS,10760.599609375,,,61.47
2018-02-05,SIDEWAYS,10666.5498046875,,,61.47
2018-02-05,SIDEWAYS,,,,61.47
2018-02-06,SIDEWAYS,,,,61.47
2018-02-06,SIDEWAYS,10498.25,,,61.47
2018-02-07,SIDEWAYS,,,,61.47
2018-02-07,SIDEWAYS,10476.7001953125,,,61.47
2018-02-08,SIDEWAYS,,,,61.47
2018-02-08,SIDEWAYS,10576.849609375,,,61.47
2018-02-09,SIDEWAYS,,,,61.47
2018-02-09,SIDEWAYS,10454.9501953125,,,61.47
2018-02-12,SIDEWAYS,10539.75,,,61.47
2018-02-12,SIDEWAYS,,,,61.47
2018-02-14,SIDEWAYS,,,,61.47
2018-02-14,SIDEWAYS,10500.900390625,,,61.47
2018-02-15,SIDEWAYS,10545.5,,,61.47
2018-02-15,SIDEWAYS,,,,61.47
2018-02-16,SIDEWAYS,10452.2998046875,,,61.47
2018-02-16,SIDEWAYS,,,,61.47
2018-02-19,SIDEWAYS,10378.400390625,,,61.47
2018-02-19,SIDEWAYS,,,,61.47
2018-02-20,SIDEWAYS,,,,61.47
2018-02-20,SIDEWAYS,10360.400390625,,,61.47
2018-02-21,SIDEWAYS,,,,61.47
2018-02-21,SIDEWAYS,10397.4501953125,,,61.47
2018-02-22,SIDEWAYS,10382.7001953125,,,61.47
2018-02-22,SIDEWAYS,,,,61.47
2018-02-23,SIDEWAYS,,,,61.47
2018-02-23,SIDEWAYS,10491.0498046875,,,61.47
2018-02-26,SIDEWAYS,10582.599609375,,,61.47
2018-02-26,SIDEWAYS,,,,61.47
2018-02-27,SIDEWAYS,10554.2998046875,,,61.47
2018-02-27,SIDEWAYS,,,,61.47
2018-02-28,SIDEWAYS,10492.849609375,,,61.47
2018-02-28,SIDEWAYS,,,,61.47
2018-03-01,SIDEWAYS,10458.349609375,,,61.47
2018-03-01,SIDEWAYS,,,,61.47
2018-03-05,SIDEWAYS,10358.849609375,,,61.47
2018-03-05,SIDEWAYS,,,,61.47
2018-03-06,SIDEWAYS,10249.25,,,61.47
2018-03-06,SIDEWAYS,,,,61.47
2018-03-07,SIDEWAYS,10154.2001953125,,,61.47
2018-03-07,SIDEWAYS,,,,61.47
2018-03-08,SIDEWAYS,,,,61.47
2018-03-08,SIDEWAYS,10242.650390625,,,61.47
2018-03-09,SIDEWAYS,10226.849609375,,,61.47
2018-03-09,SIDEWAYS,,,,61.47
2018-03-12,SIDEWAYS,,,,61.47
2018-03-12,SIDEWAYS,10421.400390625,,,61.47
2018-03-13,SIDEWAYS,10426.849609375,,,61.47
2018-03-13,SIDEWAYS,,,,61.47
2018-03-14,SIDEWAYS,10410.900390625,,,61.47
2018-03-14,SIDEWAYS,,,,61.47
2018-03-15,SIDEWAYS,,,,61.47
2018-03-15,SIDEWAYS,10360.150390625,,,61.47
2018-03-16,SIDEWAYS,10195.150390625,,,61.47
2018-03-16,SIDEWAYS,,,,61.47
2018-03-19,SIDEWAYS,,,,61.47
2018-03-19,SIDEWAYS,10094.25,,,61.47
2018-03-20,SIDEWAYS,,,,61.47
2018-03-20,SIDEWAYS,10124.349609375,,,61.47
2018-03-21,SIDEWAYS,10155.25,,,61.47
2018-03-21,SIDEWAYS,,,,61.47
2018-03-22,SIDEWAYS,10114.75,,,61.47
2018-03-22,SIDEWAYS,,,,61.47
2018-03-23,SIDEWAYS,9998.0498046875,,,61.47
2018-03-23,SIDEWAYS,,,,61.47
2018-03-26,SIDEWAYS,10130.650390625,,,61.47
2018-03-26,SIDEWAYS,,,,61.47
2018-03-27,SIDEWAYS,10184.150390625,,,61.47
2018-03-27,SIDEWAYS,,,,61.47
2018-03-28,SIDEWAYS,10113.7001953125,,,61.47
2018-03-28,SIDEWAYS,,,,61.47
2018-04-02,SIDEWAYS,10211.7998046875,,,61.47
2018-04-02,SIDEWAYS,,,,61.47
2018-04-03,SIDEWAYS,10245.0,,,61.47
2018-04-03,SIDEWAYS,,,,61.47
2018-04-04,SIDEWAYS,10128.400390625,,,61.47
2018-04-04,SIDEWAYS,,,,61.47
2018-04-05,SIDEWAYS,10325.150390625,,,61.47
2018-04-05,SIDEWAYS,,,,61.47
2018-04-06,SIDEWAYS,10331.599609375,,,61.47
2018-04-06,SIDEWAYS,,,,61.47
2018-04-09,SIDEWAYS,10379.349609375,,,61.47
2018-04-09,SIDEWAYS,,,,61.47
2018-04-10,SIDEWAYS,10402.25,,,61.47
2018-04-10,SIDEWAYS,,,,61.47
2018-04-11,SIDEWAYS,,,,61.47
2018-04-11,SIDEWAYS,10417.150390625,,,61.47
2018-04-12,SIDEWAYS,10458.650390625,,,61.47
2018-04-12,SIDEWAYS,,,,61.47
2018-04-13,SIDEWAYS,10480.599609375,,,61.47
2018-04-13,SIDEWAYS,,,,61.47
2018-04-16,SIDEWAYS,,,,61.47
2018-04-16,SIDEWAYS,10528.349609375,,,61.47
2018-04-17,SIDEWAYS,,,,61.47
2018-04-17,SIDEWAYS,10548.7001953125,,,61.47
2018-04-18,SIDEWAYS,,,,61.47
2018-04-18,SIDEWAYS,10526.2001953125,,,61.47
2018-04-19,SIDEWAYS,10565.2998046875,,,61.47
2018-04-19,SIDEWAYS,,,,61.47
2018-04-20,SIDEWAYS,,,,61.47
2018-04-20,SIDEWAYS,10564.0498046875,,,61.47
2018-04-23,SIDEWAYS,,,,61.47
2018-04-23,SIDEWAYS,10584.7001953125,,,61.47
2018-04-24,SIDEWAYS,10614.349609375,,,61.47
2018-04-24,SIDEWAYS,,,,61.47
2018-04-25,SIDEWAYS,,,,61.47
2018-04-25,SIDEWAYS,10570.5498046875,,,61.47
2018-04-26,SIDEWAYS,10617.7998046875,,,61.47
2018-04-26,SIDEWAYS,,,,61.47
2018-04-27,SIDEWAYS,10692.2998046875,,,61.47
2018-04-27,SIDEWAYS,,,,61.47
2018-04-30,SIDEWAYS,10739.349609375,,,61.47
2018-04-30,SIDEWAYS,,,,61.47
2018-05-02,SIDEWAYS,10718.0498046875,,,61.47
2018-05-02,SIDEWAYS,,,,61.47
2018-05-03,SIDEWAYS,10679.650390625,,,61.47
2018-05-03,SIDEWAYS,,,,61.47
2018-05-04,SIDEWAYS,10618.25,,,61.47
2018-05-04,SIDEWAYS,,,,61.47
2018-05-07,SIDEWAYS,10715.5,,,61.47
2018-05-07,SIDEWAYS,,,,61.47
2018-05-08,SIDEWAYS,,,,61.47
2018-05-08,SIDEWAYS,10717.7998046875,,,61.47
2018-05-09,SIDEWAYS,,,,61.47
2018-05-09,SIDEWAYS,10741.7001953125,,,61.47
2018-05-10,SIDEWAYS,,,,61.47
2018-05-10,SIDEWAYS,10716.5498046875,,,61.47
2018-05-11,SIDEWAYS,,,,61.47
2018-05-11,SIDEWAYS,10806.5,,,61.47
2018-05-14,SIDEWAYS,,,,61.47
2018-05-14,SIDEWAYS,10806.599609375,,,61.47
2018-05-15,SIDEWAYS,,,,61.47
2018-05-15,SIDEWAYS,10801.849609375,,,61.47
2018-05-16,SIDEWAYS,,,,61.47
2018-05-16,SIDEWAYS,10741.099609375,,,61.47
2018-05-17,SIDEWAYS,,,,61.47
2018-05-17,SIDEWAYS,10682.7001953125,,,61.47
2018-05-18,SIDEWAYS,10596.400390625,,,61.47
2018-05-18,SIDEWAYS,,,,61.47
2018-05-21,SIDEWAYS,,,,61.47
2018-05-21,SIDEWAYS,10516.7001953125,,,61.47
2018-05-22,SIDEWAYS,,,,61.47
2018-05-22,SIDEWAYS,10536.7001953125,,,61.47
2018-05-23,SIDEWAYS,10430.349609375,,,61.47
2018-05-23,SIDEWAYS,,,,61.47
2018-05-24,SIDEWAYS,10513.849609375,,,61.47
2018-05-24,SIDEWAYS,,,,61.47
2018-05-25,SIDEWAYS,,,,61.47
2018-05-25,SIDEWAYS,10605.150390625,,,61.47
2018-05-28,SIDEWAYS,,,,61.47
2018-05-28,SIDEWAYS,10688.650390625,,,61.47
2018-05-29,SIDEWAYS,10633.2998046875,,,61.47
2018-05-29,SIDEWAYS,,,,61.47
2018-05-30,SIDEWAYS,10614.349609375,,,61.47
2018-05-30,SIDEWAYS,,,,61.47
2018-05-31,SIDEWAYS,10736.150390625,,,61.47
2018-05-31,SIDEWAYS,,,,61.47
2018-06-01,SIDEWAYS,10696.2001953125,,,61.47
2018-06-01,SIDEWAYS,,,,61.47
2018-06-04,SIDEWAYS,,,,61.47
2018-06-04,SIDEWAYS,10628.5,,,61.47
2018-06-05,SIDEWAYS,10593.150390625,,,61.47
2018-06-05,SIDEWAYS,,,,61.47
2018-06-06,SIDEWAYS,,,,61.47
2018-06-06,SIDEWAYS,10684.650390625,,,61.47
2018-06-07,SIDEWAYS,10768.349609375,,,61.47
2018-06-07,SIDEWAYS,,,,61.47
2018-06-08,SIDEWAYS,10767.650390625,,,61.47
2018-06-08,SIDEWAYS,,,,61.47
2018-06-11,SIDEWAYS,10786.9501953125,,,61.47
2018-06-11,SIDEWAYS,,,,61.47
2018-06-12,SIDEWAYS,,,,61.47
2018-06-12,SIDEWAYS,10842.849609375,,,61.47
2018-06-13,SIDEWAYS,,,,61.47
2018-06-13,SIDEWAYS,10856.7001953125,,,61.47
2018-06-14,SIDEWAYS,,,,61.47
2018-06-14,SIDEWAYS,10808.0498046875,,,61.47
2018-06-15,SIDEWAYS,10817.7001953125,,,61.47
2018-06-15,SIDEWAYS,,,,61.47
2018-06-18,SIDEWAYS,10799.849609375,,,61.47
2018-06-18,SIDEWAYS,,,,61.47
2018-06-19,SIDEWAYS,,,,61.47
2018-06-19,SIDEWAYS,10710.4501953125,,,61.47
2018-06-20,SIDEWAYS,10772.0498046875,,,61.47
2018-06-20,SIDEWAYS,,,,61.47
2018-06-21,SIDEWAYS,,,,61.47
2018-06-21,SIDEWAYS,10741.099609375,,,61.47
2018-06-22,SIDEWAYS,,,,61.47
2018-06-22,SIDEWAYS,10821.849609375,,,61.47
2018-06-25,SIDEWAYS,,,,61.47
2018-06-25,SIDEWAYS,10762.4501953125,,,61.47
2018-06-26,SIDEWAYS,,,,61.47
2018-06-26,SIDEWAYS,10769.150390625,,,61.47
2018-06-27,SIDEWAYS,,,,61.47
2018-06-27,SIDEWAYS,10671.400390625,,,61.47
2018-06-28,SIDEWAYS,10589.099609375,,,61.47
2018-06-28,SIDEWAYS,,,,61.47
2018-06-29,SIDEWAYS,,,,61.47
2018-06-29,SIDEWAYS,10714.2998046875,,,61.47
2018-07-02,SIDEWAYS,,,,61.47
2018-07-02,SIDEWAYS,10657.2998046875,,,61.47
2018-07-03,SIDEWAYS,10699.900390625,,,61.47
2018-07-03,SIDEWAYS,,,,61.47
2018-07-04,SIDEWAYS,,,,61.47
2018-07-04,SIDEWAYS,10769.900390625,,,61.47
2018-07-05,SIDEWAYS,10749.75,,,61.47
2018-07-05,SIDEWAYS,,,,61.47
2018-07-06,SIDEWAYS,,,,61.47
2018-07-06,SIDEWAYS,10772.650390625,,,61.47
2018-07-09,SIDEWAYS,,,,61.47
2018-07-09,SIDEWAYS,10852.900390625,,,61.47
2018-07-10,SIDEWAYS,,,,61.47
2018-07-10,SIDEWAYS,10947.25,,,61.47
2018-07-11,SIDEWAYS,10948.2998046875,,,61.47
2018-07-11,SIDEWAYS,,,,61.47
2018-07-12,SIDEWAYS,,,,61.47
2018-07-12,SIDEWAYS,11023.2001953125,,,61.47
2018-07-13,SIDEWAYS,11018.900390625,,,61.47
2018-07-13,SIDEWAYS,,,,61.47
2018-07-16,SIDEWAYS,,,,61.47
2018-07-16,SIDEWAYS,10936.849609375,,,61.47
2018-07-17,SIDEWAYS,,,,61.47
2018-07-17,SIDEWAYS,11008.0498046875,,,61.47
2018-07-18,SIDEWAYS,,,,61.47
2018-07-18,SIDEWAYS,10980.4501953125,,,61.47
2018-07-19,SIDEWAYS,,,,61.47
2018-07-19,SIDEWAYS,10957.099609375,,,61.47
2018-07-20,SIDEWAYS,,,,61.47
2018-07-20,SIDEWAYS,11010.2001953125,,,61.47
2018-07-23,SIDEWAYS,,,,61.47
2018-07-23,SIDEWAYS,11084.75,,,61.47
2018-07-24,SIDEWAYS,11134.2998046875,,,61.47
2018-07-24,SIDEWAYS,,,,61.47
2018-07-25,SIDEWAYS,11132.0,,,61.47
2018-07-25,SIDEWAYS,,,,61.47
2018-07-26,SIDEWAYS,11167.2998046875,,,61.47
2018-07-26,SIDEWAYS,,,,61.47
2018-07-27,SIDEWAYS,11278.349609375,,,61.47
2018-07-27,SIDEWAYS,,,,61.47
2018-07-30,SIDEWAYS,,,,61.47
2018-07-30,SIDEWAYS,11319.5498046875,,,61.47
2018-07-31,SIDEWAYS,11356.5,,,61.47
2018-07-31,SIDEWAYS,,,,61.47
2018-08-01,SIDEWAYS,11346.2001953125,,,61.47
2018-08-01,SIDEWAYS,,,,61.47
2018-08-02,SIDEWAYS,,,,61.47
2018-08-02,SIDEWAYS,11244.7001953125,,,61.47
2018-08-03,SIDEWAYS,11360.7998046875,,,61.47
2018-08-03,SIDEWAYS,,,,61.47
2018-08-06,SIDEWAYS,,,,61.47
2018-08-06,SIDEWAYS,11387.099609375,,,61.47
2018-08-07,SIDEWAYS,,,,61.47
2018-08-07,SIDEWAYS,11389.4501953125,,,61.47
2018-08-08,SIDEWAYS,11450.0,,,61.47
2018-08-08,SIDEWAYS,,,,61.47
2018-08-09,SIDEWAYS,,,,61.47
2018-08-09,SIDEWAYS,11470.7001953125,,,61.47
2018-08-10,SIDEWAYS,11429.5,,,61.47
2018-08-10,SIDEWAYS,,,,61.47
2018-08-13,SIDEWAYS,11355.75,,,61.47
2018-08-13,SIDEWAYS,,,,61.47
2018-08-14,SIDEWAYS,,,,61.47
2018-08-14,SIDEWAYS,11435.099609375,,,61.47
2018-08-16,SIDEWAYS,,,,61.47
2018-08-16,SIDEWAYS,11385.0498046875,,,61.47
2018-08-17,SIDEWAYS,,,,61.47
2018-08-17,SIDEWAYS,11470.75,,,61.47
2018-08-20,SIDEWAYS,11551.75,,,61.47
2018-08-20,SIDEWAYS,,,,61.47
2018-08-21,SIDEWAYS,,,,61.47
2018-08-21,SIDEWAYS,11570.900390625,,,61.47
2018-08-23,SIDEWAYS,11582.75,,,61.47
2018-08-23,SIDEWAYS,,,,61.47
2018-08-24,SIDEWAYS,11557.099609375,,,61.47
2018-08-24,SIDEWAYS,,,,61.47
2018-08-27,SIDEWAYS,11691.9501953125,,,61.47
2018-08-27,SIDEWAYS,,,,61.47
2018-08-28,SIDEWAYS,,,,61.47
2018-08-28,SIDEWAYS,11738.5,,,61.47
2018-08-29,SIDEWAYS,11691.900390625,,,61.47
2018-08-29,SIDEWAYS,,,,61.47
2018-08-30,SIDEWAYS,11676.7998046875,,,61.47
2018-08-30,SIDEWAYS,,,,61.47
2018-08-31,SIDEWAYS,11680.5,,,61.47
2018-08-31,SIDEWAYS,,,,61.47
2018-09-03,SIDEWAYS,11582.349609375,,,61.47
2018-09-03,SIDEWAYS,,,,61.47
2018-09-04,SIDEWAYS,11520.2998046875,,,61.47
2018-09-04,SIDEWAYS,,,,61.47
2018-09-05,SIDEWAYS,11476.9501953125,,,61.47
2018-09-05,SIDEWAYS,,,,61.47
2018-09-06,SIDEWAYS,11536.900390625,,,61.47
2018-09-06,SIDEWAYS,,,,61.47
2018-09-07,SIDEWAYS,,,,61.47
2018-09-07,SIDEWAYS,11589.099609375,,,61.47
2018-09-10,SIDEWAYS,11438.099609375,,,61.47
2018-09-10,SIDEWAYS,,,,61.47
2018-09-11,SIDEWAYS,11287.5,,,61.47
2018-09-11,SIDEWAYS,,,,61.47
2018-09-12,SIDEWAYS,11369.900390625,,,61.47
2018-09-12,SIDEWAYS,,,,61.47
2018-09-14,SIDEWAYS,,,,61.47
2018-09-14,SIDEWAYS,11515.2001953125,,,61.47
2018-09-17,SIDEWAYS,11377.75,,,61.47
2018-09-17,SIDEWAYS,,,,61.47
2018-09-18,SIDEWAYS,,,,61.47
2018-09-18,SIDEWAYS,11278.900390625,,,61.47
2018-09-19,SIDEWAYS,,,,61.47
2018-09-19,SIDEWAYS,11234.349609375,,,61.47
2018-09-21,SIDEWAYS,11143.099609375,,,61.47
2018-09-21,SIDEWAYS,,,,61.47
2018-09-24,SIDEWAYS,,,,61.47
2018-09-24,SIDEWAYS,10967.400390625,,,61.47
2018-09-25,SIDEWAYS,11067.4501953125,,,61.47
2018-09-25,SIDEWAYS,,,,61.47
2018-09-26,SIDEWAYS,11053.7998046875,,,61.47
2018-09-26,SIDEWAYS,,,,61.47
2018-09-27,SIDEWAYS,10977.5498046875,,,61.47
2018-09-27,SIDEWAYS,,,,61.47
2018-09-28,SIDEWAYS,,,,61.47
2018-09-28,SIDEWAYS,10930.4501953125,,,61.47
2018-10-01,SIDEWAYS,,,,61.47
2018-10-01,SIDEWAYS,11008.2998046875,,,61.47
2018-10-03,SIDEWAYS,,,,61.47
2018-10-03,SIDEWAYS,10858.25,,,61.47
2018-10-04,SIDEWAYS,10599.25,,,61.47
2018-10-04,SIDEWAYS,,,,61.47
2018-10-05,SIDEWAYS,10316.4501953125,,,61.47
2018-10-05,SIDEWAYS,,,,61.47
2018-10-08,SIDEWAYS,10348.0498046875,,,61.47
2018-10-08,SIDEWAYS,,,,61.47
2018-10-09,SIDEWAYS,10301.0498046875,,,61.47
2018-10-09,SIDEWAYS,,,,61.47
2018-10-10,SIDEWAYS,10460.099609375,,,61.47
2018-10-10,SIDEWAYS,,,,61.47
2018-10-11,SIDEWAYS,10234.650390625,,,61.47
2018-10-11,SIDEWAYS,,,,61.47
2018-10-12,SIDEWAYS,10472.5,,,61.47
2018-10-12,SIDEWAYS,,,,61.47
2018-10-15,SIDEWAYS,,,,61.47
2018-10-15,SIDEWAYS,10512.5,,,61.47
2018-10-16,SIDEWAYS,10584.75,,,61.47
2018-10-16,SIDEWAYS,,,,61.47
2018-10-17,SIDEWAYS,,,,61.47
2018-10-17,SIDEWAYS,10453.0498046875,,,61.47
2018-10-19,SIDEWAYS,10303.5498046875,,,61.47
2018-10-19,SIDEWAYS,,,,61.47
2018-10-22,SIDEWAYS,10245.25,,,61.47
2018-10-22,SIDEWAYS,,,,61.47
2018-10-23,SIDEWAYS,,,,61.47
2018-10-23,SIDEWAYS,10146.7998046875,,,61.47
2018-10-24,SIDEWAYS,,,,61.47
2018-10-24,SIDEWAYS,10224.75,,,61.47
2018-10-25,SIDEWAYS,10124.900390625,,,61.47
2018-10-25,SIDEWAYS,,,,61.47
2018-10-26,SIDEWAYS,,,,61.47
2018-10-26,SIDEWAYS,10030.0,,,61.47
2018-10-29,SIDEWAYS,,,,61.47
2018-10-29,SIDEWAYS,10250.849609375,,,61.47
2018-10-30,SIDEWAYS,,,,61.47
2018-10-30,SIDEWAYS,10198.400390625,,,61.47
2018-10-31,SIDEWAYS,10386.599609375,,,61.47
2018-10-31,SIDEWAYS,,,,61.47
2018-11-01,SIDEWAYS,10380.4501953125,,,61.47
2018-11-01,SIDEWAYS,,,,61.47
2018-11-02,SIDEWAYS,,,,61.47
2018-11-02,SIDEWAYS,10553.0,,,61.47
2018-11-05,SIDEWAYS,,,,61.47
2018-11-05,SIDEWAYS,10524.0,,,61.47
2018-11-06,SIDEWAYS,,,,61.47
2018-11-06,SIDEWAYS,10530.0,,,61.47
2018-11-07,SIDEWAYS,10598.400390625,,,61.47
2018-11-07,SIDEWAYS,,,,61.47
2018-11-09,SIDEWAYS,10585.2001953125,,,61.47
2018-11-09,SIDEWAYS,,,,61.47
2018-11-12,SIDEWAYS,,,,61.47
2018-11-12,SIDEWAYS,10482.2001953125,,,61.47
2018-11-13,SIDEWAYS,10582.5,,,61.47
2018-11-13,SIDEWAYS,,,,61.47
2018-11-14,SIDEWAYS,10576.2998046875,,,61.47
2018-11-14,SIDEWAYS,,,,61.47
2018-11-15,SIDEWAYS,,,,61.47
2018-11-15,SIDEWAYS,10616.7001953125,,,61.47
2018-11-16,SIDEWAYS,,,,61.47
2018-11-16,SIDEWAYS,10682.2001953125,,,61.47
2018-11-19,SIDEWAYS,,,,61.47
2018-11-19,SIDEWAYS,10763.400390625,,,61.47
2018-11-20,SIDEWAYS,10656.2001953125,,,61.47
2018-11-20,SIDEWAYS,,,,61.47
2018-11-21,SIDEWAYS,,,,61.47
2018-11-21,SIDEWAYS,10600.0498046875,,,61.47
2018-11-22,SIDEWAYS,10526.75,,,61.47
2018-11-22,SIDEWAYS,,,,61.47
2018-11-26,SIDEWAYS,10628.599609375,,,61.47
2018-11-26,SIDEWAYS,,,,61.47
2018-11-27,SIDEWAYS,,,,61.47
2018-11-27,SIDEWAYS,10685.599609375,,,61.47
2018-11-28,SIDEWAYS,10728.849609375,,,61.47
2018-11-28,SIDEWAYS,,,,61.47
2018-11-29,SIDEWAYS,10858.7001953125,,,61.47
2018-11-29,SIDEWAYS,,,,61.47
2018-11-30,SIDEWAYS,10876.75,,,61.47
2018-11-30,SIDEWAYS,,,,61.47
2018-12-03,SIDEWAYS,,,,61.47
2018-12-03,SIDEWAYS,10883.75,,,61.47
2018-12-04,SIDEWAYS,,,,61.47
2018-12-04,SIDEWAYS,10869.5,,,61.47
2018-12-05,SIDEWAYS,,,,61.47
2018-12-05,SIDEWAYS,10782.900390625,,,61.47
2018-12-06,SIDEWAYS,,,,61.47
2018-12-06,SIDEWAYS,10601.150390625,,,61.47
2018-12-07,SIDEWAYS,10693.7001953125,,,61.47
2018-12-07,SIDEWAYS,,,,61.47
2018-12-10,SIDEWAYS,10488.4501953125,,,61.47
2018-12-10,SIDEWAYS,,,,61.47
2018-12-11,SIDEWAYS,,,,61.47
2018-12-11,SIDEWAYS,10549.150390625,,,61.47
2018-12-12,SIDEWAYS,,,,61.47
2018-12-12,SIDEWAYS,10737.599609375,,,61.47
2018-12-13,SIDEWAYS,10791.5498046875,,,61.47
2018-12-13,SIDEWAYS,,,,61.47
2018-12-14,SIDEWAYS,10805.4501953125,,,61.47
2018-12-14,SIDEWAYS,,,,61.47
2018-12-17,SIDEWAYS,10888.349609375,,,61.47
2018-12-17,SIDEWAYS,,,,61.47
2018-12-18,SIDEWAYS,10908.7001953125,,,61.47
2018-12-18,SIDEWAYS,,,,61.47
2018-12-19,SIDEWAYS,10967.2998046875,,,61.47
2018-12-19,SIDEWAYS,,,,61.47
2018-12-20,SIDEWAYS,,,,61.47
2018-12-20,SIDEWAYS,10951.7001953125,,,61.47
2018-12-21,SIDEWAYS,10754.0,,,61.47
2018-12-21,SIDEWAYS,,,,61.47
2018-12-24,SIDEWAYS,10663.5,,,61.47
2018-12-24,SIDEWAYS,,,,61.47
2018-12-26,SIDEWAYS,10729.849609375,,,61.47
2018-12-26,SIDEWAYS,,,,61.47
2018-12-27,SIDEWAYS,,,,61.47
2018-12-27,SIDEWAYS,10779.7998046875,,,61.47
2018-12-28,SIDEWAYS,,,,61.47
2018-12-28,SIDEWAYS,10859.900390625,,,61.47
2018-12-31,SIDEWAYS,,,,61.47
2018-12-31,SIDEWAYS,10862.5498046875,,,61.47
2019-01-01,SIDEWAYS,,,,61.47
2019-01-02,SIDEWAYS,,,,61.47
2019-01-02,SIDEWAYS,10792.5,,,61.47
2019-01-03,SIDEWAYS,10672.25,,,61.47
2019-01-03,SIDEWAYS,,,,61.47
2019-01-04,SIDEWAYS,10727.349609375,,,61.47
2019-01-04,SIDEWAYS,,,,61.47
2019-01-07,SIDEWAYS,,,,61.47
2019-01-07,SIDEWAYS,10771.7998046875,,,61.47
2019-01-08,SIDEWAYS,,,,61.47
2019-01-08,SIDEWAYS,10802.150390625,,,61.47
2019-01-09,SIDEWAYS,10855.150390625,,,61.47
2019-01-09,SIDEWAYS,,,,61.47
2019-01-10,SIDEWAYS,,,,61.47
2019-01-10,SIDEWAYS,10821.599609375,,,61.47
2019-01-11,SIDEWAYS,10794.9501953125,,,61.47
2019-01-11,SIDEWAYS,,,,61.47
2019-01-14,SIDEWAYS,,,,61.47
2019-01-14,SIDEWAYS,10737.599609375,,,61.47
2019-01-15,SIDEWAYS,,,,61.47
2019-01-15,SIDEWAYS,10886.7998046875,,,61.47
2019-01-16,SIDEWAYS,,,,61.47
2019-01-16,SIDEWAYS,10890.2998046875,,,61.47
2019-01-17,SIDEWAYS,10905.2001953125,,,61.47
2019-01-17,SIDEWAYS,,,,61.47
2019-01-18,SIDEWAYS,10906.9501953125,,,61.47
2019-01-18,SIDEWAYS,,,,61.47
2019-01-21,SIDEWAYS,,,,61.47
2019-01-21,SIDEWAYS,10961.849609375,,,61.47
2019-01-22,SIDEWAYS,,,,61.47
2019-01-22,SIDEWAYS,10922.75,,,61.47
2019-01-23,SIDEWAYS,,,,61.47
2019-01-23,SIDEWAYS,10831.5,,,61.47
2019-01-24,SIDEWAYS,10849.7998046875,,,61.47
2019-01-24,SIDEWAYS,,,,61.47
2019-01-25,SIDEWAYS,10780.5498046875,,,61.47
2019-01-25,SIDEWAYS,,,,61.47
2019-01-28,SIDEWAYS,,,,61.47
2019-01-28,SIDEWAYS,10661.5498046875,,,61.47
2019-01-29,SIDEWAYS,,,,61.47
2019-01-29,SIDEWAYS,10652.2001953125,,,61.47
2019-01-30,SIDEWAYS,10651.7998046875,,,61.47
2019-01-30,SIDEWAYS,,,,61.47
2019-01-31,SIDEWAYS,,,,61.47
2019-01-31,SIDEWAYS,10830.9501953125,,,61.47
2019-02-01,SIDEWAYS,,,,61.47
2019-02-01,SIDEWAYS,10893.650390625,,,61.47
2019-02-04,SIDEWAYS,10912.25,,,61.47
2019-02-04,SIDEWAYS,,,,61.47
2019-02-05,SIDEWAYS,10934.349609375,,,61.47
2019-02-05,SIDEWAYS,,,,61.47
2019-02-06,SIDEWAYS,11062.4501953125,,,61.47
2019-02-06,SIDEWAYS,,,,61.47
2019-02-07,SIDEWAYS,,,,61.47
2019-02-07,SIDEWAYS,11069.400390625,,,61.47
2019-02-08,SIDEWAYS,10943.599609375,,,61.47
2019-02-08,SIDEWAYS,,,,61.47
2019-02-11,SIDEWAYS,10888.7998046875,,,61.47
2019-02-11,SIDEWAYS,,,,61.47
2019-02-12,SIDEWAYS,,,,61.47
2019-02-12,SIDEWAYS,10831.400390625,,,61.47
2019-02-14,SIDEWAYS,,,,61.47
2019-02-14,SIDEWAYS,10746.0498046875,,,61.47
2019-02-15,SIDEWAYS,10724.400390625,,,61.47
2019-02-15,SIDEWAYS,,,,61.47
2019-02-18,SIDEWAYS,10640.9501953125,,,61.47
2019-02-18,SIDEWAYS,,,,61.47
2019-02-19,SIDEWAYS,,,,61.47
2019-02-19,SIDEWAYS,10604.349609375,,,61.47
2019-02-20,SIDEWAYS,,,,61.47
2019-02-20,SIDEWAYS,10735.4501953125,,,61.47
2019-02-21,SIDEWAYS,10789.849609375,,,61.47
2019-02-21,SIDEWAYS,,,,61.47
2019-02-22,SIDEWAYS,,,,61.47
2019-02-22,SIDEWAYS,10791.650390625,,,61.47
2019-02-25,SIDEWAYS,,,,61.47
2019-02-25,SIDEWAYS,10880.099609375,,,61.47
2019-02-26,SIDEWAYS,,,,61.47
2019-02-26,SIDEWAYS,10835.2998046875,,,61.47
2019-02-27,SIDEWAYS,,,,61.47
2019-02-27,SIDEWAYS,10806.650390625,,,61.47
2019-02-28,SIDEWAYS,10792.5,,,61.47
2019-02-28,SIDEWAYS,,,,61.47
2019-03-01,SIDEWAYS,10863.5,,,61.47
2019-03-01,SIDEWAYS,,,,61.47
2019-03-05,SIDEWAYS,,,,61.47
2019-03-05,SIDEWAYS,10987.4501953125,,,61.47
2019-03-06,SIDEWAYS,,,,61.47
2019-03-06,SIDEWAYS,11053.0,,,61.47
2019-03-07,SIDEWAYS,,,,61.47
2019-03-07,SIDEWAYS,11058.2001953125,,,61.47
2019-03-08,SIDEWAYS,11035.400390625,,,61.47
2019-03-08,SIDEWAYS,,,,61.47
2019-03-11,SIDEWAYS,,,,61.47
2019-03-11,SIDEWAYS,11168.0498046875,,,61.47
2019-03-12,SIDEWAYS,11301.2001953125,,,61.47
2019-03-12,SIDEWAYS,,,,61.47
2019-03-13,SIDEWAYS,,,,61.47
2019-03-13,SIDEWAYS,11341.7001953125,,,61.47
2019-03-14,SIDEWAYS,11343.25,,,61.47
2019-03-14,SIDEWAYS,,,,61.47
2019-03-15,SIDEWAYS,11426.849609375,,,61.47
2019-03-15,SIDEWAYS,,,,61.47
2019-03-18,SIDEWAYS,,,,61.47
2019-03-18,SIDEWAYS,11462.2001953125,,,61.47
2019-03-19,SIDEWAYS,,,,61.47
2019-03-19,SIDEWAYS,11532.400390625,,,61.47
2019-03-20,SIDEWAYS,,,,61.47
2019-03-20,SIDEWAYS,11521.0498046875,,,61.47
2019-03-22,SIDEWAYS,,,,61.47
2019-03-22,SIDEWAYS,11456.900390625,,,61.47
2019-03-25,SIDEWAYS,,,,61.47
2019-03-25,SIDEWAYS,11354.25,,,61.47
2019-03-26,SIDEWAYS,11483.25,,,61.47
2019-03-26,SIDEWAYS,,,,61.47
2019-03-27,SIDEWAYS,11445.0498046875,,,61.47
2019-03-27,SIDEWAYS,,,,61.47
2019-03-28,SIDEWAYS,,,,61.47
2019-03-28,SIDEWAYS,11570.0,,,61.47
2019-04-01,SIDEWAYS,,,,61.47
2019-04-01,SIDEWAYS,11669.150390625,,,61.47
2019-04-02,SIDEWAYS,,,,61.47
2019-04-02,SIDEWAYS,11713.2001953125,,,61.47
2019-04-03,SIDEWAYS,,,,61.47
2019-04-03,SIDEWAYS,11643.9501953125,,,61.47
2019-04-04,SIDEWAYS,,,,61.47
2019-04-04,SIDEWAYS,11598.0,,,61.47
2019-04-05,SIDEWAYS,,,,61.47
2019-04-05,SIDEWAYS,11665.9501953125,,,61.47
2019-04-08,SIDEWAYS,11604.5,,,61.47
2019-04-08,SIDEWAYS,,,,61.47
2019-04-09,SIDEWAYS,,,,61.47
2019-04-09,SIDEWAYS,11671.9501953125,,,61.47
2019-04-10,SIDEWAYS,11584.2998046875,,,61.47
2019-04-10,SIDEWAYS,,,,61.47
2019-04-11,SIDEWAYS,,,,61.47
2019-04-11,SIDEWAYS,11596.7001953125,,,61.47
2019-04-12,SIDEWAYS,,,,61.47
2019-04-12,SIDEWAYS,11643.4501953125,,,61.47
2019-04-15,SIDEWAYS,11690.349609375,,,61.47
2019-04-15,SIDEWAYS,,,,61.47
2019-04-16,SIDEWAYS,,,,61.47
2019-04-16,SIDEWAYS,11787.150390625,,,61.47
2019-04-18,SIDEWAYS,,,,61.47
2019-04-18,SIDEWAYS,11752.7998046875,,,61.47
2019-04-22,SIDEWAYS,,,,61.47
2019-04-22,SIDEWAYS,11594.4501953125,,,61.47
2019-04-23,SIDEWAYS,,,,61.47
2019-04-23,SIDEWAYS,11575.9501953125,,,61.47
2019-04-24,SIDEWAYS,,,,61.47
2019-04-24,SIDEWAYS,11726.150390625,,,61.47
2019-04-25,SIDEWAYS,11641.7998046875,,,61.47
2019-04-25,SIDEWAYS,,,,61.47
2019-04-26,SIDEWAYS,11754.650390625,,,61.47
2019-04-26,SIDEWAYS,,,,61.47
2019-04-30,SIDEWAYS,,,,61.47
2019-04-30,SIDEWAYS,11748.150390625,,,61.47
2019-05-02,SIDEWAYS,11724.75,,,61.47
2019-05-02,SIDEWAYS,,,,61.47
2019-05-03,SIDEWAYS,11712.25,,,61.47
2019-05-03,SIDEWAYS,,,,61.47
2019-05-06,SIDEWAYS,11598.25,,,61.47
2019-05-06,SIDEWAYS,,,,61.47
2019-05-07,SIDEWAYS,11497.900390625,,,61.47
2019-05-07,SIDEWAYS,,,,61.47
2019-05-08,SIDEWAYS,,,,61.47
2019-05-08,SIDEWAYS,11359.4501953125,,,61.47
2019-05-09,SIDEWAYS,,,,61.47
2019-05-09,SIDEWAYS,11301.7998046875,,,61.47
2019-05-10,SIDEWAYS,,,,61.47
2019-05-10,SIDEWAYS,11278.900390625,,,61.47
2019-05-13,SIDEWAYS,11148.2001953125,,,61.47
2019-05-13,SIDEWAYS,,,,61.47
2019-05-14,SIDEWAYS,11222.0498046875,,,61.47
2019-05-14,SIDEWAYS,,,,61.47
2019-05-15,SIDEWAYS,11157.0,,,61.47
2019-05-15,SIDEWAYS,,,,61.47
2019-05-16,SIDEWAYS,11257.099609375,,,61.47
2019-05-16,SIDEWAYS,,,,61.47
2019-05-17,SIDEWAYS,11407.150390625,,,61.47
2019-05-17,SIDEWAYS,,,,61.47
2019-05-20,SIDEWAYS,,,,61.47
2019-05-20,SIDEWAYS,11828.25,,,61.47
2019-05-21,SIDEWAYS,,,,61.47
2019-05-21,SIDEWAYS,11709.099609375,,,61.47
2019-05-22,SIDEWAYS,,,,61.47
2019-05-22,SIDEWAYS,11737.900390625,,,61.47
2019-05-23,SIDEWAYS,,,,61.47
2019-05-23,SIDEWAYS,11657.0498046875,,,61.47
2019-05-24,SIDEWAYS,,,,61.47
2019-05-24,SIDEWAYS,11844.099609375,,,61.47
2019-05-27,SIDEWAYS,11924.75,,,61.47
2019-05-27,SIDEWAYS,,,,61.47
2019-05-28,SIDEWAYS,,,,61.47
2019-05-28,SIDEWAYS,11928.75,,,61.47
2019-05-29,SIDEWAYS,11861.099609375,,,61.47
2019-05-29,SIDEWAYS,,,,61.47
2019-05-30,SIDEWAYS,11945.900390625,,,61.47
2019-05-30,SIDEWAYS,,,,61.47
2019-05-31,SIDEWAYS,11922.7998046875,,,61.47
2019-05-31,SIDEWAYS,,,,61.47
2019-06-03,SIDEWAYS,12088.5498046875,,,61.47
2019-06-03,SIDEWAYS,,,,61.47
2019-06-04,SIDEWAYS,,,,61.47
2019-06-04,SIDEWAYS,12021.650390625,,,61.47
2019-06-06,SIDEWAYS,,,,61.47
2019-06-06,SIDEWAYS,11843.75,,,61.47
2019-06-07,SIDEWAYS,11870.650390625,,,61.47
2019-06-07,SIDEWAYS,,,,61.47
2019-06-10,SIDEWAYS,,,,61.47
2019-06-10,SIDEWAYS,11922.7001953125,,,61.47
2019-06-11,SIDEWAYS,11965.599609375,,,61.47
2019-06-11,SIDEWAYS,,,,61.47
2019-06-12,SIDEWAYS,,,,61.47
2019-06-12,SIDEWAYS,11906.2001953125,,,61.47
2019-06-13,SIDEWAYS,11914.0498046875,,,61.47
2019-06-13,SIDEWAYS,,,,61.47
2019-06-14,SIDEWAYS,,,,61.47
2019-06-14,SIDEWAYS,11823.2998046875,,,61.47
2019-06-17,SIDEWAYS,11672.150390625,,,61.47
2019-06-17,SIDEWAYS,,,,61.47
2019-06-18,SIDEWAYS,,,,61.47
2019-06-18,SIDEWAYS,11691.5,,,61.47
2019-06-19,SIDEWAYS,11691.4501953125,,,61.47
2019-06-19,SIDEWAYS,,,,61.47
2019-06-20,SIDEWAYS,11831.75,,,61.47
2019-06-20,SIDEWAYS,,,,61.47
2019-06-21,SIDEWAYS,,,,61.47
2019-06-21,SIDEWAYS,11724.099609375,,,61.47
2019-06-24,SIDEWAYS,11699.650390625,,,61.47
2019-06-24,SIDEWAYS,,,,61.47
2019-06-25,SIDEWAYS,,,,61.47
2019-06-25,SIDEWAYS,11796.4501953125,,,61.47
2019-06-26,SIDEWAYS,,,,61.47
2019-06-26,SIDEWAYS,11847.5498046875,,,61.47
2019-06-27,SIDEWAYS,11841.5498046875,,,61.47
2019-06-27,SIDEWAYS,,,,61.47
2019-06-28,SIDEWAYS,11788.849609375,,,61.47
2019-06-28,SIDEWAYS,,,,61.47
2019-07-01,SIDEWAYS,,,,61.47
2019-07-01,SIDEWAYS,11865.599609375,,,61.47
2019-07-02,SIDEWAYS,,,,61.47
2019-07-02,SIDEWAYS,11910.2998046875,,,61.47
2019-07-03,SIDEWAYS,11916.75,,,61.47
2019-07-03,SIDEWAYS,,,,61.47
2019-07-04,SIDEWAYS,,,,61.47
2019-07-04,SIDEWAYS,11946.75,,,61.47
2019-07-05,SIDEWAYS,,,,61.47
2019-07-05,SIDEWAYS,11811.150390625,,,61.47
2019-07-08,SIDEWAYS,11558.599609375,,,61.47
2019-07-08,SIDEWAYS,,,,61.47
2019-07-09,SIDEWAYS,,,,61.47
2019-07-09,SIDEWAYS,11555.900390625,,,61.47
2019-07-10,SIDEWAYS,11498.900390625,,,61.47
2019-07-10,SIDEWAYS,,,,61.47
2019-07-11,SIDEWAYS,11582.900390625,,,61.47
2019-07-11,SIDEWAYS,,,,61.47
2019-07-12,SIDEWAYS,11552.5,,,61.47
2019-07-12,SIDEWAYS,,,,61.47
2019-07-15,SIDEWAYS,,,,61.47
2019-07-15,SIDEWAYS,11588.349609375,,,61.47
2019-07-16,SIDEWAYS,,,,61.47
2019-07-16,SIDEWAYS,11662.599609375,,,61.47
2019-07-17,SIDEWAYS,,,,61.47
2019-07-17,SIDEWAYS,11687.5,,,61.47
2019-07-18,SIDEWAYS,11596.900390625,,,61.47
2019-07-18,SIDEWAYS,,,,61.47
2019-07-19,SIDEWAYS,,,,61.47
2019-07-19,SIDEWAYS,11419.25,,,61.47
2019-07-22,SIDEWAYS,,,,61.47
2019-07-22,SIDEWAYS,11346.2001953125,,,61.47
2019-07-23,SIDEWAYS,11331.0498046875,,,61.47
2019-07-23,SIDEWAYS,,,,61.47
2019-07-24,SIDEWAYS,11271.2998046875,,,61.47
2019-07-24,SIDEWAYS,,,,61.47
2019-07-25,SIDEWAYS,11252.150390625,,,61.47
2019-07-25,SIDEWAYS,,,,61.47
2019-07-26,SIDEWAYS,11284.2998046875,,,61.47
2019-07-26,SIDEWAYS,,,,61.47
2019-07-29,SIDEWAYS,11189.2001953125,,,61.47
2019-07-29,SIDEWAYS,,,,61.47
2019-07-30,SIDEWAYS,11085.400390625,,,61.47
2019-07-30,SIDEWAYS,,,,61.47
2019-07-31,SIDEWAYS,,,,61.47
2019-07-31,SIDEWAYS,11118.0,,,61.47
2019-08-01,SIDEWAYS,,,,61.47
2019-08-01,SIDEWAYS,10980.0,,,61.47
2019-08-02,SIDEWAYS,10997.349609375,,,61.47
2019-08-02,SIDEWAYS,,,,61.47
2019-08-05,SIDEWAYS,10862.599609375,,,61.47
2019-08-05,SIDEWAYS,,,,61.47
2019-08-06,SIDEWAYS,,,,61.47
2019-08-06,SIDEWAYS,10948.25,,,61.47
2019-08-07,SIDEWAYS,10855.5,,,61.47
2019-08-07,SIDEWAYS,,,,61.47
2019-08-08,SIDEWAYS,,,,61.47
2019-08-08,SIDEWAYS,11032.4501953125,,,61.47
2019-08-09,SIDEWAYS,11109.650390625,,,61.47
2019-08-09,SIDEWAYS,,,,61.47
2019-08-13,SIDEWAYS,,,,61.47
2019-08-13,SIDEWAYS,10925.849609375,,,61.47
2019-08-14,SIDEWAYS,11029.400390625,,,61.47
2019-08-14,SIDEWAYS,,,,61.47
2019-08-16,SIDEWAYS,11047.7998046875,,,61.47
2019-08-16,SIDEWAYS,,,,61.47
2019-08-19,SIDEWAYS,,,,61.47
2019-08-19,SIDEWAYS,11053.900390625,,,61.47
2019-08-20,SIDEWAYS,11017.0,,,61.47
2019-08-20,SIDEWAYS,,,,61.47
2019-08-21,SIDEWAYS,10918.7001953125,,,61.47
2019-08-21,SIDEWAYS,,,,61.47
2019-08-22,SIDEWAYS,10741.349609375,,,61.47
2019-08-22,SIDEWAYS,,,,61.47
2019-08-23,SIDEWAYS,10829.349609375,,,61.47
2019-08-23,SIDEWAYS,,,,61.47
2019-08-26,SIDEWAYS,11057.849609375,,,61.47
2019-08-26,SIDEWAYS,,,,61.47
2019-08-27,SIDEWAYS,11105.349609375,,,61.47
2019-08-27,SIDEWAYS,,,,61.47
2019-08-28,SIDEWAYS,11046.099609375,,,61.47
2019-08-28,SIDEWAYS,,,,61.47
2019-08-29,SIDEWAYS,10948.2998046875,,,61.47
2019-08-29,SIDEWAYS,,,,61.47
2019-08-30,SIDEWAYS,11023.25,,,61.47
2019-08-30,SIDEWAYS,,,,61.47
2019-09-03,SIDEWAYS,10797.900390625,,,61.47
2019-09-03,SIDEWAYS,,,,61.47
2019-09-04,SIDEWAYS,10844.650390625,,,61.47
2019-09-04,SIDEWAYS,,,,61.47
2019-09-05,SIDEWAYS,,,,61.47
2019-09-05,SIDEWAYS,10847.900390625,,,61.47
2019-09-06,SIDEWAYS,,,,61.47
2019-09-06,SIDEWAYS,10946.2001953125,,,61.47
2019-09-09,SIDEWAYS,11003.0498046875,,,61.47
2019-09-09,SIDEWAYS,,,,61.47
2019-09-11,SIDEWAYS,11035.7001953125,,,61.47
2019-09-11,SIDEWAYS,,,,61.47
2019-09-12,SIDEWAYS,,,,61.47
2019-09-12,SIDEWAYS,10982.7998046875,,,61.47
2019-09-13,SIDEWAYS,,,,61.47
2019-09-13,SIDEWAYS,11075.900390625,,,61.47
2019-09-16,SIDEWAYS,11003.5,,,61.47
2019-09-16,SIDEWAYS,,,,61.47
2019-09-17,SIDEWAYS,,,,61.47
2019-09-17,SIDEWAYS,10817.599609375,,,61.47
2019-09-18,SIDEWAYS,,,,61.47
2019-09-18,SIDEWAYS,10840.650390625,,,61.47
2019-09-19,SIDEWAYS,,,,61.47
2019-09-19,SIDEWAYS,10704.7998046875,,,61.47
2019-09-20,SIDEWAYS,,,,61.47
2019-09-20,SIDEWAYS,11274.2001953125,,,61.47
2019-09-23,SIDEWAYS,,,,61.47
2019-09-23,SIDEWAYS,11600.2001953125,,,61.47
2019-09-24,SIDEWAYS,,,,61.47
2019-09-24,SIDEWAYS,11588.2001953125,,,61.47
2019-09-25,SIDEWAYS,11440.2001953125,,,61.47
2019-09-25,SIDEWAYS,,,,61.47
2019-09-26,SIDEWAYS,,,,61.47
2019-09-26,SIDEWAYS,11571.2001953125,,,61.47
2019-09-27,SIDEWAYS,11512.400390625,,,61.47
2019-09-27,SIDEWAYS,,,,61.47
2019-09-30,SIDEWAYS,11474.4501953125,,,61.47
2019-09-30,SIDEWAYS,,,,61.47
2019-10-01,SIDEWAYS,,,,61.47
2019-10-01,SIDEWAYS,11359.900390625,,,61.47
2019-10-03,SIDEWAYS,11314.0,,,61.47
2019-10-03,SIDEWAYS,,,,61.47
2019-10-04,SIDEWAYS,11174.75,,,61.47
2019-10-04,SIDEWAYS,,,,61.47
2019-10-07,SIDEWAYS,,,,61.47
2019-10-07,SIDEWAYS,11126.400390625,,,61.47
2019-10-09,SIDEWAYS,,,,61.47
2019-10-09,SIDEWAYS,11313.2998046875,,,61.47
2019-10-10,SIDEWAYS,11234.5498046875,,,61.47
2019-10-10,SIDEWAYS,,,,61.47
2019-10-11,SIDEWAYS,11305.0498046875,,,61.47
2019-10-11,SIDEWAYS,,,,61.47
2019-10-14,SIDEWAYS,11341.150390625,,,61.47
2019-10-14,SIDEWAYS,,,,61.47
2019-10-15,SIDEWAYS,11428.2998046875,,,61.47
2019-10-15,SIDEWAYS,,,,61.47
2019-10-16,SIDEWAYS,11464.0,,,61.47
2019-10-16,SIDEWAYS,,,,61.47
2019-10-17,SIDEWAYS,,,,61.47
2019-10-17,SIDEWAYS,11586.349609375,,,61.47
2019-10-18,SIDEWAYS,11661.849609375,,,61.47
2019-10-18,SIDEWAYS,,,,61.47
2019-10-22,SIDEWAYS,11588.349609375,,,61.47
2019-10-22,SIDEWAYS,,,,61.47
2019-10-23,SIDEWAYS,11604.099609375,,,61.47
2019-10-23,SIDEWAYS,,,,61.47
2019-10-24,SIDEWAYS,,,,61.47
2019-10-24,SIDEWAYS,11582.599609375,,,61.47
2019-10-25,SIDEWAYS,11583.900390625,,,61.47
2019-10-25,SIDEWAYS,,,,61.47
2019-10-29,SIDEWAYS,,,,61.47
2019-10-29,SIDEWAYS,11786.849609375,,,61.47
2019-10-30,SIDEWAYS,11844.099609375,,,61.47
2019-10-30,SIDEWAYS,,,,61.47
2019-10-31,SIDEWAYS,11877.4501953125,,,61.47
2019-10-31,SIDEWAYS,,,,61.47
2019-11-01,SIDEWAYS,11890.599609375,,,61.47
2019-11-01,SIDEWAYS,,,,61.47
2019-11-04,SIDEWAYS,,,,61.47
2019-11-04,SIDEWAYS,11941.2998046875,,,61.47
2019-11-05,SIDEWAYS,,,,61.47
2019-11-05,SIDEWAYS,11917.2001953125,,,61.47
2019-11-06,SIDEWAYS,,,,61.47
2019-11-06,SIDEWAYS,11966.0498046875,,,61.47
2019-11-07,SIDEWAYS,12012.0498046875,,,61.47
2019-11-07,SIDEWAYS,,,,61.47
2019-11-08,SIDEWAYS,,,,61.47
2019-11-08,SIDEWAYS,11908.150390625,,,61.47
2019-11-11,SIDEWAYS,11913.4501953125,,,61.47
2019-11-11,SIDEWAYS,,,,61.47
2019-11-13,SIDEWAYS,11840.4501953125,,,61.47
2019-11-13,SIDEWAYS,,,,61.47
2019-11-14,SIDEWAYS,,,,61.47
2019-11-14,SIDEWAYS,11872.099609375,,,61.47
2019-11-15,SIDEWAYS,,,,61.47
2019-11-15,SIDEWAYS,11895.4501953125,,,61.47
2019-11-18,SIDEWAYS,,,,61.47
2019-11-18,SIDEWAYS,11884.5,,,61.47
2019-11-19,SIDEWAYS,,,,61.47
2019-11-19,SIDEWAYS,11940.099609375,,,61.47
2019-11-20,SIDEWAYS,,,,61.47
2019-11-20,SIDEWAYS,11999.099609375,,,61.47
2019-11-21,SIDEWAYS,,,,61.47
2019-11-21,SIDEWAYS,11968.400390625,,,61.47
2019-11-22,SIDEWAYS,,,,61.47
2019-11-22,SIDEWAYS,11914.400390625,,,61.47
2019-11-25,SIDEWAYS,12073.75,,,61.47
2019-11-25,SIDEWAYS,,,,61.47
2019-11-26,SIDEWAYS,,,,61.47
2019-11-26,SIDEWAYS,12037.7001953125,,,61.47
2019-11-27,SIDEWAYS,12100.7001953125,,,61.47
2019-11-27,SIDEWAYS,,,,61.47
2019-11-28,SIDEWAYS,12151.150390625,,,61.47
2019-11-28,SIDEWAYS,,,,61.47
2019-11-29,SIDEWAYS,12056.0498046875,,,61.47
2019-11-29,SIDEWAYS,,,,61.47
2019-12-02,SIDEWAYS,,,,61.47
2019-12-02,SIDEWAYS,12048.2001953125,,,61.47
2019-12-03,SIDEWAYS,11994.2001953125,,,61.47
2019-12-03,SIDEWAYS,,,,61.47
2019-12-04,SIDEWAYS,,,,61.47
2019-12-04,SIDEWAYS,12043.2001953125,,,61.47
2019-12-05,SIDEWAYS,12018.400390625,,,61.47
2019-12-05,SIDEWAYS,,,,61.47
2019-12-06,SIDEWAYS,,,,61.47
2019-12-06,SIDEWAYS,11921.5,,,61.47
2019-12-09,SIDEWAYS,11937.5,,,61.47
2019-12-09,SIDEWAYS,,,,61.47
2019-12-10,SIDEWAYS,,,,61.47
2019-12-10,SIDEWAYS,11856.7998046875,,,61.47
2019-12-11,SIDEWAYS,11910.150390625,,,61.47
2019-12-11,SIDEWAYS,,,,61.47
2019-12-12,SIDEWAYS,,,,61.47
2019-12-12,SIDEWAYS,11971.7998046875,,,61.47
2019-12-13,SIDEWAYS,12086.7001953125,,,61.47
2019-12-13,SIDEWAYS,,,,61.47
2019-12-16,SIDEWAYS,12053.9501953125,,,61.47
2019-12-16,SIDEWAYS,,,,61.47
2019-12-17,SIDEWAYS,12165.0,,,61.47
2019-12-17,SIDEWAYS,,,,61.47
2019-12-18,SIDEWAYS,,,,61.47
2019-12-18,SIDEWAYS,12221.650390625,,,61.47
2019-12-19,SIDEWAYS,,,,61.47
2019-12-19,SIDEWAYS,12259.7001953125,,,61.47
2019-12-20,SIDEWAYS,,,,61.47
2019-12-20,SIDEWAYS,12271.7998046875,,,61.47
2019-12-23,SIDEWAYS,12262.75,,,61.47
2019-12-23,SIDEWAYS,,,,61.47
2019-12-24,SIDEWAYS,,,,61.47
2019-12-24,SIDEWAYS,12214.5498046875,,,61.47
2019-12-26,SIDEWAYS,,,,61.47
2019-12-26,SIDEWAYS,12126.5498046875,,,61.47
2019-12-27,SIDEWAYS,,,,61.47
2019-12-27,SIDEWAYS,12245.7998046875,,,61.47
2019-12-30,SIDEWAYS,,,,61.47
2019-12-30,SIDEWAYS,12255.849609375,,,61.47
2019-12-31,SIDEWAYS,,,,61.47
2019-12-31,SIDEWAYS,12168.4501953125,,,61.47
2020-01-01,SIDEWAYS,12182.5,,,61.47
2020-01-02,SIDEWAYS,,,,61.47
2020-01-02,SIDEWAYS,12282.2001953125,,,61.47
2020-01-03,SIDEWAYS,12226.650390625,,,61.47
2020-01-03,SIDEWAYS,,,,61.47
2020-01-06,SIDEWAYS,11993.0498046875,,,61.47
2020-01-06,SIDEWAYS,,,,61.47
2020-01-07,SIDEWAYS,,,,61.47
2020-01-07,SIDEWAYS,12052.9501953125,,,61.47
2020-01-08,SIDEWAYS,12025.349609375,,,61.47
2020-01-08,SIDEWAYS,,,,61.47
2020-01-09,SIDEWAYS,12215.900390625,,,61.47
2020-01-09,SIDEWAYS,,,,61.47
2020-01-10,SIDEWAYS,,,,61.47
2020-01-10,SIDEWAYS,12256.7998046875,,,61.47
2020-01-13,SIDEWAYS,,,,61.47
2020-01-13,SIDEWAYS,12329.5498046875,,,61.47
2020-01-14,SIDEWAYS,12362.2998046875,,,61.47
2020-01-14,SIDEWAYS,,,,61.47
2020-01-15,SIDEWAYS,,,,61.47
2020-01-15,SIDEWAYS,12343.2998046875,,,61.47
2020-01-16,SIDEWAYS,,,,61.47
2020-01-16,SIDEWAYS,12355.5,,,61.47
2020-01-17,SIDEWAYS,,,,61.47
2020-01-17,SIDEWAYS,12352.349609375,,,61.47
2020-01-20,SIDEWAYS,12224.5498046875,,,61.47
2020-01-20,SIDEWAYS,,,,61.47
2020-01-21,SIDEWAYS,12169.849609375,,,61.47
2020-01-21,SIDEWAYS,,,,61.47
2020-01-22,SIDEWAYS,12106.900390625,,,61.47
2020-01-22,SIDEWAYS,,,,61.47
2020-01-23,SIDEWAYS,12180.349609375,,,61.47
2020-01-23,SIDEWAYS,,,,61.47
2020-01-24,SIDEWAYS,12248.25,,,61.47
2020-01-24,SIDEWAYS,,,,61.47
2020-01-27,SIDEWAYS,12119.0,,,61.47
2020-01-27,SIDEWAYS,,,,61.47
2020-01-28,SIDEWAYS,12055.7998046875,,,61.47
2020-01-28,SIDEWAYS,,,,61.47
2020-01-29,SIDEWAYS,12129.5,,,61.47
2020-01-29,SIDEWAYS,,,,61.47
2020-01-30,SIDEWAYS,,,,61.47
2020-01-30,SIDEWAYS,12035.7998046875,,,61.47
2020-01-31,SIDEWAYS,,,,61.47
2020-01-31,SIDEWAYS,11962.099609375,,,61.47
2020-02-03,SIDEWAYS,,,,61.47
2020-02-03,SIDEWAYS,11707.900390625,,,61.47
2020-02-04,SIDEWAYS,11979.650390625,,,61.47
2020-02-04,SIDEWAYS,,,,61.47
2020-02-05,SIDEWAYS,,,,61.47
2020-02-05,SIDEWAYS,12089.150390625,,,61.47
2020-02-06,SIDEWAYS,12137.9501953125,,,61.47
2020-02-06,SIDEWAYS,,,,61.47
2020-02-07,SIDEWAYS,12098.349609375,,,61.47
2020-02-07,SIDEWAYS,,,,61.47
2020-02-10,SIDEWAYS,12031.5,,,61.47
2020-02-10,SIDEWAYS,,,,61.47
2020-02-11,SIDEWAYS,12107.900390625,,,61.47
2020-02-11,SIDEWAYS,,,,61.47
2020-02-12,SIDEWAYS,12201.2001953125,,,61.47
2020-02-12,SIDEWAYS,,,,61.47
2020-02-13,SIDEWAYS,12174.650390625,,,61.47
2020-02-13,SIDEWAYS,,,,61.47
2020-02-14,SIDEWAYS,12113.4501953125,,,61.47
2020-02-14,SIDEWAYS,,,,61.47
2020-02-17,SIDEWAYS,12045.7998046875,,,61.47
2020-02-17,SIDEWAYS,,,,61.47
2020-02-18,SIDEWAYS,11992.5,,,61.47
2020-02-18,SIDEWAYS,,,,61.47
2020-02-19,SIDEWAYS,,,,61.47
2020-02-19,SIDEWAYS,12125.900390625,,,61.47
2020-02-20,SIDEWAYS,12080.849609375,,,61.47
2020-02-20,SIDEWAYS,,,,61.47
2020-02-24,SIDEWAYS,,,,61.47
2020-02-24,SIDEWAYS,11829.400390625,,,61.47
2020-02-25,SIDEWAYS,,,,61.47
2020-02-25,SIDEWAYS,11797.900390625,,,61.47
2020-02-26,SIDEWAYS,,,,61.47
2020-02-26,SIDEWAYS,11678.5,,,61.47
2020-02-27,SIDEWAYS,11633.2998046875,,,61.47
2020-02-27,SIDEWAYS,,,,61.47
2020-02-28,SIDEWAYS,11201.75,,,61.47
2020-02-28,SIDEWAYS,,,,61.47
2020-03-02,SIDEWAYS,11132.75,,,61.47
2020-03-02,SIDEWAYS,,,,61.47
2020-03-03,SIDEWAYS,,,,61.47
2020-03-03,SIDEWAYS,11303.2998046875,,,61.47
2020-03-04,SIDEWAYS,,,,61.47
2020-03-04,SIDEWAYS,11251.0,,,61.47
2020-03-05,SIDEWAYS,,,,61.47
2020-03-05,SIDEWAYS,11269.0,,,61.47
2020-03-06,SIDEWAYS,10989.4501953125,,,61.47
2020-03-06,SIDEWAYS,,,,61.47
2020-03-09,SIDEWAYS,10451.4501953125,,,61.47
2020-03-09,SIDEWAYS,,,,61.47
2020-03-11,SIDEWAYS,10458.400390625,,,61.47
2020-03-11,SIDEWAYS,,,,61.47
2020-03-12,SIDEWAYS,9590.150390625,,,61.47
2020-03-12,SIDEWAYS,,,,61.47
2020-03-13,SIDEWAYS,9955.2001953125,,,61.47
2020-03-13,SIDEWAYS,,,,61.47
2020-03-16,SIDEWAYS,9197.400390625,,,61.47
2020-03-16,SIDEWAYS,,,,61.47
2020-03-17,SIDEWAYS,8967.0498046875,,,61.47
2020-03-17,SIDEWAYS,,,,61.47
2020-03-18,SIDEWAYS,8468.7998046875,,,61.47
2020-03-18,SIDEWAYS,,,,61.47
2020-03-19,SIDEWAYS,8263.4501953125,,,61.47
2020-03-19,SIDEWAYS,,,,61.47
2020-03-20,SIDEWAYS,8745.4501953125,,,61.47
2020-03-20,SIDEWAYS,,,,61.47
2020-03-23,SIDEWAYS,7610.25,,,61.47
2020-03-23,SIDEWAYS,,,,61.47
2020-03-24,SIDEWAYS,,,,61.47
2020-03-24,SIDEWAYS,7801.0498046875,,,61.47
2020-03-25,SIDEWAYS,8317.849609375,,,61.47
2020-03-25,SIDEWAYS,,,,61.47
2020-03-26,SIDEWAYS,,,,61.47
2020-03-26,SIDEWAYS,8641.4501953125,,,61.47
2020-03-27,SIDEWAYS,,,,61.47
2020-03-27,SIDEWAYS,8660.25,,,61.47
2020-03-30,SIDEWAYS,,,,61.47
2020-03-30,SIDEWAYS,8281.099609375,,,61.47
2020-03-31,SIDEWAYS,8597.75,,,61.47
2020-03-31,SIDEWAYS,,,,61.47
2020-04-01,SIDEWAYS,8253.7998046875,,,61.47
2020-04-01,SIDEWAYS,,,,61.47
2020-04-03,SIDEWAYS,,,,61.47
2020-04-03,SIDEWAYS,8083.7998046875,,,61.47
2020-04-07,SIDEWAYS,,,,61.47
2020-04-07,SIDEWAYS,8792.2001953125,,,61.47
2020-04-08,SIDEWAYS,8748.75,,,61.47
2020-04-08,SIDEWAYS,,,,61.47
2020-04-09,SIDEWAYS,,,,61.47
2020-04-09,SIDEWAYS,9111.900390625,,,61.47
2020-04-13,SIDEWAYS,8993.849609375,,,61.47
2020-04-13,SIDEWAYS,,,,61.47
2020-04-15,SIDEWAYS,8925.2998046875,,,61.47
2020-04-15,SIDEWAYS,,,,61.47
2020-04-16,SIDEWAYS,8992.7998046875,,,61.47
2020-04-16,SIDEWAYS,,,,61.47
2020-04-17,SIDEWAYS,,,,61.47
2020-04-17,SIDEWAYS,9266.75,,,61.47
2020-04-20,SIDEWAYS,9261.849609375,,,61.47
2020-04-20,SIDEWAYS,,,,61.47
2020-04-21,SIDEWAYS,8981.4501953125,,,61.47
2020-04-21,SIDEWAYS,,,,61.47
2020-04-22,SIDEWAYS,,,,61.47
2020-04-22,SIDEWAYS,9187.2998046875,,,61.47
2020-04-23,SIDEWAYS,9313.900390625,,,61.47
2020-04-23,SIDEWAYS,,,,61.47
2020-04-24,SIDEWAYS,,,,61.47
2020-04-24,SIDEWAYS,9154.400390625,,,61.47
2020-04-27,SIDEWAYS,,,,61.47
2020-04-27,SIDEWAYS,9282.2998046875,,,61.47
2020-04-28,SIDEWAYS,,,,61.47
2020-04-28,SIDEWAYS,9380.900390625,,,61.47
2020-04-29,SIDEWAYS,,,,61.47
2020-04-29,SIDEWAYS,9553.349609375,,,61.47
2020-04-30,SIDEWAYS,,,,61.47
2020-04-30,SIDEWAYS,9859.900390625,,,61.47
2020-05-04,SIDEWAYS,9293.5,,,61.47
2020-05-04,SIDEWAYS,,,,61.47
2020-05-05,SIDEWAYS,9205.599609375,,,61.47
2020-05-05,SIDEWAYS,,,,61.47
2020-05-06,SIDEWAYS,,,,61.47
2020-05-06,SIDEWAYS,9270.900390625,,,61.47
2020-05-07,SIDEWAYS,9199.0498046875,,,61.47
2020-05-07,SIDEWAYS,,,,61.47
2020-05-08,SIDEWAYS,9251.5,,,61.47
2020-05-08,SIDEWAYS,,,,61.47
2020-05-11,SIDEWAYS,9239.2001953125,,,61.47
2020-05-11,SIDEWAYS,,,,61.47
2020-05-12,SIDEWAYS,,,,61.47
2020-05-12,SIDEWAYS,9196.5498046875,,,61.47
2020-05-13,SIDEWAYS,,,,61.47
2020-05-13,SIDEWAYS,9383.5498046875,,,61.47
2020-05-14,SIDEWAYS,9142.75,,,61.47
2020-05-14,SIDEWAYS,,,,61.47
2020-05-15,SIDEWAYS,,,,61.47
2020-05-15,SIDEWAYS,9136.849609375,,,61.47
2020-05-18,SIDEWAYS,,,,61.47
2020-05-18,SIDEWAYS,8823.25,,,61.47
2020-05-19,SIDEWAYS,8879.099609375,,,61.47
2020-05-19,SIDEWAYS,,,,61.47
2020-05-20,SIDEWAYS,9066.5498046875,,,61.47
2020-05-20,SIDEWAYS,,,,61.47
2020-05-21,SIDEWAYS,9106.25,,,61.47
2020-05-21,SIDEWAYS,,,,61.47
2020-05-22,SIDEWAYS,9039.25,,,61.47
2020-05-22,SIDEWAYS,,,,61.47
2020-05-26,SIDEWAYS,,,,61.47
2020-05-26,SIDEWAYS,9029.0498046875,,,61.47
2020-05-27,SIDEWAYS,9314.9501953125,,,61.47
2020-05-27,SIDEWAYS,,,,61.47
2020-05-28,SIDEWAYS,9490.099609375,,,61.47
2020-05-28,SIDEWAYS,,,,61.47
2020-05-29,SIDEWAYS,9580.2998046875,,,61.47
2020-05-29,SIDEWAYS,,,,61.47
2020-06-01,SIDEWAYS,9826.150390625,,,61.47
2020-06-01,SIDEWAYS,,,,61.47
2020-06-02,SIDEWAYS,9979.099609375,,,61.47
2020-06-02,SIDEWAYS,,,,61.47
2020-06-03,SIDEWAYS,,,,61.47
2020-06-03,SIDEWAYS,10061.5498046875,,,61.47
2020-06-04,SIDEWAYS,,,,61.47
2020-06-04,SIDEWAYS,10029.099609375,,,61.47
2020-06-05,SIDEWAYS,,,,61.47
2020-06-05,SIDEWAYS,10142.150390625,,,61.47
2020-06-08,SIDEWAYS,,,,61.47
2020-06-08,SIDEWAYS,10167.4501953125,,,61.47
2020-06-09,SIDEWAYS,10046.650390625,,,61.47
2020-06-09,SIDEWAYS,,,,61.47
2020-06-10,SIDEWAYS,10116.150390625,,,61.47
2020-06-10,SIDEWAYS,,,,61.47
2020-06-11,SIDEWAYS,9902.0,,,61.47
2020-06-11,SIDEWAYS,,,,61.47
2020-06-12,SIDEWAYS,,,,61.47
2020-06-12,SIDEWAYS,9972.900390625,,,61.47
2020-06-15,SIDEWAYS,,,,61.47
2020-06-15,SIDEWAYS,9813.7001953125,,,61.47
2020-06-16,SIDEWAYS,,,,61.47
2020-06-16,SIDEWAYS,9914.0,,,61.47
2020-06-17,SIDEWAYS,,,,61.47
2020-06-17,SIDEWAYS,9881.150390625,,,61.47
2020-06-18,SIDEWAYS,10091.650390625,,,61.47
2020-06-18,SIDEWAYS,,,,61.47
2020-06-19,SIDEWAYS,10244.400390625,,,61.47
2020-06-19,SIDEWAYS,,,,61.47
2020-06-22,SIDEWAYS,,,,61.47
2020-06-22,SIDEWAYS,10311.2001953125,,,61.47
2020-06-23,SIDEWAYS,,,,61.47
2020-06-23,SIDEWAYS,10471.0,,,61.47
2020-06-24,SIDEWAYS,10305.2998046875,,,61.47
2020-06-24,SIDEWAYS,,,,61.47
2020-06-25,SIDEWAYS,,,,61.47
2020-06-25,SIDEWAYS,10288.900390625,,,61.47
2020-06-26,SIDEWAYS,,,,61.47
2020-06-26,SIDEWAYS,10383.0,,,61.47
2020-06-29,SIDEWAYS,10312.400390625,,,61.47
2020-06-29,SIDEWAYS,,,,61.47
2020-06-30,SIDEWAYS,,,,61.47
2020-06-30,SIDEWAYS,10302.099609375,,,61.47
2020-07-01,SIDEWAYS,,,,61.47
2020-07-01,SIDEWAYS,10430.0498046875,,,61.47
2020-07-02,SIDEWAYS,10551.7001953125,,,61.47
2020-07-02,SIDEWAYS,,,,61.47
2020-07-03,SIDEWAYS,,,,61.47
2020-07-03,SIDEWAYS,10607.349609375,,,61.47
2020-07-06,SIDEWAYS,,,,61.47
2020-07-06,SIDEWAYS,10763.650390625,,,61.47
2020-07-07,SIDEWAYS,,,,61.47
2020-07-07,SIDEWAYS,10799.650390625,,,61.47
2020-07-08,SIDEWAYS,10705.75,,,61.47
2020-07-08,SIDEWAYS,,,,61.47
2020-07-09,SIDEWAYS,,,,61.47
2020-07-09,SIDEWAYS,10813.4501953125,,,61.47
2020-07-10,SIDEWAYS,,,,61.47
2020-07-10,SIDEWAYS,10768.0498046875,,,61.47
2020-07-13,SIDEWAYS,,,,61.47
2020-07-13,SIDEWAYS,10802.7001953125,,,61.47
2020-07-14,SIDEWAYS,,,,61.47
2020-07-14,SIDEWAYS,10607.349609375,,,61.47
2020-07-15,SIDEWAYS,10618.2001953125,,,61.47
2020-07-15,SIDEWAYS,,,,61.47
2020-07-16,SIDEWAYS,,,,61.47
2020-07-16,SIDEWAYS,10739.9501953125,,,61.47
2020-07-17,SIDEWAYS,10901.7001953125,,,61.47
2020-07-17,SIDEWAYS,,,,61.47
2020-07-20,SIDEWAYS,11022.2001953125,,,61.47
2020-07-20,SIDEWAYS,,,,61.47
2020-07-21,SIDEWAYS,11162.25,,,61.47
2020-07-21,SIDEWAYS,,,,61.47
2020-07-22,SIDEWAYS,11132.599609375,,,61.47
2020-07-22,SIDEWAYS,,,,61.47
2020-07-23,SIDEWAYS,,,,61.47
2020-07-23,SIDEWAYS,11215.4501953125,,,61.47
2020-07-24,SIDEWAYS,,,,61.47
2020-07-24,SIDEWAYS,11194.150390625,,,61.47
2020-07-27,SIDEWAYS,,,,61.47
2020-07-27,SIDEWAYS,11131.7998046875,,,61.47
2020-07-28,SIDEWAYS,,,,61.47
2020-07-28,SIDEWAYS,11300.5498046875,,,61.47
2020-07-29,SIDEWAYS,,,,61.47
2020-07-29,SIDEWAYS,11202.849609375,,,61.47
2020-07-30,SIDEWAYS,11102.150390625,,,61.47
2020-07-30,SIDEWAYS,,,,61.47
2020-07-31,SIDEWAYS,,,,61.47
2020-07-31,SIDEWAYS,11073.4501953125,,,61.47
2020-08-03,SIDEWAYS,10891.599609375,,,61.47
2020-08-03,SIDEWAYS,,,,61.47
2020-08-04,SIDEWAYS,11095.25,,,61.47
2020-08-04,SIDEWAYS,,,,61.47
2020-08-05,SIDEWAYS,11101.650390625,,,61.47
2020-08-05,SIDEWAYS,,,,61.47
2020-08-06,SIDEWAYS,,,,61.47
2020-08-06,SIDEWAYS,11200.150390625,,,61.47
2020-08-07,SIDEWAYS,,,,61.47
2020-08-07,SIDEWAYS,11214.0498046875,,,61.47
2020-08-10,SIDEWAYS,11270.150390625,,,61.47
2020-08-10,SIDEWAYS,,,,61.47
2020-08-11,SIDEWAYS,11322.5,,,61.47
2020-08-11,SIDEWAYS,,,,61.47
2020-08-12,SIDEWAYS,,,,61.47
2020-08-12,SIDEWAYS,11308.400390625,,,61.47
2020-08-13,SIDEWAYS,11300.4501953125,,,61.47
2020-08-13,SIDEWAYS,,,,61.47
2020-08-14,SIDEWAYS,11178.400390625,,,61.47
2020-08-14,SIDEWAYS,,,,61.47
2020-08-17,SIDEWAYS,,,,61.47
2020-08-17,SIDEWAYS,11247.099609375,,,61.47
2020-08-18,SIDEWAYS,11385.349609375,,,61.47
2020-08-18,SIDEWAYS,,,,61.47
2020-08-19,SIDEWAYS,,,,61.47
2020-08-19,SIDEWAYS,11408.400390625,,,61.47
2020-08-20,SIDEWAYS,11312.2001953125,,,61.47
2020-08-20,SIDEWAYS,,,,61.47
2020-08-21,SIDEWAYS,11371.599609375,,,61.47
2020-08-21,SIDEWAYS,,,,61.47
2020-08-24,SIDEWAYS,11466.4501953125,,,61.47
2020-08-24,SIDEWAYS,,,,61.47
2020-08-25,SIDEWAYS,11472.25,,,61.47
2020-08-25,SIDEWAYS,,,,61.47
2020-08-26,SIDEWAYS,,,,61.47
2020-08-26,SIDEWAYS,11549.599609375,,,61.47
2020-08-27,SIDEWAYS,11559.25,,,61.47
2020-08-27,SIDEWAYS,,,,61.47
2020-08-28,SIDEWAYS,11647.599609375,,,61.47
2020-08-28,SIDEWAYS,,,,61.47
2020-08-31,SIDEWAYS,11387.5,,,61.47
2020-08-31,SIDEWAYS,,,,61.47
2020-09-01,SIDEWAYS,,,,61.47
2020-09-01,SIDEWAYS,11470.25,,,61.47
2020-09-02,SIDEWAYS,,,,61.47
2020-09-02,SIDEWAYS,11535.0,,,61.47
2020-09-03,SIDEWAYS,11527.4501953125,,,61.47
2020-09-03,SIDEWAYS,,,,61.47
2020-09-04,SIDEWAYS,,,,61.47
2020-09-04,SIDEWAYS,11333.849609375,,,61.47
2020-09-07,SIDEWAYS,,,,61.47
2020-09-07,SIDEWAYS,11355.0498046875,,,61.47
2020-09-08,SIDEWAYS,,,,61.47
2020-09-08,SIDEWAYS,11317.349609375,,,61.47
2020-09-09,SIDEWAYS,11278.0,,,61.47
2020-09-09,SIDEWAYS,,,,61.47
2020-09-10,SIDEWAYS,11449.25,,,61.47
2020-09-10,SIDEWAYS,,,,61.47
2020-09-11,SIDEWAYS,11464.4501953125,,,61.47
2020-09-11,SIDEWAYS,,,,61.47
2020-09-14,SIDEWAYS,11440.0498046875,,,61.47
2020-09-14,SIDEWAYS,,,,61.47
2020-09-15,SIDEWAYS,11521.7998046875,,,61.47
2020-09-15,SIDEWAYS,,,,61.47
2020-09-16,SIDEWAYS,11604.5498046875,,,61.47
2020-09-16,SIDEWAYS,,,,61.47
2020-09-17,SIDEWAYS,11516.099609375,,,61.47
2020-09-17,SIDEWAYS,,,,61.47
2020-09-18,SIDEWAYS,,,,61.47
2020-09-18,SIDEWAYS,11504.9501953125,,,61.47
2020-09-21,SIDEWAYS,11250.5498046875,,,61.47
2020-09-21,SIDEWAYS,,,,61.47
2020-09-22,SIDEWAYS,11153.650390625,,,61.47
2020-09-22,SIDEWAYS,,,,61.47
2020-09-23,SIDEWAYS,11131.849609375,,,61.47
2020-09-23,SIDEWAYS,,,,61.47
2020-09-24,SIDEWAYS,,,,61.47
2020-09-24,SIDEWAYS,10805.5498046875,,,61.47
2020-09-25,SIDEWAYS,,,,61.47
2020-09-25,SIDEWAYS,11050.25,,,61.47
2020-09-28,SIDEWAYS,,,,61.47
2020-09-28,SIDEWAYS,11227.5498046875,,,61.47
2020-09-29,SIDEWAYS,,,,61.47
2020-09-29,SIDEWAYS,11222.400390625,,,61.47
2020-09-30,SIDEWAYS,,,,61.47
2020-09-30,SIDEWAYS,11247.5498046875,,,61.47
2020-10-01,SIDEWAYS,,,,61.47
2020-10-01,SIDEWAYS,11416.9501953125,,,61.47
2020-10-05,SIDEWAYS,,,,61.47
2020-10-05,SIDEWAYS,11503.349609375,,,61.47
2020-10-06,SIDEWAYS,,,,61.47
2020-10-06,SIDEWAYS,11662.400390625,,,61.47
2020-10-07,SIDEWAYS,,,,61.47
2020-10-07,SIDEWAYS,11738.849609375,,,61.47
2020-10-08,SIDEWAYS,11834.599609375,,,61.47
2020-10-08,SIDEWAYS,,,,61.47
2020-10-09,SIDEWAYS,11914.2001953125,,,61.47
2020-10-09,SIDEWAYS,,,,61.47
2020-10-12,SIDEWAYS,,,,61.47
2020-10-12,SIDEWAYS,11930.9501953125,,,61.47
2020-10-13,SIDEWAYS,,,,61.47
2020-10-13,SIDEWAYS,11934.5,,,61.47
2020-10-14,SIDEWAYS,11971.0498046875,,,61.47
2020-10-14,SIDEWAYS,,,,61.47
2020-10-15,SIDEWAYS,,,,61.47
2020-10-15,SIDEWAYS,11680.349609375,,,61.47
2020-10-16,SIDEWAYS,11762.4501953125,,,61.47
2020-10-16,SIDEWAYS,,,,61.47
2020-10-19,SIDEWAYS,11873.0498046875,,,61.47
2020-10-19,SIDEWAYS,,,,61.47
2020-10-20,SIDEWAYS,11896.7998046875,,,61.47
2020-10-20,SIDEWAYS,,,,61.47
2020-10-21,SIDEWAYS,,,,61.47
2020-10-21,SIDEWAYS,11937.650390625,,,61.47
2020-10-22,SIDEWAYS,,,,61.47
2020-10-22,SIDEWAYS,11896.4501953125,,,61.47
2020-10-23,SIDEWAYS,,,,61.47
2020-10-23,SIDEWAYS,11930.349609375,,,61.47
2020-10-26,SIDEWAYS,,,,61.47
2020-10-26,SIDEWAYS,11767.75,,,61.47
2020-10-27,SIDEWAYS,,,,61.47
2020-10-27,SIDEWAYS,11889.400390625,,,61.47
2020-10-28,SIDEWAYS,11729.599609375,,,61.47
2020-10-28,SIDEWAYS,,,,61.47
2020-10-29,SIDEWAYS,11670.7998046875,,,61.47
2020-10-29,SIDEWAYS,,,,61.47
2020-10-30,SIDEWAYS,,,,61.47
2020-10-30,SIDEWAYS,11642.400390625,,,61.47
2020-11-02,SIDEWAYS,,,,61.47
2020-11-02,SIDEWAYS,11669.150390625,,,61.47
2020-11-03,SIDEWAYS,11813.5,,,61.47
2020-11-03,SIDEWAYS,,,,61.47
2020-11-04,SIDEWAYS,,,,61.47
2020-11-04,SIDEWAYS,11908.5,,,61.47
2020-11-05,SIDEWAYS,12120.2998046875,,,61.47
2020-11-05,SIDEWAYS,,,,61.47
2020-11-06,SIDEWAYS,12263.5498046875,,,61.47
2020-11-06,SIDEWAYS,,,,61.47
2020-11-09,SIDEWAYS,,,,61.47
2020-11-09,SIDEWAYS,12461.0498046875,,,61.47
2020-11-10,SIDEWAYS,,,,61.47
2020-11-10,SIDEWAYS,12631.099609375,,,61.47
2020-11-11,SIDEWAYS,12749.150390625,,,61.47
2020-11-11,SIDEWAYS,,,,61.47
2020-11-12,SIDEWAYS,12690.7998046875,,,61.47
2020-11-12,SIDEWAYS,,,,61.47
2020-11-13,SIDEWAYS,,,,61.47
2020-11-13,SIDEWAYS,12719.9501953125,,,61.47
2020-11-17,SIDEWAYS,12874.2001953125,,,61.47
2020-11-17,SIDEWAYS,,,,61.47
2020-11-18,SIDEWAYS,12938.25,,,61.47
2020-11-18,SIDEWAYS,,,,61.47
2020-11-19,SIDEWAYS,,,,61.47
2020-11-19,SIDEWAYS,12771.7001953125,,,61.47
2020-11-20,SIDEWAYS,12859.0498046875,,,61.47
2020-11-20,SIDEWAYS,,,,61.47
2020-11-23,SIDEWAYS,12926.4501953125,,,61.47
2020-11-23,SIDEWAYS,,,,61.47
2020-11-24,SIDEWAYS,,,,61.47
2020-11-24,SIDEWAYS,13055.150390625,,,61.47
2020-11-25,SIDEWAYS,12858.400390625,,,61.47
2020-11-25,SIDEWAYS,,,,61.47
2020-11-26,SIDEWAYS,12987.0,,,61.47
2020-11-26,SIDEWAYS,,,,61.47
2020-11-27,SIDEWAYS,,,,61.47
2020-11-27,SIDEWAYS,12968.9501953125,,,61.47
2020-12-01,SIDEWAYS,13109.0498046875,,,61.47
2020-12-01,SIDEWAYS,,,,61.47
2020-12-02,SIDEWAYS,,,,61.47
2020-12-02,SIDEWAYS,13113.75,,,61.47
2020-12-03,SIDEWAYS,,,,61.47
2020-12-03,SIDEWAYS,13133.900390625,,,61.47
2020-12-04,SIDEWAYS,,,,61.47
2020-12-04,SIDEWAYS,13258.5498046875,,,61.47
2020-12-07,SIDEWAYS,,,,61.47
2020-12-07,SIDEWAYS,13355.75,,,61.47
2020-12-08,SIDEWAYS,13392.9501953125,,,61.47
2020-12-08,SIDEWAYS,,,,61.47
2020-12-09,SIDEWAYS,13529.099609375,,,61.47
2020-12-09,SIDEWAYS,,,,61.47
2020-12-10,SIDEWAYS,13478.2998046875,,,61.47
2020-12-10,SIDEWAYS,,,,61.47
2020-12-11,SIDEWAYS,13513.849609375,,,61.47
2020-12-11,SIDEWAYS,,,,61.47
2020-12-14,SIDEWAYS,13558.150390625,,,61.47
2020-12-14,SIDEWAYS,,,,61.47
2020-12-15,SIDEWAYS,,,,61.47
2020-12-15,SIDEWAYS,13567.849609375,,,61.47
2020-12-16,SIDEWAYS,,,,61.47
2020-12-16,SIDEWAYS,13682.7001953125,,,61.47
2020-12-17,SIDEWAYS,13740.7001953125,,,61.47
2020-12-17,SIDEWAYS,,,,61.47
2020-12-18,SIDEWAYS,13760.5498046875,,,61.47
2020-12-18,SIDEWAYS,,,,61.47
2020-12-21,SIDEWAYS,,,,61.47
2020-12-21,SIDEWAYS,13328.400390625,,,61.47
2020-12-22,SIDEWAYS,13466.2998046875,,,61.47
2020-12-22,SIDEWAYS,,,,61.47
2020-12-23,SIDEWAYS,,,,61.47
2020-12-23,SIDEWAYS,13601.099609375,,,61.47
2020-12-24,SIDEWAYS,,,,61.47
2020-12-24,SIDEWAYS,13749.25,,,61.47
2020-12-28,SIDEWAYS,,,,61.47
2020-12-28,SIDEWAYS,13873.2001953125,,,61.47
2020-12-29,SIDEWAYS,13932.599609375,,,61.47
2020-12-29,SIDEWAYS,,,,61.47
2020-12-30,SIDEWAYS,13981.9501953125,,,61.47
2020-12-30,SIDEWAYS,,,,61.47
2020-12-31,SIDEWAYS,13981.75,,,61.47
2020-12-31,SIDEWAYS,,,,61.47
2021-01-01,SIDEWAYS,14018.5,,,61.47
2021-01-04,SIDEWAYS,14132.900390625,,,61.47
2021-01-04,SIDEWAYS,,,,61.47
2021-01-05,SIDEWAYS,,,,61.47
2021-01-05,SIDEWAYS,14199.5,,,61.47
2021-01-06,SIDEWAYS,,,,61.47
2021-01-06,SIDEWAYS,14146.25,,,61.47
2021-01-07,SIDEWAYS,,,,61.47
2021-01-07,SIDEWAYS,14137.349609375,,,61.47
2021-01-08,SIDEWAYS,,,,61.47
2021-01-08,SIDEWAYS,14347.25,,,61.47
2021-01-11,SIDEWAYS,14484.75,,,61.47
2021-01-11,SIDEWAYS,,,,61.47
2021-01-12,SIDEWAYS,,,,61.47
2021-01-12,SIDEWAYS,14563.4501953125,,,61.47
2021-01-13,SIDEWAYS,14564.849609375,,,61.47
2021-01-13,SIDEWAYS,,,,61.47
2021-01-14,SIDEWAYS,14595.599609375,,,61.47
2021-01-14,SIDEWAYS,,,,61.47
2021-01-15,SIDEWAYS,,,,61.47
2021-01-15,SIDEWAYS,14433.7001953125,,,61.47
2021-01-18,SIDEWAYS,14281.2998046875,,,61.47
2021-01-18,SIDEWAYS,,,,61.47
2021-01-19,SIDEWAYS,,,,61.47
2021-01-19,SIDEWAYS,14521.150390625,,,61.47
2021-01-20,SIDEWAYS,14644.7001953125,,,61.47
2021-01-20,SIDEWAYS,,,,61.47
2021-01-21,SIDEWAYS,14590.349609375,,,61.47
2021-01-21,SIDEWAYS,,,,61.47
2021-01-22,SIDEWAYS,14371.900390625,,,61.47
2021-01-25,SIDEWAYS,14238.900390625,,,61.47
2021-01-25,SIDEWAYS,,,,61.47
2021-01-27,SIDEWAYS,,,,61.47
2021-01-27,SIDEWAYS,13967.5,,,61.47
2021-01-28,SIDEWAYS,13817.5498046875,,,61.47
2021-01-28,SIDEWAYS,,,,61.47
2021-01-29,SIDEWAYS,13634.599609375,,,61.47
2021-01-29,SIDEWAYS,,,,61.47
2021-02-01,SIDEWAYS,,,,61.47
2021-02-01,SIDEWAYS,14281.2001953125,,,61.47
2021-02-02,SIDEWAYS,,,,61.47
2021-02-02,SIDEWAYS,14647.849609375,,,61.47
2021-02-03,SIDEWAYS,14789.9501953125,,,61.47
2021-02-03,SIDEWAYS,,,,61.47
2021-02-04,SIDEWAYS,,,,61.47
2021-02-04,SIDEWAYS,14895.650390625,,,61.47
2021-02-05,SIDEWAYS,14924.25,,,61.47
2021-02-05,SIDEWAYS,,,,61.47
2021-02-08,SIDEWAYS,,,,61.47
2021-02-08,SIDEWAYS,15115.7998046875,,,61.47
2021-02-09,SIDEWAYS,,,,61.47
2021-02-09,SIDEWAYS,15109.2998046875,,,61.47
2021-02-10,SIDEWAYS,,,,61.47
2021-02-10,SIDEWAYS,15106.5,,,61.47
2021-02-11,SIDEWAYS,15173.2998046875,,,61.47
2021-02-11,SIDEWAYS,,,,61.47
2021-02-12,SIDEWAYS,,,,61.47
2021-02-12,SIDEWAYS,15163.2998046875,,,61.47
2021-02-15,SIDEWAYS,15314.7001953125,,,61.47
2021-02-16,SIDEWAYS,15313.4501953125,,,61.47
2021-02-16,SIDEWAYS,,,,61.47
2021-02-17,SIDEWAYS,15208.900390625,,,61.47
2021-02-18,SIDEWAYS,15118.9501953125,,,61.47
2021-02-18,SIDEWAYS,,,,61.47
2021-02-19,SIDEWAYS,14981.75,,,61.47
2021-02-19,SIDEWAYS,,,,61.47
2021-02-22,SIDEWAYS,,,,61.47
2021-02-22,SIDEWAYS,14675.7001953125,,,61.47
2021-02-23,SIDEWAYS,,,,61.47
2021-02-23,SIDEWAYS,14707.7998046875,,,61.47
2021-02-24,SIDEWAYS,,,,61.47
2021-02-24,SIDEWAYS,14982.0,,,61.47
2021-02-25,SIDEWAYS,15097.349609375,,,61.47
2021-02-25,SIDEWAYS,,,,61.47
2021-02-26,SIDEWAYS,14529.150390625,,,61.47
2021-02-26,SIDEWAYS,,,,61.47
2021-03-01,SIDEWAYS,14761.5498046875,,,61.47
2021-03-01,SIDEWAYS,,,,61.47
2021-03-02,SIDEWAYS,14919.099609375,,,61.47
2021-03-02,SIDEWAYS,,,,61.47
2021-03-03,SIDEWAYS,15245.599609375,,,61.47
2021-03-03,SIDEWAYS,,,,61.47
2021-03-04,SIDEWAYS,15080.75,,,61.47
2021-03-04,SIDEWAYS,,,,61.47
2021-03-05,SIDEWAYS,14938.099609375,,,61.47
2021-03-05,SIDEWAYS,,,,61.47
2021-03-08,SIDEWAYS,14956.2001953125,,,61.47
2021-03-08,SIDEWAYS,,,,61.47
2021-03-09,SIDEWAYS,,,,61.47
2021-03-09,SIDEWAYS,15098.400390625,,,61.47
2021-03-10,SIDEWAYS,,,,61.47
2021-03-10,SIDEWAYS,15174.7998046875,,,61.47
2021-03-12,SIDEWAYS,15030.9501953125,,,61.47
2021-03-12,SIDEWAYS,,,,61.47
2021-03-15,SIDEWAYS,14929.5,,,61.47
2021-03-15,SIDEWAYS,,,,61.47
2021-03-16,SIDEWAYS,14910.4501953125,,,61.47
2021-03-16,SIDEWAYS,,,,61.47
2021-03-17,SIDEWAYS,,,,61.47
2021-03-17,SIDEWAYS,14721.2998046875,,,61.47
2021-03-18,SIDEWAYS,,,,61.47
2021-03-18,SIDEWAYS,14557.849609375,,,61.47
2021-03-19,SIDEWAYS,,,,61.47
2021-03-19,SIDEWAYS,14744.0,,,61.47
2021-03-22,SIDEWAYS,14736.400390625,,,61.47
2021-03-22,SIDEWAYS,,,,61.47
2021-03-23,SIDEWAYS,,,,61.47
2021-03-23,SIDEWAYS,14814.75,,,61.47
2021-03-24,SIDEWAYS,14549.400390625,,,61.47
2021-03-24,SIDEWAYS,,,,61.47
2021-03-25,SIDEWAYS,14324.900390625,,,61.47
2021-03-25,SIDEWAYS,,,,61.47
2021-03-26,SIDEWAYS,,,,61.47
2021-03-26,SIDEWAYS,14507.2998046875,,,61.47
2021-03-30,SIDEWAYS,,,,61.47
2021-03-30,SIDEWAYS,14845.099609375,,,61.47
2021-03-31,SIDEWAYS,,,,61.47
2021-03-31,SIDEWAYS,14690.7001953125,,,61.47
2021-04-01,SIDEWAYS,,,,61.47
2021-04-01,SIDEWAYS,14867.349609375,,,61.47
2021-04-05,SIDEWAYS,14637.7998046875,,,61.47
2021-04-05,SIDEWAYS,,,,61.47
2021-04-06,SIDEWAYS,14683.5,,,61.47
2021-04-06,SIDEWAYS,,,,61.47
2021-04-07,SIDEWAYS,14819.0498046875,,,61.47
2021-04-07,SIDEWAYS,,,,61.47
2021-04-08,SIDEWAYS,14873.7998046875,,,61.47
2021-04-08,SIDEWAYS,,,,61.47
2021-04-09,SIDEWAYS,,,,61.47
2021-04-09,SIDEWAYS,14834.849609375,,,61.47
2021-04-12,SIDEWAYS,,,,61.47
2021-04-12,SIDEWAYS,14310.7998046875,,,61.47
2021-04-13,SIDEWAYS,14504.7998046875,,,61.47
2021-04-13,SIDEWAYS,,,,61.47
2021-04-15,SIDEWAYS,14581.4501953125,,,61.47
2021-04-15,SIDEWAYS,,,,61.47
2021-04-16,SIDEWAYS,,,,61.47
2021-04-16,SIDEWAYS,14617.849609375,,,61.47
2021-04-19,SIDEWAYS,,,,61.47
2021-04-19,SIDEWAYS,14359.4501953125,,,61.47
2021-04-20,SIDEWAYS,,,,61.47
2021-04-20,SIDEWAYS,14296.400390625,,,61.47
2021-04-22,SIDEWAYS,14406.150390625,,,61.47
2021-04-22,SIDEWAYS,,,,61.47
2021-04-23,SIDEWAYS,,,,61.47
2021-04-23,SIDEWAYS,14341.349609375,,,61.47
2021-04-26,SIDEWAYS,,,,61.47
2021-04-26,SIDEWAYS,14485.0,,,61.47
2021-04-27,SIDEWAYS,14653.0498046875,,,61.47
2021-04-27,SIDEWAYS,,,,61.47
2021-04-28,SIDEWAYS,14864.5498046875,,,61.47
2021-04-28,SIDEWAYS,,,,61.47
2021-04-29,SIDEWAYS,14894.900390625,,,61.47
2021-04-29,SIDEWAYS,,,,61.47
2021-04-30,SIDEWAYS,14631.099609375,,,61.47
2021-04-30,SIDEWAYS,,,,61.47
2021-05-03,SIDEWAYS,14634.150390625,,,61.47
2021-05-03,SIDEWAYS,,,,61.47
2021-05-04,SIDEWAYS,14496.5,,,61.47
2021-05-04,SIDEWAYS,,,,61.47
2021-05-05,SIDEWAYS,14617.849609375,,,61.47
2021-05-06,SIDEWAYS,14724.7998046875,,,61.47
2021-05-06,SIDEWAYS,,,,61.47
2021-05-07,SIDEWAYS,14823.150390625,,,61.47
2021-05-07,SIDEWAYS,,,,61.47
2021-05-10,SIDEWAYS,14942.349609375,,,61.47
2021-05-10,SIDEWAYS,,,,61.47
2021-05-11,SIDEWAYS,14850.75,,,61.47
2021-05-12,SIDEWAYS,14696.5,,,61.47
2021-05-12,SIDEWAYS,,,,61.47
2021-05-14,SIDEWAYS,,,,61.47
2021-05-14,SIDEWAYS,14677.7998046875,,,61.47
2021-05-17,SIDEWAYS,,,,61.47
2021-05-17,SIDEWAYS,14923.150390625,,,61.47
2021-05-18,SIDEWAYS,15108.099609375,,,61.47
2021-05-18,SIDEWAYS,,,,61.47
2021-05-19,SIDEWAYS,,,,61.47
2021-05-19,SIDEWAYS,15030.150390625,,,61.47
2021-05-20,SIDEWAYS,14906.0498046875,,,61.47
2021-05-21,SIDEWAYS,15175.2998046875,,,61.47
2021-05-21,SIDEWAYS,,,,61.47
2021-05-24,SIDEWAYS,,,,61.47
2021-05-24,SIDEWAYS,15197.7001953125,,,61.47
2021-05-25,SIDEWAYS,15208.4501953125,,,61.47
2021-05-26,SIDEWAYS,,,,61.47
2021-05-26,SIDEWAYS,15301.4501953125,,,61.47
2021-05-27,SIDEWAYS,,,,61.47
2021-05-27,SIDEWAYS,15337.849609375,,,61.47
2021-05-28,SIDEWAYS,,,,61.47
2021-05-28,SIDEWAYS,15435.650390625,,,61.47
2021-05-31,SIDEWAYS,15582.7998046875,,,61.47
2021-06-01,SIDEWAYS,,,,61.47
2021-06-01,SIDEWAYS,15574.849609375,,,61.47
2021-06-02,SIDEWAYS,,,,61.47
2021-06-02,SIDEWAYS,15576.2001953125,,,61.47
2021-06-03,SIDEWAYS,15690.349609375,,,61.47
2021-06-03,SIDEWAYS,,,,61.47
2021-06-04,SIDEWAYS,15670.25,,,61.47
2021-06-04,SIDEWAYS,,,,61.47
2021-06-07,SIDEWAYS,,,,61.47
2021-06-07,SIDEWAYS,15751.650390625,,,61.47
2021-06-08,SIDEWAYS,,,,61.47
2021-06-08,SIDEWAYS,15740.099609375,,,61.47
2021-06-09,SIDEWAYS,,,,61.47
2021-06-09,SIDEWAYS,15635.349609375,,,61.47
2021-06-10,SIDEWAYS,,,,61.47
2021-06-10,SIDEWAYS,15737.75,,,61.47
2021-06-11,SIDEWAYS,,,,61.47
2021-06-11,SIDEWAYS,15799.349609375,,,61.47
2021-06-14,SIDEWAYS,15811.849609375,,,61.47
2021-06-14,SIDEWAYS,,,,61.47
2021-06-15,SIDEWAYS,,,,61.47
2021-06-15,SIDEWAYS,15869.25,,,61.47
2021-06-16,SIDEWAYS,,,,61.47
2021-06-16,SIDEWAYS,15767.5498046875,,,61.47
2021-06-17,SIDEWAYS,15691.400390625,,,61.47
2021-06-17,SIDEWAYS,,,,61.47
2021-06-18,SIDEWAYS,,,,61.47
2021-06-18,SIDEWAYS,15683.349609375,,,61.47
2021-06-21,SIDEWAYS,15746.5,,,61.47
2021-06-21,SIDEWAYS,,,,61.47
2021-06-22,SIDEWAYS,15772.75,,,61.47
2021-06-22,SIDEWAYS,,,,61.47
2021-06-23,SIDEWAYS,15686.9501953125,,,61.47
2021-06-23,SIDEWAYS,,,,61.47
2021-06-24,SIDEWAYS,,,,61.47
2021-06-24,SIDEWAYS,15790.4501953125,,,61.47
2021-06-25,SIDEWAYS,,,,61.47
2021-06-25,SIDEWAYS,15860.349609375,,,61.47
2021-06-28,SIDEWAYS,,,,61.47
2021-06-28,SIDEWAYS,15814.7001953125,,,61.47
2021-06-29,SIDEWAYS,,,,61.47
2021-06-29,SIDEWAYS,15748.4501953125,,,61.47
2021-06-30,SIDEWAYS,15721.5,,,61.47
2021-06-30,SIDEWAYS,,,,61.47
2021-07-01,SIDEWAYS,15680.0,,,61.47
2021-07-01,SIDEWAYS,,,,61.47
2021-07-02,SIDEWAYS,15722.2001953125,,,61.47
2021-07-02,SIDEWAYS,,,,61.47
2021-07-05,SIDEWAYS,15834.349609375,,,61.47
2021-07-06,SIDEWAYS,,,,61.47
2021-07-06,SIDEWAYS,15818.25,,,61.47
2021-07-07,SIDEWAYS,15879.650390625,,,61.47
2021-07-07,SIDEWAYS,,,,61.47
2021-07-08,SIDEWAYS,15727.900390625,,,61.47
2021-07-08,SIDEWAYS,,,,61.47
2021-07-09,SIDEWAYS,,,,61.47
2021-07-09,SIDEWAYS,15689.7998046875,,,61.47
2021-07-12,SIDEWAYS,15692.599609375,,,61.47
2021-07-12,SIDEWAYS,,,,61.47
2021-07-13,SIDEWAYS,15812.349609375,,,61.47
2021-07-13,SIDEWAYS,,,,61.47
2021-07-14,SIDEWAYS,,,,61.47
2021-07-14,SIDEWAYS,15853.9501953125,,,61.47
2021-07-15,SIDEWAYS,15924.2001953125,,,61.47
2021-07-15,SIDEWAYS,,,,61.47
2021-07-16,SIDEWAYS,,,,61.47
2021-07-16,SIDEWAYS,15923.400390625,,,61.47
2021-07-19,SIDEWAYS,,,,61.47
2021-07-19,SIDEWAYS,15752.400390625,,,61.47
2021-07-20,SIDEWAYS,,,,61.47
2021-07-20,SIDEWAYS,15632.099609375,,,61.47
2021-07-22,SIDEWAYS,15824.0498046875,,,61.47
2021-07-22,SIDEWAYS,,,,61.47
2021-07-23,SIDEWAYS,15856.0498046875,,,61.47
2021-07-23,SIDEWAYS,,,,61.47
2021-07-26,SIDEWAYS,,,,61.47
2021-07-26,SIDEWAYS,15824.4501953125,,,61.47
2021-07-27,SIDEWAYS,,,,61.47
2021-07-27,SIDEWAYS,15746.4501953125,,,61.47
2021-07-28,SIDEWAYS,15709.400390625,,,61.47
2021-07-28,SIDEWAYS,,,,61.47
2021-07-29,SIDEWAYS,,,,61.47
2021-07-29,SIDEWAYS,15778.4501953125,,,61.47
2021-07-30,SIDEWAYS,,,,61.47
2021-07-30,SIDEWAYS,15763.0498046875,,,61.47
2021-08-02,SIDEWAYS,15885.150390625,,,61.47
2021-08-02,SIDEWAYS,,,,61.47
2021-08-03,SIDEWAYS,,,,61.47
2021-08-03,SIDEWAYS,16130.75,,,61.47
2021-08-04,SIDEWAYS,,,,61.47
2021-08-04,SIDEWAYS,16258.7998046875,,,61.47
2021-08-05,SIDEWAYS,16294.599609375,,,61.47
2021-08-05,SIDEWAYS,,,,61.47
2021-08-06,SIDEWAYS,,,,61.47
2021-08-06,SIDEWAYS,16238.2001953125,,,61.47
2021-08-09,SIDEWAYS,16258.25,,,61.47
2021-08-09,SIDEWAYS,,,,61.47
2021-08-10,SIDEWAYS,16280.099609375,,,61.47
2021-08-10,SIDEWAYS,,,,61.47
2021-08-11,SIDEWAYS,16282.25,,,61.47
2021-08-11,SIDEWAYS,,,,61.47
2021-08-12,SIDEWAYS,16364.400390625,,,61.47
2021-08-12,SIDEWAYS,,,,61.47
2021-08-13,SIDEWAYS,,,,61.47
2021-08-13,SIDEWAYS,16529.099609375,,,61.47
2021-08-16,SIDEWAYS,,,,61.47
2021-08-16,SIDEWAYS,16563.05078125,,,61.47
2021-08-17,SIDEWAYS,,,,61.47
2021-08-17,SIDEWAYS,16614.599609375,,,61.47
2021-08-18,SIDEWAYS,,,,61.47
2021-08-18,SIDEWAYS,16568.849609375,,,61.47
2021-08-20,SIDEWAYS,,,,61.47
2021-08-20,SIDEWAYS,16450.5,,,61.47
2021-08-23,SIDEWAYS,,,,61.47
2021-08-23,SIDEWAYS,16496.44921875,,,61.47
2021-08-24,SIDEWAYS,,,,61.47
2021-08-24,SIDEWAYS,16624.599609375,,,61.47
2021-08-25,SIDEWAYS,16634.650390625,,,61.47
2021-08-25,SIDEWAYS,,,,61.47
2021-08-26,SIDEWAYS,16636.900390625,,,61.47
2021-08-26,SIDEWAYS,,,,61.47
2021-08-27,SIDEWAYS,16705.19921875,,,61.47
2021-08-27,SIDEWAYS,,,,61.47
2021-08-30,SIDEWAYS,16931.05078125,,,61.47
2021-08-30,SIDEWAYS,,,,61.47
2021-08-31,SIDEWAYS,17132.19921875,,,61.47
2021-08-31,SIDEWAYS,,,,61.47
2021-09-01,SIDEWAYS,,,,61.47
2021-09-01,SIDEWAYS,17076.25,,,61.47
2021-09-02,SIDEWAYS,17234.150390625,,,61.47
2021-09-02,SIDEWAYS,,,,61.47
2021-09-03,SIDEWAYS,17323.599609375,,,61.47
2021-09-03,SIDEWAYS,,,,61.47
2021-09-06,SIDEWAYS,17377.80078125,,,61.47
2021-09-06,SIDEWAYS,,,,61.47
2021-09-07,SIDEWAYS,17362.099609375,,,61.47
2021-09-07,SIDEWAYS,,,,61.47
2021-09-08,SIDEWAYS,,,,61.47
2021-09-08,SIDEWAYS,17353.5,,,61.47
2021-09-09,SIDEWAYS,17369.25,,,61.47
2021-09-09,SIDEWAYS,,,,61.47
2021-09-13,SIDEWAYS,17355.30078125,,,61.47
2021-09-13,SIDEWAYS,,,,61.47
2021-09-14,SIDEWAYS,,,,61.47
2021-09-14,SIDEWAYS,17380.0,,,61.47
2021-09-15,SIDEWAYS,,,,61.47
2021-09-15,SIDEWAYS,17519.44921875,,,61.47
2021-09-16,SIDEWAYS,17629.5,,,61.47
2021-09-16,SIDEWAYS,,,,61.47
2021-09-17,SIDEWAYS,,,,61.47
2021-09-17,SIDEWAYS,17585.150390625,,,61.47
2021-09-20,SIDEWAYS,,,,61.47
2021-09-20,SIDEWAYS,17396.900390625,,,61.47
2021-09-21,SIDEWAYS,17562.0,,,61.47
2021-09-21,SIDEWAYS,,,,61.47
2021-09-22,SIDEWAYS,,,,61.47
2021-09-22,SIDEWAYS,17546.650390625,,,61.47
2021-09-23,SIDEWAYS,17822.94921875,,,61.47
2021-09-23,SIDEWAYS,,,,61.47
2021-09-24,SIDEWAYS,,,,61.47
2021-09-24,SIDEWAYS,17853.19921875,,,61.47
2021-09-27,SIDEWAYS,17855.099609375,,,61.47
2021-09-27,SIDEWAYS,,,,61.47
2021-09-28,SIDEWAYS,,,,61.47
2021-09-28,SIDEWAYS,17748.599609375,,,61.47
2021-09-29,SIDEWAYS,,,,61.47
2021-09-29,SIDEWAYS,17711.30078125,,,61.47
2021-09-30,SIDEWAYS,,,,61.47
2021-09-30,SIDEWAYS,17618.150390625,,,61.47
2021-10-01,SIDEWAYS,17532.05078125,,,61.47
2021-10-01,SIDEWAYS,,,,61.47
2021-10-04,SIDEWAYS,17691.25,,,61.47
2021-10-04,SIDEWAYS,,,,61.47
2021-10-05,SIDEWAYS,17822.30078125,,,61.47
2021-10-05,SIDEWAYS,,,,61.47
2021-10-06,SIDEWAYS,17646.0,,,61.47
2021-10-06,SIDEWAYS,,,,61.47
2021-10-07,SIDEWAYS,17790.349609375,,,61.47
2021-10-07,SIDEWAYS,,,,61.47
2021-10-08,SIDEWAYS,17895.19921875,,,61.47
2021-10-08,SIDEWAYS,,,,61.47
2021-10-11,SIDEWAYS,17945.94921875,,,61.47
2021-10-11,SIDEWAYS,,,,61.47
2021-10-12,SIDEWAYS,17991.94921875,,,61.47
2021-10-12,SIDEWAYS,,,,61.47
2021-10-13,SIDEWAYS,,,,61.47
2021-10-13,SIDEWAYS,18161.75,,,61.47
2021-10-14,SIDEWAYS,,,,61.47
2021-10-14,SIDEWAYS,18338.55078125,,,61.47
2021-10-18,SIDEWAYS,,,,61.47
2021-10-18,SIDEWAYS,18477.05078125,,,61.47
2021-10-19,SIDEWAYS,18418.75,,,61.47
2021-10-19,SIDEWAYS,,,,61.47
2021-10-20,SIDEWAYS,,,,61.47
2021-10-20,SIDEWAYS,18266.599609375,,,61.47
2021-10-21,SIDEWAYS,18178.099609375,,,61.47
2021-10-21,SIDEWAYS,,,,61.47
2021-10-22,SIDEWAYS,18114.900390625,,,61.47
2021-10-22,SIDEWAYS,,,,61.47
2021-10-25,SIDEWAYS,,,,61.47
2021-10-25,SIDEWAYS,18125.400390625,,,61.47
2021-10-26,SIDEWAYS,18268.400390625,,,61.47
2021-10-26,SIDEWAYS,,,,61.47
2021-10-27,SIDEWAYS,,,,61.47
2021-10-27,SIDEWAYS,18210.94921875,,,61.47
2021-10-28,SIDEWAYS,,,,61.47
2021-10-28,SIDEWAYS,17857.25,,,61.47
2021-10-29,SIDEWAYS,,,,61.47
2021-10-29,SIDEWAYS,17671.650390625,,,61.47
2021-11-01,SIDEWAYS,,,,61.47
2021-11-01,SIDEWAYS,17929.650390625,,,61.47
2021-11-02,SIDEWAYS,,,,61.47
2021-11-02,SIDEWAYS,17888.94921875,,,61.47
2021-11-03,SIDEWAYS,,,,61.47
2021-11-03,SIDEWAYS,17829.19921875,,,61.47
2021-11-04,SIDEWAYS,,,,61.47
2021-11-04,SIDEWAYS,17916.80078125,,,61.47
2021-11-08,SIDEWAYS,,,,61.47
2021-11-08,SIDEWAYS,18068.55078125,,,61.47
2021-11-09,SIDEWAYS,18044.25,,,61.47
2021-11-09,SIDEWAYS,,,,61.47
2021-11-10,SIDEWAYS,18017.19921875,,,61.47
2021-11-10,SIDEWAYS,,,,61.47
2021-11-11,SIDEWAYS,17873.599609375,,,61.47
2021-11-11,SIDEWAYS,,,,61.47
2021-11-12,SIDEWAYS,18102.75,,,61.47
2021-11-12,SIDEWAYS,,,,61.47
2021-11-15,SIDEWAYS,18109.44921875,,,61.47
2021-11-15,SIDEWAYS,,,,61.47
2021-11-16,SIDEWAYS,17999.19921875,,,61.47
2021-11-16,SIDEWAYS,,,,61.47
2021-11-17,SIDEWAYS,17898.650390625,,,61.47
2021-11-17,SIDEWAYS,,,,61.47
2021-11-18,SIDEWAYS,17764.80078125,,,61.47
2021-11-18,SIDEWAYS,,,,61.47
2021-11-22,SIDEWAYS,,,,61.47
2021-11-22,SIDEWAYS,17416.55078125,,,61.47
2021-11-23,SIDEWAYS,,,,61.47
2021-11-23,SIDEWAYS,17503.349609375,,,61.47
2021-11-24,SIDEWAYS,,,,61.47
2021-11-24,SIDEWAYS,17415.05078125,,,61.47
2021-11-25,SIDEWAYS,17536.25,,,61.47
2021-11-25,SIDEWAYS,,,,61.47
2021-11-26,SIDEWAYS,17026.44921875,,,61.47
2021-11-26,SIDEWAYS,,,,61.47
2021-11-29,SIDEWAYS,,,,61.47
2021-11-29,SIDEWAYS,17053.94921875,,,61.47
2021-11-30,SIDEWAYS,16983.19921875,,,61.47
2021-11-30,SIDEWAYS,,,,61.47
2021-12-01,SIDEWAYS,,,,61.47
2021-12-01,SIDEWAYS,17166.900390625,,,61.47
2021-12-02,SIDEWAYS,,,,61.47
2021-12-02,SIDEWAYS,17401.650390625,,,61.47
2021-12-03,SIDEWAYS,,,,61.47
2021-12-03,SIDEWAYS,17196.69921875,,,61.47
2021-12-06,SIDEWAYS,,,,61.47
2021-12-06,SIDEWAYS,16912.25,,,61.47
2021-12-07,SIDEWAYS,,,,61.47
2021-12-07,SIDEWAYS,17176.69921875,,,61.47
2021-12-08,SIDEWAYS,,,,61.47
2021-12-08,SIDEWAYS,17469.75,,,61.47
2021-12-09,SIDEWAYS,,,,61.47
2021-12-09,SIDEWAYS,17516.849609375,,,61.47
2021-12-10,SIDEWAYS,17511.30078125,,,61.47
2021-12-10,SIDEWAYS,,,,61.47
2021-12-13,SIDEWAYS,17368.25,,,61.47
2021-12-13,SIDEWAYS,,,,61.47
2021-12-14,SIDEWAYS,,,,61.47
2021-12-14,SIDEWAYS,17324.900390625,,,61.47
2021-12-15,SIDEWAYS,,,,61.47
2021-12-15,SIDEWAYS,17221.400390625,,,61.47
2021-12-16,SIDEWAYS,,,,61.47
2021-12-16,SIDEWAYS,17248.400390625,,,61.47
2021-12-17,SIDEWAYS,16985.19921875,,,61.47
2021-12-17,SIDEWAYS,,,,61.47
2021-12-20,SIDEWAYS,,,,61.47
2021-12-20,SIDEWAYS,16614.19921875,,,61.47
2021-12-21,SIDEWAYS,,,,61.47
2021-12-21,SIDEWAYS,16770.849609375,,,61.47
2021-12-22,SIDEWAYS,16955.44921875,,,61.47
2021-12-22,SIDEWAYS,,,,61.47
2021-12-23,SIDEWAYS,,,,61.47
2021-12-23,SIDEWAYS,17072.599609375,,,61.47
2021-12-24,SIDEWAYS,17003.75,,,61.47
2021-12-24,SIDEWAYS,,,,61.47
2021-12-27,SIDEWAYS,,,,61.47
2021-12-27,SIDEWAYS,17086.25,,,61.47
2021-12-28,SIDEWAYS,17233.25,,,61.47
2021-12-28,SIDEWAYS,,,,61.47
2021-12-29,SIDEWAYS,17213.599609375,,,61.47
2021-12-29,SIDEWAYS,,,,61.47
2021-12-30,SIDEWAYS,17203.94921875,,,61.47
2021-12-30,SIDEWAYS,,,,61.47
2021-12-31,SIDEWAYS,17354.05078125,,,61.47
2021-12-31,SIDEWAYS,,,,61.47
2022-01-03,SIDEWAYS,,,,61.47
2022-01-03,SIDEWAYS,17625.69921875,,,61.47
2022-01-04,SIDEWAYS,17805.25,,,61.47
2022-01-04,SIDEWAYS,,,,61.47
2022-01-05,SIDEWAYS,17925.25,,,61.47
2022-01-05,SIDEWAYS,,,,61.47
2022-01-06,SIDEWAYS,17745.900390625,,,61.47
2022-01-06,SIDEWAYS,,,,61.47
2022-01-07,SIDEWAYS,17812.69921875,,,61.47
2022-01-07,SIDEWAYS,,,,61.47
2022-01-10,SIDEWAYS,18003.30078125,,,61.47
2022-01-10,SIDEWAYS,,,,61.47
2022-01-11,SIDEWAYS,,,,61.47
2022-01-11,SIDEWAYS,18055.75,,,61.47
2022-01-12,SIDEWAYS,,,,61.47
2022-01-12,SIDEWAYS,18212.349609375,,,61.47
2022-01-13,SIDEWAYS,,,,61.47
2022-01-13,SIDEWAYS,18257.80078125,,,61.47
2022-01-14,SIDEWAYS,,,,61.47
2022-01-14,SIDEWAYS,18255.75,,,61.47
2022-01-17,SIDEWAYS,18308.099609375,,,61.47
2022-01-17,SIDEWAYS,,,,61.47
2022-01-18,SIDEWAYS,18113.05078125,,,61.47
2022-01-18,SIDEWAYS,,,,61.47
2022-01-19,SIDEWAYS,,,,61.47
2022-01-19,SIDEWAYS,17938.400390625,,,61.47
2022-01-20,SIDEWAYS,17757.0,,,61.47
2022-01-20,SIDEWAYS,,,,61.47
2022-01-21,SIDEWAYS,,,,61.47
2022-01-21,SIDEWAYS,17617.150390625,,,61.47
2022-01-24,SIDEWAYS,,,,61.47
2022-01-24,SIDEWAYS,17149.099609375,,,61.47
2022-01-25,SIDEWAYS,17277.94921875,,,61.47
2022-01-25,SIDEWAYS,,,,61.47
2022-01-27,SIDEWAYS,,,,61.47
2022-01-27,SIDEWAYS,17110.150390625,,,61.47
2022-01-28,SIDEWAYS,,,,61.47
2022-01-28,SIDEWAYS,17101.94921875,,,61.47
2022-01-31,SIDEWAYS,,,,61.47
2022-01-31,SIDEWAYS,17339.849609375,,,61.47
2022-02-01,SIDEWAYS,17576.849609375,,,61.47
2022-02-01,SIDEWAYS,,,,61.47
2022-02-02,SIDEWAYS,17780.0,,,61.47
2022-02-02,SIDEWAYS,,,,61.47
2022-02-03,SIDEWAYS,,,,61.47
2022-02-03,SIDEWAYS,17560.19921875,,,61.47
2022-02-04,SIDEWAYS,,,,61.47
2022-02-04,SIDEWAYS,17516.30078125,,,61.47
2022-02-07,SIDEWAYS,,,,61.47
2022-02-07,SIDEWAYS,17213.599609375,,,61.47
2022-02-08,SIDEWAYS,,,,61.47
2022-02-08,SIDEWAYS,17266.75,,,61.47
2022-02-09,SIDEWAYS,,,,61.47
2022-02-09,SIDEWAYS,17463.80078125,,,61.47
2022-02-10,SIDEWAYS,,,,61.47
2022-02-10,SIDEWAYS,17605.849609375,,,61.47
2022-02-11,SIDEWAYS,,,,61.47
2022-02-11,SIDEWAYS,17374.75,,,61.47
2022-02-14,SIDEWAYS,16842.80078125,,,61.47
2022-02-14,SIDEWAYS,,,,61.47
2022-02-15,SIDEWAYS,,,,61.47
2022-02-15,SIDEWAYS,17352.44921875,,,61.47
2022-02-16,SIDEWAYS,,,,61.47
2022-02-16,SIDEWAYS,17322.19921875,,,61.47
2022-02-17,SIDEWAYS,17304.599609375,,,61.47
2022-02-17,SIDEWAYS,,,,61.47
2022-02-18,SIDEWAYS,,,,61.47
2022-02-18,SIDEWAYS,17276.30078125,,,61.47
2022-02-21,SIDEWAYS,17206.650390625,,,61.47
2022-02-21,SIDEWAYS,,,,61.47
2022-02-22,SIDEWAYS,,,,61.47
2022-02-22,SIDEWAYS,17092.19921875,,,61.47
2022-02-23,SIDEWAYS,,,,61.47
2022-02-23,SIDEWAYS,17063.25,,,61.47
2022-02-24,SIDEWAYS,16247.9501953125,,,61.47
2022-02-24,SIDEWAYS,,,,61.47
2022-02-25,SIDEWAYS,,,,61.47
2022-02-25,SIDEWAYS,16658.400390625,,,61.47
2022-02-28,SIDEWAYS,16793.900390625,,,61.47
2022-02-28,SIDEWAYS,,,,61.47
2022-03-02,SIDEWAYS,16605.94921875,,,61.47
2022-03-02,SIDEWAYS,,,,61.47
2022-03-03,SIDEWAYS,,,,61.47
2022-03-03,SIDEWAYS,16498.05078125,,,61.47
2022-03-04,SIDEWAYS,16245.349609375,,,61.47
2022-03-04,SIDEWAYS,,,,61.47
2022-03-07,SIDEWAYS,,,,61.47
2022-03-07,SIDEWAYS,15863.150390625,,,61.47
2022-03-08,SIDEWAYS,16013.4501953125,,,61.47
2022-03-08,SIDEWAYS,,,,61.47
2022-03-09,SIDEWAYS,16345.349609375,,,61.47
2022-03-09,SIDEWAYS,,,,61.47
2022-03-10,SIDEWAYS,16594.900390625,,,61.47
2022-03-10,SIDEWAYS,,,,61.47
2022-03-11,SIDEWAYS,16630.44921875,,,61.47
2022-03-11,SIDEWAYS,,,,61.47
2022-03-14,SIDEWAYS,16871.30078125,,,61.47
2022-03-14,SIDEWAYS,,,,61.47
2022-03-15,SIDEWAYS,,,,61.47
2022-03-15,SIDEWAYS,16663.0,,,61.47
2022-03-16,SIDEWAYS,,,,61.47
2022-03-16,SIDEWAYS,16975.349609375,,,61.47
2022-03-17,SIDEWAYS,,,,61.47
2022-03-17,SIDEWAYS,17287.05078125,,,61.47
2022-03-21,SIDEWAYS,,,,61.47
2022-03-21,SIDEWAYS,17117.599609375,,,61.47
2022-03-22,SIDEWAYS,17315.5,,,61.47
2022-03-22,SIDEWAYS,,,,61.47
2022-03-23,SIDEWAYS,17245.650390625,,,61.47
2022-03-23,SIDEWAYS,,,,61.47
2022-03-24,SIDEWAYS,17222.75,,,61.47
2022-03-24,SIDEWAYS,,,,61.47
2022-03-25,SIDEWAYS,17153.0,,,61.47
2022-03-25,SIDEWAYS,,,,61.47
2022-03-28,SIDEWAYS,,,,61.47
2022-03-28,SIDEWAYS,17222.0,,,61.47
2022-03-29,SIDEWAYS,,,,61.47
2022-03-29,SIDEWAYS,17325.30078125,,,61.47
2022-03-30,SIDEWAYS,,,,61.47
2022-03-30,SIDEWAYS,17498.25,,,61.47
2022-03-31,SIDEWAYS,17464.75,,,61.47
2022-03-31,SIDEWAYS,,,,61.47
2022-04-01,SIDEWAYS,17670.44921875,,,61.47
2022-04-01,SIDEWAYS,,,,61.47
2022-04-04,SIDEWAYS,,,,61.47
2022-04-04,SIDEWAYS,18053.400390625,,,61.47
2022-04-05,SIDEWAYS,,,,61.47
2022-04-05,SIDEWAYS,17957.400390625,,,61.47
2022-04-06,SIDEWAYS,,,,61.47
2022-04-06,SIDEWAYS,17807.650390625,,,61.47
2022-04-07,SIDEWAYS,17639.55078125,,,61.47
2022-04-07,SIDEWAYS,,,,61.47
2022-04-08,SIDEWAYS,,,,61.47
2022-04-08,SIDEWAYS,17784.349609375,,,61.47
2022-04-11,SIDEWAYS,,,,61.47
2022-04-11,SIDEWAYS,17674.94921875,,,61.47
2022-04-12,SIDEWAYS,,,,61.47
2022-04-12,SIDEWAYS,17530.30078125,,,61.47
2022-04-13,SIDEWAYS,,,,61.47
2022-04-13,SIDEWAYS,17475.650390625,,,61.47
2022-04-18,SIDEWAYS,,,,61.47
2022-04-18,SIDEWAYS,17173.650390625,,,61.47
2022-04-19,SIDEWAYS,,,,61.47
2022-04-19,SIDEWAYS,16958.650390625,,,61.47
2022-04-20,SIDEWAYS,,,,61.47
2022-04-20,SIDEWAYS,17136.55078125,,,61.47
2022-04-21,SIDEWAYS,,,,61.47
2022-04-21,SIDEWAYS,17392.599609375,,,61.47
2022-04-22,SIDEWAYS,,,,61.47
2022-04-22,SIDEWAYS,17171.94921875,,,61.47
2022-04-25,SIDEWAYS,,,,61.47
2022-04-25,SIDEWAYS,16953.94921875,,,61.47
2022-04-26,SIDEWAYS,,,,61.47
2022-04-26,SIDEWAYS,17200.80078125,,,61.47
2022-04-27,SIDEWAYS,17038.400390625,,,61.47
2022-04-27,SIDEWAYS,,,,61.47
2022-04-28,SIDEWAYS,,,,61.47
2022-04-28,SIDEWAYS,17245.05078125,,,61.47
2022-04-29,SIDEWAYS,17102.55078125,,,61.47
2022-04-29,SIDEWAYS,,,,61.47
2022-05-02,SIDEWAYS,,,,61.47
2022-05-02,SIDEWAYS,17069.099609375,,,61.47
2022-05-04,SIDEWAYS,,,,61.47
2022-05-04,SIDEWAYS,16677.599609375,,,61.47
2022-05-05,SIDEWAYS,,,,61.47
2022-05-05,SIDEWAYS,16682.650390625,,,61.47
2022-05-06,SIDEWAYS,16411.25,,,61.47
2022-05-06,SIDEWAYS,,,,61.47
2022-05-09,SIDEWAYS,,,,61.47
2022-05-09,SIDEWAYS,16301.849609375,,,61.47
2022-05-10,SIDEWAYS,,,,61.47
2022-05-10,SIDEWAYS,16240.0498046875,,,61.47
2022-05-11,SIDEWAYS,,,,61.47
2022-05-11,SIDEWAYS,16167.099609375,,,61.47
2022-05-12,SIDEWAYS,,,,61.47
2022-05-12,SIDEWAYS,15808.0,,,61.47
2022-05-13,SIDEWAYS,,,,61.47
2022-05-13,SIDEWAYS,15782.150390625,,,61.47
2022-05-16,SIDEWAYS,15842.2998046875,,,61.47
2022-05-16,SIDEWAYS,,,,61.47
2022-05-17,SIDEWAYS,,,,61.47
2022-05-17,SIDEWAYS,16259.2998046875,,,61.47
2022-05-18,SIDEWAYS,,,,61.47
2022-05-18,SIDEWAYS,16240.2998046875,,,61.47
2022-05-19,SIDEWAYS,,,,61.47
2022-05-19,SIDEWAYS,15809.400390625,,,61.47
2022-05-20,SIDEWAYS,,,,61.47
2022-05-20,SIDEWAYS,16266.150390625,,,61.47
2022-05-23,SIDEWAYS,16214.7001953125,,,61.47
2022-05-23,SIDEWAYS,,,,61.47
2022-05-24,SIDEWAYS,,,,61.47
2022-05-24,SIDEWAYS,16125.150390625,,,61.47
2022-05-25,SIDEWAYS,,,,61.47
2022-05-25,SIDEWAYS,16025.7998046875,,,61.47
2022-05-26,SIDEWAYS,16170.150390625,,,61.47
2022-05-26,SIDEWAYS,,,,61.47
2022-05-27,SIDEWAYS,,,,61.47
2022-05-27,SIDEWAYS,16352.4501953125,,,61.47
2022-05-30,SIDEWAYS,16661.400390625,,,61.47
2022-05-30,SIDEWAYS,,,,61.47
2022-05-31,SIDEWAYS,16584.55078125,,,61.47
2022-05-31,SIDEWAYS,,,,61.47
2022-06-01,SIDEWAYS,16522.75,,,61.47
2022-06-01,SIDEWAYS,,,,61.47
2022-06-02,SIDEWAYS,16628.0,,,61.47
2022-06-02,SIDEWAYS,,,,61.47
2022-06-03,SIDEWAYS,,,,61.47
2022-06-03,SIDEWAYS,16584.30078125,,,61.47
2022-06-06,SIDEWAYS,16569.55078125,,,61.47
2022-06-06,SIDEWAYS,,,,61.47
2022-06-07,SIDEWAYS,,,,61.47
2022-06-07,SIDEWAYS,16416.349609375,,,61.47
2022-06-08,SIDEWAYS,,,,61.47
2022-06-08,SIDEWAYS,16356.25,,,61.47
2022-06-09,SIDEWAYS,,,,61.47
2022-06-09,SIDEWAYS,16478.099609375,,,61.47
2022-06-10,SIDEWAYS,,,,61.47
2022-06-10,SIDEWAYS,16201.7998046875,,,61.47
2022-06-13,SIDEWAYS,,,,61.47
2022-06-13,SIDEWAYS,15774.400390625,,,61.47
2022-06-14,SIDEWAYS,15732.099609375,,,61.47
2022-06-14,SIDEWAYS,,,,61.47
2022-06-15,SIDEWAYS,,,,61.47
2022-06-15,SIDEWAYS,15692.150390625,,,61.47
2022-06-16,SIDEWAYS,15360.599609375,,,61.47
2022-06-16,SIDEWAYS,,,,61.47
2022-06-17,SIDEWAYS,,,,61.47
2022-06-17,SIDEWAYS,15293.5,,,61.47
2022-06-20,SIDEWAYS,,,,61.47
2022-06-20,SIDEWAYS,15350.150390625,,,61.47
2022-06-21,SIDEWAYS,,,,61.47
2022-06-21,SIDEWAYS,15638.7998046875,,,61.47
2022-06-22,SIDEWAYS,,,,61.47
2022-06-22,SIDEWAYS,15413.2998046875,,,61.47
2022-06-23,SIDEWAYS,,,,61.47
2022-06-23,SIDEWAYS,15556.650390625,,,61.47
2022-06-24,SIDEWAYS,,,,61.47
2022-06-24,SIDEWAYS,15699.25,,,61.47
2022-06-27,SIDEWAYS,,,,61.47
2022-06-27,SIDEWAYS,15832.0498046875,,,61.47
2022-06-28,SIDEWAYS,,,,61.47
2022-06-28,SIDEWAYS,15850.2001953125,,,61.47
2022-06-29,SIDEWAYS,15799.099609375,,,61.47
2022-06-29,SIDEWAYS,,,,61.47
2022-06-30,SIDEWAYS,,,,61.47
2022-06-30,SIDEWAYS,15780.25,,,61.47
2022-07-01,SIDEWAYS,,,,61.47
2022-07-01,SIDEWAYS,15752.0498046875,,,61.47
2022-07-04,SIDEWAYS,15835.349609375,,,61.47
2022-07-04,SIDEWAYS,,,,61.47
2022-07-05,SIDEWAYS,,,,61.47
2022-07-05,SIDEWAYS,15810.849609375,,,61.47
2022-07-06,SIDEWAYS,,,,61.47
2022-07-06,SIDEWAYS,15989.7998046875,,,61.47
2022-07-07,SIDEWAYS,,,,61.47
2022-07-07,SIDEWAYS,16132.900390625,,,61.47
2022-07-08,SIDEWAYS,,,,61.47
2022-07-08,SIDEWAYS,16220.599609375,,,61.47
2022-07-11,SIDEWAYS,,,,61.47
2022-07-11,SIDEWAYS,16216.0,,,61.47
2022-07-12,SIDEWAYS,,,,61.47
2022-07-12,SIDEWAYS,16058.2998046875,,,61.47
2022-07-13,SIDEWAYS,15966.650390625,,,61.47
2022-07-13,SIDEWAYS,,,,61.47
2022-07-14,SIDEWAYS,15938.650390625,,,61.47
2022-07-14,SIDEWAYS,,,,61.47
2022-07-15,SIDEWAYS,16049.2001953125,,,61.47
2022-07-15,SIDEWAYS,,,,61.47
2022-07-18,SIDEWAYS,,,,61.47
2022-07-18,SIDEWAYS,16278.5,,,61.47
2022-07-19,SIDEWAYS,16340.5498046875,,,61.47
2022-07-19,SIDEWAYS,,,,61.47
2022-07-20,SIDEWAYS,16520.849609375,,,61.47
2022-07-20,SIDEWAYS,,,,61.47
2022-07-21,SIDEWAYS,,,,61.47
2022-07-21,SIDEWAYS,16605.25,,,61.47
2022-07-22,SIDEWAYS,,,,61.47
2022-07-22,SIDEWAYS,16719.44921875,,,61.47
2022-07-25,SIDEWAYS,16631.0,,,61.47
2022-07-25,SIDEWAYS,,,,61.47
2022-07-26,SIDEWAYS,,,,61.47
2022-07-26,SIDEWAYS,16483.849609375,,,61.47
2022-07-27,SIDEWAYS,16641.80078125,,,61.47
2022-07-27,SIDEWAYS,,,,61.47
2022-07-28,SIDEWAYS,16929.599609375,,,61.47
2022-07-28,SIDEWAYS,,,,61.47
2022-07-29,SIDEWAYS,17158.25,,,61.47
2022-07-29,SIDEWAYS,,,,61.47
2022-08-01,SIDEWAYS,17340.05078125,,,61.47
2022-08-01,SIDEWAYS,,,,61.47
2022-08-02,SIDEWAYS,17345.44921875,,,61.47
2022-08-02,SIDEWAYS,,,,61.47
2022-08-03,SIDEWAYS,17388.150390625,,,61.47
2022-08-03,SIDEWAYS,,,,61.47
2022-08-04,SIDEWAYS,17382.0,,,61.47
2022-08-04,SIDEWAYS,,,,61.47
2022-08-05,SIDEWAYS,,,,61.47
2022-08-05,SIDEWAYS,17397.5,,,61.47
2022-08-08,SIDEWAYS,,,,61.47
2022-08-08,SIDEWAYS,17525.099609375,,,61.47
2022-08-10,SIDEWAYS,17534.75,,,61.47
2022-08-10,SIDEWAYS,,,,61.47
2022-08-11,SIDEWAYS,,,,61.47
2022-08-11,SIDEWAYS,17659.0,,,61.47
2022-08-12,SIDEWAYS,17698.150390625,,,61.47
2022-08-12,SIDEWAYS,,,,61.47
2022-08-16,SIDEWAYS,,,,61.47
2022-08-16,SIDEWAYS,17825.25,,,61.47
2022-08-17,SIDEWAYS,17944.25,,,61.47
2022-08-17,SIDEWAYS,,,,61.47
2022-08-18,SIDEWAYS,,,,61.47
2022-08-18,SIDEWAYS,17956.5,,,61.47
2022-08-19,SIDEWAYS,17758.44921875,,,61.47
2022-08-19,SIDEWAYS,,,,61.47
2022-08-22,SIDEWAYS,,,,61.47
2022-08-22,SIDEWAYS,17490.69921875,,,61.47
2022-08-23,SIDEWAYS,,,,61.47
2022-08-23,SIDEWAYS,17577.5,,,61.47
2022-08-24,SIDEWAYS,,,,61.47
2022-08-24,SIDEWAYS,17604.94921875,,,61.47
2022-08-25,SIDEWAYS,17522.44921875,,,61.47
2022-08-25,SIDEWAYS,,,,61.47
2022-08-26,SIDEWAYS,17558.900390625,,,61.47
2022-08-26,SIDEWAYS,,,,61.47
2022-08-29,SIDEWAYS,,,,61.47
2022-08-29,SIDEWAYS,17312.900390625,,,61.47
2022-08-30,SIDEWAYS,,,,61.47
2022-08-30,SIDEWAYS,17759.30078125,,,61.47
2022-09-01,SIDEWAYS,17542.80078125,,,61.47
2022-09-01,SIDEWAYS,,,,61.47
2022-09-02,SIDEWAYS,,,,61.47
2022-09-02,SIDEWAYS,17539.44921875,,,61.47
2022-09-05,SIDEWAYS,,,,61.47
2022-09-05,SIDEWAYS,17665.80078125,,,61.47
2022-09-06,SIDEWAYS,,,,61.47
2022-09-06,SIDEWAYS,17655.599609375,,,61.47
2022-09-07,SIDEWAYS,17624.400390625,,,61.47
2022-09-07,SIDEWAYS,,,,61.47
2022-09-08,SIDEWAYS,17798.75,,,61.47
2022-09-08,SIDEWAYS,,,,61.47
2022-09-09,SIDEWAYS,,,,61.47
2022-09-09,SIDEWAYS,17833.349609375,,,61.47
2022-09-12,SIDEWAYS,17936.349609375,,,61.47
2022-09-12,SIDEWAYS,,,,61.47
2022-09-13,SIDEWAYS,,,,61.47
2022-09-13,SIDEWAYS,18070.05078125,,,61.47
2022-09-14,SIDEWAYS,,,,61.47
2022-09-14,SIDEWAYS,18003.75,,,61.47
2022-09-15,SIDEWAYS,,,,61.47
2022-09-15,SIDEWAYS,17877.400390625,,,61.47
2022-09-16,SIDEWAYS,,,,61.47
2022-09-16,SIDEWAYS,17530.849609375,,,61.47
2022-09-19,SIDEWAYS,,,,61.47
2022-09-19,SIDEWAYS,17622.25,,,61.47
2022-09-20,SIDEWAYS,,,,61.47
2022-09-20,SIDEWAYS,17816.25,,,61.47
2022-09-21,SIDEWAYS,17718.349609375,,,61.47
2022-09-21,SIDEWAYS,,,,61.47
2022-09-22,SIDEWAYS,17629.80078125,,,61.47
2022-09-22,SIDEWAYS,,,,61.47
2022-09-23,SIDEWAYS,17327.349609375,,,61.47
2022-09-23,SIDEWAYS,,,,61.47
2022-09-26,SIDEWAYS,17016.30078125,,,61.47
2022-09-26,SIDEWAYS,,,,61.47
2022-09-27,SIDEWAYS,17007.400390625,,,61.47
2022-09-27,SIDEWAYS,,,,61.47
2022-09-28,SIDEWAYS,16858.599609375,,,61.47
2022-09-28,SIDEWAYS,,,,61.47
2022-09-29,SIDEWAYS,16818.099609375,,,61.47
2022-09-29,SIDEWAYS,,,,61.47
2022-09-30,SIDEWAYS,,,,61.47
2022-09-30,SIDEWAYS,17094.349609375,,,61.47
2022-10-03,SIDEWAYS,,,,61.47
2022-10-03,SIDEWAYS,16887.349609375,,,61.47
2022-10-04,SIDEWAYS,,,,61.47
2022-10-04,SIDEWAYS,17274.30078125,,,61.47
2022-10-06,SIDEWAYS,17331.80078125,,,61.47
2022-10-06,SIDEWAYS,,,,61.47
2022-10-07,SIDEWAYS,17314.650390625,,,61.47
2022-10-07,SIDEWAYS,,,,61.47
2022-10-10,SIDEWAYS,,,,61.47
2022-10-10,SIDEWAYS,17241.0,,,61.47
2022-10-11,SIDEWAYS,,,,61.47
2022-10-11,SIDEWAYS,16983.55078125,,,61.47
2022-10-12,SIDEWAYS,17123.599609375,,,61.47
2022-10-12,SIDEWAYS,,,,61.47
2022-10-13,SIDEWAYS,,,,61.47
2022-10-13,SIDEWAYS,17014.349609375,,,61.47
2022-10-14,SIDEWAYS,17185.69921875,,,61.47
2022-10-14,SIDEWAYS,,,,61.47
2022-10-17,SIDEWAYS,17311.80078125,,,61.47
2022-10-17,SIDEWAYS,,,,61.47
2022-10-18,SIDEWAYS,,,,61.47
2022-10-18,SIDEWAYS,17486.94921875,,,61.47
2022-10-19,SIDEWAYS,17512.25,,,61.47
2022-10-19,SIDEWAYS,,,,61.47
2022-10-20,SIDEWAYS,17563.94921875,,,61.47
2022-10-20,SIDEWAYS,,,,61.47
2022-10-21,SIDEWAYS,,,,61.47
2022-10-21,SIDEWAYS,17576.30078125,,,61.47
2022-10-24,SIDEWAYS,17730.75,,,61.47
2022-10-24,SIDEWAYS,,,,61.47
2022-10-25,SIDEWAYS,,,,61.47
2022-10-25,SIDEWAYS,17656.349609375,,,61.47
2022-10-27,SIDEWAYS,17736.94921875,,,61.47
2022-10-27,SIDEWAYS,,,,61.47
2022-10-28,SIDEWAYS,17786.80078125,,,61.47
2022-10-28,SIDEWAYS,,,,61.47
2022-10-31,SIDEWAYS,,,,61.47
2022-10-31,SIDEWAYS,18012.19921875,,,61.47
2022-11-01,SIDEWAYS,18145.400390625,,,61.47
2022-11-01,SIDEWAYS,,,,61.47
2022-11-02,SIDEWAYS,18082.849609375,,,61.47
2022-11-02,SIDEWAYS,,,,61.47
2022-11-03,SIDEWAYS,18052.69921875,,,61.47
2022-11-03,SIDEWAYS,,,,61.47
2022-11-04,SIDEWAYS,18117.150390625,,,61.47
2022-11-04,SIDEWAYS,,,,61.47
2022-11-07,SIDEWAYS,18202.80078125,,,61.47
2022-11-07,SIDEWAYS,,,,61.47
2022-11-09,SIDEWAYS,18157.0,,,61.47
2022-11-09,SIDEWAYS,,,,61.47
2022-11-10,SIDEWAYS,18028.19921875,,,61.47
2022-11-10,SIDEWAYS,,,,61.47
2022-11-11,SIDEWAYS,18349.69921875,,,61.47
2022-11-11,SIDEWAYS,,,,61.47
2022-11-14,SIDEWAYS,,,,61.47
2022-11-14,SIDEWAYS,18329.150390625,,,61.47
2022-11-15,SIDEWAYS,,,,61.47
2022-11-15,SIDEWAYS,18403.400390625,,,61.47
2022-11-16,SIDEWAYS,,,,61.47
2022-11-16,SIDEWAYS,18409.650390625,,,61.47
2022-11-17,SIDEWAYS,18343.900390625,,,61.47
2022-11-17,SIDEWAYS,,,,61.47
2022-11-18,SIDEWAYS,18307.650390625,,,61.47
2022-11-18,SIDEWAYS,,,,61.47
2022-11-21,SIDEWAYS,,,,61.47
2022-11-21,SIDEWAYS,18159.94921875,,,61.47
2022-11-22,SIDEWAYS,18244.19921875,,,61.47
2022-11-22,SIDEWAYS,,,,61.47
2022-11-23,SIDEWAYS,18267.25,,,61.47
2022-11-23,SIDEWAYS,,,,61.47
2022-11-24,SIDEWAYS,18484.099609375,,,61.47
2022-11-24,SIDEWAYS,,,,61.47
2022-11-25,SIDEWAYS,18512.75,,,61.47
2022-11-25,SIDEWAYS,,,,61.47
2022-11-28,SIDEWAYS,,,,61.47
2022-11-28,SIDEWAYS,18562.75,,,61.47
2022-11-29,SIDEWAYS,18618.05078125,,,61.47
2022-11-29,SIDEWAYS,,,,61.47
2022-11-30,SIDEWAYS,18758.349609375,,,61.47
2022-11-30,SIDEWAYS,,,,61.47
2022-12-01,SIDEWAYS,,,,61.47
2022-12-01,SIDEWAYS,18812.5,,,61.47
2022-12-02,SIDEWAYS,,,,61.47
2022-12-02,SIDEWAYS,18696.099609375,,,61.47
2022-12-05,SIDEWAYS,,,,61.47
2022-12-05,SIDEWAYS,18701.05078125,,,61.47
2022-12-06,SIDEWAYS,18642.75,,,61.47
2022-12-06,SIDEWAYS,,,,61.47
2022-12-07,SIDEWAYS,,,,61.47
2022-12-07,SIDEWAYS,18560.5,,,61.47
2022-12-08,SIDEWAYS,,,,61.47
2022-12-08,SIDEWAYS,18609.349609375,,,61.47
2022-12-09,SIDEWAYS,18496.599609375,,,61.47
2022-12-09,SIDEWAYS,,,,61.47
2022-12-12,SIDEWAYS,,,,61.47
2022-12-12,SIDEWAYS,18497.150390625,,,61.47
2022-12-13,SIDEWAYS,,,,61.47
2022-12-13,SIDEWAYS,18608.0,,,61.47
2022-12-14,SIDEWAYS,18660.30078125,,,61.47
2022-12-14,SIDEWAYS,,,,61.47
2022-12-15,SIDEWAYS,18414.900390625,,,61.47
2022-12-15,SIDEWAYS,,,,61.47
2022-12-16,SIDEWAYS,18269.0,,,61.47
2022-12-16,SIDEWAYS,,,,61.47
2022-12-19,SIDEWAYS,18420.44921875,,,61.47
2022-12-19,SIDEWAYS,,,,61.47
2022-12-20,SIDEWAYS,18385.30078125,,,61.47
2022-12-20,SIDEWAYS,,,,61.47
2022-12-21,SIDEWAYS,18199.099609375,,,61.47
2022-12-21,SIDEWAYS,,,,61.47
2022-12-22,SIDEWAYS,18127.349609375,,,61.47
2022-12-22,SIDEWAYS,,,,61.47
2022-12-23,SIDEWAYS,17806.80078125,,,61.47
2022-12-23,SIDEWAYS,,,,61.47
2022-12-26,SIDEWAYS,18014.599609375,,,61.47
2022-12-27,SIDEWAYS,,,,61.47
2022-12-27,SIDEWAYS,18132.30078125,,,61.47
2022-12-28,SIDEWAYS,,,,61.47
2022-12-28,SIDEWAYS,18122.5,,,61.47
2022-12-29,SIDEWAYS,,,,61.47
2022-12-29,SIDEWAYS,18191.0,,,61.47
2022-12-30,SIDEWAYS,18105.30078125,,,61.47
2022-12-30,SIDEWAYS,,,,61.47
2023-01-02,SIDEWAYS,18197.44921875,,,61.47
2023-01-02,SIDEWAYS,,,,61.47
2023-01-03,SIDEWAYS,,,,61.47
2023-01-03,SIDEWAYS,18232.55078125,,,61.47
2023-01-04,SIDEWAYS,,,,61.47
2023-01-04,SIDEWAYS,18042.94921875,,,61.47
2023-01-05,SIDEWAYS,,,,61.47
2023-01-05,SIDEWAYS,17992.150390625,,,61.47
2023-01-06,SIDEWAYS,,,,61.47
2023-01-06,SIDEWAYS,17859.44921875,,,61.47
2023-01-09,SIDEWAYS,,,,61.47
2023-01-09,SIDEWAYS,18101.19921875,,,61.47
2023-01-10,SIDEWAYS,17914.150390625,,,61.47
2023-01-10,SIDEWAYS,,,,61.47
2023-01-11,SIDEWAYS,,,,61.47
2023-01-11,SIDEWAYS,17895.69921875,,,61.47
2023-01-12,SIDEWAYS,17858.19921875,,,61.47
2023-01-12,SIDEWAYS,,,,61.47
2023-01-13,SIDEWAYS,17956.599609375,,,61.47
2023-01-13,SIDEWAYS,,,,61.47
2023-01-16,SIDEWAYS,17894.849609375,,,61.47
2023-01-16,SIDEWAYS,,,,61.47
2023-01-17,SIDEWAYS,18053.30078125,,,61.47
2023-01-17,SIDEWAYS,,,,61.47
2023-01-18,SIDEWAYS,18165.349609375,,,61.47
2023-01-18,SIDEWAYS,,,,61.47
2023-01-19,SIDEWAYS,18107.849609375,,,61.47
2023-01-19,SIDEWAYS,,,,61.47
2023-01-20,SIDEWAYS,18027.650390625,,,61.47
2023-01-20,SIDEWAYS,,,,61.47
2023-01-23,SIDEWAYS,,,,61.47
2023-01-23,SIDEWAYS,18118.55078125,,,61.47
2023-01-24,SIDEWAYS,,,,61.47
2023-01-24,SIDEWAYS,18118.30078125,,,61.47
2023-01-25,SIDEWAYS,,,,61.47
2023-01-25,SIDEWAYS,17891.94921875,,,61.47
2023-01-27,SIDEWAYS,,,,61.47
2023-01-27,SIDEWAYS,17604.349609375,,,61.47
2023-01-30,SIDEWAYS,17648.94921875,,,61.47
2023-01-30,SIDEWAYS,,,,61.47
2023-01-31,SIDEWAYS,17662.150390625,,,61.47
2023-01-31,SIDEWAYS,,,,61.47
2023-02-01,SIDEWAYS,,,,61.47
2023-02-01,SIDEWAYS,17616.30078125,,,61.47
2023-02-02,SIDEWAYS,,,,61.47
2023-02-02,SIDEWAYS,17610.400390625,,,61.47
2023-02-03,SIDEWAYS,17854.05078125,,,61.47
2023-02-03,SIDEWAYS,,,,61.47
2023-02-06,SIDEWAYS,,,,61.47
2023-02-06,SIDEWAYS,17764.599609375,,,61.47
2023-02-07,SIDEWAYS,17721.5,,,61.47
2023-02-07,SIDEWAYS,,,,61.47
2023-02-08,SIDEWAYS,,,,61.47
2023-02-08,SIDEWAYS,17871.69921875,,,61.47
2023-02-09,SIDEWAYS,,,,61.47
2023-02-09,SIDEWAYS,17893.44921875,,,61.47
2023-02-10,SIDEWAYS,17856.5,,,61.47
2023-02-10,SIDEWAYS,,,,61.47
2023-02-13,SIDEWAYS,,,,61.47
2023-02-13,SIDEWAYS,17770.900390625,,,61.47
2023-02-14,SIDEWAYS,,,,61.47
2023-02-14,SIDEWAYS,17929.849609375,,,61.47
2023-02-15,SIDEWAYS,,,,61.47
2023-02-15,SIDEWAYS,18015.849609375,,,61.47
2023-02-16,SIDEWAYS,,,,61.47
2023-02-16,SIDEWAYS,18035.849609375,,,61.47
2023-02-17,SIDEWAYS,,,,61.47
2023-02-17,SIDEWAYS,17944.19921875,,,61.47
2023-02-20,SIDEWAYS,17844.599609375,,,61.47
2023-02-20,SIDEWAYS,,,,61.47
2023-02-21,SIDEWAYS,,,,61.47
2023-02-21,SIDEWAYS,17826.69921875,,,61.47
2023-02-22,SIDEWAYS,17554.30078125,,,61.47
2023-02-22,SIDEWAYS,,,,61.47
2023-02-23,SIDEWAYS,,,,61.47
2023-02-23,SIDEWAYS,17511.25,,,61.47
2023-02-24,SIDEWAYS,,,,61.47
2023-02-24,SIDEWAYS,17465.80078125,,,61.47
2023-02-27,SIDEWAYS,,,,61.47
2023-02-27,SIDEWAYS,17392.69921875,,,61.47
2023-02-28,SIDEWAYS,,,,61.47
2023-02-28,SIDEWAYS,17303.94921875,,,61.47
2023-03-01,SIDEWAYS,17450.900390625,,,61.47
2023-03-01,SIDEWAYS,,,,61.47
2023-03-02,SIDEWAYS,,,,61.47
2023-03-02,SIDEWAYS,17321.900390625,,,61.47
2023-03-03,SIDEWAYS,17594.349609375,,,61.47
2023-03-03,SIDEWAYS,,,,61.47
2023-03-06,SIDEWAYS,,,,61.47
2023-03-06,SIDEWAYS,17711.44921875,,,61.47
2023-03-08,SIDEWAYS,,,,61.47
2023-03-08,SIDEWAYS,17754.400390625,,,61.47
2023-03-09,SIDEWAYS,,,,61.47
2023-03-09,SIDEWAYS,17589.599609375,,,61.47
2023-03-10,SIDEWAYS,,,,61.47
2023-03-10,SIDEWAYS,17412.900390625,,,61.47
2023-03-13,SIDEWAYS,17154.30078125,,,61.47
2023-03-13,SIDEWAYS,,,,61.47
2023-03-14,SIDEWAYS,17043.30078125,,,61.47
2023-03-14,SIDEWAYS,,,,61.47
2023-03-15,SIDEWAYS,,,,61.47
2023-03-15,SIDEWAYS,16972.150390625,,,61.47
2023-03-16,SIDEWAYS,,,,61.47
2023-03-16,SIDEWAYS,16985.599609375,,,61.47
2023-03-17,SIDEWAYS,,,,61.47
2023-03-17,SIDEWAYS,17100.05078125,,,61.47
2023-03-20,SIDEWAYS,16988.400390625,,,61.47
2023-03-20,SIDEWAYS,,,,61.47
2023-03-21,SIDEWAYS,,,,61.47
2023-03-21,SIDEWAYS,17107.5,,,61.47
2023-03-22,SIDEWAYS,,,,61.47
2023-03-22,SIDEWAYS,17151.900390625,,,61.47
2023-03-23,SIDEWAYS,17076.900390625,,,61.47
2023-03-23,SIDEWAYS,,,,61.47
2023-03-24,SIDEWAYS,,,,61.47
2023-03-24,SIDEWAYS,16945.05078125,,,61.47
2023-03-27,SIDEWAYS,,,,61.47
2023-03-27,SIDEWAYS,16985.69921875,,,61.47
2023-03-28,SIDEWAYS,,,,61.47
2023-03-28,SIDEWAYS,16951.69921875,,,61.47
2023-03-29,SIDEWAYS,17080.69921875,,,61.47
2023-03-29,SIDEWAYS,,,,61.47
2023-03-31,SIDEWAYS,17359.75,,,61.47
2023-03-31,SIDEWAYS,,,,61.47
2023-04-03,SIDEWAYS,17398.05078125,,,61.47
2023-04-03,SIDEWAYS,,,,61.47
2023-04-05,SIDEWAYS,17557.05078125,,,61.47
2023-04-05,SIDEWAYS,,,,61.47
2023-04-06,SIDEWAYS,,,,61.47
2023-04-06,SIDEWAYS,17599.150390625,,,61.47
2023-04-10,SIDEWAYS,,,,61.47
2023-04-10,SIDEWAYS,17624.05078125,,,61.47
2023-04-11,SIDEWAYS,,,,61.47
2023-04-11,SIDEWAYS,17722.30078125,,,61.47
2023-04-12,SIDEWAYS,,,,61.47
2023-04-12,SIDEWAYS,17812.400390625,,,61.47
2023-04-13,SIDEWAYS,,,,61.47
2023-04-13,SIDEWAYS,17828.0,,,61.47
2023-04-17,SIDEWAYS,,,,61.47
2023-04-17,SIDEWAYS,17706.849609375,,,61.47
2023-04-18,SIDEWAYS,,,,61.47
2023-04-18,SIDEWAYS,17660.150390625,,,61.47
2023-04-19,SIDEWAYS,,,,61.47
2023-04-19,SIDEWAYS,17618.75,,,61.47
2023-04-20,SIDEWAYS,,,,61.47
2023-04-20,SIDEWAYS,17624.44921875,,,61.47
2023-04-21,SIDEWAYS,,,,61.47
2023-04-21,SIDEWAYS,17624.05078125,,,61.47
2023-04-24,SIDEWAYS,17743.400390625,,,61.47
2023-04-24,SIDEWAYS,,,,61.47
2023-04-25,SIDEWAYS,,,,61.47
2023-04-25,SIDEWAYS,17769.25,,,61.47
2023-04-26,SIDEWAYS,17813.599609375,,,61.47
2023-04-26,SIDEWAYS,,,,61.47
2023-04-27,SIDEWAYS,,,,61.47
2023-04-27,SIDEWAYS,17915.05078125,,,61.47
2023-04-28,SIDEWAYS,,,,61.47
2023-04-28,SIDEWAYS,18065.0,,,61.47
2023-05-02,SIDEWAYS,,,,61.47
2023-05-02,SIDEWAYS,18147.650390625,,,61.47
2023-05-03,SIDEWAYS,,,,61.47
2023-05-03,SIDEWAYS,18089.849609375,,,61.47
2023-05-04,SIDEWAYS,,,,61.47
2023-05-04,SIDEWAYS,18255.80078125,,,61.47
2023-05-05,SIDEWAYS,,,,61.47
2023-05-05,SIDEWAYS,18069.0,,,61.47
2023-05-08,SIDEWAYS,18264.400390625,,,61.47
2023-05-08,SIDEWAYS,,,,61.47
2023-05-09,SIDEWAYS,,,,61.47
2023-05-09,SIDEWAYS,18265.94921875,,,61.47
2023-05-10,SIDEWAYS,18315.099609375,,,61.47
2023-05-10,SIDEWAYS,,,,61.47
2023-05-11,SIDEWAYS,,,,61.47
2023-05-11,SIDEWAYS,18297.0,,,61.47
2023-05-12,SIDEWAYS,,,,61.47
2023-05-12,SIDEWAYS,18314.80078125,,,61.47
2023-05-15,SIDEWAYS,,,,61.47
2023-05-15,SIDEWAYS,18398.849609375,,,61.47
2023-05-16,SIDEWAYS,,,,61.47
2023-05-16,SIDEWAYS,18286.5,,,61.47
2023-05-17,SIDEWAYS,,,,61.47
2023-05-17,SIDEWAYS,18181.75,,,61.47
2023-05-18,SIDEWAYS,,,,61.47
2023-05-18,SIDEWAYS,18129.94921875,,,61.47
2023-05-19,SIDEWAYS,,,,61.47
2023-05-19,SIDEWAYS,18203.400390625,,,61.47
2023-05-22,SIDEWAYS,,,,61.47
2023-05-22,SIDEWAYS,18314.400390625,,,61.47
2023-05-23,SIDEWAYS,,,,61.47
2023-05-23,SIDEWAYS,18348.0,,,61.47
2023-05-24,SIDEWAYS,,,,61.47
2023-05-24,SIDEWAYS,18285.400390625,,,61.47
2023-05-25,SIDEWAYS,,,,61.47
2023-05-25,SIDEWAYS,18321.150390625,,,61.47
2023-05-26,SIDEWAYS,18499.349609375,,,61.47
2023-05-26,SIDEWAYS,,,,61.47
2023-05-29,SIDEWAYS,18598.650390625,,,61.47
2023-05-29,SIDEWAYS,,,,61.47
2023-05-30,SIDEWAYS,18633.849609375,,,61.47
2023-05-30,SIDEWAYS,,,,61.47
2023-05-31,SIDEWAYS,18534.400390625,,,61.47
2023-05-31,SIDEWAYS,,,,61.47
2023-06-01,SIDEWAYS,,,,61.47
2023-06-01,SIDEWAYS,18487.75,,,61.47
2023-06-02,SIDEWAYS,,,,61.47
2023-06-02,SIDEWAYS,18534.099609375,,,61.47
2023-06-05,SIDEWAYS,,,,61.47
2023-06-05,SIDEWAYS,18593.849609375,,,61.47
2023-06-06,SIDEWAYS,18599.0,,,61.47
2023-06-06,SIDEWAYS,,,,61.47
2023-06-07,SIDEWAYS,18726.400390625,,,61.47
2023-06-07,SIDEWAYS,,,,61.47
2023-06-08,SIDEWAYS,,,,61.47
2023-06-08,SIDEWAYS,18634.55078125,,,61.47
2023-06-09,SIDEWAYS,,,,61.47
2023-06-09,SIDEWAYS,18563.400390625,,,61.47
2023-06-12,SIDEWAYS,18601.5,,,61.47
2023-06-12,SIDEWAYS,,,,61.47
2023-06-13,SIDEWAYS,18716.150390625,,,61.47
2023-06-13,SIDEWAYS,,,,61.47
2023-06-14,SIDEWAYS,,,,61.47
2023-06-14,SIDEWAYS,18755.900390625,,,61.47
2023-06-15,SIDEWAYS,,,,61.47
2023-06-15,SIDEWAYS,18688.099609375,,,61.47
2023-06-16,SIDEWAYS,18826.0,,,61.47
2023-06-16,SIDEWAYS,,,,61.47
2023-06-19,SIDEWAYS,18755.44921875,,,61.47
2023-06-19,SIDEWAYS,,,,61.47
2023-06-20,SIDEWAYS,18816.69921875,,,61.47
2023-06-20,SIDEWAYS,,,,61.47
2023-06-21,SIDEWAYS,18856.849609375,,,61.47
2023-06-21,SIDEWAYS,,,,61.47
2023-06-22,SIDEWAYS,18771.25,,,61.47
2023-06-22,SIDEWAYS,,,,61.47
2023-06-23,SIDEWAYS,,,,61.47
2023-06-23,SIDEWAYS,18665.5,,,61.47
2023-06-26,SIDEWAYS,18691.19921875,,,61.47
2023-06-26,SIDEWAYS,,,,61.47
2023-06-27,SIDEWAYS,18817.400390625,,,61.47
2023-06-27,SIDEWAYS,,,,61.47
2023-06-28,SIDEWAYS,,,,61.47
2023-06-28,SIDEWAYS,18972.099609375,,,61.47
2023-06-30,SIDEWAYS,,,,61.47
2023-06-30,SIDEWAYS,19189.05078125,,,61.47
2023-07-03,SIDEWAYS,,,,61.47
2023-07-03,SIDEWAYS,19322.55078125,,,61.47
2023-07-04,SIDEWAYS,,,,61.47
2023-07-04,SIDEWAYS,19389.0,,,61.47
2023-07-05,SIDEWAYS,,,,61.47
2023-07-05,SIDEWAYS,19398.5,,,61.47
2023-07-06,SIDEWAYS,,,,61.47
2023-07-06,SIDEWAYS,19497.30078125,,,61.47
2023-07-07,SIDEWAYS,,,,61.47
2023-07-07,SIDEWAYS,19331.80078125,,,61.47
2023-07-10,SIDEWAYS,,,,61.47
2023-07-10,SIDEWAYS,19355.900390625,,,61.47
2023-07-11,SIDEWAYS,19439.400390625,,,61.47
2023-07-11,SIDEWAYS,,,,61.47
2023-07-12,SIDEWAYS,,,,61.47
2023-07-12,SIDEWAYS,19384.30078125,,,61.47
2023-07-13,SIDEWAYS,,,,61.47
2023-07-13,SIDEWAYS,19413.75,,,61.47
2023-07-14,SIDEWAYS,,,,61.47
2023-07-14,SIDEWAYS,19564.5,,,61.47
2023-07-17,SIDEWAYS,,,,61.47
2023-07-17,SIDEWAYS,19711.44921875,,,61.47
2023-07-18,SIDEWAYS,19749.25,,,61.47
2023-07-18,SIDEWAYS,,,,61.47
2023-07-19,SIDEWAYS,,,,61.47
2023-07-19,SIDEWAYS,19833.150390625,,,61.47
2023-07-20,SIDEWAYS,19979.150390625,,,61.47
2023-07-20,SIDEWAYS,,,,61.47
2023-07-21,SIDEWAYS,19745.0,,,61.47
2023-07-21,SIDEWAYS,,,,61.47
2023-07-24,SIDEWAYS,,,,61.47
2023-07-24,SIDEWAYS,19672.349609375,,,61.47
2023-07-25,SIDEWAYS,19680.599609375,,,61.47
2023-07-25,SIDEWAYS,,,,61.47
2023-07-26,SIDEWAYS,19778.30078125,,,61.47
2023-07-26,SIDEWAYS,,,,61.47
2023-07-27,SIDEWAYS,19659.900390625,,,61.47
2023-07-27,SIDEWAYS,,,,61.47
2023-07-28,SIDEWAYS,,,,61.47
2023-07-28,SIDEWAYS,19646.05078125,,,61.47
2023-07-31,SIDEWAYS,19753.80078125,,,61.47
2023-07-31,SIDEWAYS,,,,61.47
2023-08-01,SIDEWAYS,,,,61.47
2023-08-01,SIDEWAYS,19733.55078125,,,61.47
2023-08-02,SIDEWAYS,,,,61.47
2023-08-02,SIDEWAYS,19526.55078125,,,61.47
2023-08-03,SIDEWAYS,,,,61.47
2023-08-03,SIDEWAYS,19381.650390625,,,61.47
2023-08-04,SIDEWAYS,19517.0,,,61.47
2023-08-04,SIDEWAYS,,,,61.47
2023-08-07,SIDEWAYS,19597.30078125,,,61.47
2023-08-07,SIDEWAYS,,,,61.47
2023-08-08,SIDEWAYS,19570.849609375,,,61.47
2023-08-08,SIDEWAYS,,,,61.47
2023-08-09,SIDEWAYS,,,,61.47
2023-08-09,SIDEWAYS,19632.55078125,,,61.47
2023-08-10,SIDEWAYS,19543.099609375,,,61.47
2023-08-10,SIDEWAYS,,,,61.47
2023-08-11,SIDEWAYS,19428.30078125,,,61.47
2023-08-11,SIDEWAYS,,,,61.47
2023-08-14,SIDEWAYS,19434.55078125,,,61.47
2023-08-14,SIDEWAYS,,,,61.47
2023-08-16,SIDEWAYS,,,,61.47
2023-08-16,SIDEWAYS,19465.0,,,61.47
2023-08-17,SIDEWAYS,19365.25,,,61.47
2023-08-17,SIDEWAYS,,,,61.47
2023-08-18,SIDEWAYS,,,,61.47
2023-08-18,SIDEWAYS,19310.150390625,,,61.47
2023-08-21,SIDEWAYS,19393.599609375,,,61.47
2023-08-21,SIDEWAYS,,,,61.47
2023-08-22,SIDEWAYS,19396.44921875,,,61.47
2023-08-22,SIDEWAYS,,,,61.47
2023-08-23,SIDEWAYS,19444.0,,,61.47
2023-08-23,SIDEWAYS,,,,61.47
2023-08-24,SIDEWAYS,19386.69921875,,,61.47
2023-08-24,SIDEWAYS,,,,61.47
2023-08-25,SIDEWAYS,19265.80078125,,,61.47
2023-08-25,SIDEWAYS,,,,61.47
2023-08-28,SIDEWAYS,,,,61.47
2023-08-28,SIDEWAYS,19306.05078125,,,61.47
2023-08-29,SIDEWAYS,19342.650390625,,,61.47
2023-08-29,SIDEWAYS,,,,61.47
2023-08-30,SIDEWAYS,,,,61.47
2023-08-30,SIDEWAYS,19347.44921875,,,61.47
2023-08-31,SIDEWAYS,,,,61.47
2023-08-31,SIDEWAYS,19253.80078125,,,61.47
2023-09-01,SIDEWAYS,19435.30078125,,,61.47
2023-09-01,SIDEWAYS,,,,61.47
2023-09-04,SIDEWAYS,,,,61.47
2023-09-04,SIDEWAYS,19528.80078125,,,61.47
2023-09-05,SIDEWAYS,,,,61.47
2023-09-05,SIDEWAYS,19574.900390625,,,61.47
2023-09-06,SIDEWAYS,,,,61.47
2023-09-06,SIDEWAYS,19611.05078125,,,61.47
2023-09-07,SIDEWAYS,19727.05078125,,,61.47
2023-09-07,SIDEWAYS,,,,61.47
2023-09-08,SIDEWAYS,19819.94921875,,,61.47
2023-09-08,SIDEWAYS,,,,61.47
2023-09-11,SIDEWAYS,,,,61.47
2023-09-11,SIDEWAYS,19996.349609375,,,61.47
2023-09-12,SIDEWAYS,,,,61.47
2023-09-12,SIDEWAYS,19993.19921875,,,61.47
2023-09-13,SIDEWAYS,,,,61.47
2023-09-13,SIDEWAYS,20070.0,,,61.47
2023-09-14,SIDEWAYS,20103.099609375,,,61.47
2023-09-14,SIDEWAYS,,,,61.47
2023-09-15,SIDEWAYS,20192.349609375,,,61.47
2023-09-15,SIDEWAYS,,,,61.47
2023-09-18,SIDEWAYS,20133.30078125,,,61.47
2023-09-18,SIDEWAYS,,,,61.47
2023-09-20,SIDEWAYS,19901.400390625,,,61.47
2023-09-20,SIDEWAYS,,,,61.47
2023-09-21,SIDEWAYS,19742.349609375,,,61.47
2023-09-21,SIDEWAYS,,,,61.47
2023-09-22,SIDEWAYS,19674.25,,,61.47
2023-09-22,SIDEWAYS,,,,61.47
2023-09-25,SIDEWAYS,,,,61.47
2023-09-25,SIDEWAYS,19674.55078125,,,61.47
2023-09-26,SIDEWAYS,19664.69921875,,,61.47
2023-09-26,SIDEWAYS,,,,61.47
2023-09-27,SIDEWAYS,,,,61.47
2023-09-27,SIDEWAYS,19716.44921875,,,61.47
2023-09-28,SIDEWAYS,19523.55078125,,,61.47
2023-09-28,SIDEWAYS,,,,61.47
2023-09-29,SIDEWAYS,19638.30078125,,,61.47
2023-09-29,SIDEWAYS,,,,61.47
2023-10-03,SIDEWAYS,19528.75,,,61.47
2023-10-03,SIDEWAYS,,,,61.47
2023-10-04,SIDEWAYS,19436.099609375,,,61.47
2023-10-04,SIDEWAYS,,,,61.47
2023-10-05,SIDEWAYS,19545.75,,,61.47
2023-10-05,SIDEWAYS,,,,61.47
2023-10-06,SIDEWAYS,19653.5,,,61.47
2023-10-06,SIDEWAYS,,,,61.47
2023-10-09,SIDEWAYS,19512.349609375,,,61.47
2023-10-09,SIDEWAYS,,,,61.47
2023-10-10,SIDEWAYS,19689.849609375,,,61.47
2023-10-10,SIDEWAYS,,,,61.47
2023-10-11,SIDEWAYS,19811.349609375,,,61.47
2023-10-11,SIDEWAYS,,,,61.47
2023-10-12,SIDEWAYS,,,,61.47
2023-10-12,SIDEWAYS,19794.0,,,61.47
2023-10-13,SIDEWAYS,19751.05078125,,,61.47
2023-10-13,SIDEWAYS,,,,61.47
2023-10-16,SIDEWAYS,19731.75,,,61.47
2023-10-16,SIDEWAYS,,,,61.47
2023-10-17,SIDEWAYS,19811.5,,,61.47
2023-10-17,SIDEWAYS,,,,61.47
2023-10-18,SIDEWAYS,,,,61.47
2023-10-18,SIDEWAYS,19671.099609375,,,61.47
2023-10-19,SIDEWAYS,19624.69921875,,,61.47
2023-10-19,SIDEWAYS,,,,61.47
2023-10-20,SIDEWAYS,,,,61.47
2023-10-20,SIDEWAYS,19542.650390625,,,61.47
2023-10-23,SIDEWAYS,,,,61.47
2023-10-23,SIDEWAYS,19281.75,,,61.47
2023-10-25,SIDEWAYS,,,,61.47
2023-10-25,SIDEWAYS,19122.150390625,,,61.47
2023-10-26,SIDEWAYS,,,,61.47
2023-10-26,SIDEWAYS,18857.25,,,61.47
2023-10-27,SIDEWAYS,19047.25,,,61.47
2023-10-27,SIDEWAYS,,,,61.47
2023-10-30,SIDEWAYS,19140.900390625,,,61.47
2023-10-30,SIDEWAYS,,,,61.47
2023-10-31,SIDEWAYS,,,,61.47
2023-10-31,SIDEWAYS,19079.599609375,,,61.47
2023-11-01,SIDEWAYS,18989.150390625,,,61.47
2023-11-01,SIDEWAYS,,,,61.47
2023-11-02,SIDEWAYS,,,,61.47
2023-11-02,SIDEWAYS,19133.25,,,61.47
2023-11-03,SIDEWAYS,,,,61.47
2023-11-03,SIDEWAYS,19230.599609375,,,61.47
2023-11-06,SIDEWAYS,,,,61.47
2023-11-06,SIDEWAYS,19411.75,,,61.47
2023-11-07,SIDEWAYS,19406.69921875,,,61.47
2023-11-07,SIDEWAYS,,,,61.47
2023-11-08,SIDEWAYS,19443.5,,,61.47
2023-11-08,SIDEWAYS,,,,61.47
2023-11-09,SIDEWAYS,,,,61.47
2023-11-09,SIDEWAYS,19395.30078125,,,61.47
2023-11-10,SIDEWAYS,,,,61.47
2023-11-10,SIDEWAYS,19425.349609375,,,61.47
2023-11-13,SIDEWAYS,,,,61.47
2023-11-13,SIDEWAYS,19443.55078125,,,61.47
2023-11-15,SIDEWAYS,19675.44921875,,,61.47
2023-11-15,SIDEWAYS,,,,61.47
2023-11-16,SIDEWAYS,19765.19921875,,,61.47
2023-11-16,SIDEWAYS,,,,61.47
2023-11-17,SIDEWAYS,19731.80078125,,,61.47
2023-11-17,SIDEWAYS,,,,61.47
2023-11-20,SIDEWAYS,19694.0,,,61.47
2023-11-20,SIDEWAYS,,,,61.47
2023-11-21,SIDEWAYS,19783.400390625,,,61.47
2023-11-21,SIDEWAYS,,,,61.47
2023-11-22,SIDEWAYS,,,,61.47
2023-11-22,SIDEWAYS,19811.849609375,,,61.47
2023-11-23,SIDEWAYS,19802.0,,,61.47
2023-11-23,SIDEWAYS,,,,61.47
2023-11-24,SIDEWAYS,,,,61.47
2023-11-24,SIDEWAYS,19794.69921875,,,61.47
2023-11-28,SIDEWAYS,,,,61.47
2023-11-28,SIDEWAYS,19889.69921875,,,61.47
2023-11-29,SIDEWAYS,,,,61.47
2023-11-29,SIDEWAYS,20096.599609375,,,61.47
2023-11-30,SIDEWAYS,20133.150390625,,,61.47
2023-11-30,SIDEWAYS,,,,61.47
2023-12-01,SIDEWAYS,20267.900390625,,,61.47
2023-12-01,SIDEWAYS,,,,61.47
2023-12-04,SIDEWAYS,,,,61.47
2023-12-04,SIDEWAYS,20686.80078125,,,61.47
2023-12-05,SIDEWAYS,20855.099609375,,,61.47
2023-12-05,SIDEWAYS,,,,61.47
2023-12-06,SIDEWAYS,,,,61.47
2023-12-06,SIDEWAYS,20937.69921875,,,61.47
2023-12-07,SIDEWAYS,20901.150390625,,,61.47
2023-12-07,SIDEWAYS,,,,61.47
2023-12-08,SIDEWAYS,,,,61.47
2023-12-08,SIDEWAYS,20969.400390625,,,61.47
2023-12-11,SIDEWAYS,,,,61.47
2023-12-11,SIDEWAYS,20997.099609375,,,61.47
2023-12-12,SIDEWAYS,20906.400390625,,,61.47
2023-12-12,SIDEWAYS,,,,61.47
2023-12-13,SIDEWAYS,20926.349609375,,,61.47
2023-12-13,SIDEWAYS,,,,61.47
2023-12-14,SIDEWAYS,,,,61.47
2023-12-14,SIDEWAYS,21182.69921875,,,61.47
2023-12-15,SIDEWAYS,,,,61.47
2023-12-15,SIDEWAYS,21456.650390625,,,61.47
2023-12-18,SIDEWAYS,21418.650390625,,,61.47
2023-12-18,SIDEWAYS,,,,61.47
2023-12-19,SIDEWAYS,,,,61.47
2023-12-19,SIDEWAYS,21453.099609375,,,61.47
2023-12-20,SIDEWAYS,,,,61.47
2023-12-20,SIDEWAYS,21150.150390625,,,61.47
2023-12-21,SIDEWAYS,21255.05078125,,,61.47
2023-12-21,SIDEWAYS,,,,61.47
2023-12-22,SIDEWAYS,,,,61.47
2023-12-22,SIDEWAYS,21349.400390625,,,61.47
2023-12-26,SIDEWAYS,,,,61.47
2023-12-26,SIDEWAYS,21441.349609375,,,61.47
2023-12-27,SIDEWAYS,21654.75,,,61.47
2023-12-27,SIDEWAYS,,,,61.47
2023-12-28,SIDEWAYS,,,,61.47
2023-12-28,SIDEWAYS,21778.69921875,,,61.47
2023-12-29,SIDEWAYS,,,,61.47
2023-12-29,SIDEWAYS,21731.400390625,,,61.47
2024-01-01,SIDEWAYS,21741.900390625,,,61.47
2024-01-02,SIDEWAYS,21665.80078125,,,61.47
2024-01-02,SIDEWAYS,,,,61.47
2024-01-03,SIDEWAYS,21517.349609375,,,61.47
2024-01-03,SIDEWAYS,,,,61.47
2024-01-04,SIDEWAYS,,,,61.47
2024-01-04,SIDEWAYS,21658.599609375,,,61.47
2024-01-05,SIDEWAYS,21710.80078125,,,61.47
2024-01-05,SIDEWAYS,,,,61.47
2024-01-08,SIDEWAYS,,,,61.47
2024-01-08,SIDEWAYS,21513.0,,,61.47
2024-01-09,SIDEWAYS,,,,61.47
2024-01-09,SIDEWAYS,21544.849609375,,,61.47
2024-01-10,SIDEWAYS,21618.69921875,,,61.47
2024-01-10,SIDEWAYS,,,,61.47
2024-01-11,SIDEWAYS,21647.19921875,,,61.47
2024-01-11,SIDEWAYS,,,,61.47
2024-01-12,SIDEWAYS,,,,61.47
2024-01-12,SIDEWAYS,21894.55078125,,,61.47
2024-01-15,SIDEWAYS,,,,61.47
2024-01-15,SIDEWAYS,22097.44921875,,,61.47
2024-01-16,SIDEWAYS,,,,61.47
2024-01-16,SIDEWAYS,22032.30078125,,,61.47
2024-01-17,SIDEWAYS,21571.94921875,,,61.47
2024-01-17,SIDEWAYS,,,,61.47
2024-01-18,SIDEWAYS,21462.25,,,61.47
2024-01-18,SIDEWAYS,,,,61.47
2024-01-19,SIDEWAYS,,,,61.47
2024-01-19,SIDEWAYS,21622.400390625,,,61.47
2024-01-23,SIDEWAYS,,,,61.47
2024-01-23,SIDEWAYS,21238.80078125,,,61.47
2024-01-24,SIDEWAYS,21453.94921875,,,61.47
2024-01-24,SIDEWAYS,,,,61.47
2024-01-25,SIDEWAYS,,,,61.47
2024-01-25,SIDEWAYS,21352.599609375,,,61.47
2024-01-29,SIDEWAYS,,,,61.47
2024-01-29,SIDEWAYS,21737.599609375,,,61.47
2024-01-30,SIDEWAYS,,,,61.47
2024-01-30,SIDEWAYS,21522.099609375,,,61.47
2024-01-31,SIDEWAYS,21725.69921875,,,61.47
2024-01-31,SIDEWAYS,,,,61.47
2024-02-01,SIDEWAYS,21697.44921875,,,61.47
2024-02-01,SIDEWAYS,,,,61.47
2024-02-02,SIDEWAYS,21853.80078125,,,61.47
2024-02-02,SIDEWAYS,,,,61.47
2024-02-05,SIDEWAYS,,,,61.47
2024-02-05,SIDEWAYS,21771.69921875,,,61.47
2024-02-06,SIDEWAYS,21929.400390625,,,61.47
2024-02-06,SIDEWAYS,,,,61.47
2024-02-07,SIDEWAYS,,,,61.47
2024-02-07,SIDEWAYS,21930.5,,,61.47
2024-02-08,SIDEWAYS,21717.94921875,,,61.47
2024-02-08,SIDEWAYS,,,,61.47
2024-02-09,SIDEWAYS,,,,61.47
2024-02-09,SIDEWAYS,21782.5,,,61.47
2024-02-12,SIDEWAYS,21616.05078125,,,61.47
2024-02-12,SIDEWAYS,,,,61.47
2024-02-13,SIDEWAYS,,,,61.47
2024-02-13,SIDEWAYS,21743.25,,,61.47
2024-02-14,SIDEWAYS,,,,61.47
2024-02-14,SIDEWAYS,21840.05078125,,,61.47
2024-02-15,SIDEWAYS,21910.75,,,61.47
2024-02-15,SIDEWAYS,,,,61.47
2024-02-16,SIDEWAYS,22040.69921875,,,61.47
2024-02-16,SIDEWAYS,,,,61.47
2024-02-19,SIDEWAYS,22122.25,,,61.47
2024-02-20,SIDEWAYS,,,,61.47
2024-02-20,SIDEWAYS,22196.94921875,,,61.47
2024-02-21,SIDEWAYS,,,,61.47
2024-02-21,SIDEWAYS,22055.05078125,,,61.47
2024-02-22,SIDEWAYS,22217.44921875,,,61.47
2024-02-22,SIDEWAYS,,,,61.47
2024-02-23,SIDEWAYS,22212.69921875,,,61.47
2024-02-23,SIDEWAYS,,,,61.47
2024-02-26,SIDEWAYS,22122.05078125,,,61.47
2024-02-26,SIDEWAYS,,,,61.47
2024-02-27,SIDEWAYS,22198.349609375,,,61.47
2024-02-27,SIDEWAYS,,,,61.47
2024-02-28,SIDEWAYS,21951.150390625,,,61.47
2024-02-28,SIDEWAYS,,,,61.47
2024-02-29,SIDEWAYS,21982.80078125,,,61.47
2024-02-29,SIDEWAYS,,,,61.47
2024-03-01,SIDEWAYS,,,,61.47
2024-03-01,SIDEWAYS,22338.75,,,61.47
2024-03-04,SIDEWAYS,,,,61.47
2024-03-04,SIDEWAYS,22405.599609375,,,61.47
2024-03-05,SIDEWAYS,22356.30078125,,,61.47
2024-03-05,SIDEWAYS,,,,61.47
2024-03-06,SIDEWAYS,22474.05078125,,,61.47
2024-03-06,SIDEWAYS,,,,61.47
2024-03-07,SIDEWAYS,22493.55078125,,,61.47
2024-03-07,SIDEWAYS,,,,61.47
2024-03-11,SIDEWAYS,,,,61.47
2024-03-11,SIDEWAYS,22332.650390625,,,61.47
2024-03-12,SIDEWAYS,,,,61.47
2024-03-12,SIDEWAYS,22335.69921875,,,61.47
2024-03-13,SIDEWAYS,21997.69921875,,,61.47
2024-03-13,SIDEWAYS,,,,61.47
2024-03-14,SIDEWAYS,,,,61.47
2024-03-14,SIDEWAYS,22146.650390625,,,61.47
2024-03-15,SIDEWAYS,22023.349609375,,,61.47
2024-03-15,SIDEWAYS,,,,61.47
2024-03-18,SIDEWAYS,22055.69921875,,,61.47
2024-03-18,SIDEWAYS,,,,61.47
2024-03-19,SIDEWAYS,21817.44921875,,,61.47
2024-03-19,SIDEWAYS,,,,61.47
2024-03-20,SIDEWAYS,21839.099609375,,,61.47
2024-03-20,SIDEWAYS,,,,61.47
2024-03-21,SIDEWAYS,,,,61.47
2024-03-21,SIDEWAYS,22011.94921875,,,61.47
2024-03-22,SIDEWAYS,22096.75,,,61.47
2024-03-22,SIDEWAYS,,,,61.47
2024-03-26,SIDEWAYS,,,,61.47
2024-03-26,SIDEWAYS,22004.69921875,,,61.47
2024-03-27,SIDEWAYS,,,,61.47
2024-03-27,SIDEWAYS,22123.650390625,,,61.47
2024-03-28,SIDEWAYS,,,,61.47
2024-03-28,SIDEWAYS,22326.900390625,,,61.47
2024-04-01,SIDEWAYS,,,,61.47
2024-04-01,SIDEWAYS,22462.0,,,61.47
2024-04-02,SIDEWAYS,22453.30078125,,,61.47
2024-04-02,SIDEWAYS,,,,61.47
2024-04-03,SIDEWAYS,,,,61.47
2024-04-03,SIDEWAYS,22434.650390625,,,61.47
2024-04-04,SIDEWAYS,22514.650390625,,,61.47
2024-04-04,SIDEWAYS,,,,61.47
2024-04-05,SIDEWAYS,,,,61.47
2024-04-05,SIDEWAYS,22513.69921875,,,61.47
2024-04-08,SIDEWAYS,,,,61.47
2024-04-08,SIDEWAYS,22666.30078125,,,61.47
2024-04-09,SIDEWAYS,,,,61.47
2024-04-09,SIDEWAYS,22642.75,,,61.47
2024-04-10,SIDEWAYS,,,,61.47
2024-04-10,SIDEWAYS,22753.80078125,,,61.47
2024-04-12,SIDEWAYS,,,,61.47
2024-04-12,SIDEWAYS,22519.400390625,,,61.47
2024-04-15,SIDEWAYS,,,,61.47
2024-04-15,SIDEWAYS,22272.5,,,61.47
2024-04-16,SIDEWAYS,,,,61.47
2024-04-16,SIDEWAYS,22147.900390625,,,61.47
2024-04-18,SIDEWAYS,21995.849609375,,,61.47
2024-04-18,SIDEWAYS,,,,61.47
2024-04-19,SIDEWAYS,22147.0,,,61.47
2024-04-19,SIDEWAYS,,,,61.47
2024-04-22,SIDEWAYS,22336.400390625,,,61.47
2024-04-22,SIDEWAYS,,,,61.47
2024-04-23,SIDEWAYS,22368.0,,,61.47
2024-04-23,SIDEWAYS,,,,61.47
2024-04-24,SIDEWAYS,22402.400390625,,,61.47
2024-04-24,SIDEWAYS,,,,61.47
2024-04-25,SIDEWAYS,22570.349609375,,,61.47
2024-04-25,SIDEWAYS,,,,61.47
2024-04-26,SIDEWAYS,,,,61.47
2024-04-26,SIDEWAYS,22419.94921875,,,61.47
2024-04-29,SIDEWAYS,22643.400390625,,,61.47
2024-04-29,SIDEWAYS,,,,61.47
2024-04-30,SIDEWAYS,22604.849609375,,,61.47
2024-04-30,SIDEWAYS,,,,61.47
2024-05-02,SIDEWAYS,,,,61.47
2024-05-02,SIDEWAYS,22648.19921875,,,61.47
2024-05-03,SIDEWAYS,,,,61.47
2024-05-03,SIDEWAYS,22475.849609375,,,61.47
2024-05-06,SIDEWAYS,22442.69921875,,,61.47
2024-05-06,SIDEWAYS,,,,61.47
2024-05-07,SIDEWAYS,,,,61.47
2024-05-07,SIDEWAYS,22302.5,,,61.47
2024-05-08,SIDEWAYS,22302.5,,,61.47
2024-05-08,SIDEWAYS,,,,61.47
2024-05-09,SIDEWAYS,21957.5,,,61.47
2024-05-09,SIDEWAYS,,,,61.47
2024-05-10,SIDEWAYS,22055.19921875,,,61.47
2024-05-10,SIDEWAYS,,,,61.47
2024-05-13,SIDEWAYS,22104.05078125,,,61.47
2024-05-13,SIDEWAYS,,,,61.47
2024-05-14,SIDEWAYS,,,,61.47
2024-05-14,SIDEWAYS,22217.849609375,,,61.47
2024-05-15,SIDEWAYS,,,,61.47
2024-05-15,SIDEWAYS,22200.55078125,,,61.47
2024-05-16,SIDEWAYS,22403.849609375,,,61.47
2024-05-16,SIDEWAYS,,,,61.47
2024-05-17,SIDEWAYS,,,,61.47
2024-05-17,SIDEWAYS,22466.099609375,,,61.47
2024-05-21,SIDEWAYS,22529.05078125,,,61.47
2024-05-21,SIDEWAYS,,,,61.47
2024-05-22,SIDEWAYS,,,,61.47
2024-05-22,SIDEWAYS,22597.80078125,,,61.47
2024-05-23,SIDEWAYS,,,,61.47
2024-05-23,SIDEWAYS,22967.650390625,,,61.47
2024-05-24,SIDEWAYS,,,,61.47
2024-05-24,SIDEWAYS,22957.099609375,,,61.47
2024-05-27,SIDEWAYS,22932.44921875,,,61.47
2024-05-27,SIDEWAYS,,,,61.47
2024-05-28,SIDEWAYS,,,,61.47
2024-05-28,SIDEWAYS,22888.150390625,,,61.47
2024-05-29,SIDEWAYS,,,,61.47
2024-05-29,SIDEWAYS,22704.69921875,,,61.47
2024-05-30,SIDEWAYS,,,,61.47
2024-05-30,SIDEWAYS,22488.650390625,,,61.47
2024-05-31,SIDEWAYS,22530.69921875,,,61.47
2024-05-31,SIDEWAYS,,,,61.47
2024-06-03,SIDEWAYS,23263.900390625,,,61.47
2024-06-03,SIDEWAYS,,,,61.47
2024-06-04,SIDEWAYS,21884.5,,,61.47
2024-06-04,SIDEWAYS,,,,61.47
2024-06-05,SIDEWAYS,22620.349609375,,,61.47
2024-06-05,SIDEWAYS,,,,61.47
2024-06-06,SIDEWAYS,22821.400390625,,,61.47
2024-06-06,SIDEWAYS,,,,61.47
2024-06-07,SIDEWAYS,,,,61.47
2024-06-07,SIDEWAYS,23290.150390625,,,61.47
2024-06-10,SIDEWAYS,23259.19921875,,,61.47
2024-06-10,SIDEWAYS,,,,61.47
2024-06-11,SIDEWAYS,23264.849609375,,,61.47
2024-06-11,SIDEWAYS,,,,61.47
2024-06-12,SIDEWAYS,23322.94921875,,,61.47
2024-06-12,SIDEWAYS,,,,61.47
2024-06-13,SIDEWAYS,23398.900390625,,,61.47
2024-06-13,SIDEWAYS,,,,61.47
2024-06-14,SIDEWAYS,23465.599609375,,,61.47
2024-06-14,SIDEWAYS,,,,61.47
2024-06-18,SIDEWAYS,,,,61.47
2024-06-18,SIDEWAYS,23557.900390625,,,61.47
2024-06-19,SIDEWAYS,23516.0,,,61.47
2024-06-19,SIDEWAYS,,,,61.47
2024-06-20,SIDEWAYS,,,,61.47
2024-06-20,SIDEWAYS,23567.0,,,61.47
2024-06-21,SIDEWAYS,,,,61.47
2024-06-21,SIDEWAYS,23501.099609375,,,61.47
2024-06-24,SIDEWAYS,,,,61.47
2024-06-24,SIDEWAYS,23537.849609375,,,61.47
2024-06-25,SIDEWAYS,,,,61.47
2024-06-25,SIDEWAYS,23721.30078125,,,61.47
2024-06-26,SIDEWAYS,23868.80078125,,,61.47
2024-06-26,SIDEWAYS,,,,61.47
2024-06-27,SIDEWAYS,,,,61.47
2024-06-27,SIDEWAYS,24044.5,,,61.47
2024-06-28,SIDEWAYS,,,,61.47
2024-06-28,SIDEWAYS,24010.599609375,,,61.47
2024-07-01,SIDEWAYS,24141.94921875,,,61.47
2024-07-01,SIDEWAYS,,,,61.47
2024-07-02,SIDEWAYS,24123.849609375,,,61.47
2024-07-02,SIDEWAYS,,,,61.47
2024-07-03,SIDEWAYS,24286.5,,,61.47
2024-07-03,SIDEWAYS,,,,61.47
2024-07-04,SIDEWAYS,24302.150390625,,,61.47
2024-07-04,SIDEWAYS,,,,61.47
2024-07-05,SIDEWAYS,,,,61.47
2024-07-05,SIDEWAYS,24323.849609375,,,61.47
2024-07-08,SIDEWAYS,24320.55078125,,,61.47
2024-07-08,SIDEWAYS,,,,61.47
2024-07-09,SIDEWAYS,24433.19921875,,,61.47
2024-07-09,SIDEWAYS,,,,61.47
2024-07-10,SIDEWAYS,24324.44921875,,,61.47
2024-07-10,SIDEWAYS,,,,61.47
2024-07-11,SIDEWAYS,24315.94921875,,,61.47
2024-07-11,SIDEWAYS,,,,61.47
2024-07-12,SIDEWAYS,24502.150390625,,,61.47
2024-07-12,SIDEWAYS,,,,61.47
2024-07-15,SIDEWAYS,,,,61.47
2024-07-15,SIDEWAYS,24586.69921875,,,61.47
2024-07-16,SIDEWAYS,24613.0,,,61.47
2024-07-16,SIDEWAYS,,,,61.47
2024-07-18,SIDEWAYS,,,,61.47
2024-07-18,SIDEWAYS,24800.849609375,,,61.47
2024-07-19,SIDEWAYS,,,,61.47
2024-07-19,SIDEWAYS,24530.900390625,,,61.47
2024-07-22,SIDEWAYS,24509.25,,,61.47
2024-07-22,SIDEWAYS,,,,61.47
2024-07-23,SIDEWAYS,,,,61.47
2024-07-23,SIDEWAYS,24479.05078125,,,61.47
2024-07-24,SIDEWAYS,,,,61.47
2024-07-24,SIDEWAYS,24413.5,,,61.47
2024-07-25,SIDEWAYS,24406.099609375,,,61.47
2024-07-25,SIDEWAYS,,,,61.47
2024-07-26,SIDEWAYS,,,,61.47
2024-07-26,SIDEWAYS,24834.849609375,,,61.47
2024-07-29,SIDEWAYS,,,,61.47
2024-07-29,SIDEWAYS,24836.099609375,,,61.47
2024-07-30,SIDEWAYS,24857.30078125,,,61.47
2024-07-30,SIDEWAYS,,,,61.47
2024-07-31,SIDEWAYS,,,,61.47
2024-07-31,SIDEWAYS,24951.150390625,,,61.47
2024-08-01,SIDEWAYS,,,,61.47
2024-08-01,SIDEWAYS,25010.900390625,,,61.47
2024-08-02,SIDEWAYS,,,,61.47
2024-08-02,SIDEWAYS,24717.69921875,,,61.47
2024-08-05,SIDEWAYS,24055.599609375,,,61.47
2024-08-05,SIDEWAYS,,,,61.47
2024-08-06,SIDEWAYS,23992.55078125,,,61.47
2024-08-06,SIDEWAYS,,,,61.47
2024-08-07,SIDEWAYS,,,,61.47
2024-08-07,SIDEWAYS,24297.5,,,61.47
2024-08-08,SIDEWAYS,24117.0,,,61.47
2024-08-08,SIDEWAYS,,,,61.47
2024-08-09,SIDEWAYS,24367.5,,,61.47
2024-08-09,SIDEWAYS,,,,61.47
2024-08-12,SIDEWAYS,,,,61.47
2024-08-12,SIDEWAYS,24347.0,,,61.47
2024-08-13,SIDEWAYS,,,,61.47
2024-08-13,SIDEWAYS,24139.0,,,61.47
2024-08-14,SIDEWAYS,,,,61.47
2024-08-14,SIDEWAYS,24143.75,,,61.47
2024-08-16,SIDEWAYS,,,,61.47
2024-08-16,SIDEWAYS,24541.150390625,,,61.47
2024-08-19,SIDEWAYS,24572.650390625,,,61.47
2024-08-19,SIDEWAYS,,,,61.47
2024-08-20,SIDEWAYS,24698.849609375,,,61.47
2024-08-20,SIDEWAYS,,,,61.47
2024-08-21,SIDEWAYS,24770.19921875,,,61.47
2024-08-21,SIDEWAYS,,,,61.47
2024-08-22,SIDEWAYS,24811.5,,,61.47
2024-08-22,SIDEWAYS,,,,61.47
2024-08-23,SIDEWAYS,,,,61.47
2024-08-23,SIDEWAYS,24823.150390625,,,61.47
2024-08-26,SIDEWAYS,,,,61.47
2024-08-26,SIDEWAYS,25010.599609375,,,61.47
2024-08-27,SIDEWAYS,,,,61.47
2024-08-27,SIDEWAYS,25017.75,,,61.47
2024-08-28,SIDEWAYS,,,,61.47
2024-08-28,SIDEWAYS,25052.349609375,,,61.47
2024-08-29,SIDEWAYS,,,,61.47
2024-08-29,SIDEWAYS,25151.94921875,,,61.47
2024-08-30,SIDEWAYS,,,,61.47
2024-08-30,SIDEWAYS,25235.900390625,,,61.47
2024-09-02,SIDEWAYS,,,,61.47
2024-09-02,SIDEWAYS,25278.69921875,,,61.47
2024-09-03,SIDEWAYS,,,,61.47
2024-09-03,SIDEWAYS,25279.849609375,,,61.47
2024-09-04,SIDEWAYS,,,,61.47
2024-09-04,SIDEWAYS,25198.69921875,,,61.47
2024-09-05,SIDEWAYS,,,,61.47
2024-09-05,SIDEWAYS,25145.099609375,,,61.47
2024-09-06,SIDEWAYS,24852.150390625,,,61.47
2024-09-06,SIDEWAYS,,,,61.47
2024-09-09,SIDEWAYS,24936.400390625,,,61.47
2024-09-09,SIDEWAYS,,,,61.47
2024-09-10,SIDEWAYS,,,,61.47
2024-09-10,SIDEWAYS,25041.099609375,,,61.47
2024-09-11,SIDEWAYS,,,,61.47
2024-09-11,SIDEWAYS,24918.44921875,,,61.47
2024-09-12,SIDEWAYS,,,,61.47
2024-09-12,SIDEWAYS,25388.900390625,,,61.47
2024-09-13,SIDEWAYS,25356.5,,,61.47
2024-09-13,SIDEWAYS,,,,61.47
2024-09-16,SIDEWAYS,,,,61.47
2024-09-16,SIDEWAYS,25383.75,,,61.47
2024-09-17,SIDEWAYS,,,,61.47
2024-09-17,SIDEWAYS,25418.55078125,,,61.47
2024-09-18,SIDEWAYS,,,,61.47
2024-09-18,SIDEWAYS,25377.55078125,,,61.47
2024-09-19,SIDEWAYS,25415.80078125,,,61.47
2024-09-19,SIDEWAYS,,,,61.47
2024-09-20,SIDEWAYS,,,,61.47
2024-09-20,SIDEWAYS,25790.94921875,,,61.47
2024-09-23,SIDEWAYS,,,,61.47
2024-09-23,SIDEWAYS,25939.05078125,,,61.47
2024-09-24,SIDEWAYS,,,,61.47
2024-09-24,SIDEWAYS,25940.400390625,,,61.47
2024-09-25,SIDEWAYS,26004.150390625,,,61.47
2024-09-25,SIDEWAYS,,,,61.47
2024-09-26,SIDEWAYS,,,,61.47
2024-09-26,SIDEWAYS,26216.05078125,,,61.47
2024-09-27,SIDEWAYS,,,,61.47
2024-09-27,SIDEWAYS,26178.94921875,,,61.47
2024-09-30,SIDEWAYS,,,,61.47
2024-09-30,SIDEWAYS,25810.849609375,,,61.47
2024-10-01,SIDEWAYS,25796.900390625,,,61.47
2024-10-01,SIDEWAYS,,,,61.47
2024-10-03,SIDEWAYS,,,,61.47
2024-10-03,SIDEWAYS,25250.099609375,,,61.47
2024-10-04,SIDEWAYS,,,,61.47
2024-10-04,SIDEWAYS,25014.599609375,,,61.47
2024-10-07,SIDEWAYS,24795.75,,,61.47
2024-10-07,SIDEWAYS,,,,61.47
2024-10-08,SIDEWAYS,,,,61.47
2024-10-08,SIDEWAYS,25013.150390625,,,61.47
2024-10-09,SIDEWAYS,,,,61.47
2024-10-09,SIDEWAYS,24981.94921875,,,61.47
2024-10-10,SIDEWAYS,,,,61.47
2024-10-10,SIDEWAYS,24998.44921875,,,61.47
2024-10-11,SIDEWAYS,,,,61.47
2024-10-11,SIDEWAYS,24964.25,,,61.47
2024-10-14,SIDEWAYS,25127.94921875,,,61.47
2024-10-14,SIDEWAYS,,,,61.47
2024-10-15,SIDEWAYS,25057.349609375,,,61.47
2024-10-15,SIDEWAYS,,,,61.47
2024-10-16,SIDEWAYS,24971.30078125,,,61.47
2024-10-16,SIDEWAYS,,,,61.47
2024-10-17,SIDEWAYS,24749.849609375,,,61.47
2024-10-17,SIDEWAYS,,,,61.47
2024-10-18,SIDEWAYS,24854.05078125,,,61.47
2024-10-18,SIDEWAYS,,,,61.47
2024-10-21,SIDEWAYS,24781.099609375,,,61.47
2024-10-21,SIDEWAYS,,,,61.47
2024-10-22,SIDEWAYS,24472.099609375,,,61.47
2024-10-22,SIDEWAYS,,,,61.47
2024-10-23,SIDEWAYS,24435.5,,,61.47
2024-10-23,SIDEWAYS,,,,61.47
2024-10-24,SIDEWAYS,,,,61.47
2024-10-24,SIDEWAYS,24399.400390625,,,61.47
2024-10-25,SIDEWAYS,,,,61.47
2024-10-25,SIDEWAYS,24180.80078125,,,61.47
2024-10-28,SIDEWAYS,,,,61.47
2024-10-28,SIDEWAYS,24339.150390625,,,61.47
2024-10-29,SIDEWAYS,24466.849609375,,,61.47
2024-10-29,SIDEWAYS,,,,61.47
2024-10-30,SIDEWAYS,24340.849609375,,,61.47
2024-10-30,SIDEWAYS,,,,61.47
2024-10-31,SIDEWAYS,24205.349609375,,,61.47
2024-10-31,SIDEWAYS,,,,61.47
2024-11-01,SIDEWAYS,24304.349609375,,,61.47
2024-11-01,SIDEWAYS,,,,61.47
2024-11-04,SIDEWAYS,23995.349609375,,,61.47
2024-11-04,SIDEWAYS,,,,61.47
2024-11-05,SIDEWAYS,24213.30078125,,,61.47
2024-11-05,SIDEWAYS,,,,61.47
2024-11-06,SIDEWAYS,,,,61.47
2024-11-06,SIDEWAYS,24484.05078125,,,61.47
2024-11-07,SIDEWAYS,24199.349609375,,,61.47
2024-11-07,SIDEWAYS,,,,61.47
2024-11-08,SIDEWAYS,24148.19921875,,,61.47
2024-11-08,SIDEWAYS,,,,61.47
2024-11-11,SIDEWAYS,,,,61.47
2024-11-11,SIDEWAYS,24141.30078125,,,61.47
2024-11-12,SIDEWAYS,23883.44921875,,,61.47
2024-11-12,SIDEWAYS,,,,61.47
2024-11-13,SIDEWAYS,,,,61.47
2024-11-13,SIDEWAYS,23559.05078125,,,61.47
2024-11-14,SIDEWAYS,,,,61.47
2024-11-14,SIDEWAYS,23532.69921875,,,61.47
2024-11-18,SIDEWAYS,23453.80078125,,,61.47
2024-11-18,SIDEWAYS,,,,61.47
2024-11-19,SIDEWAYS,23518.5,,,61.47
2024-11-19,SIDEWAYS,,,,61.47
2024-11-21,SIDEWAYS,23349.900390625,,,61.47
2024-11-21,SIDEWAYS,,,,61.47
2024-11-22,SIDEWAYS,,,,61.47
2024-11-22,SIDEWAYS,23907.25,,,61.47
2024-11-25,SIDEWAYS,24221.900390625,,,61.47
2024-11-25,SIDEWAYS,,,,61.47
2024-11-26,SIDEWAYS,,,,61.47
2024-11-26,SIDEWAYS,24194.5,,,61.47
2024-11-27,SIDEWAYS,24274.900390625,,,61.47
2024-11-27,SIDEWAYS,,,,61.47
2024-11-28,SIDEWAYS,,,,61.47
2024-11-28,SIDEWAYS,23914.150390625,,,61.47
2024-11-29,SIDEWAYS,,,,61.47
2024-11-29,SIDEWAYS,24131.099609375,,,61.47
2024-12-02,SIDEWAYS,24276.05078125,,,61.47
2024-12-02,SIDEWAYS,,,,61.47
2024-12-03,SIDEWAYS,,,,61.47
2024-12-03,SIDEWAYS,24457.150390625,,,61.47
2024-12-04,SIDEWAYS,24467.44921875,,,61.47
2024-12-04,SIDEWAYS,,,,61.47
2024-12-05,SIDEWAYS,,,,61.47
2024-12-05,SIDEWAYS,24708.400390625,,,61.47
2024-12-06,SIDEWAYS,24677.80078125,,,61.47
2024-12-06,SIDEWAYS,,,,61.47
2024-12-09,SIDEWAYS,24619.0,,,61.47
2024-12-09,SIDEWAYS,,,,61.47
2024-12-10,SIDEWAYS,24610.05078125,,,61.47
2024-12-10,SIDEWAYS,,,,61.47
2024-12-11,SIDEWAYS,,,,61.47
2024-12-11,SIDEWAYS,24641.80078125,,,61.47
2024-12-12,SIDEWAYS,,,,61.47
2024-12-12,SIDEWAYS,24548.69921875,,,61.47
2024-12-13,SIDEWAYS,24768.30078125,,,61.47
2024-12-13,SIDEWAYS,,,,61.47
2024-12-16,SIDEWAYS,24668.25,,,61.47
2024-12-16,SIDEWAYS,,,,61.47
2024-12-17,SIDEWAYS,24336.0,,,61.47
2024-12-17,SIDEWAYS,,,,61.47
2024-12-18,SIDEWAYS,24198.849609375,,,61.47
2024-12-18,SIDEWAYS,,,,61.47
2024-12-19,SIDEWAYS,23951.69921875,,,61.47
2024-12-19,SIDEWAYS,,,,61.47
2024-12-20,SIDEWAYS,,,,61.47
2024-12-20,SIDEWAYS,23587.5,,,61.47
2024-12-23,SIDEWAYS,,,,61.47
2024-12-23,SIDEWAYS,23753.44921875,,,61.47
2024-12-24,SIDEWAYS,,,,61.47
2024-12-24,SIDEWAYS,23727.650390625,,,61.47
2024-12-26,SIDEWAYS,,,,61.47
2024-12-26,SIDEWAYS,23750.19921875,,,61.47
2024-12-27,SIDEWAYS,,,,61.47
2024-12-27,SIDEWAYS,23813.400390625,,,61.47
2024-12-30,SIDEWAYS,,,,61.47
2024-12-30,SIDEWAYS,23644.900390625,,,61.47
2024-12-31,SIDEWAYS,23644.80078125,,,61.47
2024-12-31,SIDEWAYS,,,,61.47
2025-01-01,SIDEWAYS,23742.900390625,,,61.47
2025-01-02,SIDEWAYS,24188.650390625,,,61.47
2025-01-02,SIDEWAYS,,,,61.47
2025-01-03,SIDEWAYS,24004.75,,,61.47
2025-01-03,SIDEWAYS,,,,61.47
2025-01-06,SIDEWAYS,23616.05078125,,,61.47
2025-01-06,SIDEWAYS,,,,61.47
2025-01-07,SIDEWAYS,23707.900390625,,,61.47
2025-01-07,SIDEWAYS,,,,61.47
2025-01-08,SIDEWAYS,23688.94921875,,,61.47
2025-01-08,SIDEWAYS,,,,61.47
2025-01-09,SIDEWAYS,23526.5,,,61.47
2025-01-09,SIDEWAYS,,,,61.47
2025-01-10,SIDEWAYS,23431.5,,,61.47
2025-01-10,SIDEWAYS,,,,61.47
2025-01-13,SIDEWAYS,23085.94921875,,,61.47
2025-01-13,SIDEWAYS,,,,61.47
2025-01-14,SIDEWAYS,,,,61.47
2025-01-14,SIDEWAYS,23176.05078125,,,61.47
2025-01-15,SIDEWAYS,23213.19921875,,,61.47
2025-01-15,SIDEWAYS,,,,61.47
2025-01-16,SIDEWAYS,23311.80078125,,,61.47
2025-01-16,SIDEWAYS,,,,61.47
2025-01-17,SIDEWAYS,23203.19921875,,,61.47
2025-01-17,SIDEWAYS,,,,61.47
2025-01-20,SIDEWAYS,23344.75,,,61.47
2025-01-20,SIDEWAYS,,,,61.47
2025-01-21,SIDEWAYS,23024.650390625,,,61.47
2025-01-21,SIDEWAYS,,,,61.47
2025-01-22,SIDEWAYS,23155.349609375,,,61.47
2025-01-22,SIDEWAYS,,,,61.47
2025-01-23,SIDEWAYS,23205.349609375,,,61.47
2025-01-23,SIDEWAYS,,,,61.47
2025-01-24,SIDEWAYS,23092.19921875,,,61.47
2025-01-24,SIDEWAYS,,,,61.47
2025-01-27,SIDEWAYS,22829.150390625,,,61.47
2025-01-27,SIDEWAYS,,,,61.47
2025-01-28,SIDEWAYS,22957.25,,,61.47
2025-01-28,SIDEWAYS,,,,61.47
2025-01-29,SIDEWAYS,23163.099609375,,,61.47
2025-01-29,SIDEWAYS,,,,61.47
2025-01-30,SIDEWAYS,23249.5,,,61.47
2025-01-30,SIDEWAYS,,,,61.47
2025-01-31,SIDEWAYS,23508.400390625,,,61.47
2025-01-31,SIDEWAYS,,,,61.47
2025-02-01,SIDEWAYS,23482.150390625,,,61.47
2025-02-03,SIDEWAYS,23361.05078125,,,61.47
2025-02-03,SIDEWAYS,,,,61.47
2025-02-04,SIDEWAYS,23739.25,,,61.47
2025-02-04,SIDEWAYS,,,,61.47
2025-02-05,SIDEWAYS,23696.30078125,,,61.47
2025-02-05,SIDEWAYS,,,,61.47
2025-02-06,SIDEWAYS,23603.349609375,,,61.47
2025-02-06,SIDEWAYS,,,,61.47
2025-02-07,SIDEWAYS,23559.94921875,,,61.47
2025-02-07,SIDEWAYS,,,,61.47
2025-02-10,SIDEWAYS,,,,61.47
2025-02-10,SIDEWAYS,23381.599609375,,,61.47
2025-02-11,SIDEWAYS,,,,61.47
2025-02-11,SIDEWAYS,23071.80078125,,,61.47
2025-02-12,SIDEWAYS,,,,61.47
2025-02-12,SIDEWAYS,23045.25,,,61.47
2025-02-13,SIDEWAYS,,,,61.47
2025-02-13,SIDEWAYS,23031.400390625,,,61.47
2025-02-14,SIDEWAYS,,,,61.47
2025-02-14,SIDEWAYS,22929.25,,,61.47
2025-02-17,SIDEWAYS,,,,61.47
2025-02-17,SIDEWAYS,22959.5,,,61.47
2025-02-18,SIDEWAYS,,,,61.47
2025-02-18,SIDEWAYS,22945.30078125,,,61.47
2025-02-19,SIDEWAYS,22932.900390625,,,61.47
2025-02-19,SIDEWAYS,,,,61.47
2025-02-20,SIDEWAYS,22913.150390625,,,61.47
2025-02-20,SIDEWAYS,,,,61.47
2025-02-21,SIDEWAYS,22795.900390625,,,61.47
2025-02-21,SIDEWAYS,,,,61.47
2025-02-24,SIDEWAYS,,,,61.47
2025-02-24,SIDEWAYS,22553.349609375,,,61.47
2025-02-25,SIDEWAYS,,,,61.47
2025-02-25,SIDEWAYS,22547.55078125,,,61.47
2025-02-27,SIDEWAYS,,,,61.47
2025-02-27,SIDEWAYS,22545.05078125,,,61.47
2025-02-28,SIDEWAYS,,,,61.47
2025-02-28,SIDEWAYS,22124.69921875,,,61.47
2025-03-03,SIDEWAYS,,,,61.47
2025-03-03,SIDEWAYS,22119.30078125,,,61.47
2025-03-04,SIDEWAYS,,,,61.47
2025-03-04,SIDEWAYS,22082.650390625,,,61.47
2025-03-05,SIDEWAYS,,,,61.47
2025-03-05,SIDEWAYS,22337.30078125,,,61.47
2025-03-06,SIDEWAYS,,,,61.47
2025-03-06,SIDEWAYS,22544.69921875,,,61.47
2025-03-07,SIDEWAYS,,,,61.47
2025-03-07,SIDEWAYS,22552.5,,,61.47
2025-03-10,SIDEWAYS,,,,61.47
2025-03-10,SIDEWAYS,22460.30078125,,,61.47
2025-03-11,SIDEWAYS,,,,61.47
2025-03-11,SIDEWAYS,22497.900390625,,,61.47
2025-03-12,SIDEWAYS,,,,61.47
2025-03-12,SIDEWAYS,22470.5,,,61.47
2025-03-13,SIDEWAYS,,,,61.47
2025-03-13,SIDEWAYS,22397.19921875,,,61.47
2025-03-17,SIDEWAYS,,,,61.47
2025-03-17,SIDEWAYS,22508.75,,,61.47
2025-03-18,SIDEWAYS,22834.30078125,,,61.47
2025-03-18,SIDEWAYS,,,,61.47
2025-03-19,SIDEWAYS,,,,61.47
2025-03-19,SIDEWAYS,22907.599609375,,,61.47
2025-03-20,SIDEWAYS,,,,61.47
2025-03-20,SIDEWAYS,23190.650390625,,,61.47
2025-03-21,SIDEWAYS,23350.400390625,,,61.47
2025-03-21,SIDEWAYS,,,,61.47
2025-03-24,SIDEWAYS,,,,61.47
2025-03-24,SIDEWAYS,23658.349609375,,,61.47
2025-03-25,SIDEWAYS,23668.650390625,,,61.47
2025-03-25,SIDEWAYS,,,,61.47
2025-03-26,SIDEWAYS,23486.849609375,,,61.47
2025-03-26,SIDEWAYS,,,,61.47
2025-03-27,SIDEWAYS,23591.94921875,,,61.47
2025-03-27,SIDEWAYS,,,,61.47
2025-03-28,SIDEWAYS,,,,61.47
2025-03-28,SIDEWAYS,23519.349609375,,,61.47
2025-04-01,SIDEWAYS,,,,61.47
2025-04-01,SIDEWAYS,23165.69921875,,,61.47
2025-04-02,SIDEWAYS,,,,61.47
2025-04-02,SIDEWAYS,23332.349609375,,,61.47
2025-04-03,SIDEWAYS,,,,61.47
2025-04-03,SIDEWAYS,23250.099609375,,,61.47
2025-04-04,SIDEWAYS,,,,61.47
2025-04-04,SIDEWAYS,22904.44921875,,,61.47
2025-04-07,SIDEWAYS,22161.599609375,,,61.47
2025-04-07,SIDEWAYS,,,,61.47
2025-04-08,SIDEWAYS,22535.849609375,,,61.47
2025-04-08,SIDEWAYS,,,,61.47
2025-04-09,SIDEWAYS,22399.150390625,,,61.47
2025-04-09,SIDEWAYS,,,,61.47
2025-04-11,SIDEWAYS,22828.55078125,,,61.47
2025-04-11,SIDEWAYS,,,,61.47
2025-04-15,SIDEWAYS,23328.55078125,,,61.47
2025-04-15,SIDEWAYS,,,,61.47
2025-04-16,SIDEWAYS,,,,61.47
2025-04-16,SIDEWAYS,23437.19921875,,,61.47
2025-04-17,SIDEWAYS,,,,61.47
2025-04-17,SIDEWAYS,23851.650390625,,,61.47
2025-04-21,SIDEWAYS,,,,61.47
2025-04-21,SIDEWAYS,24125.55078125,,,61.47
2025-04-22,SIDEWAYS,,,,61.47
2025-04-22,SIDEWAYS,24167.25,,,61.47
2025-04-23,SIDEWAYS,,,,61.47
2025-04-23,SIDEWAYS,24328.94921875,,,61.47
2025-04-24,SIDEWAYS,,,,61.47
2025-04-24,SIDEWAYS,24246.69921875,,,61.47
2025-04-25,SIDEWAYS,,,,61.47
2025-04-25,SIDEWAYS,24039.349609375,,,61.47
2025-04-28,SIDEWAYS,,,,61.47
2025-04-28,SIDEWAYS,24328.5,,,61.47
2025-04-29,SIDEWAYS,,,,61.47
2025-04-29,SIDEWAYS,24335.94921875,,,61.47
2025-04-30,SIDEWAYS,,,,61.47
2025-04-30,SIDEWAYS,24334.19921875,,,61.47
2025-05-02,SIDEWAYS,,,,61.47
2025-05-02,SIDEWAYS,24346.69921875,,,61.47
2025-05-05,SIDEWAYS,24461.150390625,,,61.47
2025-05-05,SIDEWAYS,,,,61.47
2025-05-06,SIDEWAYS,,,,61.47
2025-05-06,SIDEWAYS,24379.599609375,,,61.47
2025-05-07,SIDEWAYS,24414.400390625,,,61.47
2025-05-07,SIDEWAYS,,,,61.47
2025-05-08,SIDEWAYS,,,,61.47
2025-05-08,SIDEWAYS,24273.80078125,,,61.47
2025-05-09,SIDEWAYS,,,,61.47
2025-05-09,SIDEWAYS,24008.0,,,61.47
2025-05-12,SIDEWAYS,24924.69921875,,,61.47
2025-05-12,SIDEWAYS,,,,61.47
2025-05-13,SIDEWAYS,24578.349609375,,,61.47
2025-05-13,SIDEWAYS,,,,61.47
2025-05-14,SIDEWAYS,,,,61.47
2025-05-14,SIDEWAYS,24666.900390625,,,61.47
2025-05-15,SIDEWAYS,,,,61.47
2025-05-15,SIDEWAYS,25062.099609375,,,61.47
2025-05-16,SIDEWAYS,,,,61.47
2025-05-16,SIDEWAYS,25019.80078125,,,61.47
2025-05-19,SIDEWAYS,24945.44921875,,,61.47
2025-05-19,SIDEWAYS,,,,61.47
2025-05-20,SIDEWAYS,,,,61.47
2025-05-20,SIDEWAYS,24683.900390625,,,61.47
2025-05-21,SIDEWAYS,24813.44921875,,,61.47
2025-05-21,SIDEWAYS,,,,61.47
2025-05-22,SIDEWAYS,,,,61.47
2025-05-22,SIDEWAYS,24609.69921875,,,61.47
2025-05-23,SIDEWAYS,,,,61.47
2025-05-23,SIDEWAYS,24853.150390625,,,61.47
2025-05-26,SIDEWAYS,25001.150390625,,,61.47
2025-05-26,SIDEWAYS,,,,61.47
2025-05-27,SIDEWAYS,24826.19921875,,,61.47
2025-05-27,SIDEWAYS,,,,61.47
2025-05-28,SIDEWAYS,,,,61.47
2025-05-28,SIDEWAYS,24752.44921875,,,61.47
2025-05-29,SIDEWAYS,,,,61.47
2025-05-29,SIDEWAYS,24833.599609375,,,61.47
2025-05-30,SIDEWAYS,24750.69921875,,,61.47
2025-05-30,SIDEWAYS,,,,61.47
2025-06-02,SIDEWAYS,,,,61.47
2025-06-02,SIDEWAYS,24716.599609375,,,61.47
2025-06-03,SIDEWAYS,,,,61.47
2025-06-03,SIDEWAYS,24542.5,,,61.47
2025-06-04,SIDEWAYS,,,,61.47
2025-06-04,SIDEWAYS,24620.19921875,,,61.47
2025-06-05,SIDEWAYS,,,,61.47
2025-06-05,SIDEWAYS,24750.900390625,,,61.47
2025-06-06,SIDEWAYS,,,,61.47
2025-06-06,SIDEWAYS,25003.05078125,,,61.47
2025-06-09,SIDEWAYS,,,,61.47
2025-06-09,SIDEWAYS,25103.19921875,,,61.47
2025-06-10,SIDEWAYS,,,,61.47
2025-06-10,SIDEWAYS,25104.25,,,61.47
2025-06-11,SIDEWAYS,25141.400390625,,,61.47
2025-06-11,SIDEWAYS,,,,61.47
2025-06-12,SIDEWAYS,,,,61.47
2025-06-12,SIDEWAYS,24888.19921875,,,61.47
2025-06-13,SIDEWAYS,,,,61.47
2025-06-13,SIDEWAYS,24718.599609375,,,61.47
2025-06-16,SIDEWAYS,,,,61.47
2025-06-16,SIDEWAYS,24946.5,,,61.47
2025-06-17,SIDEWAYS,24853.400390625,,,61.47
2025-06-17,SIDEWAYS,,,,61.47
2025-06-18,SIDEWAYS,24812.05078125,,,61.47
2025-06-18,SIDEWAYS,,,,61.47
2025-06-19,SIDEWAYS,24793.25,,,61.47
2025-06-19,SIDEWAYS,,,,61.47
2025-06-20,SIDEWAYS,25112.400390625,,,61.47
2025-06-20,SIDEWAYS,,,,61.47
2025-06-23,SIDEWAYS,24971.900390625,,,61.47
2025-06-23,SIDEWAYS,,,,61.47
2025-06-24,SIDEWAYS,25044.349609375,,,61.47
2025-06-24,SIDEWAYS,,,,61.47
2025-06-25,SIDEWAYS,25244.75,,,61.47
2025-06-25,SIDEWAYS,,,,61.47
2025-06-26,SIDEWAYS,25549.0,,,61.47
2025-06-26,SIDEWAYS,,,,61.47
2025-06-27,SIDEWAYS,25637.80078125,,,61.47
2025-06-27,SIDEWAYS,,,,61.47
2025-06-30,SIDEWAYS,25517.05078125,,,61.47
2025-06-30,SIDEWAYS,,,,61.47
2025-07-01,SIDEWAYS,,,,61.47
2025-07-01,SIDEWAYS,25541.80078125,,,61.47
2025-07-02,SIDEWAYS,,,,61.47
2025-07-02,SIDEWAYS,25453.400390625,,,61.47
2025-07-03,SIDEWAYS,,,,61.47
2025-07-03,SIDEWAYS,25405.30078125,,,61.47
2025-07-04,SIDEWAYS,,,,61.47
2025-07-04,SIDEWAYS,25461.0,,,61.47
2025-07-07,SIDEWAYS,,,,61.47
2025-07-07,SIDEWAYS,25461.30078125,,,61.47
2025-07-08,SIDEWAYS,,,,61.47
2025-07-08,SIDEWAYS,25522.5,,,61.47
2025-07-09,SIDEWAYS,,,,61.47
2025-07-09,SIDEWAYS,25476.099609375,,,61.47
2025-07-10,SIDEWAYS,,,,61.47
2025-07-10,SIDEWAYS,25355.25,,,61.47
2025-07-11,SIDEWAYS,,,,61.47
2025-07-11,SIDEWAYS,25149.849609375,,,61.47
2025-07-14,SIDEWAYS,,,,61.47
2025-07-14,SIDEWAYS,25082.30078125,,,61.47
2025-07-15,SIDEWAYS,25195.80078125,,,61.47
2025-07-15,SIDEWAYS,,,,61.47
2025-07-16,SIDEWAYS,,,,61.47
2025-07-16,SIDEWAYS,25212.05078125,,,61.47
2025-07-17,SIDEWAYS,25111.44921875,,,61.47
2025-07-17,SIDEWAYS,,,,61.47
2025-07-18,SIDEWAYS,24968.400390625,,,61.47
2025-07-18,SIDEWAYS,,,,61.47
2025-07-21,SIDEWAYS,25090.69921875,,,61.47
2025-07-21,SIDEWAYS,,,,61.47
2025-07-22,SIDEWAYS,,,,61.47
2025-07-22,SIDEWAYS,25060.900390625,,,61.47
2025-07-23,SIDEWAYS,25219.900390625,,,61.47
2025-07-23,SIDEWAYS,,,,61.47
2025-07-24,SIDEWAYS,25062.099609375,,,61.47
2025-07-24,SIDEWAYS,,,,61.47
2025-07-25,SIDEWAYS,24837.0,,,61.47
2025-07-25,SIDEWAYS,,,,61.47
2025-07-28,SIDEWAYS,24680.900390625,,,61.47
2025-07-28,SIDEWAYS,,,,61.47
2025-07-29,SIDEWAYS,24821.099609375,,,61.47
2025-07-29,SIDEWAYS,,,,61.47
2025-07-30,SIDEWAYS,24855.05078125,,,61.47
2025-07-30,SIDEWAYS,,,,61.47
2025-07-31,SIDEWAYS,24768.349609375,,,61.47
2025-07-31,SIDEWAYS,,,,61.47
2025-08-01,SIDEWAYS,,,,61.47
2025-08-01,SIDEWAYS,24565.349609375,,,61.47
2025-08-04,SIDEWAYS,,,,61.47
2025-08-04,SIDEWAYS,24722.75,,,61.47
2025-08-05,SIDEWAYS,,,,61.47
2025-08-05,SIDEWAYS,24649.55078125,,,61.47
2025-08-06,SIDEWAYS,,,,61.47
2025-08-06,SIDEWAYS,24574.19921875,,,61.47
2025-08-07,SIDEWAYS,,,,61.47
2025-08-07,SIDEWAYS,24596.150390625,,,61.47
2025-08-08,SIDEWAYS,,,,61.47
2025-08-08,SIDEWAYS,24363.30078125,,,61.47
2025-08-11,SIDEWAYS,,,,61.47
2025-08-11,SIDEWAYS,24585.05078125,,,61.47
2025-08-12,SIDEWAYS,,,,61.47
2025-08-12,SIDEWAYS,24487.400390625,,,61.47
2025-08-13,SIDEWAYS,,,,61.47
2025-08-13,SIDEWAYS,24619.349609375,,,61.47
2025-08-14,SIDEWAYS,,,,61.47
2025-08-14,SIDEWAYS,24631.30078125,,,61.47
2025-08-18,SIDEWAYS,,,,61.47
2025-08-18,SIDEWAYS,24876.94921875,,,61.47
2025-08-19,SIDEWAYS,,,,61.47
2025-08-19,SIDEWAYS,24980.650390625,,,61.47
2025-08-20,SIDEWAYS,,,,61.47
2025-08-20,SIDEWAYS,25050.55078125,,,61.47
2025-08-21,SIDEWAYS,,,,61.47
2025-08-21,SIDEWAYS,25083.75,,,61.47
2025-08-22,SIDEWAYS,,,,61.47
2025-08-22,SIDEWAYS,24870.099609375,,,61.47
2025-08-25,SIDEWAYS,24967.75,,,61.47
2025-08-25,SIDEWAYS,,,,61.47
2025-08-26,SIDEWAYS,,,,61.47
2025-08-26,SIDEWAYS,24712.05078125,,,61.47
2025-08-28,SIDEWAYS,,,,61.47
2025-08-28,SIDEWAYS,24500.900390625,,,61.47
2025-08-29,SIDEWAYS,24426.849609375,,,61.47
2025-08-29,SIDEWAYS,,,,61.47
2025-09-01,SIDEWAYS,,,,61.47
2025-09-01,SIDEWAYS,24625.05078125,,,61.47
2025-09-02,SIDEWAYS,,,,61.47
2025-09-02,SIDEWAYS,24579.599609375,,,61.47
2025-09-03,SIDEWAYS,24715.05078125,,,61.47
2025-09-03,SIDEWAYS,,,,61.47
2025-09-04,SIDEWAYS,24734.30078125,,,61.47
2025-09-04,SIDEWAYS,,,,61.47
2025-09-05,SIDEWAYS,24741.0,,,61.47
2025-09-05,SIDEWAYS,,,,61.47
2025-09-08,SIDEWAYS,,,,61.47
2025-09-08,SIDEWAYS,24773.150390625,,,61.47
2025-09-09,SIDEWAYS,,,,61.47
2025-09-09,SIDEWAYS,24868.599609375,,,61.47
2025-09-10,SIDEWAYS,24973.099609375,,,61.47
2025-09-10,SIDEWAYS,,,,61.47
2025-09-11,SIDEWAYS,25005.5,,,61.47
2025-09-11,SIDEWAYS,,,,61.47
2025-09-12,SIDEWAYS,25114.0,,,61.47
2025-09-12,SIDEWAYS,,,,61.47
2025-09-15,SIDEWAYS,25069.19921875,,,61.47
2025-09-15,SIDEWAYS,,,,61.47
2025-09-16,SIDEWAYS,25239.099609375,,,61.47
2025-09-16,SIDEWAYS,,,,61.47
2025-09-17,SIDEWAYS,,,,61.47
2025-09-17,SIDEWAYS,25330.25,,,61.47
2025-09-18,SIDEWAYS,25423.599609375,,,61.47
2025-09-18,SIDEWAYS,,,,61.47
2025-09-19,SIDEWAYS,,,,61.47
2025-09-19,SIDEWAYS,25327.05078125,,,61.47
2025-09-22,SIDEWAYS,25202.349609375,,,61.47
2025-09-22,SIDEWAYS,,,,61.47
2025-09-23,SIDEWAYS,25169.5,,,61.47
2025-09-23,SIDEWAYS,,,,61.47
2025-09-24,SIDEWAYS,,,,61.47
2025-09-24,SIDEWAYS,25056.900390625,,,61.47
2025-09-25,SIDEWAYS,,,,61.47
2025-09-25,SIDEWAYS,24890.849609375,,,61.47
2025-09-26,SIDEWAYS,,,,61.47
2025-09-26,SIDEWAYS,24654.69921875,,,61.47
2025-09-29,SIDEWAYS,,,,61.47
2025-09-29,SIDEWAYS,24634.900390625,,,61.47
2025-09-30,SIDEWAYS,,,,61.47
2025-09-30,SIDEWAYS,24611.099609375,,,61.47
2025-10-01,SIDEWAYS,24836.30078125,,,61.47
2025-10-01,SIDEWAYS,,,,61.47
2025-10-03,SIDEWAYS,24894.25,,,61.47
2025-10-03,SIDEWAYS,,,,61.47
2025-10-06,SIDEWAYS,25077.650390625,,,61.47
2025-10-06,SIDEWAYS,,,,61.47
2025-10-07,SIDEWAYS,25108.30078125,,,61.47
2025-10-07,SIDEWAYS,,,,61.47
2025-10-08,SIDEWAYS,25046.150390625,,,61.47
2025-10-08,SIDEWAYS,,,,61.47
2025-10-09,SIDEWAYS,25181.80078125,,,61.47
2025-10-09,SIDEWAYS,,,,61.47
2025-10-10,SIDEWAYS,25285.349609375,,,61.47
2025-10-10,SIDEWAYS,,,,61.47
2025-10-13,SIDEWAYS,25227.349609375,,,61.47
2025-10-13,SIDEWAYS,,,,61.47
2025-10-14,SIDEWAYS,25145.5,,,61.47
2025-10-14,SIDEWAYS,,,,61.47
2025-10-15,SIDEWAYS,,,,61.47
2025-10-15,SIDEWAYS,25323.55078125,,,61.47
2025-10-16,SIDEWAYS,25585.30078125,,,61.47
2025-10-16,SIDEWAYS,,,,61.47
2025-10-17,SIDEWAYS,25709.849609375,,,61.47
2025-10-17,SIDEWAYS,,,,61.47
2025-10-20,SIDEWAYS,25843.150390625,,,61.47
2025-10-20,SIDEWAYS,,,,61.47
2025-10-21,SIDEWAYS,25868.599609375,,,61.47
2025-10-21,SIDEWAYS,,,,61.47
2025-10-23,SIDEWAYS,25891.400390625,,,61.47
2025-10-23,SIDEWAYS,,,,61.47
2025-10-24,SIDEWAYS,25795.150390625,,,61.47
2025-10-24,SIDEWAYS,,,,61.47
2025-10-27,SIDEWAYS,25966.05078125,,,61.47
2025-10-27,SIDEWAYS,,,,61.47
2025-10-28,SIDEWAYS,,,,61.47
2025-10-28,SIDEWAYS,25936.19921875,,,61.47
2025-10-29,SIDEWAYS,,,,61.47
2025-10-29,SIDEWAYS,26053.900390625,,,61.47
2025-10-30,SIDEWAYS,,,,61.47
2025-10-30,SIDEWAYS,25877.849609375,,,61.47
2025-10-31,SIDEWAYS,,,,61.47
2025-10-31,SIDEWAYS,25722.099609375,,,61.47
2025-11-03,SIDEWAYS,,,,61.47
2025-11-03,SIDEWAYS,25763.349609375,,,61.47
2025-11-04,SIDEWAYS,25597.650390625,,,61.47
2025-11-04,SIDEWAYS,,,,61.47
2025-11-06,SIDEWAYS,,,,61.47
2025-11-06,SIDEWAYS,25509.69921875,,,61.47
2025-11-07,SIDEWAYS,,,,61.47
2025-11-07,SIDEWAYS,25492.30078125,,,61.47
2025-11-10,SIDEWAYS,,,,61.47
2025-11-10,SIDEWAYS,25574.349609375,,,61.47
2025-11-11,SIDEWAYS,,,,61.47
2025-11-11,SIDEWAYS,25694.94921875,,,61.47
2025-11-12,SIDEWAYS,,,,61.47
2025-11-12,SIDEWAYS,25875.80078125,,,61.47
2025-11-13,SIDEWAYS,,,,61.47
2025-11-13,SIDEWAYS,25879.150390625,,,61.47
2025-11-14,SIDEWAYS,25910.05078125,,,61.47
2025-11-14,SIDEWAYS,,,,61.47
2025-11-17,SIDEWAYS,,,,61.47
2025-11-17,SIDEWAYS,26013.44921875,,,61.47
2025-11-18,SIDEWAYS,25910.05078125,,,61.47
2025-11-18,SIDEWAYS,,,,61.47
2025-11-19,SIDEWAYS,,,,61.47
2025-11-19,SIDEWAYS,26052.650390625,,,61.47
2025-11-20,SIDEWAYS,26192.150390625,,,61.47
2025-11-20,SIDEWAYS,,,,61.47
2025-11-21,SIDEWAYS,26068.150390625,,,61.47
2025-11-21,SIDEWAYS,,,,61.47
2025-11-24,SIDEWAYS,25959.5,,,61.47
2025-11-24,SIDEWAYS,,,,61.47
2025-11-25,SIDEWAYS,,,,61.47
2025-11-25,SIDEWAYS,25884.80078125,,,61.47
2025-11-26,SIDEWAYS,,,,61.47
2025-11-26,SIDEWAYS,26205.30078125,,,61.47
2025-11-27,SIDEWAYS,,,,61.47
2025-11-27,SIDEWAYS,26215.55078125,,,61.47
2025-11-28,SIDEWAYS,,,,61.47
2025-11-28,SIDEWAYS,26202.94921875,,,61.47
2025-12-01,SIDEWAYS,,,,61.47
2025-12-01,SIDEWAYS,26175.75,,,61.47
2025-12-02,SIDEWAYS,,,,61.47
2025-12-02,SIDEWAYS,26032.19921875,,,61.47
2025-12-03,SIDEWAYS,,,,61.47
2025-12-03,SIDEWAYS,25986.0,,,61.47
2025-12-04,SIDEWAYS,,,,61.47
2025-12-04,SIDEWAYS,26033.75,,,61.47
2025-12-05,SIDEWAYS,26186.44921875,,,61.47
2025-12-05,SIDEWAYS,,,,61.47
2025-12-08,SIDEWAYS,25960.55078125,,,61.47
2025-12-08,SIDEWAYS,,,,61.47
2025-12-09,SIDEWAYS,25839.650390625,,,61.47
2025-12-09,SIDEWAYS,,,,61.47
2025-12-10,SIDEWAYS,25758.0,,,61.47
2025-12-10,SIDEWAYS,,,,61.47
2025-12-11,SIDEWAYS,25898.55078125,,,61.47
2025-12-11,SIDEWAYS,,,,61.47
2025-12-12,SIDEWAYS,26046.94921875,,,61.47
2025-12-12,SIDEWAYS,,,,61.47
2025-12-15,SIDEWAYS,26027.30078125,,,61.47
2025-12-15,SIDEWAYS,,,,61.47
2025-12-16,SIDEWAYS,25860.099609375,,,61.47
2025-12-16,SIDEWAYS,,,,61.47
2025-12-17,SIDEWAYS,25818.55078125,,,61.47
2025-12-17,SIDEWAYS,,,,61.47
2025-12-18,SIDEWAYS,,,,61.47
2025-12-18,SIDEWAYS,25815.55078125,,,61.47
2025-12-19,SIDEWAYS,,,,61.47
2025-12-19,SIDEWAYS,25966.400390625,,,61.47
2025-12-22,SIDEWAYS,,,,61.47
2025-12-22,SIDEWAYS,26172.400390625,,,61.47
2025-12-23,SIDEWAYS,,,,61.47
2025-12-23,SIDEWAYS,26177.150390625,,,61.47
2025-12-24,SIDEWAYS,,,,61.47
2025-12-24,SIDEWAYS,26142.099609375,,,61.47
2025-12-26,SIDEWAYS,,,,61.47
2025-12-26,SIDEWAYS,26042.30078125,,,61.47
2025-12-29,SIDEWAYS,25942.099609375,,,61.47
2025-12-29,SIDEWAYS,,,,61.47
2025-12-30,SIDEWAYS,,,,61.47
2025-12-30,SIDEWAYS,25938.849609375,,,61.47
2025-12-31,SIDEWAYS,26129.599609375,,,61.47
2025-12-31,SIDEWAYS,,,,61.47
2026-01-01,SIDEWAYS,26146.55078125,,,61.47
2026-01-02,SIDEWAYS,26328.55078125,,,61.47
2026-01-02,SIDEWAYS,,,,61.47
2026-01-05,SIDEWAYS,,,,61.47
2026-01-05,SIDEWAYS,26250.30078125,,,61.47
2026-01-06,SIDEWAYS,,,,61.47
2026-01-06,SIDEWAYS,26178.69921875,,,61.47
2026-01-07,SIDEWAYS,26140.75,,,61.47
2026-01-07,SIDEWAYS,,,,61.47
2026-01-08,SIDEWAYS,,,,61.47
2026-01-08,SIDEWAYS,25876.849609375,,,61.47
2026-01-09,SIDEWAYS,,,,61.47
2026-01-09,SIDEWAYS,25683.30078125,,,61.47
2026-01-12,SIDEWAYS,,,,61.47
2026-01-12,SIDEWAYS,25790.25,,,61.47
2026-01-13,SIDEWAYS,,,,61.47
2026-01-13,SIDEWAYS,25732.30078125,,,61.47
2026-01-14,SIDEWAYS,25665.599609375,,,61.47
2026-01-14,SIDEWAYS,,,,61.47
2026-01-16,SIDEWAYS,25694.349609375,,,61.47
2026-01-16,SIDEWAYS,,,,61.47
2026-01-19,SIDEWAYS,25585.5,,,61.47
2026-01-19,SIDEWAYS,,,,61.47
2026-01-20,SIDEWAYS,,,,61.47
2026-01-20,SIDEWAYS,25232.5,,,61.47
2026-01-21,SIDEWAYS,,,,61.47
2026-01-21,SIDEWAYS,25157.5,,,61.47
2026-01-22,SIDEWAYS,,,,61.47
2026-01-22,SIDEWAYS,25289.900390625,,,61.47
2026-01-23,SIDEWAYS,25048.650390625,,,61.47
2026-01-23,SIDEWAYS,,,,61.47
2026-01-27,SIDEWAYS,25175.400390625,,,61.47
2026-01-27,SIDEWAYS,,,,61.47
2026-01-28,SIDEWAYS,,,,61.47
2026-01-28,SIDEWAYS,25342.75,,,61.47
2026-01-29,SIDEWAYS,25418.900390625,,,61.47
2026-01-29,SIDEWAYS,,,,61.47
2026-01-30,SIDEWAYS,,,,61.47
2026-01-30,SIDEWAYS,25320.650390625,,,61.47
2026-02-02,SIDEWAYS,,,,61.47
2026-02-02,SIDEWAYS,25088.400390625,,,61.47
2026-02-03,SIDEWAYS,25727.55078125,,,61.47
2026-02-03,SIDEWAYS,,,,61.47
2026-02-04,SIDEWAYS,25776.0,,,61.47
2026-02-04,SIDEWAYS,,,,61.47
2026-02-05,SIDEWAYS,,,,61.47
2026-02-05,SIDEWAYS,25642.80078125,,,61.47
2026-02-06,SIDEWAYS,,,,61.47
2026-02-06,SIDEWAYS,25693.69921875,,,61.47
2026-02-09,SIDEWAYS,25867.30078125,,,61.47
2026-02-09,SIDEWAYS,,,,61.47
2026-02-10,SIDEWAYS,25935.150390625,,,61.47
2026-02-10,SIDEWAYS,,,,61.47
2026-02-11,SIDEWAYS,,,,61.47
2026-02-11,SIDEWAYS,25953.849609375,,,61.47
2026-02-12,SIDEWAYS,,,,61.47
2026-02-12,SIDEWAYS,25807.19921875,,,61.47
2026-02-13,SIDEWAYS,,,,61.47
2026-02-13,SIDEWAYS,25471.099609375,,,61.47
2026-02-16,SIDEWAYS,25682.75,,,61.47
2026-02-16,SIDEWAYS,,,,61.47
2026-02-17,SIDEWAYS,25725.400390625,,,61.47
2026-02-17,SIDEWAYS,,,,61.47
2026-02-18,SIDEWAYS,,,,61.47
2026-02-18,SIDEWAYS,25819.349609375,,,61.47
2026-02-19,SIDEWAYS,25454.349609375,,,61.47
2026-02-19,SIDEWAYS,,,,61.47
2026-02-20,SIDEWAYS,,,,61.47
2026-02-20,SIDEWAYS,25571.25,,,61.47
2026-02-23,SIDEWAYS,,,,61.47
2026-02-23,SIDEWAYS,25713.0,,,61.47
2026-02-24,SIDEWAYS,,,,61.47
2026-02-24,SIDEWAYS,25424.650390625,,,61.47
2026-02-25,SIDEWAYS,25482.5,,,61.47
2026-02-25,SIDEWAYS,,,,61.47
2026-02-26,SIDEWAYS,25496.55078125,,,61.47
2026-02-26,SIDEWAYS,,,,61.47
2026-02-27,SIDEWAYS,25178.650390625,,,61.47
2026-02-27,SIDEWAYS,,,,61.47
2026-03-02,SIDEWAYS,24865.69921875,,,61.47
2026-03-02,SIDEWAYS,,,,61.47
2026-03-04,SIDEWAYS,24480.5,,,61.47
2026-03-04,SIDEWAYS,,,,61.47
2026-03-05,SIDEWAYS,,,,61.47
2026-03-05,SIDEWAYS,24765.900390625,,,61.47
2026-03-06,SIDEWAYS,,,,61.47
2026-03-06,SIDEWAYS,24450.44921875,,,61.47
2026-03-09,SIDEWAYS,,,,61.47
2026-03-09,SIDEWAYS,24028.05078125,,,61.47
2026-03-10,SIDEWAYS,,,,61.47
2026-03-10,SIDEWAYS,24261.599609375,,,61.47
2026-03-11,SIDEWAYS,23866.849609375,,,61.47
2026-03-11,SIDEWAYS,,,,61.47
2026-03-12,SIDEWAYS,23639.150390625,,,61.47
2026-03-12,SIDEWAYS,,,,61.47
2026-03-13,SIDEWAYS,23151.099609375,,,61.47
2026-03-13,SIDEWAYS,,,,61.47
2026-03-16,SIDEWAYS,23408.80078125,,,61.47
2026-03-16,SIDEWAYS,,,,61.47
2026-03-17,SIDEWAYS,23581.150390625,,,61.47
2026-03-17,SIDEWAYS,,,,61.47
2026-03-18,SIDEWAYS,23777.80078125,,,61.47
2026-03-18,SIDEWAYS,,,,61.47
2026-03-19,SIDEWAYS,,,,61.47
2026-03-19,SIDEWAYS,23002.150390625,,,61.47
2026-03-20,SIDEWAYS,23114.5,,,61.47
2026-03-20,SIDEWAYS,,,,61.47
2026-03-23,SIDEWAYS,22512.650390625,,,61.47
2026-03-23,SIDEWAYS,,,,61.47
2026-03-24,SIDEWAYS,22912.400390625,,,61.47
2026-03-24,SIDEWAYS,,,,61.47
2026-03-25,SIDEWAYS,,,,61.47
2026-03-25,SIDEWAYS,23306.44921875,,,61.47
2026-03-27,SIDEWAYS,,,,61.47
2026-03-27,SIDEWAYS,22819.599609375,,,61.47
2026-03-30,SIDEWAYS,22331.400390625,,,61.47
2026-03-30,SIDEWAYS,,,,61.47
2026-04-01,SIDEWAYS,,,,61.47
2026-04-01,SIDEWAYS,22679.400390625,,,61.47
2026-04-02,SIDEWAYS,,,,61.47
2026-04-02,SIDEWAYS,22713.099609375,,,61.47
2026-04-06,SIDEWAYS,22968.25,,,61.47
2026-04-06,SIDEWAYS,,,,61.47
2026-04-07,SIDEWAYS,,,,61.47
2026-04-07,SIDEWAYS,23123.650390625,,,61.47
2026-04-08,SIDEWAYS,,,,61.47
2026-04-08,SIDEWAYS,23997.349609375,,,61.47
2026-04-09,SIDEWAYS,,,,61.47
2026-04-09,SIDEWAYS,23775.099609375,,,61.47
2026-04-10,SIDEWAYS,,,,61.47
2026-04-10,SIDEWAYS,24050.599609375,,,61.47
2026-04-13,SIDEWAYS,23842.650390625,,,61.47
2026-04-13,SIDEWAYS,,,,61.47
2026-04-15,SIDEWAYS,24231.30078125,,,61.47
2026-04-15,SIDEWAYS,,,,61.47
2026-04-16,SIDEWAYS,24196.75,,,61.47
2026-04-16,SIDEWAYS,,,,61.47
2026-04-17,SIDEWAYS,,,,61.47
2026-04-17,SIDEWAYS,24353.55078125,,,61.47
2026-04-20,SIDEWAYS,24364.849609375,,,61.47
2026-04-20,SIDEWAYS,,,,61.47
2026-04-21,SIDEWAYS,,,,61.47
2026-04-21,SIDEWAYS,24576.599609375,,,61.47
2026-04-22,SIDEWAYS,24378.099609375,,,61.47
2026-04-22,SIDEWAYS,,,,61.47
2026-04-23,SIDEWAYS,24173.05078125,,,61.47
2026-04-23,SIDEWAYS,,,,61.47
2026-04-24,SIDEWAYS,,,,61.47
2026-04-24,SIDEWAYS,23897.94921875,,,61.47
2026-04-27,SIDEWAYS,,,,61.47
2026-04-27,SIDEWAYS,24092.69921875,,,61.47
2026-04-28,SIDEWAYS,,,,61.47
2026-04-28,SIDEWAYS,23995.69921875,,,61.47
2026-04-29,SIDEWAYS,,,,61.47
2026-04-29,SIDEWAYS,24177.650390625,,,61.47
2026-04-30,SIDEWAYS,,,,61.47
2026-04-30,SIDEWAYS,23997.55078125,,,61.47
2026-05-04,SIDEWAYS,,,,61.47
2026-05-04,SIDEWAYS,24119.30078125,,,61.47
2026-05-05,SIDEWAYS,,,,61.47
2026-05-05,SIDEWAYS,24032.80078125,,,61.47
2026-05-06,SIDEWAYS,24330.94921875,,,61.47
2026-05-06,SIDEWAYS,,,,61.47
2026-05-07,SIDEWAYS,24326.650390625,,,61.47
2026-05-07,SIDEWAYS,,,,61.47
2026-05-08,SIDEWAYS,24176.150390625,,,61.47
2026-05-08,SIDEWAYS,,,,61.47
2026-05-11,SIDEWAYS,23815.849609375,,,61.47
2026-05-11,SIDEWAYS,,,,61.47
2026-05-12,SIDEWAYS,23379.55078125,,,61.47
2026-05-12,SIDEWAYS,,,,61.47
2026-05-13,SIDEWAYS,23412.599609375,,,61.47
2026-05-13,SIDEWAYS,,,,61.47
2026-05-14,SIDEWAYS,,,,61.47
2026-05-14,SIDEWAYS,23689.599609375,,,61.47
2026-05-15,SIDEWAYS,,,,61.47
2026-05-15,SIDEWAYS,23643.5,,,61.47
2026-05-18,SIDEWAYS,23649.94921875,,,61.47
2026-05-18,SIDEWAYS,,,,61.47
2026-05-19,SIDEWAYS,23618.0,,,61.47
2026-05-19,SIDEWAYS,,,,61.47
2026-05-20,SIDEWAYS,,,,61.47
2026-05-20,SIDEWAYS,23659.0,,,61.47
2026-05-21,SIDEWAYS,,,,61.47
2026-05-21,SIDEWAYS,23654.69921875,,,61.47
2026-05-22,SIDEWAYS,,,,61.47
2026-05-22,SIDEWAYS,23719.30078125,,,61.47
2026-05-25,SIDEWAYS,,,,61.47
2026-05-25,SIDEWAYS,24031.69921875,,,61.47
2026-05-26,SIDEWAYS,23913.69921875,,,61.47
2026-05-26,SIDEWAYS,,,,61.47
2026-05-27,SIDEWAYS,23907.150390625,,,61.47
2026-05-27,SIDEWAYS,,,,61.47
2026-05-29,SIDEWAYS,,,,61.47
2026-05-29,SIDEWAYS,23547.75,,,61.47
2026-06-01,SIDEWAYS,23382.599609375,,,61.47
2026-06-01,SIDEWAYS,,,,61.47
2026-06-02,SIDEWAYS,,,,61.47
2026-06-02,SIDEWAYS,23483.55078125,,,61.47
2026-06-03,SIDEWAYS,,,,61.47
2026-06-03,SIDEWAYS,23405.599609375,,,61.47
2026-06-04,SIDEWAYS,,,,61.47
2026-06-04,SIDEWAYS,23416.55078125,,,61.47
2026-06-05,SIDEWAYS,23366.69921875,,,61.47
2026-06-05,SIDEWAYS,,,,61.47
2026-06-08,SIDEWAYS,,,,61.47
2026-06-08,SIDEWAYS,23123.0,,,61.47
2026-06-09,SIDEWAYS,,,,61.47
2026-06-09,SIDEWAYS,23242.099609375,,,61.47
2026-06-10,SIDEWAYS,,,,61.47
2026-06-10,SIDEWAYS,23214.94921875,,,61.47
2026-06-11,SIDEWAYS,,,,61.47
2026-06-11,SIDEWAYS,23161.599609375,,,61.47
2026-06-12,SIDEWAYS,,,,61.47
2026-06-12,SIDEWAYS,23622.900390625,,,61.47
2026-06-15,SIDEWAYS,23853.900390625,,,61.47
2026-06-15,SIDEWAYS,,,,61.47
2026-06-16,SIDEWAYS,23989.150390625,,,61.47
2026-06-16,SIDEWAYS,,,,61.47
2026-06-17,SIDEWAYS,24085.69921875,,,61.47
2026-06-17,SIDEWAYS,,,,61.47
2026-06-18,SIDEWAYS,24168.0,,,61.47
2026-06-18,SIDEWAYS,,,,61.47
2026-06-19,SIDEWAYS,24013.099609375,,,61.47
2026-06-19,SIDEWAYS,,,,61.47
2026-06-22,SIDEWAYS,,,,61.47
2026-06-22,SIDEWAYS,24102.900390625,,,61.47
2026-06-23,SIDEWAYS,,,,61.47
2026-06-23,SIDEWAYS,23824.099609375,,,61.47
2026-06-24,SIDEWAYS,24021.650390625,,,61.47
2026-06-24,SIDEWAYS,,,,61.47
2026-06-25,SIDEWAYS,,,,61.47
2026-06-25,SIDEWAYS,24056.0,,,61.47
2026-06-29,SIDEWAYS,,,,61.47
2026-06-29,SIDEWAYS,23946.25,,,61.47
2026-06-30,SIDEWAYS,,,,61.47
2026-06-30,SIDEWAYS,23865.75,,,61.47
2026-07-01,SIDEWAYS,,,,61.47
2026-07-01,SIDEWAYS,24005.849609375,,,61.47
2026-07-02,SIDEWAYS,,,,61.47
2026-07-02,SIDEWAYS,24175.69921875,,,61.47
2026-07-03,SIDEWAYS,24270.849609375,,,61.47
2026-07-03,SIDEWAYS,,,,61.47
2026-07-06,SIDEWAYS,,,,61.47
2026-07-06,SIDEWAYS,24430.349609375,,,61.47
2026-07-07,SIDEWAYS,,,,61.47
2026-07-07,SIDEWAYS,24398.69921875,,,61.47
2026-07-08,SIDEWAYS,23882.05078125,,,61.47
2026-07-08,SIDEWAYS,,,,61.47
2026-07-09,SIDEWAYS,23962.80078125,,,61.47
2026-07-09,SIDEWAYS,,,,61.47
2026-07-10,SIDEWAYS,24206.900390625,,,61.47
2026-07-10,SIDEWAYS,,,,61.47
2026-07-13,SIDEWAYS,24211.0,,,61.47
2026-07-13,SIDEWAYS,,,,61.47
2026-07-14,SIDEWAYS,,,,61.47
2026-07-14,SIDEWAYS,24052.05078125,,,61.47
2026-07-15,SIDEWAYS,24078.5,,,61.47
2026-07-15,SIDEWAYS,,,,61.47
2026-07-16,SIDEWAYS,24072.75,,,61.47
2026-07-16,SIDEWAYS,,,,61.47
2026-07-17,SIDEWAYS,,,,61.47
2026-07-17,SIDEWAYS,24334.30078125,,,61.47
2026-07-20,SIDEWAYS,,,,61.47
2026-07-20,SIDEWAYS,24238.5,,,61.47
2026-07-21,SIDEWAYS,24187.69921875,,,61.47
2026-07-21,SIDEWAYS,,,,61.47
2026-07-22,SIDEWAYS,,,,61.47
2026-07-22,SIDEWAYS,23996.25,,,61.47
2026-07-23,SIDEWAYS,23869.599609375,,,61.47
2026-07-23,SIDEWAYS,,,,61.47
2026-07-24,SIDEWAYS,23767.44921875,,,61.47
2026-07-24,SIDEWAYS,,,,61.47
2026-07-27,SIDEWAYS,23995.94921875,,,61.47
2026-07-27,SIDEWAYS,,,,61.47
2026-07-28,SIDEWAYS,23985.349609375,,,61.47
2026-07-28,SIDEWAYS,,,,61.47
2026-07-29,SIDEWAYS,24250.19921875,,,61.47
2026-07-29,SIDEWAYS,,,,61.47
2026-07-30,SIDEWAYS,,,,61.47
2026-07-30,SIDEWAYS,24317.150390625,,,61.47
2026-07-31,SIDEWAYS,24383.599609375,,,61.47
2026-07-31,SIDEWAYS,,,,61.47
2026-08-04,SIDEWAYS,,,,61.47
2026-08-04,SIDEWAYS,24614.900390625,,,61.47
