Metric,Value
Portfolio_Return,3.7558517441457635
Benchmark_Return,0.6251325051030321
Alpha,3.1307192390427314
Tracking_Error,0.08059716701031228
Information_Ratio,38.844035779100786
Beta,1.0835531659730988
Correlation,0.8914612572166224
Hit_Rate,59.05383360522023
Run_Date,2026-06-12
Engine_Version,1.0.0
