Factor,Exposure
Momentum_12M,0.8871628846553701
Momentum_6M,0.849942002691299
Volatility_20D,0.6734322904592672
ADV_20D,0.9193777186669065
Log_Market_Cap,0.9167706528049432
