Symbol,Start_Date,End_Date,Observations,Coverage_Years,Pass_Min_History,Coverage_Score
20MICRONS,2020-01-01 00:00:00+05:30,2026-08-04 00:00:00+05:30,1633,6.48015873015873,True,100.0
360ONE,2020-01-01 00:00:00+05:30,2026-08-04 00:00:00+05:30,1633,6.48015873015873,True,100.0
3MINDIA,2020-01-01 00:00:00+05:30,2026-08-04 00:00:00+05:30,1632,6.476190476190476,True,100.0
5PAISA,2020-01-01 00:00:00+05:30,2026-08-04 00:00:00+05:30,1633,6.48015873015873,True,100.0
63MOONS,2020-01-01 00:00:00+05:30,2026-08-04 00:00:00+05:30,1634,6.484126984126984,True,100.0
AADHARHFC,2024-05-15 00:00:00+05:30,2026-08-04 00:00:00+05:30,553,2.1944444444444446,True,43.888888888888886
AARTIDRUGS,2020-01-01 00:00:00+05:30,2026-08-04 00:00:00+05:30,1634,6.484126984126984,True,100.0
AARTIIND,2020-01-01 00:00:00+05:30,2026-08-04 00:00:00+05:30,1634,6.484126984126984,True,100.0
AARTIPHARM,2023-01-30 00:00:00+05:30,2026-08-04 00:00:00+05:30,868,3.4444444444444446,True,68.88888888888889
AARTISURF,2020-07-14 00:00:00+05:30,2026-08-04 00:00:00+05:30,1501,5.9563492063492065,True,100.0
AAVAS,2020-01-01 00:00:00+05:30,2026-08-04 00:00:00+05:30,1634,6.484126984126984,True,100.0
ABB,2020-01-01 00:00:00+05:30,2026-08-04 00:00:00+05:30,1634,6.484126984126984,True,100.0
ABBOTINDIA,2020-01-01 00:00:00+05:30,2026-08-04 00:00:00+05:30,1634,6.484126984126984,True,100.0
ABCAPITAL,2020-01-01 00:00:00+05:30,2026-08-04 00:00:00+05:30,1634,6.484126984126984,True,100.0
ABDL,2024-07-02 00:00:00+05:30,2026-08-04 00:00:00+05:30,520,2.0634920634920637,True,41.269841269841265
ABFRL,2020-01-01 00:00:00+05:30,2026-08-04 00:00:00+05:30,1634,6.484126984126984,True,100.0
ABREL,2020-01-01 00:00:00+05:30,2026-08-04 00:00:00+05:30,1634,6.484126984126984,True,100.0
ABSLAMC,2021-10-11 00:00:00+05:30,2026-08-04 00:00:00+05:30,1192,4.73015873015873,True,94.6031746031746
ABSMARINE,2024-05-21 00:00:00+05:30,2026-07-31 00:00:00+05:30,547,2.1706349206349205,True,43.41269841269841
ACC,2020-01-01 00:00:00+05:30,2026-08-04 00:00:00+05:30,1634,6.484126984126984,True,100.0
ACCELYA,2020-01-01 00:00:00+05:30,2026-08-04 00:00:00+05:30,1634,6.484126984126984,True,100.0
ACCENTMIC,2023-12-15 00:00:00+05:30,2026-07-31 00:00:00+05:30,648,2.5714285714285716,True,51.42857142857142
ACE,2020-01-01 00:00:00+05:30,2026-08-04 00:00:00+05:30,1634,6.484126984126984,True,100.0
ACI,2022-11-21 00:00:00+05:30,2026-08-04 00:00:00+05:30,916,3.634920634920635,True,72.6984126984127
ACMESOLAR,2024-11-13 00:00:00+05:30,2026-08-04 00:00:00+05:30,428,1.6984126984126984,True,33.96825396825397
ACUTAAS,2021-09-14 00:00:00+05:30,2026-08-04 00:00:00+05:30,1211,4.805555555555555,True,96.11111111111111
ADANIENSOL,2020-01-01 00:00:00+05:30,2026-08-04 00:00:00+05:30,1634,6.484126984126984,True,100.0
ADANIENT,2020-01-01 00:00:00+05:30,2026-08-04 00:00:00+05:30,1634,6.484126984126984,True,100.0
ADANIGREEN,2020-01-01 00:00:00+05:30,2026-08-04 00:00:00+05:30,1634,6.484126984126984,True,100.0
ADANIPORTS,2020-01-01 00:00:00+05:30,2026-08-04 00:00:00+05:30,1634,6.484126984126984,True,100.0
ADANIPOWER,2020-01-01 00:00:00+05:30,2026-08-04 00:00:00+05:30,1634,6.484126984126984,True,100.0
ADFFOODS,2020-01-01 00:00:00+05:30,2026-08-04 00:00:00+05:30,1634,6.484126984126984,True,100.0
ADOR,2020-01-01 00:00:00+05:30,2026-08-04 00:00:00+05:30,1634,6.484126984126984,True,100.0
ADSL,2020-01-01 00:00:00+05:30,2026-08-04 00:00:00+05:30,1634,6.484126984126984,True,100.0
ADVENZYMES,2020-01-01 00:00:00+05:30,2026-08-04 00:00:00+05:30,1634,6.484126984126984,True,100.0
AEGISLOG,2020-01-01 00:00:00+05:30,2026-08-04 00:00:00+05:30,1632,6.476190476190476,True,100.0
AEGISVOPAK,2025-06-02 00:00:00+05:30,2026-08-04 00:00:00+05:30,294,1.1666666666666667,True,23.333333333333332
AEROENTER,2022-11-21 00:00:00+05:30,2026-08-04 00:00:00+05:30,916,3.634920634920635,True,72.6984126984127
AEROFLEX,2023-08-31 00:00:00+05:30,2026-08-04 00:00:00+05:30,723,2.869047619047619,True,57.38095238095238
AETHER,2022-06-03 00:00:00+05:30,2026-08-04 00:00:00+05:30,1032,4.095238095238095,True,81.9047619047619
AFCONS,2024-11-04 00:00:00+05:30,2026-08-04 00:00:00+05:30,435,1.7261904761904763,True,34.523809523809526
AFFLE,2020-01-01 00:00:00+05:30,2026-08-04 00:00:00+05:30,1634,6.484126984126984,True,100.0
AFSL,2022-12-23 00:00:00+05:30,2026-08-04 00:00:00+05:30,891,3.5357142857142856,True,70.71428571428572
AGARIND,2020-01-01 00:00:00+05:30,2026-08-04 00:00:00+05:30,1632,6.476190476190476,True,100.0
AGARWALEYE,2025-02-04 00:00:00+05:30,2026-08-04 00:00:00+05:30,369,1.4642857142857142,True,29.28571428571429
AGI,2020-01-01 00:00:00+05:30,2026-08-04 00:00:00+05:30,1633,6.48015873015873,True,100.0
AGIIL,2024-07-15 00:00:00+05:30,2026-08-04 00:00:00+05:30,512,2.0317460317460316,True,40.63492063492063
AHLUCONT,2020-01-01 00:00:00+05:30,2026-08-04 00:00:00+05:30,1634,6.484126984126984,True,100.0
AIAENG,2020-01-01 00:00:00+05:30,2026-08-04 00:00:00+05:30,1632,6.476190476190476,True,100.0
AIIL,2024-04-23 00:00:00+05:30,2026-08-04 00:00:00+05:30,568,2.253968253968254,True,45.07936507936508
AIMTRON,2024-06-06 00:00:00+05:30,2026-07-31 00:00:00+05:30,535,2.123015873015873,True,42.46031746031746
AJANTPHARM,2020-01-01 00:00:00+05:30,2026-08-04 00:00:00+05:30,1633,6.48015873015873,True,100.0
AJAXENGG,2025-02-17 00:00:00+05:30,2026-08-04 00:00:00+05:30,361,1.4325396825396826,True,28.65079365079365
AJMERA,2020-01-01 00:00:00+05:30,2026-08-04 00:00:00+05:30,1634,6.484126984126984,True,100.0
AKUMS,2024-08-06 00:00:00+05:30,2026-08-04 00:00:00+05:30,494,1.9603174603174602,True,39.20634920634921
ALBERTDAVD,2020-01-01 00:00:00+05:30,2026-08-04 00:00:00+05:30,1632,6.476190476190476,True,100.0
ALEMBICLTD,2020-01-01 00:00:00+05:30,2026-08-04 00:00:00+05:30,1634,6.484126984126984,True,100.0
ALICON,2020-01-01 00:00:00+05:30,2026-08-04 00:00:00+05:30,1632,6.476190476190476,True,100.0
ALIVUS,2021-08-06 00:00:00+05:30,2026-08-04 00:00:00+05:30,1235,4.900793650793651,True,98.01587301587301
ALKEM,2020-01-01 00:00:00+05:30,2026-08-04 00:00:00+05:30,1633,6.48015873015873,True,100.0
ALKYLAMINE,2020-01-01 00:00:00+05:30,2026-08-04 00:00:00+05:30,1634,6.484126984126984,True,100.0
ALLDIGI,2020-01-01 00:00:00+05:30,2026-08-04 00:00:00+05:30,1631,6.472222222222222,True,100.0
ALPEXSOLAR,2024-02-15 00:00:00+05:30,2026-07-31 00:00:00+05:30,607,2.4087301587301586,True,48.17460317460318
AMBER,2020-01-01 00:00:00+05:30,2026-08-04 00:00:00+05:30,1634,6.484126984126984,True,100.0
AMBIKCO,2020-01-01 00:00:00+05:30,2026-08-04 00:00:00+05:30,1633,6.48015873015873,True,100.0
AMBUJACEM,2020-01-01 00:00:00+05:30,2026-08-04 00:00:00+05:30,1634,6.484126984126984,True,100.0
AMRUTANJAN,2020-01-01 00:00:00+05:30,2026-08-04 00:00:00+05:30,1634,6.484126984126984,True,100.0
ANANDRATHI,2021-12-14 00:00:00+05:30,2026-08-04 00:00:00+05:30,1149,4.559523809523809,True,91.19047619047619
ANANTRAJ,2020-01-01 00:00:00+05:30,2026-08-04 00:00:00+05:30,1634,6.484126984126984,True,100.0
ANDHRAPAP,2020-01-01 00:00:00+05:30,2026-08-04 00:00:00+05:30,1633,6.48015873015873,True,100.0
ANDHRSUGAR,2020-01-01 00:00:00+05:30,2026-08-04 00:00:00+05:30,1634,6.484126984126984,True,100.0
ANGELONE,2020-10-05 00:00:00+05:30,2026-08-04 00:00:00+05:30,1445,5.734126984126984,True,100.0
ANLON,2023-01-10 00:00:00+05:30,2026-07-31 00:00:00+05:30,877,3.4801587301587302,True,69.6031746031746
ANNAPURNA,2022-09-27 00:00:00+05:30,2026-07-31 00:00:00+05:30,949,3.765873015873016,True,75.31746031746032
ANTELOPUS,2020-01-01 00:00:00+05:30,2026-08-04 00:00:00+05:30,1634,6.484126984126984,True,100.0
ANUP,2020-01-01 00:00:00+05:30,2026-08-04 00:00:00+05:30,1633,6.48015873015873,True,100.0
ANURAS,2021-03-24 00:00:00+05:30,2026-08-04 00:00:00+05:30,1326,5.261904761904762,True,100.0
APARINDS,2020-01-01 00:00:00+05:30,2026-08-04 00:00:00+05:30,1634,6.484126984126984,True,100.0
APCOTEXIND,2020-01-01 00:00:00+05:30,2026-08-04 00:00:00+05:30,1633,6.48015873015873,True,100.0
APEX,2020-01-01 00:00:00+05:30,2026-08-04 00:00:00+05:30,1634,6.484126984126984,True,100.0
APLAPOLLO,2020-01-01 00:00:00+05:30,2026-08-04 00:00:00+05:30,1634,6.484126984126984,True,100.0
APLLTD,2020-01-01 00:00:00+05:30,2026-08-04 00:00:00+05:30,1634,6.484126984126984,True,100.0
APOLLO,2020-01-01 00:00:00+05:30,2026-08-04 00:00:00+05:30,1634,6.484126984126984,True,100.0
APOLLOHOSP,2020-01-01 00:00:00+05:30,2026-08-04 00:00:00+05:30,1634,6.484126984126984,True,100.0
APOLLOPIPE,2020-01-01 00:00:00+05:30,2026-08-04 00:00:00+05:30,1634,6.484126984126984,True,100.0
APOLLOTYRE,2020-01-01 00:00:00+05:30,2026-08-04 00:00:00+05:30,1634,6.484126984126984,True,100.0
APS,2024-01-18 00:00:00+05:30,2026-07-31 00:00:00+05:30,625,2.4801587301587302,True,49.60317460317461
APTECHT,2020-01-01 00:00:00+05:30,2026-08-04 00:00:00+05:30,1634,6.484126984126984,True,100.0
APTUS,2021-08-24 00:00:00+05:30,2026-08-04 00:00:00+05:30,1225,4.861111111111111,True,97.22222222222221
ARE&M,2020-01-01 00:00:00+05:30,2026-08-04 00:00:00+05:30,1634,6.484126984126984,True,100.0
ARIES,2020-01-01 00:00:00+05:30,2026-08-04 00:00:00+05:30,1632,6.476190476190476,True,100.0
ARIHANTCAP,2021-06-15 00:00:00+05:30,2026-08-04 00:00:00+05:30,1273,5.051587301587301,True,100.0
ARIHANTSUP,2020-01-01 00:00:00+05:30,2026-08-04 00:00:00+05:30,1632,6.476190476190476,True,100.0
ARKADE,2024-09-24 00:00:00+05:30,2026-08-04 00:00:00+05:30,462,1.8333333333333333,True,36.666666666666664
ARMANFIN,2020-01-01 00:00:00+05:30,2026-08-04 00:00:00+05:30,1633,6.48015873015873,True,100.0
ARROWGREEN,2020-01-01 00:00:00+05:30,2026-08-04 00:00:00+05:30,1633,6.48015873015873,True,100.0
ARVIND,2020-01-01 00:00:00+05:30,2026-08-04 00:00:00+05:30,1634,6.484126984126984,True,100.0
ARVINDFASN,2020-01-01 00:00:00+05:30,2026-08-04 00:00:00+05:30,1634,6.484126984126984,True,100.0
ARVSMART,2020-01-01 00:00:00+05:30,2026-08-04 00:00:00+05:30,1633,6.48015873015873,True,100.0
ASAHIINDIA,2020-01-01 00:00:00+05:30,2026-08-04 00:00:00+05:30,1634,6.484126984126984,True,100.0
ASAL,2020-01-01 00:00:00+05:30,2026-08-04 00:00:00+05:30,1634,6.484126984126984,True,100.0
ASALCBR,2020-02-12 00:00:00+05:30,2026-08-04 00:00:00+05:30,1603,6.361111111111111,True,100.0
ASHAPURMIN,2020-01-01 00:00:00+05:30,2026-08-04 00:00:00+05:30,1634,6.484126984126984,True,100.0
ASHIANA,2020-01-01 00:00:00+05:30,2026-08-04 00:00:00+05:30,1634,6.484126984126984,True,100.0
ASHOKA,2020-01-01 00:00:00+05:30,2026-08-04 00:00:00+05:30,1634,6.484126984126984,True,100.0
ASHOKLEY,2020-01-01 00:00:00+05:30,2026-08-04 00:00:00+05:30,1634,6.484126984126984,True,100.0
ASIANENE,2021-12-09 00:00:00+05:30,2026-08-04 00:00:00+05:30,1152,4.571428571428571,True,91.42857142857143
ASIANPAINT,2020-01-01 00:00:00+05:30,2026-08-04 00:00:00+05:30,1634,6.484126984126984,True,100.0
ASIANTILES,2020-01-01 00:00:00+05:30,2026-08-04 00:00:00+05:30,1634,6.484126984126984,True,100.0
ASKAUTOLTD,2023-11-15 00:00:00+05:30,2026-08-04 00:00:00+05:30,673,2.6706349206349205,True,53.41269841269841
ASTEC,2020-01-01 00:00:00+05:30,2026-08-04 00:00:00+05:30,1634,6.484126984126984,True,100.0
ASTERDM,2020-01-01 00:00:00+05:30,2026-08-04 00:00:00+05:30,1634,6.484126984126984,True,100.0
ASTRAL,2020-01-01 00:00:00+05:30,2026-08-04 00:00:00+05:30,1634,6.484126984126984,True,100.0
ASTRAMICRO,2020-01-01 00:00:00+05:30,2026-08-04 00:00:00+05:30,1634,6.484126984126984,True,100.0
ASTRAZEN,2020-01-01 00:00:00+05:30,2026-08-04 00:00:00+05:30,1633,6.48015873015873,True,100.0
ATALREAL,2020-11-19 00:00:00+05:30,2026-08-04 00:00:00+05:30,1410,5.595238095238095,True,100.0
ATGL,2020-01-01 00:00:00+05:30,2026-08-04 00:00:00+05:30,1634,6.484126984126984,True,100.0
ATHERENERG,2025-05-06 00:00:00+05:30,2026-08-04 00:00:00+05:30,313,1.242063492063492,True,24.841269841269842
ATL,2023-08-10 00:00:00+05:30,2026-08-04 00:00:00+05:30,734,2.9126984126984126,True,58.25396825396826
ATMASTCO,2024-02-23 00:00:00+05:30,2026-07-31 00:00:00+05:30,601,2.384920634920635,True,47.6984126984127
ATUL,2020-01-01 00:00:00+05:30,2026-08-04 00:00:00+05:30,1634,6.484126984126984,True,100.0
ATULAUTO,2020-01-01 00:00:00+05:30,2026-08-04 00:00:00+05:30,1634,6.484126984126984,True,100.0
AUBANK,2020-01-01 00:00:00+05:30,2026-08-04 00:00:00+05:30,1634,6.484126984126984,True,100.0
AURIONPRO,2020-01-01 00:00:00+05:30,2026-08-04 00:00:00+05:30,1634,6.484126984126984,True,100.0
AUROPHARMA,2020-01-01 00:00:00+05:30,2026-08-04 00:00:00+05:30,1633,6.48015873015873,True,100.0
AURUM,2020-01-01 00:00:00+05:30,2026-08-04 00:00:00+05:30,1634,6.484126984126984,True,100.0
AUTOAXLES,2020-01-01 00:00:00+05:30,2026-08-04 00:00:00+05:30,1633,6.48015873015873,True,100.0
AUTOIND,2020-01-01 00:00:00+05:30,2026-08-04 00:00:00+05:30,1633,6.48015873015873,True,100.0
AVADHSUGAR,2020-01-01 00:00:00+05:30,2026-08-04 00:00:00+05:30,1633,6.48015873015873,True,100.0
AVALON,2023-04-18 00:00:00+05:30,2026-08-04 00:00:00+05:30,817,3.242063492063492,True,64.84126984126985
AVANTEL,2024-07-31 00:00:00+05:30,2026-08-04 00:00:00+05:30,500,1.9841269841269842,True,39.682539682539684
AVANTIFEED,2020-01-01 00:00:00+05:30,2026-08-04 00:00:00+05:30,1633,6.48015873015873,True,100.0
AVL,2024-11-06 00:00:00+05:30,2026-08-04 00:00:00+05:30,431,1.7103174603174602,True,34.20634920634921
AVTNPL,2020-01-01 00:00:00+05:30,2026-08-04 00:00:00+05:30,1632,6.476190476190476,True,100.0
AWFIS,2024-05-30 00:00:00+05:30,2026-08-04 00:00:00+05:30,543,2.1547619047619047,True,43.095238095238095
AWHCL,2021-01-01 00:00:00+05:30,2026-08-04 00:00:00+05:30,1383,5.488095238095238,True,100.0
AWL,2022-02-08 00:00:00+05:30,2026-08-04 00:00:00+05:30,1110,4.404761904761905,True,88.09523809523809
AXISBANK,2020-01-01 00:00:00+05:30,2026-08-04 00:00:00+05:30,1634,6.484126984126984,True,100.0
AXISCADES,2020-01-01 00:00:00+05:30,2026-08-04 00:00:00+05:30,1634,6.484126984126984,True,100.0
AYMSYNTEX,2020-01-01 00:00:00+05:30,2026-08-04 00:00:00+05:30,1633,6.48015873015873,True,100.0
AZAD,2023-12-28 00:00:00+05:30,2026-08-04 00:00:00+05:30,644,2.5555555555555554,True,51.11111111111111
BAHETI,2022-12-08 00:00:00+05:30,2026-07-31 00:00:00+05:30,901,3.5753968253968256,True,71.5079365079365
BAJAJ-AUTO,2020-01-01 00:00:00+05:30,2026-08-04 00:00:00+05:30,1634,6.484126984126984,True,100.0
BAJAJCON,2020-01-01 00:00:00+05:30,2026-08-04 00:00:00+05:30,1634,6.484126984126984,True,100.0
BAJAJELEC,2020-01-01 00:00:00+05:30,2026-08-04 00:00:00+05:30,1634,6.484126984126984,True,100.0
BAJAJFINSV,2020-01-01 00:00:00+05:30,2026-08-04 00:00:00+05:30,1634,6.484126984126984,True,100.0
BAJAJHCARE,2021-11-25 00:00:00+05:30,2026-08-04 00:00:00+05:30,1162,4.611111111111111,True,92.22222222222223
BAJAJHFL,2024-09-16 00:00:00+05:30,2026-08-04 00:00:00+05:30,469,1.8611111111111112,True,37.22222222222222
BAJAJHLDNG,2020-01-01 00:00:00+05:30,2026-08-04 00:00:00+05:30,1634,6.484126984126984,True,100.0
BAJAJINDEF,2025-02-21 00:00:00+05:30,2026-08-04 00:00:00+05:30,357,1.4166666666666667,True,28.333333333333332
BAJEL,2023-12-19 00:00:00+05:30,2026-08-04 00:00:00+05:30,650,2.5793650793650795,True,51.587301587301596
BAJFINANCE,2020-01-01 00:00:00+05:30,2026-08-04 00:00:00+05:30,1634,6.484126984126984,True,100.0
BALAJITELE,2020-01-01 00:00:00+05:30,2026-08-04 00:00:00+05:30,1633,6.48015873015873,True,100.0
BALAMINES,2020-01-01 00:00:00+05:30,2026-08-04 00:00:00+05:30,1634,6.484126984126984,True,100.0
BALKRISIND,2020-01-01 00:00:00+05:30,2026-08-04 00:00:00+05:30,1633,6.48015873015873,True,100.0
BALMLAWRIE,2020-01-01 00:00:00+05:30,2026-08-04 00:00:00+05:30,1634,6.484126984126984,True,100.0
BALRAMCHIN,2020-01-01 00:00:00+05:30,2026-08-04 00:00:00+05:30,1634,6.484126984126984,True,100.0
BALUFORGE,2024-04-29 00:00:00+05:30,2026-08-04 00:00:00+05:30,564,2.238095238095238,True,44.761904761904766
BANCOINDIA,2020-01-01 00:00:00+05:30,2026-08-04 00:00:00+05:30,1633,6.48015873015873,True,100.0
BANDHANBNK,2020-01-01 00:00:00+05:30,2026-08-04 00:00:00+05:30,1634,6.484126984126984,True,100.0
BANKBARODA,2020-01-01 00:00:00+05:30,2026-08-04 00:00:00+05:30,1634,6.484126984126984,True,100.0
BANKINDIA,2020-01-01 00:00:00+05:30,2026-08-04 00:00:00+05:30,1634,6.484126984126984,True,100.0
BANSALWIRE,2024-07-10 00:00:00+05:30,2026-08-04 00:00:00+05:30,513,2.0357142857142856,True,40.714285714285715
BANSWRAS,2020-01-01 00:00:00+05:30,2026-08-04 00:00:00+05:30,1632,6.476190476190476,True,100.0
BASF,2020-01-01 00:00:00+05:30,2026-08-04 00:00:00+05:30,1634,6.484126984126984,True,100.0
BASILIC,2023-09-11 00:00:00+05:30,2026-07-31 00:00:00+05:30,713,2.8293650793650795,True,56.58730158730159
BATAINDIA,2020-01-01 00:00:00+05:30,2026-08-04 00:00:00+05:30,1634,6.484126984126984,True,100.0
BAYERCROP,2020-01-01 00:00:00+05:30,2026-08-04 00:00:00+05:30,1634,6.484126984126984,True,100.0
BBL,2020-01-01 00:00:00+05:30,2026-08-04 00:00:00+05:30,1634,6.484126984126984,True,100.0
BBOX,2020-01-01 00:00:00+05:30,2026-08-04 00:00:00+05:30,1634,6.484126984126984,True,100.0
BBTC,2020-01-01 00:00:00+05:30,2026-08-04 00:00:00+05:30,1634,6.484126984126984,True,100.0
BCLIND,2021-03-04 00:00:00+05:30,2026-08-04 00:00:00+05:30,1339,5.313492063492063,True,100.0
BDL,2020-01-01 00:00:00+05:30,2026-08-04 00:00:00+05:30,1634,6.484126984126984,True,100.0
BECTORFOOD,2020-12-24 00:00:00+05:30,2026-08-04 00:00:00+05:30,1388,5.507936507936508,True,100.0
BEL,2020-01-01 00:00:00+05:30,2026-08-04 00:00:00+05:30,1634,6.484126984126984,True,100.0
BELRISE,2025-05-28 00:00:00+05:30,2026-08-04 00:00:00+05:30,297,1.1785714285714286,True,23.57142857142857
BEML,2020-01-01 00:00:00+05:30,2026-08-04 00:00:00+05:30,1634,6.484126984126984,True,100.0
BEPL,2020-01-01 00:00:00+05:30,2026-08-04 00:00:00+05:30,1634,6.484126984126984,True,100.0
BERGEPAINT,2020-01-01 00:00:00+05:30,2026-08-04 00:00:00+05:30,1634,6.484126984126984,True,100.0
BFINVEST,2020-01-01 00:00:00+05:30,2026-08-04 00:00:00+05:30,1633,6.48015873015873,True,100.0
BFUTILITIE,2020-01-01 00:00:00+05:30,2026-08-04 00:00:00+05:30,1634,6.484126984126984,True,100.0
BGRENERGY,2020-01-01 00:00:00+05:30,2026-08-04 00:00:00+05:30,1632,6.476190476190476,True,100.0
BHAGCHEM,2021-10-18 00:00:00+05:30,2026-08-04 00:00:00+05:30,1186,4.7063492063492065,True,94.12698412698413
BHAGERIA,2020-01-01 00:00:00+05:30,2026-08-04 00:00:00+05:30,1633,6.48015873015873,True,100.0
BHAGYANGR,2020-01-01 00:00:00+05:30,2026-08-04 00:00:00+05:30,1634,6.484126984126984,True,100.0
BHARATFORG,2020-01-01 00:00:00+05:30,2026-08-04 00:00:00+05:30,1633,6.48015873015873,True,100.0
BHARATGEAR,2020-01-01 00:00:00+05:30,2026-08-04 00:00:00+05:30,1634,6.484126984126984,True,100.0
BHARATRAS,2020-01-01 00:00:00+05:30,2026-08-04 00:00:00+05:30,1633,6.48015873015873,True,100.0
BHARATSE,2025-03-25 00:00:00+05:30,2026-08-04 00:00:00+05:30,338,1.3412698412698412,True,26.825396825396826
BHARATWIRE,2020-01-01 00:00:00+05:30,2026-08-04 00:00:00+05:30,1634,6.484126984126984,True,100.0
BHARTIARTL,2020-01-01 00:00:00+05:30,2026-08-04 00:00:00+05:30,1634,6.484126984126984,True,100.0
BHARTIHEXA,2024-04-12 00:00:00+05:30,2026-08-04 00:00:00+05:30,574,2.2777777777777777,True,45.55555555555556
BHEL,2020-01-01 00:00:00+05:30,2026-08-04 00:00:00+05:30,1634,6.484126984126984,True,100.0
BIGBLOC,2020-01-01 00:00:00+05:30,2026-08-04 00:00:00+05:30,1634,6.484126984126984,True,100.0
BIKAJI,2022-11-16 00:00:00+05:30,2026-08-04 00:00:00+05:30,919,3.6468253968253967,True,72.93650793650794
BIOCON,2020-01-01 00:00:00+05:30,2026-08-04 00:00:00+05:30,1634,6.484126984126984,True,100.0
BIRET,2021-02-16 00:00:00+05:30,2026-07-31 00:00:00+05:30,1349,5.353174603174603,True,100.0
BIRLACABLE,2020-01-01 00:00:00+05:30,2026-08-04 00:00:00+05:30,1633,6.48015873015873,True,100.0
BIRLACORPN,2020-01-01 00:00:00+05:30,2026-08-04 00:00:00+05:30,1633,6.48015873015873,True,100.0
BIRLAMONEY,2020-01-01 00:00:00+05:30,2026-08-04 00:00:00+05:30,1633,6.48015873015873,True,100.0
BIRLANU,2020-01-01 00:00:00+05:30,2026-08-04 00:00:00+05:30,1632,6.476190476190476,True,100.0
BLACKBUCK,2024-11-22 00:00:00+05:30,2026-08-04 00:00:00+05:30,422,1.6746031746031746,True,33.49206349206349
BLAL,2023-04-19 00:00:00+05:30,2026-08-04 00:00:00+05:30,816,3.238095238095238,True,64.76190476190476
BLISSGVS,2020-01-01 00:00:00+05:30,2026-08-04 00:00:00+05:30,1634,6.484126984126984,True,100.0
BLKASHYAP,2020-01-01 00:00:00+05:30,2026-08-04 00:00:00+05:30,1634,6.484126984126984,True,100.0
BLS,2020-01-01 00:00:00+05:30,2026-08-04 00:00:00+05:30,1634,6.484126984126984,True,100.0
BLSE,2024-02-06 00:00:00+05:30,2026-08-04 00:00:00+05:30,618,2.4523809523809526,True,49.047619047619044
BLUEDART,2020-01-01 00:00:00+05:30,2026-08-04 00:00:00+05:30,1634,6.484126984126984,True,100.0
BLUEJET,2023-11-01 00:00:00+05:30,2026-08-04 00:00:00+05:30,682,2.7063492063492065,True,54.12698412698413
BLUESTARCO,2020-01-01 00:00:00+05:30,2026-08-04 00:00:00+05:30,1634,6.484126984126984,True,100.0
BODALCHEM,2020-01-01 00:00:00+05:30,2026-08-04 00:00:00+05:30,1633,6.48015873015873,True,100.0
BOMDYEING,2020-01-01 00:00:00+05:30,2026-08-04 00:00:00+05:30,1634,6.484126984126984,True,100.0
BORANA,2025-05-27 00:00:00+05:30,2026-08-04 00:00:00+05:30,296,1.1746031746031746,True,23.49206349206349
BOROLTD,2020-07-22 00:00:00+05:30,2026-08-04 00:00:00+05:30,1497,5.940476190476191,True,100.0
BORORENEW,2020-01-01 00:00:00+05:30,2026-08-04 00:00:00+05:30,1634,6.484126984126984,True,100.0
BOROSCI,2024-06-07 00:00:00+05:30,2026-08-04 00:00:00+05:30,536,2.126984126984127,True,42.53968253968254
BOSCH-HCIL,2020-01-01 00:00:00+05:30,2026-08-04 00:00:00+05:30,1634,6.484126984126984,True,100.0
BOSCHLTD,2020-01-01 00:00:00+05:30,2026-08-04 00:00:00+05:30,1633,6.48015873015873,True,100.0
BPCL,2020-01-01 00:00:00+05:30,2026-08-04 00:00:00+05:30,1634,6.484126984126984,True,100.0
BPL,2020-01-01 00:00:00+05:30,2026-08-04 00:00:00+05:30,1634,6.484126984126984,True,100.0
BRIGADE,2020-01-01 00:00:00+05:30,2026-08-04 00:00:00+05:30,1634,6.484126984126984,True,100.0
BRITANNIA,2020-01-01 00:00:00+05:30,2026-08-04 00:00:00+05:30,1634,6.484126984126984,True,100.0
BSE,2020-01-01 00:00:00+05:30,2026-08-04 00:00:00+05:30,1634,6.484126984126984,True,100.0
BSOFT,2020-01-01 00:00:00+05:30,2026-08-04 00:00:00+05:30,1634,6.484126984126984,True,100.0
BUTTERFLY,2020-01-01 00:00:00+05:30,2026-08-04 00:00:00+05:30,1633,6.48015873015873,True,100.0
CAMLINFINE,2020-01-01 00:00:00+05:30,2026-08-04 00:00:00+05:30,1633,6.48015873015873,True,100.0
CAMPUS,2022-05-09 00:00:00+05:30,2026-08-04 00:00:00+05:30,1051,4.170634920634921,True,83.41269841269842
CAMS,2020-10-05 00:00:00+05:30,2026-08-04 00:00:00+05:30,1445,5.734126984126984,True,100.0
CANBK,2020-01-01 00:00:00+05:30,2026-08-04 00:00:00+05:30,1634,6.484126984126984,True,100.0
CANFINHOME,2020-01-01 00:00:00+05:30,2026-08-04 00:00:00+05:30,1634,6.484126984126984,True,100.0
CANTABIL,2020-01-01 00:00:00+05:30,2026-08-04 00:00:00+05:30,1632,6.476190476190476,True,100.0
CAPACITE,2020-01-01 00:00:00+05:30,2026-08-04 00:00:00+05:30,1634,6.484126984126984,True,100.0
CAPITALSFB,2024-02-14 00:00:00+05:30,2026-08-04 00:00:00+05:30,610,2.4206349206349205,True,48.41269841269841
CAPLIPOINT,2020-01-01 00:00:00+05:30,2026-08-04 00:00:00+05:30,1633,6.48015873015873,True,100.0
CARBORUNIV,2020-01-01 00:00:00+05:30,2026-08-04 00:00:00+05:30,1633,6.48015873015873,True,100.0
CARERATING,2020-01-01 00:00:00+05:30,2026-08-04 00:00:00+05:30,1633,6.48015873015873,True,100.0
CARRARO,2024-12-30 00:00:00+05:30,2026-08-04 00:00:00+05:30,396,1.5714285714285714,True,31.428571428571427
CARTRADE,2021-08-20 00:00:00+05:30,2026-08-04 00:00:00+05:30,1227,4.869047619047619,True,97.38095238095238
CARYSIL,2021-01-14 00:00:00+05:30,2026-08-04 00:00:00+05:30,1374,5.4523809523809526,True,100.0
CASTROLIND,2020-01-01 00:00:00+05:30,2026-08-04 00:00:00+05:30,1634,6.484126984126984,True,100.0
CCL,2020-01-01 00:00:00+05:30,2026-08-04 00:00:00+05:30,1634,6.484126984126984,True,100.0
CDSL,2020-01-01 00:00:00+05:30,2026-08-04 00:00:00+05:30,1634,6.484126984126984,True,100.0
CEATLTD,2020-01-01 00:00:00+05:30,2026-08-04 00:00:00+05:30,1634,6.484126984126984,True,100.0
CEIGALL,2024-08-08 00:00:00+05:30,2026-08-04 00:00:00+05:30,493,1.9563492063492063,True,39.12698412698413
CELLECOR,2023-09-28 00:00:00+05:30,2026-07-31 00:00:00+05:30,701,2.7817460317460316,True,55.63492063492064
CELLO,2023-11-06 00:00:00+05:30,2026-08-04 00:00:00+05:30,677,2.6865079365079363,True,53.73015873015873
CEMPRO,2020-01-01 00:00:00+05:30,2026-08-04 00:00:00+05:30,1634,6.484126984126984,True,100.0
CENTENKA,2020-01-01 00:00:00+05:30,2026-08-04 00:00:00+05:30,1633,6.48015873015873,True,100.0
CENTRALBK,2020-01-01 00:00:00+05:30,2026-08-04 00:00:00+05:30,1634,6.484126984126984,True,100.0
CENTRUM,2020-01-01 00:00:00+05:30,2026-08-04 00:00:00+05:30,1634,6.484126984126984,True,100.0
CENTUM,2020-01-01 00:00:00+05:30,2026-08-04 00:00:00+05:30,1632,6.476190476190476,True,100.0
CENTURYPLY,2020-01-01 00:00:00+05:30,2026-08-04 00:00:00+05:30,1633,6.48015873015873,True,100.0
CERA,2020-01-01 00:00:00+05:30,2026-08-04 00:00:00+05:30,1633,6.48015873015873,True,100.0
CESC,2020-01-01 00:00:00+05:30,2026-08-04 00:00:00+05:30,1634,6.484126984126984,True,100.0
CEWATER,2024-12-27 00:00:00+05:30,2026-08-04 00:00:00+05:30,398,1.5793650793650793,True,31.587301587301585
CGCL,2020-01-01 00:00:00+05:30,2026-08-04 00:00:00+05:30,1634,6.484126984126984,True,100.0
CGPOWER,2020-01-01 00:00:00+05:30,2026-08-04 00:00:00+05:30,1634,6.484126984126984,True,100.0
CGRAPHICS,2024-04-09 00:00:00+05:30,2026-07-31 00:00:00+05:30,573,2.2738095238095237,True,45.476190476190474
CHALET,2020-01-01 00:00:00+05:30,2026-08-04 00:00:00+05:30,1634,6.484126984126984,True,100.0
CHAMBLFERT,2020-01-01 00:00:00+05:30,2026-08-04 00:00:00+05:30,1634,6.484126984126984,True,100.0
CHEMCON,2020-10-01 00:00:00+05:30,2026-08-04 00:00:00+05:30,1444,5.73015873015873,True,100.0
CHEMFAB,2020-01-01 00:00:00+05:30,2026-08-04 00:00:00+05:30,1632,6.476190476190476,True,100.0
CHEMPLASTS,2021-08-24 00:00:00+05:30,2026-08-04 00:00:00+05:30,1225,4.861111111111111,True,97.22222222222221
CHENNPETRO,2020-01-01 00:00:00+05:30,2026-08-04 00:00:00+05:30,1634,6.484126984126984,True,100.0
CHOICEIN,2022-04-08 00:00:00+05:30,2026-08-04 00:00:00+05:30,1068,4.238095238095238,True,84.76190476190476
CHOLAFIN,2020-01-01 00:00:00+05:30,2026-08-04 00:00:00+05:30,1634,6.484126984126984,True,100.0
CHOLAHLDNG,2020-01-01 00:00:00+05:30,2026-08-04 00:00:00+05:30,1634,6.484126984126984,True,100.0
CIEINDIA,2020-01-01 00:00:00+05:30,2026-08-04 00:00:00+05:30,1632,6.476190476190476,True,100.0
CIFL,2025-04-17 00:00:00+05:30,2026-08-04 00:00:00+05:30,322,1.2777777777777777,True,25.555555555555554
CIPLA,2020-01-01 00:00:00+05:30,2026-08-04 00:00:00+05:30,1634,6.484126984126984,True,100.0
CLEAN,2021-07-19 00:00:00+05:30,2026-08-04 00:00:00+05:30,1249,4.9563492063492065,True,99.12698412698413
CLSEL,2021-05-12 00:00:00+05:30,2026-08-04 00:00:00+05:30,1294,5.134920634920635,True,100.0
CMSINFO,2021-12-31 00:00:00+05:30,2026-08-04 00:00:00+05:30,1136,4.507936507936508,True,90.15873015873017
CNL,2020-01-01 00:00:00+05:30,2026-08-04 00:00:00+05:30,1632,6.476190476190476,True,100.0
COALINDIA,2020-01-01 00:00:00+05:30,2026-08-04 00:00:00+05:30,1634,6.484126984126984,True,100.0
COASTCORP,2021-10-08 00:00:00+05:30,2026-08-04 00:00:00+05:30,1192,4.73015873015873,True,94.6031746031746
COCHINSHIP,2020-01-01 00:00:00+05:30,2026-08-04 00:00:00+05:30,1634,6.484126984126984,True,100.0
COFFEEDAY,2020-01-01 00:00:00+05:30,2026-08-04 00:00:00+05:30,1633,6.48015873015873,True,100.0
COFORGE,2020-01-01 00:00:00+05:30,2026-08-04 00:00:00+05:30,1634,6.484126984126984,True,100.0
COHANCE,2020-03-09 00:00:00+05:30,2026-08-04 00:00:00+05:30,1587,6.2976190476190474,True,100.0
COLPAL,2020-01-01 00:00:00+05:30,2026-08-04 00:00:00+05:30,1634,6.484126984126984,True,100.0
COMSYN,2024-01-23 00:00:00+05:30,2026-08-04 00:00:00+05:30,626,2.484126984126984,True,49.682539682539684
CONCOR,2020-01-01 00:00:00+05:30,2026-08-04 00:00:00+05:30,1634,6.484126984126984,True,100.0
CONCORDBIO,2023-08-18 00:00:00+05:30,2026-08-04 00:00:00+05:30,732,2.9047619047619047,True,58.0952380952381
CONFIPET,2020-10-23 00:00:00+05:30,2026-08-04 00:00:00+05:30,1431,5.678571428571429,True,100.0
CONTROLPR,2020-01-01 00:00:00+05:30,2026-08-04 00:00:00+05:30,1632,6.476190476190476,True,100.0
CORDSCABLE,2020-01-01 00:00:00+05:30,2026-08-04 00:00:00+05:30,1633,6.48015873015873,True,100.0
COROMANDEL,2020-01-01 00:00:00+05:30,2026-08-04 00:00:00+05:30,1634,6.484126984126984,True,100.0
COSMOFIRST,2020-01-01 00:00:00+05:30,2026-08-04 00:00:00+05:30,1633,6.48015873015873,True,100.0
CRAFTSMAN,2021-03-25 00:00:00+05:30,2026-08-04 00:00:00+05:30,1324,5.253968253968254,True,100.0
CREDITACC,2020-01-01 00:00:00+05:30,2026-08-04 00:00:00+05:30,1634,6.484126984126984,True,100.0
CREST,2020-01-01 00:00:00+05:30,2026-08-04 00:00:00+05:30,1632,6.476190476190476,True,100.0
CRISIL,2020-01-01 00:00:00+05:30,2026-08-04 00:00:00+05:30,1634,6.484126984126984,True,100.0
CROMPTON,2020-01-01 00:00:00+05:30,2026-08-04 00:00:00+05:30,1634,6.484126984126984,True,100.0
CSBBANK,2020-01-01 00:00:00+05:30,2026-08-04 00:00:00+05:30,1634,6.484126984126984,True,100.0
CSLFINANCE,2022-07-21 00:00:00+05:30,2026-08-04 00:00:00+05:30,996,3.9523809523809526,True,79.04761904761905
CUB,2020-01-01 00:00:00+05:30,2026-08-04 00:00:00+05:30,1634,6.484126984126984,True,100.0
CUMMINSIND,2020-01-01 00:00:00+05:30,2026-08-04 00:00:00+05:30,1634,6.484126984126984,True,100.0
CUPID,2020-01-01 00:00:00+05:30,2026-08-04 00:00:00+05:30,1634,6.484126984126984,True,100.0
CYBERTECH,2020-01-01 00:00:00+05:30,2026-08-04 00:00:00+05:30,1633,6.48015873015873,True,100.0
CYIENT,2020-01-01 00:00:00+05:30,2026-08-04 00:00:00+05:30,1634,6.484126984126984,True,100.0
CYIENTDLM,2023-07-10 00:00:00+05:30,2026-08-04 00:00:00+05:30,760,3.015873015873016,True,60.317460317460316
DABUR,2020-01-01 00:00:00+05:30,2026-08-04 00:00:00+05:30,1634,6.484126984126984,True,100.0
DALBHARAT,2020-01-01 00:00:00+05:30,2026-08-04 00:00:00+05:30,1633,6.48015873015873,True,100.0
DALMIASUG,2020-01-01 00:00:00+05:30,2026-08-04 00:00:00+05:30,1632,6.476190476190476,True,100.0
DAMCAPITAL,2024-12-27 00:00:00+05:30,2026-08-04 00:00:00+05:30,399,1.5833333333333333,True,31.666666666666664
DATAMATICS,2020-01-01 00:00:00+05:30,2026-08-04 00:00:00+05:30,1634,6.484126984126984,True,100.0
DATAPATTNS,2021-12-24 00:00:00+05:30,2026-08-04 00:00:00+05:30,1141,4.527777777777778,True,90.55555555555556
DBCORP,2020-01-01 00:00:00+05:30,2026-08-04 00:00:00+05:30,1633,6.48015873015873,True,100.0
DBL,2020-01-01 00:00:00+05:30,2026-08-04 00:00:00+05:30,1632,6.476190476190476,True,100.0
DBOL,2022-09-08 00:00:00+05:30,2026-08-04 00:00:00+05:30,965,3.8293650793650795,True,76.5873015873016
DBREALTY,2020-01-01 00:00:00+05:30,2026-08-04 00:00:00+05:30,1634,6.484126984126984,True,100.0
DCAL,2020-01-01 00:00:00+05:30,2026-08-04 00:00:00+05:30,1633,6.48015873015873,True,100.0
DCBBANK,2020-01-01 00:00:00+05:30,2026-08-04 00:00:00+05:30,1634,6.484126984126984,True,100.0
DCMSHRIRAM,2020-01-01 00:00:00+05:30,2026-08-04 00:00:00+05:30,1633,6.48015873015873,True,100.0
DCW,2020-01-01 00:00:00+05:30,2026-08-04 00:00:00+05:30,1634,6.484126984126984,True,100.0
DCXINDIA,2022-11-11 00:00:00+05:30,2026-08-04 00:00:00+05:30,923,3.6626984126984126,True,73.25396825396825
DDEVPLSTIK,2025-01-15 00:00:00+05:30,2026-08-04 00:00:00+05:30,385,1.5277777777777777,True,30.555555555555557
DECCANCE,2020-01-01 00:00:00+05:30,2026-08-04 00:00:00+05:30,1632,6.476190476190476,True,100.0
DEEDEV,2024-06-26 00:00:00+05:30,2026-08-04 00:00:00+05:30,524,2.0793650793650795,True,41.58730158730159
DEEPAKFERT,2020-01-01 00:00:00+05:30,2026-08-04 00:00:00+05:30,1634,6.484126984126984,True,100.0
DEEPAKNTR,2020-01-01 00:00:00+05:30,2026-08-04 00:00:00+05:30,1633,6.48015873015873,True,100.0
DEEPINDS,2021-04-27 00:00:00+05:30,2026-08-04 00:00:00+05:30,1307,5.186507936507937,True,100.0
DELHIVERY,2022-05-24 00:00:00+05:30,2026-08-04 00:00:00+05:30,1040,4.126984126984127,True,82.53968253968253
DELTACORP,2020-01-01 00:00:00+05:30,2026-08-04 00:00:00+05:30,1634,6.484126984126984,True,100.0
DEN,2020-01-01 00:00:00+05:30,2026-08-04 00:00:00+05:30,1632,6.476190476190476,True,100.0
DENORA,2020-01-01 00:00:00+05:30,2026-08-04 00:00:00+05:30,1633,6.48015873015873,True,100.0
DENTA,2025-01-29 00:00:00+05:30,2026-08-04 00:00:00+05:30,376,1.492063492063492,True,29.841269841269842
DENTALKART,2023-06-02 00:00:00+05:30,2026-07-31 00:00:00+05:30,781,3.0992063492063493,True,61.98412698412699
DEVYANI,2021-08-16 00:00:00+05:30,2026-08-04 00:00:00+05:30,1230,4.880952380952381,True,97.61904761904762
DHAMPURSUG,2020-01-01 00:00:00+05:30,2026-08-04 00:00:00+05:30,1634,6.484126984126984,True,100.0
DHANBANK,2020-01-01 00:00:00+05:30,2026-08-04 00:00:00+05:30,1634,6.484126984126984,True,100.0
DHANUKA,2020-01-01 00:00:00+05:30,2026-08-04 00:00:00+05:30,1632,6.476190476190476,True,100.0
DHARMAJ,2022-12-08 00:00:00+05:30,2026-08-04 00:00:00+05:30,903,3.5833333333333335,True,71.66666666666667
DIACABS,2020-01-01 00:00:00+05:30,2026-08-04 00:00:00+05:30,1634,6.484126984126984,True,100.0
DIAMONDYD,2020-01-01 00:00:00+05:30,2026-08-04 00:00:00+05:30,1632,6.476190476190476,True,100.0
DIFFNKG,2024-10-04 00:00:00+05:30,2026-08-04 00:00:00+05:30,454,1.8015873015873016,True,36.03174603174603
DIVGIITTS,2023-03-14 00:00:00+05:30,2026-08-04 00:00:00+05:30,836,3.3174603174603177,True,66.34920634920634
DIVISLAB,2020-01-01 00:00:00+05:30,2026-08-04 00:00:00+05:30,1633,6.48015873015873,True,100.0
DIXON,2020-01-01 00:00:00+05:30,2026-08-04 00:00:00+05:30,1634,6.484126984126984,True,100.0
DLF,2020-01-01 00:00:00+05:30,2026-08-04 00:00:00+05:30,1634,6.484126984126984,True,100.0
DLINKINDIA,2020-01-01 00:00:00+05:30,2026-08-04 00:00:00+05:30,1634,6.484126984126984,True,100.0
DMART,2020-01-01 00:00:00+05:30,2026-08-04 00:00:00+05:30,1634,6.484126984126984,True,100.0
DMCC,2021-12-01 00:00:00+05:30,2026-08-04 00:00:00+05:30,1156,4.587301587301587,True,91.74603174603175
DODLA,2021-06-28 00:00:00+05:30,2026-08-04 00:00:00+05:30,1262,5.007936507936508,True,100.0
DOLATALGO,2020-01-01 00:00:00+05:30,2026-08-04 00:00:00+05:30,1633,6.48015873015873,True,100.0
DOLLAR,2020-01-01 00:00:00+05:30,2026-08-04 00:00:00+05:30,1633,6.48015873015873,True,100.0
DOMS,2023-12-20 00:00:00+05:30,2026-08-04 00:00:00+05:30,648,2.5714285714285716,True,51.42857142857142
DONEAR,2020-01-01 00:00:00+05:30,2026-08-04 00:00:00+05:30,1633,6.48015873015873,True,100.0
DPABHUSHAN,2020-01-01 00:00:00+05:30,2026-08-04 00:00:00+05:30,1632,6.476190476190476,True,100.0
DPEL,2024-07-02 00:00:00+05:30,2026-07-31 00:00:00+05:30,519,2.0595238095238093,True,41.19047619047619
DREAMFOLKS,2022-09-06 00:00:00+05:30,2026-08-04 00:00:00+05:30,967,3.8373015873015874,True,76.74603174603175
DREDGECORP,2020-01-01 00:00:00+05:30,2026-08-04 00:00:00+05:30,1634,6.484126984126984,True,100.0
DRREDDY,2020-01-01 00:00:00+05:30,2026-08-04 00:00:00+05:30,1634,6.484126984126984,True,100.0
DSSL,2020-01-01 00:00:00+05:30,2026-08-04 00:00:00+05:30,1633,6.48015873015873,True,100.0
DVL,2020-01-01 00:00:00+05:30,2026-08-04 00:00:00+05:30,1632,6.476190476190476,True,100.0
DWARKESH,2020-01-01 00:00:00+05:30,2026-08-04 00:00:00+05:30,1633,6.48015873015873,True,100.0
DYCL,2022-07-27 00:00:00+05:30,2026-08-04 00:00:00+05:30,994,3.9444444444444446,True,78.88888888888889
DYNAMATECH,2020-01-01 00:00:00+05:30,2026-08-04 00:00:00+05:30,1633,6.48015873015873,True,100.0
DYNPRO,2020-01-01 00:00:00+05:30,2026-08-04 00:00:00+05:30,1633,6.48015873015873,True,100.0
E2E,2020-01-01 00:00:00+05:30,2026-08-04 00:00:00+05:30,1634,6.484126984126984,True,100.0
ECLERX,2020-01-01 00:00:00+05:30,2026-08-04 00:00:00+05:30,1634,6.484126984126984,True,100.0
ECOSMOBLTY,2024-09-04 00:00:00+05:30,2026-08-04 00:00:00+05:30,477,1.8928571428571428,True,37.857142857142854
EDELWEISS,2020-01-01 00:00:00+05:30,2026-08-04 00:00:00+05:30,1634,6.484126984126984,True,100.0
EFFWA,2024-07-12 00:00:00+05:30,2026-07-31 00:00:00+05:30,510,2.0238095238095237,True,40.476190476190474
EICHERMOT,2020-01-01 00:00:00+05:30,2026-08-04 00:00:00+05:30,1634,6.484126984126984,True,100.0
EIDPARRY,2020-01-01 00:00:00+05:30,2026-08-04 00:00:00+05:30,1633,6.48015873015873,True,100.0
EIEL,2024-11-29 00:00:00+05:30,2026-08-04 00:00:00+05:30,418,1.6587301587301588,True,33.17460317460317
EIHAHOTELS,2020-01-01 00:00:00+05:30,2026-08-04 00:00:00+05:30,1633,6.48015873015873,True,100.0
EIHOTEL,2020-01-01 00:00:00+05:30,2026-08-04 00:00:00+05:30,1634,6.484126984126984,True,100.0
EIMCOELECO,2020-01-01 00:00:00+05:30,2026-08-04 00:00:00+05:30,1632,6.476190476190476,True,100.0
EKC,2020-01-01 00:00:00+05:30,2026-08-04 00:00:00+05:30,1633,6.48015873015873,True,100.0
ELECON,2020-01-01 00:00:00+05:30,2026-08-04 00:00:00+05:30,1634,6.484126984126984,True,100.0
ELECTCAST,2020-01-01 00:00:00+05:30,2026-08-04 00:00:00+05:30,1634,6.484126984126984,True,100.0
ELECTHERM,2020-01-01 00:00:00+05:30,2026-08-04 00:00:00+05:30,1633,6.48015873015873,True,100.0
ELGIEQUIP,2020-01-01 00:00:00+05:30,2026-08-04 00:00:00+05:30,1634,6.484126984126984,True,100.0
ELIN,2022-12-30 00:00:00+05:30,2026-08-04 00:00:00+05:30,887,3.5198412698412698,True,70.3968253968254
EMAMILTD,2020-01-01 00:00:00+05:30,2026-08-04 00:00:00+05:30,1634,6.484126984126984,True,100.0
EMBASSY,2020-01-01 00:00:00+05:30,2026-07-31 00:00:00+05:30,1632,6.476190476190476,True,100.0
EMBDL,2020-01-01 00:00:00+05:30,2026-08-04 00:00:00+05:30,1634,6.484126984126984,True,100.0
EMCURE,2024-07-10 00:00:00+05:30,2026-08-04 00:00:00+05:30,514,2.0396825396825395,True,40.79365079365079
EMIL,2022-10-17 00:00:00+05:30,2026-08-04 00:00:00+05:30,940,3.7301587301587302,True,74.60317460317461
EMKAY,2020-01-01 00:00:00+05:30,2026-08-04 00:00:00+05:30,1633,6.48015873015873,True,100.0
EMSLIMITED,2023-09-21 00:00:00+05:30,2026-08-04 00:00:00+05:30,709,2.8134920634920637,True,56.26984126984127
EMUDHRA,2022-06-01 00:00:00+05:30,2026-08-04 00:00:00+05:30,1033,4.099206349206349,True,81.98412698412699
ENDURANCE,2020-01-01 00:00:00+05:30,2026-08-04 00:00:00+05:30,1634,6.484126984126984,True,100.0
ENGINERSIN,2020-01-01 00:00:00+05:30,2026-08-04 00:00:00+05:30,1634,6.484126984126984,True,100.0
ENTERO,2024-02-16 00:00:00+05:30,2026-08-04 00:00:00+05:30,609,2.4166666666666665,True,48.333333333333336
EPACK,2024-01-30 00:00:00+05:30,2026-08-04 00:00:00+05:30,623,2.4722222222222223,True,49.44444444444444
EPIGRAL,2021-08-18 00:00:00+05:30,2026-08-04 00:00:00+05:30,1226,4.865079365079365,True,97.3015873015873
EPL,2020-01-01 00:00:00+05:30,2026-08-04 00:00:00+05:30,1633,6.48015873015873,True,100.0
EQUITASBNK,2020-11-02 00:00:00+05:30,2026-08-04 00:00:00+05:30,1425,5.654761904761905,True,100.0
ERIS,2020-01-01 00:00:00+05:30,2026-08-04 00:00:00+05:30,1632,6.476190476190476,True,100.0
ESABINDIA,2020-01-01 00:00:00+05:30,2026-08-04 00:00:00+05:30,1632,6.476190476190476,True,100.0
ESAFSFB,2023-11-10 00:00:00+05:30,2026-08-04 00:00:00+05:30,674,2.6746031746031744,True,53.492063492063494
ESCORTS,2020-01-01 00:00:00+05:30,2026-08-04 00:00:00+05:30,1634,6.484126984126984,True,100.0
ESFL,2023-07-06 00:00:00+05:30,2026-07-31 00:00:00+05:30,758,3.007936507936508,True,60.15873015873016
ESSARSHPNG,2020-01-01 00:00:00+05:30,2026-08-04 00:00:00+05:30,1633,6.48015873015873,True,100.0
ESTER,2020-01-01 00:00:00+05:30,2026-08-04 00:00:00+05:30,1634,6.484126984126984,True,100.0
ETERNAL,2021-07-23 00:00:00+05:30,2026-08-04 00:00:00+05:30,1246,4.944444444444445,True,98.88888888888889
ETHOSLTD,2022-05-30 00:00:00+05:30,2026-08-04 00:00:00+05:30,1035,4.107142857142857,True,82.14285714285714
EUREKAFORB,2024-09-11 00:00:00+05:30,2026-08-04 00:00:00+05:30,471,1.869047619047619,True,37.38095238095238
EVEREADY,2020-01-01 00:00:00+05:30,2026-08-04 00:00:00+05:30,1633,6.48015873015873,True,100.0
EVERESTIND,2020-01-01 00:00:00+05:30,2026-08-04 00:00:00+05:30,1632,6.476190476190476,True,100.0
EXCELINDUS,2020-01-01 00:00:00+05:30,2026-08-04 00:00:00+05:30,1632,6.476190476190476,True,100.0
EXICOM,2024-03-05 00:00:00+05:30,2026-08-04 00:00:00+05:30,598,2.373015873015873,True,47.460317460317455
EXIDEIND,2020-01-01 00:00:00+05:30,2026-08-04 00:00:00+05:30,1634,6.484126984126984,True,100.0
EXPLEOSOL,2020-01-01 00:00:00+05:30,2026-08-04 00:00:00+05:30,1632,6.476190476190476,True,100.0
FACT,2020-01-01 00:00:00+05:30,2026-08-04 00:00:00+05:30,1634,6.484126984126984,True,100.0
FAIRCHEMOR,2020-12-24 00:00:00+05:30,2026-08-04 00:00:00+05:30,1386,5.5,True,100.0
FAZE3Q,2022-11-18 00:00:00+05:30,2026-08-04 00:00:00+05:30,917,3.638888888888889,True,72.77777777777777
FCL,2020-01-01 00:00:00+05:30,2026-08-04 00:00:00+05:30,1634,6.484126984126984,True,100.0
FDC,2020-01-01 00:00:00+05:30,2026-08-04 00:00:00+05:30,1633,6.48015873015873,True,100.0
FEDERALBNK,2020-01-01 00:00:00+05:30,2026-08-04 00:00:00+05:30,1634,6.484126984126984,True,100.0
FEDFINA,2023-11-30 00:00:00+05:30,2026-08-04 00:00:00+05:30,663,2.630952380952381,True,52.61904761904762
FIEMIND,2020-01-01 00:00:00+05:30,2026-08-04 00:00:00+05:30,1634,6.484126984126984,True,100.0
FILATEX,2020-01-01 00:00:00+05:30,2026-08-04 00:00:00+05:30,1633,6.48015873015873,True,100.0
FINCABLES,2020-01-01 00:00:00+05:30,2026-08-04 00:00:00+05:30,1634,6.484126984126984,True,100.0
FINEORG,2020-01-01 00:00:00+05:30,2026-08-04 00:00:00+05:30,1634,6.484126984126984,True,100.0
FINOPB,2021-11-12 00:00:00+05:30,2026-08-04 00:00:00+05:30,1170,4.642857142857143,True,92.85714285714286
FINPIPE,2020-01-01 00:00:00+05:30,2026-08-04 00:00:00+05:30,1632,6.476190476190476,True,100.0
FIRSTCRY,2024-08-13 00:00:00+05:30,2026-08-04 00:00:00+05:30,492,1.9523809523809523,True,39.04761904761905
FIVESTAR,2022-11-21 00:00:00+05:30,2026-08-04 00:00:00+05:30,916,3.634920634920635,True,72.6984126984127
FLAIR,2023-12-01 00:00:00+05:30,2026-08-04 00:00:00+05:30,661,2.623015873015873,True,52.46031746031746
FLUOROCHEM,2020-01-01 00:00:00+05:30,2026-08-04 00:00:00+05:30,1634,6.484126984126984,True,100.0
FMGOETZE,2020-01-01 00:00:00+05:30,2026-08-04 00:00:00+05:30,1632,6.476190476190476,True,100.0
FOCUS,2020-01-01 00:00:00+05:30,2026-08-04 00:00:00+05:30,1631,6.472222222222222,True,100.0
FOODSIN,2021-11-16 00:00:00+05:30,2026-08-04 00:00:00+05:30,1167,4.630952380952381,True,92.61904761904762
FORCEMOT,2020-01-01 00:00:00+05:30,2026-08-04 00:00:00+05:30,1593,6.321428571428571,True,100.0
FORTIS,2020-01-01 00:00:00+05:30,2026-08-04 00:00:00+05:30,1634,6.484126984126984,True,100.0
FOSECOIND,2020-01-01 00:00:00+05:30,2026-08-04 00:00:00+05:30,1633,6.48015873015873,True,100.0
FSL,2020-01-01 00:00:00+05:30,2026-08-04 00:00:00+05:30,1634,6.484126984126984,True,100.0
FUSION,2022-11-15 00:00:00+05:30,2026-08-04 00:00:00+05:30,920,3.6507936507936507,True,73.01587301587301
GABRIEL,2020-01-01 00:00:00+05:30,2026-08-04 00:00:00+05:30,1634,6.484126984126984,True,100.0
GAEL,2020-01-01 00:00:00+05:30,2026-08-04 00:00:00+05:30,1634,6.484126984126984,True,100.0
GAIL,2020-01-01 00:00:00+05:30,2026-08-04 00:00:00+05:30,1634,6.484126984126984,True,100.0
GALAPREC,2024-09-09 00:00:00+05:30,2026-08-04 00:00:00+05:30,473,1.876984126984127,True,37.53968253968254
GALAXYSURF,2020-01-01 00:00:00+05:30,2026-08-04 00:00:00+05:30,1632,6.476190476190476,True,100.0
GALLANTT,2020-01-01 00:00:00+05:30,2026-08-04 00:00:00+05:30,1633,6.48015873015873,True,100.0
GANDHAR,2023-11-30 00:00:00+05:30,2026-08-04 00:00:00+05:30,663,2.630952380952381,True,52.61904761904762
GANDHITUBE,2020-01-01 00:00:00+05:30,2026-08-04 00:00:00+05:30,1632,6.476190476190476,True,100.0
GANECOS,2020-01-01 00:00:00+05:30,2026-08-04 00:00:00+05:30,1634,6.484126984126984,True,100.0
GANESHBE,2021-09-16 00:00:00+05:30,2026-08-04 00:00:00+05:30,1208,4.7936507936507935,True,95.87301587301587
GANESHHOU,2020-01-01 00:00:00+05:30,2026-08-04 00:00:00+05:30,1633,6.48015873015873,True,100.0
GARFIBRES,2020-01-01 00:00:00+05:30,2026-08-04 00:00:00+05:30,1633,6.48015873015873,True,100.0
GARUDA,2024-10-15 00:00:00+05:30,2026-08-04 00:00:00+05:30,449,1.7817460317460319,True,35.63492063492063
GATEWAY,2022-03-22 00:00:00+05:30,2026-08-04 00:00:00+05:30,1082,4.2936507936507935,True,85.87301587301587
GAYAPROJ,2020-01-01 00:00:00+05:30,2026-08-04 00:00:00+05:30,1634,6.484126984126984,True,100.0
GEECEE,2020-01-01 00:00:00+05:30,2026-08-04 00:00:00+05:30,1633,6.48015873015873,True,100.0
GENESYS,2020-01-01 00:00:00+05:30,2026-08-04 00:00:00+05:30,1634,6.484126984126984,True,100.0
GENUSPOWER,2020-01-01 00:00:00+05:30,2026-08-04 00:00:00+05:30,1634,6.484126984126984,True,100.0
GEOJITFSL,2020-01-01 00:00:00+05:30,2026-08-04 00:00:00+05:30,1633,6.48015873015873,True,100.0
GESHIP,2020-01-01 00:00:00+05:30,2026-08-04 00:00:00+05:30,1634,6.484126984126984,True,100.0
GGBL,2024-07-12 00:00:00+05:30,2026-07-31 00:00:00+05:30,511,2.0277777777777777,True,40.55555555555556
GHCL,2020-01-01 00:00:00+05:30,2026-08-04 00:00:00+05:30,1634,6.484126984126984,True,100.0
GHCLTEXTIL,2023-06-12 00:00:00+05:30,2026-08-04 00:00:00+05:30,778,3.0873015873015874,True,61.74603174603175
GICHSGFIN,2020-01-01 00:00:00+05:30,2026-08-04 00:00:00+05:30,1633,6.48015873015873,True,100.0
GICRE,2020-01-01 00:00:00+05:30,2026-08-04 00:00:00+05:30,1634,6.484126984126984,True,100.0
GILLETTE,2020-01-01 00:00:00+05:30,2026-08-04 00:00:00+05:30,1634,6.484126984126984,True,100.0
GIPCL,2020-01-01 00:00:00+05:30,2026-08-04 00:00:00+05:30,1634,6.484126984126984,True,100.0
GLAND,2020-11-20 00:00:00+05:30,2026-08-04 00:00:00+05:30,1410,5.595238095238095,True,100.0
GLAXO,2020-01-01 00:00:00+05:30,2026-08-04 00:00:00+05:30,1634,6.484126984126984,True,100.0
GLENMARK,2020-01-01 00:00:00+05:30,2026-08-04 00:00:00+05:30,1634,6.484126984126984,True,100.0
GLOBAL,2020-01-01 00:00:00+05:30,2026-08-04 00:00:00+05:30,1632,6.476190476190476,True,100.0
GLOBUSSPR,2020-01-01 00:00:00+05:30,2026-08-04 00:00:00+05:30,1633,6.48015873015873,True,100.0
GMBREW,2020-01-01 00:00:00+05:30,2026-08-04 00:00:00+05:30,1634,6.484126984126984,True,100.0
GMDCLTD,2020-01-01 00:00:00+05:30,2026-08-04 00:00:00+05:30,1634,6.484126984126984,True,100.0
GMMPFAUDLR,2020-01-01 00:00:00+05:30,2026-08-04 00:00:00+05:30,1633,6.48015873015873,True,100.0
GMRAIRPORT,2020-01-01 00:00:00+05:30,2026-08-04 00:00:00+05:30,1634,6.484126984126984,True,100.0
GMRP&UI,2022-03-23 00:00:00+05:30,2026-08-04 00:00:00+05:30,1081,4.2896825396825395,True,85.79365079365078
GNA,2020-01-01 00:00:00+05:30,2026-08-04 00:00:00+05:30,1634,6.484126984126984,True,100.0
GNFC,2020-01-01 00:00:00+05:30,2026-08-04 00:00:00+05:30,1634,6.484126984126984,True,100.0
GOACARBON,2020-01-01 00:00:00+05:30,2026-08-04 00:00:00+05:30,1633,6.48015873015873,True,100.0
GOCLCORP,2020-01-01 00:00:00+05:30,2026-08-04 00:00:00+05:30,1633,6.48015873015873,True,100.0
GOCOLORS,2021-11-30 00:00:00+05:30,2026-08-04 00:00:00+05:30,1158,4.595238095238095,True,91.9047619047619
GODAVARIB,2024-10-30 00:00:00+05:30,2026-08-04 00:00:00+05:30,437,1.7341269841269842,True,34.682539682539684
GODFRYPHLP,2020-01-01 00:00:00+05:30,2026-08-04 00:00:00+05:30,1634,6.484126984126984,True,100.0
GODIGIT,2024-05-23 00:00:00+05:30,2026-08-04 00:00:00+05:30,547,2.1706349206349205,True,43.41269841269841
GODREJAGRO,2020-01-01 00:00:00+05:30,2026-08-04 00:00:00+05:30,1634,6.484126984126984,True,100.0
GODREJCP,2020-01-01 00:00:00+05:30,2026-08-04 00:00:00+05:30,1634,6.484126984126984,True,100.0
GODREJIND,2020-01-01 00:00:00+05:30,2026-08-04 00:00:00+05:30,1634,6.484126984126984,True,100.0
GODREJPROP,2020-01-01 00:00:00+05:30,2026-08-04 00:00:00+05:30,1634,6.484126984126984,True,100.0
GOKEX,2020-01-01 00:00:00+05:30,2026-08-04 00:00:00+05:30,1634,6.484126984126984,True,100.0
GOKULAGRO,2020-01-01 00:00:00+05:30,2026-08-04 00:00:00+05:30,1634,6.484126984126984,True,100.0
GOODLUCK,2020-01-01 00:00:00+05:30,2026-08-04 00:00:00+05:30,1633,6.48015873015873,True,100.0
GOODYEAR,2020-01-01 00:00:00+05:30,2026-08-04 00:00:00+05:30,1055,4.186507936507937,True,83.73015873015873
GOPAL,2024-03-14 00:00:00+05:30,2026-08-04 00:00:00+05:30,591,2.3452380952380953,True,46.904761904761905
GPECO,2024-06-24 00:00:00+05:30,2026-07-31 00:00:00+05:30,524,2.0793650793650795,True,41.58730158730159
GPIL,2020-01-01 00:00:00+05:30,2026-08-04 00:00:00+05:30,1634,6.484126984126984,True,100.0
GPPL,2020-01-01 00:00:00+05:30,2026-08-04 00:00:00+05:30,1634,6.484126984126984,True,100.0
GPTHEALTH,2024-02-29 00:00:00+05:30,2026-08-04 00:00:00+05:30,599,2.376984126984127,True,47.53968253968254
GPTINFRA,2020-01-01 00:00:00+05:30,2026-08-04 00:00:00+05:30,1633,6.48015873015873,True,100.0
GRANULES,2020-01-01 00:00:00+05:30,2026-08-04 00:00:00+05:30,1633,6.48015873015873,True,100.0
GRAPHITE,2020-01-01 00:00:00+05:30,2026-08-04 00:00:00+05:30,1634,6.484126984126984,True,100.0
GRASIM,2020-01-01 00:00:00+05:30,2026-08-04 00:00:00+05:30,1634,6.484126984126984,True,100.0
GRAUWEIL,2021-08-05 00:00:00+05:30,2026-08-04 00:00:00+05:30,658,2.611111111111111,True,52.22222222222223
GRAVITA,2020-01-01 00:00:00+05:30,2026-08-04 00:00:00+05:30,1634,6.484126984126984,True,100.0
GREAVESCOT,2020-01-01 00:00:00+05:30,2026-08-04 00:00:00+05:30,1634,6.484126984126984,True,100.0
GREENLAM,2020-01-01 00:00:00+05:30,2026-08-04 00:00:00+05:30,1632,6.476190476190476,True,100.0
GREENPANEL,2020-01-01 00:00:00+05:30,2026-08-04 00:00:00+05:30,1634,6.484126984126984,True,100.0
GREENPLY,2020-01-01 00:00:00+05:30,2026-08-04 00:00:00+05:30,1634,6.484126984126984,True,100.0
GRINDWELL,2020-01-01 00:00:00+05:30,2026-08-04 00:00:00+05:30,1633,6.48015873015873,True,100.0
GRINFRA,2021-07-19 00:00:00+05:30,2026-08-04 00:00:00+05:30,1249,4.9563492063492065,True,99.12698412698413
GRMOVER,2022-09-07 00:00:00+05:30,2026-08-04 00:00:00+05:30,967,3.8373015873015874,True,76.74603174603175
GRPLTD,2020-01-01 00:00:00+05:30,2026-08-04 00:00:00+05:30,1632,6.476190476190476,True,100.0
GRSE,2020-01-01 00:00:00+05:30,2026-08-04 00:00:00+05:30,1634,6.484126984126984,True,100.0
GRWRHITECH,2022-02-03 00:00:00+05:30,2026-08-04 00:00:00+05:30,1113,4.416666666666667,True,88.33333333333333
GSFC,2020-01-01 00:00:00+05:30,2026-08-04 00:00:00+05:30,1634,6.484126984126984,True,100.0
GSLSU,2023-03-23 00:00:00+05:30,2026-08-04 00:00:00+05:30,829,3.2896825396825395,True,65.7936507936508
GSMFOILS,2024-05-31 00:00:00+05:30,2026-07-31 00:00:00+05:30,539,2.138888888888889,True,42.77777777777778
GUFICBIO,2020-01-01 00:00:00+05:30,2026-08-04 00:00:00+05:30,1634,6.484126984126984,True,100.0
GUJALKALI,2020-01-01 00:00:00+05:30,2026-08-04 00:00:00+05:30,1633,6.48015873015873,True,100.0
GUJTHEM,2025-02-25 00:00:00+05:30,2026-08-04 00:00:00+05:30,356,1.4126984126984128,True,28.253968253968253
GULFOILLUB,2020-01-01 00:00:00+05:30,2026-08-04 00:00:00+05:30,1634,6.484126984126984,True,100.0
GULPOLY,2020-01-01 00:00:00+05:30,2026-08-04 00:00:00+05:30,1633,6.48015873015873,True,100.0
GVPIL,2020-01-01 00:00:00+05:30,2026-08-04 00:00:00+05:30,1634,6.484126984126984,True,100.0
GVT&D,2020-01-01 00:00:00+05:30,2026-08-04 00:00:00+05:30,1634,6.484126984126984,True,100.0
HAL,2020-01-01 00:00:00+05:30,2026-08-04 00:00:00+05:30,1634,6.484126984126984,True,100.0
HAPPSTMNDS,2020-09-17 00:00:00+05:30,2026-08-04 00:00:00+05:30,1456,5.777777777777778,True,100.0
HAPPYFORGE,2023-12-27 00:00:00+05:30,2026-08-04 00:00:00+05:30,645,2.5595238095238093,True,51.19047619047619
HARDWYN,2022-04-12 00:00:00+05:30,2026-08-04 00:00:00+05:30,1067,4.234126984126984,True,84.68253968253968
HARIOMPIPE,2022-04-13 00:00:00+05:30,2026-08-04 00:00:00+05:30,1066,4.23015873015873,True,84.60317460317461
HARRMALAYA,2020-01-01 00:00:00+05:30,2026-08-04 00:00:00+05:30,1634,6.484126984126984,True,100.0
HARSHA,2022-09-26 00:00:00+05:30,2026-08-04 00:00:00+05:30,953,3.7817460317460316,True,75.63492063492063
HATSUN,2020-01-01 00:00:00+05:30,2026-08-04 00:00:00+05:30,1633,6.48015873015873,True,100.0
HAVELLS,2020-01-01 00:00:00+05:30,2026-08-04 00:00:00+05:30,1634,6.484126984126984,True,100.0
HBLENGINE,2020-01-01 00:00:00+05:30,2026-08-04 00:00:00+05:30,1634,6.484126984126984,True,100.0
HCC,2020-01-01 00:00:00+05:30,2026-08-04 00:00:00+05:30,1634,6.484126984126984,True,100.0
HCG,2020-01-01 00:00:00+05:30,2026-08-04 00:00:00+05:30,1634,6.484126984126984,True,100.0
HCLTECH,2020-01-01 00:00:00+05:30,2026-08-04 00:00:00+05:30,1634,6.484126984126984,True,100.0
HDFCAMC,2020-01-01 00:00:00+05:30,2026-08-04 00:00:00+05:30,1634,6.484126984126984,True,100.0
HDFCBANK,2020-01-01 00:00:00+05:30,2026-08-04 00:00:00+05:30,1634,6.484126984126984,True,100.0
HDFCLIFE,2020-01-01 00:00:00+05:30,2026-08-04 00:00:00+05:30,1634,6.484126984126984,True,100.0
HEG,2020-01-01 00:00:00+05:30,2026-08-04 00:00:00+05:30,1634,6.484126984126984,True,100.0
HEIDELBERG,2020-01-01 00:00:00+05:30,2026-08-04 00:00:00+05:30,1634,6.484126984126984,True,100.0
HEMIPROP,2020-10-22 00:00:00+05:30,2026-08-04 00:00:00+05:30,1432,5.682539682539683,True,100.0
HERANBA,2021-03-05 00:00:00+05:30,2026-08-04 00:00:00+05:30,1339,5.313492063492063,True,100.0
HERITGFOOD,2020-01-01 00:00:00+05:30,2026-08-04 00:00:00+05:30,1634,6.484126984126984,True,100.0
HEROMOTOCO,2020-01-01 00:00:00+05:30,2026-08-04 00:00:00+05:30,1634,6.484126984126984,True,100.0
HESTERBIO,2020-01-01 00:00:00+05:30,2026-08-04 00:00:00+05:30,1633,6.48015873015873,True,100.0
HEXT,2025-02-19 00:00:00+05:30,2026-08-04 00:00:00+05:30,359,1.4246031746031746,True,28.49206349206349
HFCL,2020-01-01 00:00:00+05:30,2026-08-04 00:00:00+05:30,1634,6.484126984126984,True,100.0
HGINFRA,2020-01-01 00:00:00+05:30,2026-08-04 00:00:00+05:30,1634,6.484126984126984,True,100.0
HGS,2020-01-01 00:00:00+05:30,2026-08-04 00:00:00+05:30,1633,6.48015873015873,True,100.0
HIKAL,2020-01-01 00:00:00+05:30,2026-08-04 00:00:00+05:30,1633,6.48015873015873,True,100.0
HIMATSEIDE,2020-01-01 00:00:00+05:30,2026-08-04 00:00:00+05:30,1634,6.484126984126984,True,100.0
HINDALCO,2020-01-01 00:00:00+05:30,2026-08-04 00:00:00+05:30,1634,6.484126984126984,True,100.0
HINDCOPPER,2020-01-01 00:00:00+05:30,2026-08-04 00:00:00+05:30,1634,6.484126984126984,True,100.0
HINDOILEXP,2020-01-01 00:00:00+05:30,2026-08-04 00:00:00+05:30,1634,6.484126984126984,True,100.0
HINDPETRO,2020-01-01 00:00:00+05:30,2026-08-04 00:00:00+05:30,1634,6.484126984126984,True,100.0
HINDUNILVR,2020-01-01 00:00:00+05:30,2026-08-04 00:00:00+05:30,1634,6.484126984126984,True,100.0
HINDWAREAP,2020-01-01 00:00:00+05:30,2026-08-04 00:00:00+05:30,1633,6.48015873015873,True,100.0
HINDZINC,2020-01-01 00:00:00+05:30,2026-08-04 00:00:00+05:30,1634,6.484126984126984,True,100.0
HIRECT,2020-01-01 00:00:00+05:30,2026-08-04 00:00:00+05:30,1634,6.484126984126984,True,100.0
HITECH,2020-01-01 00:00:00+05:30,2026-08-04 00:00:00+05:30,1634,6.484126984126984,True,100.0
HITECHGEAR,2020-01-01 00:00:00+05:30,2026-08-04 00:00:00+05:30,1632,6.476190476190476,True,100.0
HLEGLAS,2021-02-22 00:00:00+05:30,2026-08-04 00:00:00+05:30,1348,5.349206349206349,True,100.0
HMAAGRO,2023-07-04 00:00:00+05:30,2026-08-04 00:00:00+05:30,763,3.0277777777777777,True,60.55555555555555
HMVL,2020-01-01 00:00:00+05:30,2026-08-04 00:00:00+05:30,1632,6.476190476190476,True,100.0
HNDFDS,2020-01-01 00:00:00+05:30,2026-08-04 00:00:00+05:30,1633,6.48015873015873,True,100.0
HOMEFIRST,2021-02-03 00:00:00+05:30,2026-08-04 00:00:00+05:30,1360,5.396825396825397,True,100.0
HONASA,2023-11-07 00:00:00+05:30,2026-08-04 00:00:00+05:30,677,2.6865079365079363,True,53.73015873015873
HONAUT,2020-01-01 00:00:00+05:30,2026-08-04 00:00:00+05:30,1632,6.476190476190476,True,100.0
HPAL,2021-12-27 00:00:00+05:30,2026-08-04 00:00:00+05:30,1139,4.51984126984127,True,90.39682539682539
HPL,2020-01-01 00:00:00+05:30,2026-08-04 00:00:00+05:30,1634,6.484126984126984,True,100.0
HSCL,2020-01-01 00:00:00+05:30,2026-08-04 00:00:00+05:30,1634,6.484126984126984,True,100.0
HTMEDIA,2020-01-01 00:00:00+05:30,2026-08-04 00:00:00+05:30,1632,6.476190476190476,True,100.0
HUBTOWN,2020-01-01 00:00:00+05:30,2026-08-04 00:00:00+05:30,1634,6.484126984126984,True,100.0
HUDCO,2020-01-01 00:00:00+05:30,2026-08-04 00:00:00+05:30,1634,6.484126984126984,True,100.0
HUHTAMAKI,2020-01-01 00:00:00+05:30,2026-08-04 00:00:00+05:30,1634,6.484126984126984,True,100.0
HYUNDAI,2024-10-22 00:00:00+05:30,2026-08-04 00:00:00+05:30,444,1.7619047619047619,True,35.23809523809524
IBULLSLTD,2020-01-01 00:00:00+05:30,2026-08-04 00:00:00+05:30,1634,6.484126984126984,True,100.0
ICEMAKE,2020-01-01 00:00:00+05:30,2026-08-04 00:00:00+05:30,1633,6.48015873015873,True,100.0
ICICIBANK,2020-01-01 00:00:00+05:30,2026-08-04 00:00:00+05:30,1634,6.484126984126984,True,100.0
ICICIGI,2020-01-01 00:00:00+05:30,2026-08-04 00:00:00+05:30,1634,6.484126984126984,True,100.0
ICICIPRULI,2020-01-01 00:00:00+05:30,2026-08-04 00:00:00+05:30,1634,6.484126984126984,True,100.0
ICIL,2020-01-01 00:00:00+05:30,2026-08-04 00:00:00+05:30,1634,6.484126984126984,True,100.0
ICRA,2020-01-01 00:00:00+05:30,2026-08-04 00:00:00+05:30,1632,6.476190476190476,True,100.0
IDBI,2020-01-01 00:00:00+05:30,2026-08-04 00:00:00+05:30,1634,6.484126984126984,True,100.0
IDEAFORGE,2023-07-07 00:00:00+05:30,2026-08-04 00:00:00+05:30,761,3.0198412698412698,True,60.39682539682539
IDFCFIRSTB,2020-01-01 00:00:00+05:30,2026-08-04 00:00:00+05:30,1634,6.484126984126984,True,100.0
IEX,2020-01-01 00:00:00+05:30,2026-08-04 00:00:00+05:30,1634,6.484126984126984,True,100.0
IFBAGRO,2020-01-01 00:00:00+05:30,2026-08-04 00:00:00+05:30,1634,6.484126984126984,True,100.0
IFBIND,2020-01-01 00:00:00+05:30,2026-08-04 00:00:00+05:30,1634,6.484126984126984,True,100.0
IFCI,2020-01-01 00:00:00+05:30,2026-08-04 00:00:00+05:30,1634,6.484126984126984,True,100.0
IFGLEXPOR,2020-01-01 00:00:00+05:30,2026-08-04 00:00:00+05:30,1634,6.484126984126984,True,100.0
IGARASHI,2020-01-01 00:00:00+05:30,2026-08-04 00:00:00+05:30,1634,6.484126984126984,True,100.0
IGIL,2024-12-30 00:00:00+05:30,2026-08-04 00:00:00+05:30,397,1.5753968253968254,True,31.507936507936506
IGL,2020-01-01 00:00:00+05:30,2026-08-04 00:00:00+05:30,1634,6.484126984126984,True,100.0
IGPL,2020-01-01 00:00:00+05:30,2026-08-04 00:00:00+05:30,1632,6.476190476190476,True,100.0
IIFL,2020-01-01 00:00:00+05:30,2026-08-04 00:00:00+05:30,1634,6.484126984126984,True,100.0
IIFLCAPS,2020-01-01 00:00:00+05:30,2026-08-04 00:00:00+05:30,1633,6.48015873015873,True,100.0
IKIO,2023-06-16 00:00:00+05:30,2026-08-04 00:00:00+05:30,775,3.0753968253968256,True,61.50793650793651
IKS,2024-12-19 00:00:00+05:30,2026-08-04 00:00:00+05:30,403,1.5992063492063493,True,31.98412698412698
IMAGICAA,2020-01-01 00:00:00+05:30,2026-08-04 00:00:00+05:30,1633,6.48015873015873,True,100.0
IMFA,2020-01-01 00:00:00+05:30,2026-08-04 00:00:00+05:30,1634,6.484126984126984,True,100.0
INDGN,2024-05-13 00:00:00+05:30,2026-08-04 00:00:00+05:30,555,2.2023809523809526,True,44.047619047619044
INDHOTEL,2020-01-01 00:00:00+05:30,2026-08-04 00:00:00+05:30,1634,6.484126984126984,True,100.0
INDIACEM,2020-01-01 00:00:00+05:30,2026-08-04 00:00:00+05:30,1634,6.484126984126984,True,100.0
INDIAGLYCO,2020-01-01 00:00:00+05:30,2026-08-04 00:00:00+05:30,1634,6.484126984126984,True,100.0
INDIAMART,2020-01-01 00:00:00+05:30,2026-08-04 00:00:00+05:30,1634,6.484126984126984,True,100.0
INDIANB,2020-01-01 00:00:00+05:30,2026-08-04 00:00:00+05:30,1634,6.484126984126984,True,100.0
INDIANHUME,2020-01-01 00:00:00+05:30,2026-08-04 00:00:00+05:30,1633,6.48015873015873,True,100.0
INDIASHLTR,2023-12-20 00:00:00+05:30,2026-08-04 00:00:00+05:30,647,2.5674603174603177,True,51.34920634920634
INDIGO,2020-01-01 00:00:00+05:30,2026-08-04 00:00:00+05:30,1633,6.48015873015873,True,100.0
INDIGOPNTS,2021-02-02 00:00:00+05:30,2026-08-04 00:00:00+05:30,1362,5.404761904761905,True,100.0
INDIGRID,2020-01-01 00:00:00+05:30,2026-07-31 00:00:00+05:30,1631,6.472222222222222,True,100.0
INDNIPPON,2020-01-01 00:00:00+05:30,2026-08-04 00:00:00+05:30,1633,6.48015873015873,True,100.0
INDOAMIN,2022-04-29 00:00:00+05:30,2026-08-04 00:00:00+05:30,1055,4.186507936507937,True,83.73015873015873
INDOBORAX,2022-03-29 00:00:00+05:30,2026-08-04 00:00:00+05:30,1076,4.26984126984127,True,85.39682539682539
INDOCO,2020-01-01 00:00:00+05:30,2026-08-04 00:00:00+05:30,1634,6.484126984126984,True,100.0
INDOFARM,2025-01-07 00:00:00+05:30,2026-08-04 00:00:00+05:30,391,1.5515873015873016,True,31.03174603174603
INDORAMA,2020-01-01 00:00:00+05:30,2026-08-04 00:00:00+05:30,1634,6.484126984126984,True,100.0
INDOSTAR,2020-01-01 00:00:00+05:30,2026-08-04 00:00:00+05:30,1634,6.484126984126984,True,100.0
INDOTECH,2020-01-01 00:00:00+05:30,2026-08-04 00:00:00+05:30,1633,6.48015873015873,True,100.0
INDOTHAI,2020-01-01 00:00:00+05:30,2026-08-04 00:00:00+05:30,1633,6.48015873015873,True,100.0
INDRAMEDCO,2020-01-01 00:00:00+05:30,2026-08-04 00:00:00+05:30,1634,6.484126984126984,True,100.0
INDSWFTLAB,2020-01-01 00:00:00+05:30,2026-08-04 00:00:00+05:30,1633,6.48015873015873,True,100.0
INDUSINDBK,2020-01-01 00:00:00+05:30,2026-08-04 00:00:00+05:30,1634,6.484126984126984,True,100.0
INDUSTOWER,2020-01-01 00:00:00+05:30,2026-08-04 00:00:00+05:30,1634,6.484126984126984,True,100.0
INFOBEAN,2020-01-01 00:00:00+05:30,2026-08-04 00:00:00+05:30,1634,6.484126984126984,True,100.0
INFY,2020-01-01 00:00:00+05:30,2026-08-04 00:00:00+05:30,1634,6.484126984126984,True,100.0
INGERRAND,2020-01-01 00:00:00+05:30,2026-08-04 00:00:00+05:30,1634,6.484126984126984,True,100.0
INNOVACAP,2023-12-29 00:00:00+05:30,2026-08-04 00:00:00+05:30,642,2.5476190476190474,True,50.95238095238095
INOXGREEN,2022-11-23 00:00:00+05:30,2026-08-04 00:00:00+05:30,915,3.630952380952381,True,72.61904761904762
INOXINDIA,2023-12-21 00:00:00+05:30,2026-08-04 00:00:00+05:30,647,2.5674603174603177,True,51.34920634920634
INOXWIND,2020-01-01 00:00:00+05:30,2026-08-04 00:00:00+05:30,1634,6.484126984126984,True,100.0
INSECTICID,2020-01-01 00:00:00+05:30,2026-08-04 00:00:00+05:30,1633,6.48015873015873,True,100.0
INTELLECT,2020-01-01 00:00:00+05:30,2026-08-04 00:00:00+05:30,1634,6.484126984126984,True,100.0
INTENTECH,2020-01-01 00:00:00+05:30,2026-08-04 00:00:00+05:30,1632,6.476190476190476,True,100.0
INTERARCH,2024-08-26 00:00:00+05:30,2026-08-04 00:00:00+05:30,482,1.9126984126984128,True,38.25396825396825
INTLCONV,2021-09-16 00:00:00+05:30,2026-08-04 00:00:00+05:30,1209,4.7976190476190474,True,95.95238095238095
IOB,2020-01-01 00:00:00+05:30,2026-08-04 00:00:00+05:30,1634,6.484126984126984,True,100.0
IOC,2020-01-01 00:00:00+05:30,2026-08-04 00:00:00+05:30,1634,6.484126984126984,True,100.0
IOLCP,2020-01-01 00:00:00+05:30,2026-08-04 00:00:00+05:30,1634,6.484126984126984,True,100.0
IONEXCHANG,2022-02-22 00:00:00+05:30,2026-08-04 00:00:00+05:30,1099,4.361111111111111,True,87.22222222222223
IPCALAB,2020-01-01 00:00:00+05:30,2026-08-04 00:00:00+05:30,1633,6.48015873015873,True,100.0
IPL,2021-07-05 00:00:00+05:30,2026-08-04 00:00:00+05:30,1258,4.992063492063492,True,99.84126984126985
IRB,2020-01-01 00:00:00+05:30,2026-08-04 00:00:00+05:30,1634,6.484126984126984,True,100.0
IRBINVIT,2020-01-01 00:00:00+05:30,2026-07-31 00:00:00+05:30,1630,6.468253968253968,True,100.0
IRCON,2020-01-01 00:00:00+05:30,2026-08-04 00:00:00+05:30,1634,6.484126984126984,True,100.0
IRCTC,2020-01-01 00:00:00+05:30,2026-08-04 00:00:00+05:30,1634,6.484126984126984,True,100.0
IREDA,2023-11-29 00:00:00+05:30,2026-08-04 00:00:00+05:30,664,2.634920634920635,True,52.6984126984127
IRFC,2021-01-29 00:00:00+05:30,2026-08-04 00:00:00+05:30,1364,5.412698412698413,True,100.0
IRMENERGY,2023-10-26 00:00:00+05:30,2026-08-04 00:00:00+05:30,686,2.7222222222222223,True,54.44444444444444
ISGEC,2021-05-05 00:00:00+05:30,2026-08-04 00:00:00+05:30,1300,5.158730158730159,True,100.0
ITC,2020-01-01 00:00:00+05:30,2026-08-04 00:00:00+05:30,1634,6.484126984126984,True,100.0
ITCHOTELS,2025-01-29 00:00:00+05:30,2026-08-04 00:00:00+05:30,375,1.4880952380952381,True,29.761904761904763
ITDC,2020-01-01 00:00:00+05:30,2026-08-04 00:00:00+05:30,1633,6.48015873015873,True,100.0
ITI,2020-01-01 00:00:00+05:30,2026-08-04 00:00:00+05:30,1634,6.484126984126984,True,100.0
IXIGO,2024-06-18 00:00:00+05:30,2026-08-04 00:00:00+05:30,531,2.107142857142857,True,42.142857142857146
IZMO,2020-01-01 00:00:00+05:30,2026-08-04 00:00:00+05:30,1633,6.48015873015873,True,100.0
J&KBANK,2020-01-01 00:00:00+05:30,2026-08-04 00:00:00+05:30,1634,6.484126984126984,True,100.0
JAGRAN,2020-01-01 00:00:00+05:30,2026-08-04 00:00:00+05:30,1633,6.48015873015873,True,100.0
JAGSNPHARM,2020-01-01 00:00:00+05:30,2026-08-04 00:00:00+05:30,1634,6.484126984126984,True,100.0
JAIBALAJI,2020-01-01 00:00:00+05:30,2026-08-04 00:00:00+05:30,1634,6.484126984126984,True,100.0
JAICORPLTD,2020-01-01 00:00:00+05:30,2026-08-04 00:00:00+05:30,1634,6.484126984126984,True,100.0
JAMNAAUTO,2020-01-01 00:00:00+05:30,2026-08-04 00:00:00+05:30,1634,6.484126984126984,True,100.0
JASH,2020-01-01 00:00:00+05:30,2026-08-04 00:00:00+05:30,1632,6.476190476190476,True,100.0
JAYBARMARU,2020-01-01 00:00:00+05:30,2026-08-04 00:00:00+05:30,1633,6.48015873015873,True,100.0
JAYNECOIND,2020-01-01 00:00:00+05:30,2026-08-04 00:00:00+05:30,1634,6.484126984126984,True,100.0
JAYSREETEA,2020-01-01 00:00:00+05:30,2026-08-04 00:00:00+05:30,1632,6.476190476190476,True,100.0
JBCHEPHARM,2020-01-01 00:00:00+05:30,2026-07-23 00:00:00+05:30,1627,6.4563492063492065,True,100.0
JBMA,2020-01-01 00:00:00+05:30,2026-08-04 00:00:00+05:30,1634,6.484126984126984,True,100.0
JGCHEM,2024-03-13 00:00:00+05:30,2026-08-04 00:00:00+05:30,592,2.3492063492063493,True,46.98412698412698
JINDALPHOT,2020-01-01 00:00:00+05:30,2026-08-04 00:00:00+05:30,1632,6.476190476190476,True,100.0
JINDALPOLY,2020-01-01 00:00:00+05:30,2026-08-04 00:00:00+05:30,1634,6.484126984126984,True,100.0
JINDALSAW,2020-01-01 00:00:00+05:30,2026-08-04 00:00:00+05:30,1634,6.484126984126984,True,100.0
JINDALSTEL,2020-01-01 00:00:00+05:30,2026-08-04 00:00:00+05:30,1634,6.484126984126984,True,100.0
JINDRILL,2020-01-01 00:00:00+05:30,2026-08-04 00:00:00+05:30,1634,6.484126984126984,True,100.0
JINDWORLD,2020-01-01 00:00:00+05:30,2026-08-04 00:00:00+05:30,1634,6.484126984126984,True,100.0
JIOFIN,2023-08-21 00:00:00+05:30,2026-08-04 00:00:00+05:30,731,2.9007936507936507,True,58.01587301587302
JISLJALEQS,2020-01-01 00:00:00+05:30,2026-08-04 00:00:00+05:30,1634,6.484126984126984,True,100.0
JITFINFRA,2020-01-01 00:00:00+05:30,2026-08-04 00:00:00+05:30,1633,6.48015873015873,True,100.0
JKCEMENT,2020-01-01 00:00:00+05:30,2026-08-04 00:00:00+05:30,1634,6.484126984126984,True,100.0
JKIL,2020-01-01 00:00:00+05:30,2026-08-04 00:00:00+05:30,1634,6.484126984126984,True,100.0
JKLAKSHMI,2020-01-01 00:00:00+05:30,2026-08-04 00:00:00+05:30,1634,6.484126984126984,True,100.0
JKPAPER,2020-01-01 00:00:00+05:30,2026-08-04 00:00:00+05:30,1633,6.48015873015873,True,100.0
JKTYRE,2020-01-01 00:00:00+05:30,2026-08-04 00:00:00+05:30,1634,6.484126984126984,True,100.0
JLHL,2023-09-18 00:00:00+05:30,2026-08-04 00:00:00+05:30,711,2.8214285714285716,True,56.42857142857143
JMFINANCIL,2020-01-01 00:00:00+05:30,2026-08-04 00:00:00+05:30,1634,6.484126984126984,True,100.0
JNKINDIA,2024-04-30 00:00:00+05:30,2026-08-04 00:00:00+05:30,562,2.2301587301587302,True,44.60317460317461
JPOLYINVST,2020-01-01 00:00:00+05:30,2026-08-04 00:00:00+05:30,1632,6.476190476190476,True,100.0
JSFB,2024-02-14 00:00:00+05:30,2026-08-04 00:00:00+05:30,612,2.4285714285714284,True,48.57142857142857
JSL,2020-01-01 00:00:00+05:30,2026-08-04 00:00:00+05:30,1634,6.484126984126984,True,100.0
JSLL,2022-05-04 00:00:00+05:30,2026-08-04 00:00:00+05:30,1053,4.178571428571429,True,83.57142857142857
JSWDULUX,2020-01-01 00:00:00+05:30,2026-08-04 00:00:00+05:30,1634,6.484126984126984,True,100.0
JSWENERGY,2020-01-01 00:00:00+05:30,2026-08-04 00:00:00+05:30,1634,6.484126984126984,True,100.0
JSWHL,2020-01-01 00:00:00+05:30,2026-08-04 00:00:00+05:30,1634,6.484126984126984,True,100.0
JSWINFRA,2023-10-03 00:00:00+05:30,2026-08-04 00:00:00+05:30,702,2.7857142857142856,True,55.714285714285715
JSWSTEEL,2020-01-01 00:00:00+05:30,2026-08-04 00:00:00+05:30,1634,6.484126984126984,True,100.0
JTEKTINDIA,2020-01-01 00:00:00+05:30,2026-08-04 00:00:00+05:30,1634,6.484126984126984,True,100.0
JTLIND,2021-12-23 00:00:00+05:30,2026-08-04 00:00:00+05:30,1141,4.527777777777778,True,90.55555555555556
JUBLCPL,2025-02-14 00:00:00+05:30,2026-08-04 00:00:00+05:30,362,1.4365079365079365,True,28.730158730158728
JUBLFOOD,2020-01-01 00:00:00+05:30,2026-08-04 00:00:00+05:30,1634,6.484126984126984,True,100.0
JUBLINGREA,2021-03-19 00:00:00+05:30,2026-08-04 00:00:00+05:30,1330,5.277777777777778,True,100.0
JUBLPHARMA,2020-01-01 00:00:00+05:30,2026-08-04 00:00:00+05:30,1633,6.48015873015873,True,100.0
JUNIPER,2024-02-28 00:00:00+05:30,2026-08-04 00:00:00+05:30,602,2.388888888888889,True,47.77777777777778
JUSTDIAL,2020-01-01 00:00:00+05:30,2026-08-04 00:00:00+05:30,1634,6.484126984126984,True,100.0
JWL,2020-01-01 00:00:00+05:30,2026-08-04 00:00:00+05:30,1634,6.484126984126984,True,100.0
JYOTHYLAB,2020-01-01 00:00:00+05:30,2026-08-04 00:00:00+05:30,1634,6.484126984126984,True,100.0
JYOTICNC,2024-01-16 00:00:00+05:30,2026-08-04 00:00:00+05:30,631,2.503968253968254,True,50.079365079365076
KABRAEXTRU,2020-01-01 00:00:00+05:30,2026-08-04 00:00:00+05:30,1633,6.48015873015873,True,100.0
KAJARIACER,2020-01-01 00:00:00+05:30,2026-08-04 00:00:00+05:30,1634,6.484126984126984,True,100.0
KALAMANDIR,2023-09-27 00:00:00+05:30,2026-08-04 00:00:00+05:30,705,2.7976190476190474,True,55.952380952380956
KALYANKJIL,2021-03-26 00:00:00+05:30,2026-08-04 00:00:00+05:30,1325,5.257936507936508,True,100.0
KAMATHOTEL,2020-01-01 00:00:00+05:30,2026-08-04 00:00:00+05:30,1633,6.48015873015873,True,100.0
KAMDHENU,2020-01-01 00:00:00+05:30,2026-08-04 00:00:00+05:30,1634,6.484126984126984,True,100.0
KANSAINER,2020-01-01 00:00:00+05:30,2026-08-04 00:00:00+05:30,1632,6.476190476190476,True,100.0
KARURVYSYA,2020-01-01 00:00:00+05:30,2026-08-04 00:00:00+05:30,1634,6.484126984126984,True,100.0
KAYNES,2022-11-22 00:00:00+05:30,2026-08-04 00:00:00+05:30,916,3.634920634920635,True,72.6984126984127
KCP,2020-01-01 00:00:00+05:30,2026-08-04 00:00:00+05:30,1633,6.48015873015873,True,100.0
KCPSUGIND,2020-01-01 00:00:00+05:30,2026-08-04 00:00:00+05:30,1633,6.48015873015873,True,100.0
KDDL,2020-01-01 00:00:00+05:30,2026-08-04 00:00:00+05:30,1632,6.476190476190476,True,100.0
KEC,2020-01-01 00:00:00+05:30,2026-08-04 00:00:00+05:30,1634,6.484126984126984,True,100.0
KECL,2020-01-01 00:00:00+05:30,2026-08-04 00:00:00+05:30,1634,6.484126984126984,True,100.0
KEI,2020-01-01 00:00:00+05:30,2026-08-04 00:00:00+05:30,1634,6.484126984126984,True,100.0
KENNAMET,2020-01-01 00:00:00+05:30,2026-08-04 00:00:00+05:30,1055,4.186507936507937,True,83.73015873015873
KERNEX,2020-01-01 00:00:00+05:30,2026-08-04 00:00:00+05:30,1634,6.484126984126984,True,100.0
KFINTECH,2022-12-29 00:00:00+05:30,2026-08-04 00:00:00+05:30,889,3.5277777777777777,True,70.55555555555556
KHAICHEM,2020-10-30 00:00:00+05:30,2026-08-04 00:00:00+05:30,1425,5.654761904761905,True,100.0
KICL,2020-01-01 00:00:00+05:30,2026-08-04 00:00:00+05:30,1632,6.476190476190476,True,100.0
KIMS,2021-06-28 00:00:00+05:30,2026-08-04 00:00:00+05:30,1264,5.015873015873016,True,100.0
KINGFA,2020-01-01 00:00:00+05:30,2026-08-04 00:00:00+05:30,1632,6.476190476190476,True,100.0
KIOCL,2020-01-01 00:00:00+05:30,2026-08-04 00:00:00+05:30,1634,6.484126984126984,True,100.0
KIRIINDUS,2020-01-01 00:00:00+05:30,2026-08-04 00:00:00+05:30,1634,6.484126984126984,True,100.0
KIRLFER,2020-01-01 00:00:00+05:30,2026-08-04 00:00:00+05:30,1055,4.186507936507937,True,83.73015873015873
KIRLOSBROS,2020-01-01 00:00:00+05:30,2026-08-04 00:00:00+05:30,1634,6.484126984126984,True,100.0
KIRLOSENG,2020-01-01 00:00:00+05:30,2026-08-04 00:00:00+05:30,1633,6.48015873015873,True,100.0
KIRLOSIND,2020-01-01 00:00:00+05:30,2026-08-04 00:00:00+05:30,1633,6.48015873015873,True,100.0
KIRLPNU,2023-04-26 00:00:00+05:30,2026-08-04 00:00:00+05:30,810,3.2142857142857144,True,64.28571428571429
KITEX,2020-01-01 00:00:00+05:30,2026-08-04 00:00:00+05:30,1634,6.484126984126984,True,100.0
KKCL,2020-01-01 00:00:00+05:30,2026-08-04 00:00:00+05:30,1632,6.476190476190476,True,100.0
KMEW,2024-12-06 00:00:00+05:30,2026-08-04 00:00:00+05:30,413,1.6388888888888888,True,32.77777777777778
KMSUGAR,2020-01-01 00:00:00+05:30,2026-08-04 00:00:00+05:30,1634,6.484126984126984,True,100.0
KNRCON,2020-01-01 00:00:00+05:30,2026-08-04 00:00:00+05:30,1634,6.484126984126984,True,100.0
KODYTECH,2023-09-27 00:00:00+05:30,2026-07-31 00:00:00+05:30,702,2.7857142857142856,True,55.714285714285715
KOKUYOCMLN,2020-01-01 00:00:00+05:30,2026-08-04 00:00:00+05:30,1633,6.48015873015873,True,100.0
KOLTEPATIL,2020-01-01 00:00:00+05:30,2026-08-04 00:00:00+05:30,1632,6.476190476190476,True,100.0
KOPRAN,2020-01-01 00:00:00+05:30,2026-08-04 00:00:00+05:30,1634,6.484126984126984,True,100.0
KOTAKBANK,2020-01-01 00:00:00+05:30,2026-08-04 00:00:00+05:30,1634,6.484126984126984,True,100.0
KOTHARIPET,2020-01-01 00:00:00+05:30,2026-08-04 00:00:00+05:30,1632,6.476190476190476,True,100.0
KOTYARK,2021-11-17 00:00:00+05:30,2026-08-04 00:00:00+05:30,1167,4.630952380952381,True,92.61904761904762
KOVAI,2020-01-01 00:00:00+05:30,2026-08-04 00:00:00+05:30,1054,4.182539682539683,True,83.65079365079366
KPEL,2024-11-21 00:00:00+05:30,2026-08-04 00:00:00+05:30,423,1.6785714285714286,True,33.57142857142857
KPIGREEN,2021-07-27 00:00:00+05:30,2026-08-04 00:00:00+05:30,1244,4.936507936507937,True,98.73015873015873
KPIL,2020-01-01 00:00:00+05:30,2026-08-04 00:00:00+05:30,1633,6.48015873015873,True,100.0
KPITTECH,2020-01-01 00:00:00+05:30,2026-08-04 00:00:00+05:30,1634,6.484126984126984,True,100.0
KPRMILL,2020-01-01 00:00:00+05:30,2026-08-04 00:00:00+05:30,1634,6.484126984126984,True,100.0
KRBL,2020-01-01 00:00:00+05:30,2026-08-04 00:00:00+05:30,1633,6.48015873015873,True,100.0
KRISHANA,2020-01-01 00:00:00+05:30,2026-08-04 00:00:00+05:30,1634,6.484126984126984,True,100.0
KRISHNADEF,2022-04-22 00:00:00+05:30,2026-08-04 00:00:00+05:30,1059,4.2023809523809526,True,84.04761904761905
KRN,2024-10-03 00:00:00+05:30,2026-08-04 00:00:00+05:30,457,1.8134920634920635,True,36.269841269841265
KRONOX,2024-06-10 00:00:00+05:30,2026-08-04 00:00:00+05:30,535,2.123015873015873,True,42.46031746031746
KROSS,2024-09-16 00:00:00+05:30,2026-08-04 00:00:00+05:30,469,1.8611111111111112,True,37.22222222222222
KRSNAA,2021-08-16 00:00:00+05:30,2026-08-04 00:00:00+05:30,1230,4.880952380952381,True,97.61904761904762
KRYSTAL,2024-03-21 00:00:00+05:30,2026-08-04 00:00:00+05:30,585,2.3214285714285716,True,46.42857142857143
KSB,2020-01-01 00:00:00+05:30,2026-08-04 00:00:00+05:30,1634,6.484126984126984,True,100.0
KSCL,2020-01-01 00:00:00+05:30,2026-08-04 00:00:00+05:30,1633,6.48015873015873,True,100.0
KSL,2020-01-01 00:00:00+05:30,2026-08-04 00:00:00+05:30,1634,6.484126984126984,True,100.0
KSOLVES,2020-08-07 00:00:00+05:30,2026-08-04 00:00:00+05:30,1485,5.892857142857143,True,100.0
KTKBANK,2020-01-01 00:00:00+05:30,2026-08-04 00:00:00+05:30,1634,6.484126984126984,True,100.0
KUANTUM,2020-01-01 00:00:00+05:30,2026-08-04 00:00:00+05:30,1632,6.476190476190476,True,100.0
LALPATHLAB,2020-01-01 00:00:00+05:30,2026-08-04 00:00:00+05:30,1634,6.484126984126984,True,100.0
LANDMARK,2022-12-23 00:00:00+05:30,2026-08-04 00:00:00+05:30,892,3.5396825396825395,True,70.7936507936508
LAOPALA,2020-01-01 00:00:00+05:30,2026-08-04 00:00:00+05:30,1634,6.484126984126984,True,100.0
LATENTVIEW,2021-11-23 00:00:00+05:30,2026-08-04 00:00:00+05:30,1164,4.619047619047619,True,92.38095238095238
LAURUSLABS,2020-01-01 00:00:00+05:30,2026-08-04 00:00:00+05:30,1634,6.484126984126984,True,100.0
LAXMIDENTL,2025-01-20 00:00:00+05:30,2026-08-04 00:00:00+05:30,383,1.5198412698412698,True,30.396825396825395
LEMONTREE,2020-01-01 00:00:00+05:30,2026-08-04 00:00:00+05:30,1634,6.484126984126984,True,100.0
LGBBROSLTD,2020-01-01 00:00:00+05:30,2026-08-04 00:00:00+05:30,1634,6.484126984126984,True,100.0
LIBERTSHOE,2020-01-01 00:00:00+05:30,2026-08-04 00:00:00+05:30,1633,6.48015873015873,True,100.0
LICHSGFIN,2020-01-01 00:00:00+05:30,2026-08-04 00:00:00+05:30,1634,6.484126984126984,True,100.0
LICI,2022-05-17 00:00:00+05:30,2026-08-04 00:00:00+05:30,1045,4.146825396825397,True,82.93650793650794
LIKHITHA,2020-10-15 00:00:00+05:30,2026-08-04 00:00:00+05:30,1437,5.7023809523809526,True,100.0
LINC,2020-01-01 00:00:00+05:30,2026-08-04 00:00:00+05:30,1633,6.48015873015873,True,100.0
LINCOLN,2020-01-01 00:00:00+05:30,2026-08-04 00:00:00+05:30,1632,6.476190476190476,True,100.0
LINDEINDIA,2020-01-01 00:00:00+05:30,2026-08-04 00:00:00+05:30,1633,6.48015873015873,True,100.0
LLOYDSENGG,2020-01-01 00:00:00+05:30,2026-08-04 00:00:00+05:30,1634,6.484126984126984,True,100.0
LLOYDSENT,2024-10-17 00:00:00+05:30,2026-08-04 00:00:00+05:30,446,1.7698412698412698,True,35.3968253968254
LLOYDSME,2023-07-17 00:00:00+05:30,2026-08-04 00:00:00+05:30,755,2.996031746031746,True,59.92063492063492
LMW,2020-01-01 00:00:00+05:30,2026-08-04 00:00:00+05:30,1632,6.476190476190476,True,100.0
LODHA,2021-04-19 00:00:00+05:30,2026-08-04 00:00:00+05:30,1312,5.2063492063492065,True,100.0
LOKESHMACH,2020-01-01 00:00:00+05:30,2026-08-04 00:00:00+05:30,1633,6.48015873015873,True,100.0
LT,2020-01-01 00:00:00+05:30,2026-08-04 00:00:00+05:30,1634,6.484126984126984,True,100.0
LTF,2020-01-01 00:00:00+05:30,2026-08-04 00:00:00+05:30,1634,6.484126984126984,True,100.0
LTFOODS,2020-01-01 00:00:00+05:30,2026-08-04 00:00:00+05:30,1634,6.484126984126984,True,100.0
LTM,2020-01-01 00:00:00+05:30,2026-08-04 00:00:00+05:30,1634,6.484126984126984,True,100.0
LTTS,2020-01-01 00:00:00+05:30,2026-08-04 00:00:00+05:30,1634,6.484126984126984,True,100.0
LUMAXIND,2020-01-01 00:00:00+05:30,2026-08-04 00:00:00+05:30,1633,6.48015873015873,True,100.0
LUMAXTECH,2020-01-01 00:00:00+05:30,2026-08-04 00:00:00+05:30,1633,6.48015873015873,True,100.0
LUPIN,2020-01-01 00:00:00+05:30,2026-08-04 00:00:00+05:30,1634,6.484126984126984,True,100.0
LUXIND,2020-01-01 00:00:00+05:30,2026-08-04 00:00:00+05:30,1634,6.484126984126984,True,100.0
LXCHEM,2021-03-25 00:00:00+05:30,2026-08-04 00:00:00+05:30,1326,5.261904761904762,True,100.0
LYKALABS,2020-01-01 00:00:00+05:30,2026-08-04 00:00:00+05:30,1632,6.476190476190476,True,100.0
M&M,2020-01-01 00:00:00+05:30,2026-08-04 00:00:00+05:30,1634,6.484126984126984,True,100.0
M&MFIN,2020-01-01 00:00:00+05:30,2026-08-04 00:00:00+05:30,1634,6.484126984126984,True,100.0
MAANALU,2020-01-01 00:00:00+05:30,2026-08-04 00:00:00+05:30,1633,6.48015873015873,True,100.0
MACPOWER,2020-01-01 00:00:00+05:30,2026-08-04 00:00:00+05:30,1633,6.48015873015873,True,100.0
MADRASFERT,2020-01-01 00:00:00+05:30,2026-08-04 00:00:00+05:30,1632,6.476190476190476,True,100.0
MAGADSUGAR,2020-01-01 00:00:00+05:30,2026-08-04 00:00:00+05:30,1633,6.48015873015873,True,100.0
MAHABANK,2020-01-01 00:00:00+05:30,2026-08-04 00:00:00+05:30,1634,6.484126984126984,True,100.0
MAHASTEEL,2020-01-01 00:00:00+05:30,2026-08-04 00:00:00+05:30,1632,6.476190476190476,True,100.0
MAHLIFE,2020-01-01 00:00:00+05:30,2026-08-04 00:00:00+05:30,1634,6.484126984126984,True,100.0
MAHLOG,2020-01-01 00:00:00+05:30,2026-08-04 00:00:00+05:30,1634,6.484126984126984,True,100.0
MAHSCOOTER,2020-01-01 00:00:00+05:30,2026-08-04 00:00:00+05:30,1633,6.48015873015873,True,100.0
MAHSEAMLES,2020-01-01 00:00:00+05:30,2026-08-04 00:00:00+05:30,1634,6.484126984126984,True,100.0
MAITHANALL,2020-01-01 00:00:00+05:30,2026-08-04 00:00:00+05:30,1634,6.484126984126984,True,100.0
MAMATA,2024-12-27 00:00:00+05:30,2026-08-04 00:00:00+05:30,399,1.5833333333333333,True,31.666666666666664
MANAKCOAT,2020-01-01 00:00:00+05:30,2026-08-04 00:00:00+05:30,1633,6.48015873015873,True,100.0
MANAKSTEEL,2020-01-01 00:00:00+05:30,2026-08-04 00:00:00+05:30,1633,6.48015873015873,True,100.0
MANALIPETC,2020-01-01 00:00:00+05:30,2026-08-04 00:00:00+05:30,1634,6.484126984126984,True,100.0
MANAPPURAM,2020-01-01 00:00:00+05:30,2026-08-04 00:00:00+05:30,1634,6.484126984126984,True,100.0
MANBA,2024-09-30 00:00:00+05:30,2026-08-04 00:00:00+05:30,457,1.8134920634920635,True,36.269841269841265
MANCREDIT,2024-08-16 00:00:00+05:30,2026-08-04 00:00:00+05:30,488,1.9365079365079365,True,38.730158730158735
MANGLMCEM,2020-01-01 00:00:00+05:30,2026-08-04 00:00:00+05:30,1632,6.476190476190476,True,100.0
MANINDS,2020-01-01 00:00:00+05:30,2026-08-04 00:00:00+05:30,1634,6.484126984126984,True,100.0
MANINFRA,2020-01-01 00:00:00+05:30,2026-08-04 00:00:00+05:30,1633,6.48015873015873,True,100.0
MANKIND,2023-05-09 00:00:00+05:30,2026-08-04 00:00:00+05:30,802,3.1825396825396823,True,63.650793650793645
MANORAMA,2022-07-01 00:00:00+05:30,2026-08-04 00:00:00+05:30,1012,4.015873015873016,True,80.31746031746032
MANYAVAR,2022-02-16 00:00:00+05:30,2026-08-04 00:00:00+05:30,1103,4.376984126984127,True,87.53968253968254
MAPMYINDIA,2021-12-21 00:00:00+05:30,2026-08-04 00:00:00+05:30,1143,4.535714285714286,True,90.71428571428571
MARATHON,2020-01-01 00:00:00+05:30,2026-08-04 00:00:00+05:30,1634,6.484126984126984,True,100.0
MARICO,2020-01-01 00:00:00+05:30,2026-08-04 00:00:00+05:30,1634,6.484126984126984,True,100.0
MARINE,2020-01-01 00:00:00+05:30,2026-08-04 00:00:00+05:30,1634,6.484126984126984,True,100.0
MARKSANS,2020-01-01 00:00:00+05:30,2026-08-04 00:00:00+05:30,1634,6.484126984126984,True,100.0
MARUTI,2020-01-01 00:00:00+05:30,2026-08-04 00:00:00+05:30,1634,6.484126984126984,True,100.0
MASFIN,2020-01-01 00:00:00+05:30,2026-08-04 00:00:00+05:30,1634,6.484126984126984,True,100.0
MASTEK,2020-01-01 00:00:00+05:30,2026-08-04 00:00:00+05:30,1634,6.484126984126984,True,100.0
MASTERTR,2024-12-06 00:00:00+05:30,2026-08-04 00:00:00+05:30,411,1.630952380952381,True,32.61904761904762
MATRIMONY,2020-01-01 00:00:00+05:30,2026-08-04 00:00:00+05:30,1633,6.48015873015873,True,100.0
MAWANASUG,2020-01-01 00:00:00+05:30,2026-08-04 00:00:00+05:30,1634,6.484126984126984,True,100.0
MAXESTATES,2023-10-30 00:00:00+05:30,2026-08-04 00:00:00+05:30,682,2.7063492063492065,True,54.12698412698413
MAXHEALTH,2020-08-21 00:00:00+05:30,2026-08-04 00:00:00+05:30,1475,5.853174603174603,True,100.0
MAXIND,2020-08-28 00:00:00+05:30,2026-08-04 00:00:00+05:30,1468,5.825396825396825,True,100.0
MAYURUNIQ,2020-01-01 00:00:00+05:30,2026-08-04 00:00:00+05:30,1632,6.476190476190476,True,100.0
MAZDA,2020-01-01 00:00:00+05:30,2026-08-04 00:00:00+05:30,1634,6.484126984126984,True,100.0
MAZDOCK,2020-10-12 00:00:00+05:30,2026-08-04 00:00:00+05:30,1440,5.714285714285714,True,100.0
MBAPL,2020-01-01 00:00:00+05:30,2026-08-04 00:00:00+05:30,1634,6.484126984126984,True,100.0
MCLEODRUSS,2020-01-01 00:00:00+05:30,2026-08-04 00:00:00+05:30,1632,6.476190476190476,True,100.0
MCLOUD,2025-02-07 00:00:00+05:30,2026-08-04 00:00:00+05:30,368,1.4603174603174602,True,29.20634920634921
MCX,2020-01-01 00:00:00+05:30,2026-08-04 00:00:00+05:30,1634,6.484126984126984,True,100.0
MEDANTA,2022-11-18 00:00:00+05:30,2026-08-04 00:00:00+05:30,917,3.638888888888889,True,72.77777777777777
MEDIASSIST,2024-01-23 00:00:00+05:30,2026-08-04 00:00:00+05:30,626,2.484126984126984,True,49.682539682539684
MEDICO,2022-05-26 00:00:00+05:30,2026-08-04 00:00:00+05:30,1037,4.115079365079365,True,82.3015873015873
MEDPLUS,2021-12-23 00:00:00+05:30,2026-08-04 00:00:00+05:30,1140,4.523809523809524,True,90.47619047619048
MEGATHERM,2024-02-05 00:00:00+05:30,2026-07-31 00:00:00+05:30,615,2.4404761904761907,True,48.80952380952381
MENONBE,2020-01-01 00:00:00+05:30,2026-08-04 00:00:00+05:30,1633,6.48015873015873,True,100.0
METROBRAND,2021-12-22 00:00:00+05:30,2026-08-04 00:00:00+05:30,1141,4.527777777777778,True,90.55555555555556
METROPOLIS,2020-01-01 00:00:00+05:30,2026-08-04 00:00:00+05:30,1634,6.484126984126984,True,100.0
MFSL,2020-01-01 00:00:00+05:30,2026-08-04 00:00:00+05:30,1634,6.484126984126984,True,100.0
MGL,2020-01-01 00:00:00+05:30,2026-08-04 00:00:00+05:30,1633,6.48015873015873,True,100.0
MHRIL,2020-01-01 00:00:00+05:30,2026-08-04 00:00:00+05:30,1634,6.484126984126984,True,100.0
MICEL,2020-01-01 00:00:00+05:30,2026-08-04 00:00:00+05:30,1634,6.484126984126984,True,100.0
MIDHANI,2020-01-01 00:00:00+05:30,2026-08-04 00:00:00+05:30,1634,6.484126984126984,True,100.0
MINDACORP,2020-01-01 00:00:00+05:30,2026-08-04 00:00:00+05:30,1633,6.48015873015873,True,100.0
MINDSPACE,2020-08-07 00:00:00+05:30,2026-07-31 00:00:00+05:30,1483,5.884920634920635,True,100.0
MINDTECK,2020-01-01 00:00:00+05:30,2026-08-04 00:00:00+05:30,1633,6.48015873015873,True,100.0
MIRZAINT,2020-01-01 00:00:00+05:30,2026-08-04 00:00:00+05:30,1633,6.48015873015873,True,100.0
MMFL,2020-01-01 00:00:00+05:30,2026-08-04 00:00:00+05:30,1634,6.484126984126984,True,100.0
MMP,2020-01-01 00:00:00+05:30,2026-08-04 00:00:00+05:30,1632,6.476190476190476,True,100.0
MMTC,2020-01-01 00:00:00+05:30,2026-08-04 00:00:00+05:30,1634,6.484126984126984,True,100.0
MOBIKWIK,2024-12-18 00:00:00+05:30,2026-08-04 00:00:00+05:30,405,1.6071428571428572,True,32.142857142857146
MODISONLTD,2021-05-03 00:00:00+05:30,2026-08-04 00:00:00+05:30,1302,5.166666666666667,True,100.0
MOIL,2020-01-01 00:00:00+05:30,2026-08-04 00:00:00+05:30,1634,6.484126984126984,True,100.0
MOL,2021-08-18 00:00:00+05:30,2026-08-04 00:00:00+05:30,1228,4.873015873015873,True,97.46031746031746
MOLDTECH,2020-01-01 00:00:00+05:30,2026-08-04 00:00:00+05:30,1632,6.476190476190476,True,100.0
MOLDTKPAC,2020-01-01 00:00:00+05:30,2026-08-04 00:00:00+05:30,1633,6.48015873015873,True,100.0
MONARCH,2022-01-06 00:00:00+05:30,2026-08-04 00:00:00+05:30,1131,4.488095238095238,True,89.76190476190476
MONTECARLO,2020-01-01 00:00:00+05:30,2026-08-04 00:00:00+05:30,1632,6.476190476190476,True,100.0
MOREPENLAB,2020-01-01 00:00:00+05:30,2026-08-04 00:00:00+05:30,1634,6.484126984126984,True,100.0
MOSCHIP,2025-02-05 00:00:00+05:30,2026-08-04 00:00:00+05:30,370,1.4682539682539681,True,29.365079365079367
MOTHERSON,2020-01-01 00:00:00+05:30,2026-08-04 00:00:00+05:30,1634,6.484126984126984,True,100.0
MOTILALOFS,2020-01-01 00:00:00+05:30,2026-08-04 00:00:00+05:30,1634,6.484126984126984,True,100.0
MPHASIS,2020-01-01 00:00:00+05:30,2026-08-04 00:00:00+05:30,1634,6.484126984126984,True,100.0
MPSLTD,2020-01-01 00:00:00+05:30,2026-08-04 00:00:00+05:30,1632,6.476190476190476,True,100.0
MRF,2020-01-01 00:00:00+05:30,2026-08-04 00:00:00+05:30,1633,6.48015873015873,True,100.0
MRPL,2020-01-01 00:00:00+05:30,2026-08-04 00:00:00+05:30,1634,6.484126984126984,True,100.0
MSPL,2020-01-01 00:00:00+05:30,2026-08-04 00:00:00+05:30,1632,6.476190476190476,True,100.0
MSTCLTD,2020-01-01 00:00:00+05:30,2026-08-04 00:00:00+05:30,1634,6.484126984126984,True,100.0
MSUMI,2022-03-28 00:00:00+05:30,2026-08-04 00:00:00+05:30,1078,4.277777777777778,True,85.55555555555556
MTARTECH,2021-03-15 00:00:00+05:30,2026-08-04 00:00:00+05:30,1334,5.2936507936507935,True,100.0
MTNL,2020-01-01 00:00:00+05:30,2026-08-04 00:00:00+05:30,1634,6.484126984126984,True,100.0
MUFIN,2023-11-06 00:00:00+05:30,2026-08-04 00:00:00+05:30,679,2.6944444444444446,True,53.888888888888886
MUFTI,2023-12-27 00:00:00+05:30,2026-08-04 00:00:00+05:30,644,2.5555555555555554,True,51.11111111111111
MUKANDLTD,2020-01-01 00:00:00+05:30,2026-08-04 00:00:00+05:30,1634,6.484126984126984,True,100.0
MUKKA,2024-03-07 00:00:00+05:30,2026-08-04 00:00:00+05:30,595,2.361111111111111,True,47.22222222222222
MUNJALAU,2020-01-01 00:00:00+05:30,2026-08-04 00:00:00+05:30,1633,6.48015873015873,True,100.0
MUNJALSHOW,2020-01-01 00:00:00+05:30,2026-08-04 00:00:00+05:30,1634,6.484126984126984,True,100.0
MUTHOOTCAP,2020-01-01 00:00:00+05:30,2026-08-04 00:00:00+05:30,1633,6.48015873015873,True,100.0
MUTHOOTFIN,2020-01-01 00:00:00+05:30,2026-08-04 00:00:00+05:30,1634,6.484126984126984,True,100.0
MUTHOOTMF,2023-12-26 00:00:00+05:30,2026-08-04 00:00:00+05:30,644,2.5555555555555554,True,51.11111111111111
MVGJL,2023-10-03 00:00:00+05:30,2026-08-04 00:00:00+05:30,700,2.7777777777777777,True,55.55555555555556
MVKAGRO,2024-03-07 00:00:00+05:30,2026-07-31 00:00:00+05:30,592,2.3492063492063493,True,46.98412698412698
MWL,2022-07-25 00:00:00+05:30,2026-08-04 00:00:00+05:30,996,3.9523809523809526,True,79.04761904761905
NACLIND,2020-01-01 00:00:00+05:30,2026-08-04 00:00:00+05:30,1634,6.484126984126984,True,100.0
NAHARPOLY,2020-01-01 00:00:00+05:30,2026-08-04 00:00:00+05:30,1632,6.476190476190476,True,100.0
NAHARSPING,2020-01-01 00:00:00+05:30,2026-08-04 00:00:00+05:30,1633,6.48015873015873,True,100.0
NAM-INDIA,2020-01-01 00:00:00+05:30,2026-08-04 00:00:00+05:30,1634,6.484126984126984,True,100.0
NATCOPHARM,2020-01-01 00:00:00+05:30,2026-08-04 00:00:00+05:30,1634,6.484126984126984,True,100.0
NATIONALUM,2020-01-01 00:00:00+05:30,2026-08-04 00:00:00+05:30,1634,6.484126984126984,True,100.0
NAUKRI,2020-01-01 00:00:00+05:30,2026-08-04 00:00:00+05:30,1634,6.484126984126984,True,100.0
NAVA,2020-01-01 00:00:00+05:30,2026-08-04 00:00:00+05:30,1634,6.484126984126984,True,100.0
NAVINFLUOR,2020-01-01 00:00:00+05:30,2026-08-04 00:00:00+05:30,1633,6.48015873015873,True,100.0
NAVKARCORP,2020-01-01 00:00:00+05:30,2026-08-04 00:00:00+05:30,1634,6.484126984126984,True,100.0
NAVNETEDUL,2020-01-01 00:00:00+05:30,2026-08-04 00:00:00+05:30,1634,6.484126984126984,True,100.0
NAZARA,2021-03-30 00:00:00+05:30,2026-08-04 00:00:00+05:30,1324,5.253968253968254,True,100.0
NBCC,2020-01-01 00:00:00+05:30,2026-08-04 00:00:00+05:30,1634,6.484126984126984,True,100.0
NCC,2020-01-01 00:00:00+05:30,2026-08-04 00:00:00+05:30,1634,6.484126984126984,True,100.0
NCLIND,2020-01-01 00:00:00+05:30,2026-08-04 00:00:00+05:30,1633,6.48015873015873,True,100.0
NDRAUTO,2020-07-30 00:00:00+05:30,2026-08-04 00:00:00+05:30,1490,5.912698412698413,True,100.0
NDTV,2020-01-01 00:00:00+05:30,2026-08-04 00:00:00+05:30,1634,6.484126984126984,True,100.0
NELCAST,2020-01-01 00:00:00+05:30,2026-08-04 00:00:00+05:30,1633,6.48015873015873,True,100.0
NELCO,2020-01-01 00:00:00+05:30,2026-08-04 00:00:00+05:30,1634,6.484126984126984,True,100.0
NEOGEN,2020-01-01 00:00:00+05:30,2026-08-04 00:00:00+05:30,1634,6.484126984126984,True,100.0
NESCO,2020-01-01 00:00:00+05:30,2026-08-04 00:00:00+05:30,1632,6.476190476190476,True,100.0
NESTLEIND,2020-01-01 00:00:00+05:30,2026-08-04 00:00:00+05:30,1634,6.484126984126984,True,100.0
NETWEB,2023-07-27 00:00:00+05:30,2026-08-04 00:00:00+05:30,747,2.9642857142857144,True,59.285714285714285
NETWORK18,2020-01-01 00:00:00+05:30,2026-08-04 00:00:00+05:30,1634,6.484126984126984,True,100.0
NEULANDLAB,2020-01-01 00:00:00+05:30,2026-08-04 00:00:00+05:30,1634,6.484126984126984,True,100.0
NEWGEN,2020-01-01 00:00:00+05:30,2026-08-04 00:00:00+05:30,1634,6.484126984126984,True,100.0
NFL,2020-01-01 00:00:00+05:30,2026-08-04 00:00:00+05:30,1634,6.484126984126984,True,100.0
NGLFINE,2022-07-08 00:00:00+05:30,2026-08-04 00:00:00+05:30,1007,3.996031746031746,True,79.92063492063492
NH,2020-01-01 00:00:00+05:30,2026-08-04 00:00:00+05:30,1634,6.484126984126984,True,100.0
NHPC,2020-01-01 00:00:00+05:30,2026-08-04 00:00:00+05:30,1634,6.484126984126984,True,100.0
NIACL,2020-01-01 00:00:00+05:30,2026-08-04 00:00:00+05:30,1634,6.484126984126984,True,100.0
NIBE,2025-02-07 00:00:00+05:30,2026-08-04 00:00:00+05:30,368,1.4603174603174602,True,29.20634920634921
NIITLTD,2020-01-01 00:00:00+05:30,2026-08-04 00:00:00+05:30,1634,6.484126984126984,True,100.0
NIITMTS,2023-08-08 00:00:00+05:30,2026-08-04 00:00:00+05:30,736,2.9206349206349205,True,58.41269841269842
NILKAMAL,2020-01-01 00:00:00+05:30,2026-08-04 00:00:00+05:30,1632,6.476190476190476,True,100.0
NITCO,2020-01-01 00:00:00+05:30,2026-08-04 00:00:00+05:30,1633,6.48015873015873,True,100.0
NITINSPIN,2020-01-01 00:00:00+05:30,2026-08-04 00:00:00+05:30,1633,6.48015873015873,True,100.0
NIVABUPA,2024-11-14 00:00:00+05:30,2026-08-04 00:00:00+05:30,426,1.6904761904761905,True,33.80952380952381
NLCINDIA,2020-01-01 00:00:00+05:30,2026-08-04 00:00:00+05:30,1634,6.484126984126984,True,100.0
NMDC,2020-01-01 00:00:00+05:30,2026-08-04 00:00:00+05:30,1634,6.484126984126984,True,100.0
NOCIL,2020-01-01 00:00:00+05:30,2026-08-04 00:00:00+05:30,1634,6.484126984126984,True,100.0
NORTHARC,2024-09-24 00:00:00+05:30,2026-08-04 00:00:00+05:30,463,1.8373015873015872,True,36.74603174603175
NOVAAGRI,2024-01-31 00:00:00+05:30,2026-08-04 00:00:00+05:30,620,2.4603174603174605,True,49.2063492063492
NOVARTIND,2020-10-07 00:00:00+05:30,2026-08-04 00:00:00+05:30,863,3.4246031746031744,True,68.4920634920635
NPST,2021-09-16 00:00:00+05:30,2026-08-04 00:00:00+05:30,1206,4.785714285714286,True,95.71428571428572
NRAIL,2020-01-01 00:00:00+05:30,2026-08-04 00:00:00+05:30,1633,6.48015873015873,True,100.0
NRBBEARING,2020-01-01 00:00:00+05:30,2026-08-04 00:00:00+05:30,1633,6.48015873015873,True,100.0
NRL,2022-01-06 00:00:00+05:30,2026-08-04 00:00:00+05:30,1131,4.488095238095238,True,89.76190476190476
NSIL,2020-01-01 00:00:00+05:30,2026-08-04 00:00:00+05:30,1633,6.48015873015873,True,100.0
NSLNISP,2023-02-20 00:00:00+05:30,2026-08-04 00:00:00+05:30,853,3.384920634920635,True,67.6984126984127
NTPC,2020-01-01 00:00:00+05:30,2026-08-04 00:00:00+05:30,1634,6.484126984126984,True,100.0
NTPCGREEN,2024-11-27 00:00:00+05:30,2026-08-04 00:00:00+05:30,420,1.6666666666666667,True,33.33333333333333
NUCLEUS,2020-01-01 00:00:00+05:30,2026-08-04 00:00:00+05:30,1633,6.48015873015873,True,100.0
NURECA,2021-02-25 00:00:00+05:30,2026-08-04 00:00:00+05:30,1344,5.333333333333333,True,100.0
NUVAMA,2023-09-26 00:00:00+05:30,2026-08-04 00:00:00+05:30,706,2.8015873015873014,True,56.03174603174603
NUVOCO,2021-08-23 00:00:00+05:30,2026-08-04 00:00:00+05:30,1226,4.865079365079365,True,97.3015873015873
NXST,2023-05-19 00:00:00+05:30,2026-07-31 00:00:00+05:30,793,3.1468253968253967,True,62.93650793650794
NYKAA,2021-11-10 00:00:00+05:30,2026-08-04 00:00:00+05:30,1172,4.650793650793651,True,93.01587301587301
OAL,2020-04-15 00:00:00+05:30,2026-08-04 00:00:00+05:30,1564,6.2063492063492065,True,100.0
OBEROIRLTY,2020-01-01 00:00:00+05:30,2026-08-04 00:00:00+05:30,1633,6.48015873015873,True,100.0
OCCLLTD,2024-10-29 00:00:00+05:30,2026-08-04 00:00:00+05:30,436,1.7301587301587302,True,34.6031746031746
OFSS,2020-01-01 00:00:00+05:30,2026-08-04 00:00:00+05:30,1634,6.484126984126984,True,100.0
OIL,2020-01-01 00:00:00+05:30,2026-08-04 00:00:00+05:30,1634,6.484126984126984,True,100.0
OLAELEC,2024-08-09 00:00:00+05:30,2026-08-04 00:00:00+05:30,494,1.9603174603174602,True,39.20634920634921
OLECTRA,2020-01-01 00:00:00+05:30,2026-08-04 00:00:00+05:30,1634,6.484126984126984,True,100.0
OLIL,2023-10-11 00:00:00+05:30,2026-07-31 00:00:00+05:30,693,2.75,True,55.00000000000001
OMAXAUTO,2020-01-01 00:00:00+05:30,2026-08-04 00:00:00+05:30,1633,6.48015873015873,True,100.0
OMAXE,2020-01-01 00:00:00+05:30,2026-08-04 00:00:00+05:30,1633,6.48015873015873,True,100.0
OMINFRAL,2020-01-01 00:00:00+05:30,2026-08-04 00:00:00+05:30,1633,6.48015873015873,True,100.0
ONEPOINT,2020-01-01 00:00:00+05:30,2026-08-04 00:00:00+05:30,1633,6.48015873015873,True,100.0
ONESOURCE,2025-01-24 00:00:00+05:30,2026-08-04 00:00:00+05:30,379,1.503968253968254,True,30.07936507936508
ONGC,2020-01-01 00:00:00+05:30,2026-08-04 00:00:00+05:30,1634,6.484126984126984,True,100.0
ONMOBILE,2020-01-01 00:00:00+05:30,2026-08-04 00:00:00+05:30,1634,6.484126984126984,True,100.0
ONWARDTEC,2020-01-01 00:00:00+05:30,2026-08-04 00:00:00+05:30,1632,6.476190476190476,True,100.0
OPTIEMUS,2020-01-01 00:00:00+05:30,2026-08-04 00:00:00+05:30,1633,6.48015873015873,True,100.0
ORBTEXP,2020-01-01 00:00:00+05:30,2026-08-04 00:00:00+05:30,1632,6.476190476190476,True,100.0
ORCHPHARMA,2020-01-01 00:00:00+05:30,2026-08-04 00:00:00+05:30,1634,6.484126984126984,True,100.0
ORIANA,2023-08-11 00:00:00+05:30,2026-07-31 00:00:00+05:30,733,2.9087301587301586,True,58.17460317460318
ORICONENT,2020-01-01 00:00:00+05:30,2026-08-04 00:00:00+05:30,1633,6.48015873015873,True,100.0
ORIENTCEM,2020-01-01 00:00:00+05:30,2026-08-04 00:00:00+05:30,1633,6.48015873015873,True,100.0
ORIENTELEC,2020-01-01 00:00:00+05:30,2026-08-04 00:00:00+05:30,1634,6.484126984126984,True,100.0
ORIENTHOT,2020-01-01 00:00:00+05:30,2026-08-04 00:00:00+05:30,1634,6.484126984126984,True,100.0
ORIENTTECH,2024-08-28 00:00:00+05:30,2026-08-04 00:00:00+05:30,482,1.9126984126984128,True,38.25396825396825
ORISSAMINE,2020-01-01 00:00:00+05:30,2026-08-04 00:00:00+05:30,1634,6.484126984126984,True,100.0
OSWALGREEN,2020-01-01 00:00:00+05:30,2026-08-04 00:00:00+05:30,1634,6.484126984126984,True,100.0
PAGEIND,2020-01-01 00:00:00+05:30,2026-08-04 00:00:00+05:30,1632,6.476190476190476,True,100.0
PAISALO,2020-01-01 00:00:00+05:30,2026-08-04 00:00:00+05:30,1634,6.484126984126984,True,100.0
PAKKA,2023-07-11 00:00:00+05:30,2026-08-04 00:00:00+05:30,758,3.007936507936508,True,60.15873015873016
PANACEABIO,2020-01-01 00:00:00+05:30,2026-08-04 00:00:00+05:30,1634,6.484126984126984,True,100.0
PANAMAPET,2020-01-01 00:00:00+05:30,2026-08-04 00:00:00+05:30,1633,6.48015873015873,True,100.0
PARACABLES,2020-01-01 00:00:00+05:30,2026-08-04 00:00:00+05:30,1634,6.484126984126984,True,100.0
PARADEEP,2022-05-27 00:00:00+05:30,2026-08-04 00:00:00+05:30,1037,4.115079365079365,True,82.3015873015873
PARAGMILK,2020-01-01 00:00:00+05:30,2026-08-04 00:00:00+05:30,1634,6.484126984126984,True,100.0
PARAS,2021-10-01 00:00:00+05:30,2026-08-04 00:00:00+05:30,1198,4.753968253968254,True,95.07936507936508
PARKHOTELS,2024-02-12 00:00:00+05:30,2026-08-04 00:00:00+05:30,614,2.4365079365079363,True,48.73015873015873
PASUPTAC,2021-10-12 00:00:00+05:30,2026-08-04 00:00:00+05:30,1190,4.722222222222222,True,94.44444444444444
PATANJALI,2020-01-01 00:00:00+05:30,2026-08-04 00:00:00+05:30,1634,6.484126984126984,True,100.0
PATELENG,2020-01-01 00:00:00+05:30,2026-08-04 00:00:00+05:30,1634,6.484126984126984,True,100.0
PAYTM,2021-11-18 00:00:00+05:30,2026-08-04 00:00:00+05:30,1166,4.626984126984127,True,92.53968253968254
PCBL,2020-01-01 00:00:00+05:30,2026-08-04 00:00:00+05:30,1634,6.484126984126984,True,100.0
PCCL,2024-07-02 00:00:00+05:30,2026-07-31 00:00:00+05:30,518,2.0555555555555554,True,41.11111111111111
PDMJEPAPER,2020-01-01 00:00:00+05:30,2026-08-04 00:00:00+05:30,1633,6.48015873015873,True,100.0
PDSL,2020-01-01 00:00:00+05:30,2026-08-04 00:00:00+05:30,1633,6.48015873015873,True,100.0
PENIND,2020-01-01 00:00:00+05:30,2026-08-04 00:00:00+05:30,1633,6.48015873015873,True,100.0
PERSISTENT,2020-01-01 00:00:00+05:30,2026-08-04 00:00:00+05:30,1634,6.484126984126984,True,100.0
PETRONET,2020-01-01 00:00:00+05:30,2026-08-04 00:00:00+05:30,1634,6.484126984126984,True,100.0
PFC,2020-01-01 00:00:00+05:30,2026-08-04 00:00:00+05:30,1634,6.484126984126984,True,100.0
PFIZER,2020-01-01 00:00:00+05:30,2026-08-04 00:00:00+05:30,1633,6.48015873015873,True,100.0
PFOCUS,2020-01-01 00:00:00+05:30,2026-08-04 00:00:00+05:30,1633,6.48015873015873,True,100.0
PFS,2020-01-01 00:00:00+05:30,2026-08-04 00:00:00+05:30,1634,6.484126984126984,True,100.0
PGEL,2020-01-01 00:00:00+05:30,2026-08-04 00:00:00+05:30,1634,6.484126984126984,True,100.0
PGHH,2020-01-01 00:00:00+05:30,2026-08-04 00:00:00+05:30,1633,6.48015873015873,True,100.0
PGHL,2020-01-01 00:00:00+05:30,2026-08-04 00:00:00+05:30,1632,6.476190476190476,True,100.0
PGIL,2020-01-01 00:00:00+05:30,2026-08-04 00:00:00+05:30,1633,6.48015873015873,True,100.0
PGINVIT,2021-05-14 00:00:00+05:30,2026-07-31 00:00:00+05:30,1293,5.130952380952381,True,100.0
PHOENIXLTD,2020-01-01 00:00:00+05:30,2026-08-04 00:00:00+05:30,1632,6.476190476190476,True,100.0
PIDILITIND,2020-01-01 00:00:00+05:30,2026-08-04 00:00:00+05:30,1634,6.484126984126984,True,100.0
PIIND,2020-01-01 00:00:00+05:30,2026-08-04 00:00:00+05:30,1634,6.484126984126984,True,100.0
PILANIINVS,2020-01-01 00:00:00+05:30,2026-08-04 00:00:00+05:30,1632,6.476190476190476,True,100.0
PITTIENG,2020-01-01 00:00:00+05:30,2026-08-04 00:00:00+05:30,1632,6.476190476190476,True,100.0
PIXTRANS,2022-04-28 00:00:00+05:30,2026-08-04 00:00:00+05:30,1055,4.186507936507937,True,83.73015873015873
PLATIND,2024-03-05 00:00:00+05:30,2026-08-04 00:00:00+05:30,598,2.373015873015873,True,47.460317460317455
PNB,2020-01-01 00:00:00+05:30,2026-08-04 00:00:00+05:30,1634,6.484126984126984,True,100.0
PNBHOUSING,2020-01-01 00:00:00+05:30,2026-08-04 00:00:00+05:30,1634,6.484126984126984,True,100.0
PNCINFRA,2020-01-01 00:00:00+05:30,2026-08-04 00:00:00+05:30,1634,6.484126984126984,True,100.0
PNGJL,2024-09-17 00:00:00+05:30,2026-08-04 00:00:00+05:30,468,1.8571428571428572,True,37.142857142857146
POCL,2020-01-01 00:00:00+05:30,2026-08-04 00:00:00+05:30,1633,6.48015873015873,True,100.0
POKARNA,2020-01-01 00:00:00+05:30,2026-08-04 00:00:00+05:30,1634,6.484126984126984,True,100.0
POLICYBZR,2021-11-15 00:00:00+05:30,2026-08-04 00:00:00+05:30,1168,4.634920634920635,True,92.6984126984127
POLYCAB,2020-01-01 00:00:00+05:30,2026-08-04 00:00:00+05:30,1634,6.484126984126984,True,100.0
POLYMED,2020-01-01 00:00:00+05:30,2026-08-04 00:00:00+05:30,1634,6.484126984126984,True,100.0
POLYPLEX,2020-01-01 00:00:00+05:30,2026-08-04 00:00:00+05:30,1634,6.484126984126984,True,100.0
PONNIERODE,2020-01-01 00:00:00+05:30,2026-08-04 00:00:00+05:30,1632,6.476190476190476,True,100.0
POONAWALLA,2020-01-01 00:00:00+05:30,2026-08-04 00:00:00+05:30,1634,6.484126984126984,True,100.0
POWERGRID,2020-01-01 00:00:00+05:30,2026-08-04 00:00:00+05:30,1634,6.484126984126984,True,100.0
POWERINDIA,2020-03-30 00:00:00+05:30,2026-08-04 00:00:00+05:30,1573,6.242063492063492,True,100.0
POWERMECH,2020-01-01 00:00:00+05:30,2026-08-04 00:00:00+05:30,1633,6.48015873015873,True,100.0
PPL,2020-01-01 00:00:00+05:30,2026-08-04 00:00:00+05:30,1633,6.48015873015873,True,100.0
PPLPHARMA,2022-10-19 00:00:00+05:30,2026-08-04 00:00:00+05:30,938,3.7222222222222223,True,74.44444444444444
PRABHA,2025-03-19 00:00:00+05:30,2026-08-04 00:00:00+05:30,341,1.3531746031746033,True,27.063492063492063
PRAJIND,2020-01-01 00:00:00+05:30,2026-08-04 00:00:00+05:30,1634,6.484126984126984,True,100.0
PRAKASH,2020-01-01 00:00:00+05:30,2026-08-04 00:00:00+05:30,1634,6.484126984126984,True,100.0
PRECAM,2020-01-01 00:00:00+05:30,2026-08-04 00:00:00+05:30,1634,6.484126984126984,True,100.0
PRECWIRE,2020-01-01 00:00:00+05:30,2026-08-04 00:00:00+05:30,1634,6.484126984126984,True,100.0
PREMEXPLN,2020-01-01 00:00:00+05:30,2026-08-04 00:00:00+05:30,1634,6.484126984126984,True,100.0
PREMIERENE,2024-09-03 00:00:00+05:30,2026-08-04 00:00:00+05:30,478,1.8968253968253967,True,37.93650793650794
PREMIERPOL,2020-01-01 00:00:00+05:30,2026-08-04 00:00:00+05:30,1633,6.48015873015873,True,100.0
PRESTIGE,2020-01-01 00:00:00+05:30,2026-08-04 00:00:00+05:30,1634,6.484126984126984,True,100.0
PRICOLLTD,2020-01-01 00:00:00+05:30,2026-08-04 00:00:00+05:30,1633,6.48015873015873,True,100.0
PRIMESECU,2020-01-01 00:00:00+05:30,2026-08-04 00:00:00+05:30,1632,6.476190476190476,True,100.0
PRINCEPIPE,2020-01-01 00:00:00+05:30,2026-08-04 00:00:00+05:30,1633,6.48015873015873,True,100.0
PRIVISCL,2020-01-01 00:00:00+05:30,2026-08-04 00:00:00+05:30,1633,6.48015873015873,True,100.0
PRIZOR,2024-07-22 00:00:00+05:30,2026-07-31 00:00:00+05:30,505,2.003968253968254,True,40.07936507936508
PROSTARM,2025-06-03 00:00:00+05:30,2026-08-04 00:00:00+05:30,292,1.1587301587301588,True,23.174603174603174
PROTEAN,2025-02-06 00:00:00+05:30,2026-08-04 00:00:00+05:30,369,1.4642857142857142,True,29.28571428571429
PROZONER,2020-01-01 00:00:00+05:30,2026-08-04 00:00:00+05:30,1633,6.48015873015873,True,100.0
PRSMJOHNSN,2020-01-01 00:00:00+05:30,2026-08-04 00:00:00+05:30,1632,6.476190476190476,True,100.0
PRUDENT,2022-05-20 00:00:00+05:30,2026-08-04 00:00:00+05:30,1041,4.130952380952381,True,82.61904761904762
PSB,2020-01-01 00:00:00+05:30,2026-08-04 00:00:00+05:30,1634,6.484126984126984,True,100.0
PSPPROJECT,2020-01-01 00:00:00+05:30,2026-08-04 00:00:00+05:30,1632,6.476190476190476,True,100.0
PTC,2020-01-01 00:00:00+05:30,2026-08-04 00:00:00+05:30,1634,6.484126984126984,True,100.0
PTCIL,2023-06-09 00:00:00+05:30,2026-08-04 00:00:00+05:30,779,3.0912698412698414,True,61.82539682539683
PUNJABCHEM,2020-01-01 00:00:00+05:30,2026-08-04 00:00:00+05:30,1631,6.472222222222222,True,100.0
PURVA,2020-01-01 00:00:00+05:30,2026-08-04 00:00:00+05:30,1633,6.48015873015873,True,100.0
PVP,2020-01-01 00:00:00+05:30,2026-08-04 00:00:00+05:30,1632,6.476190476190476,True,100.0
PVRINOX,2020-01-01 00:00:00+05:30,2026-08-04 00:00:00+05:30,1633,6.48015873015873,True,100.0
PVSL,2024-03-19 00:00:00+05:30,2026-08-04 00:00:00+05:30,588,2.3333333333333335,True,46.666666666666664
PYRAMID,2023-08-29 00:00:00+05:30,2026-08-04 00:00:00+05:30,723,2.869047619047619,True,57.38095238095238
QUADFUTURE,2025-01-14 00:00:00+05:30,2026-08-04 00:00:00+05:30,387,1.5357142857142858,True,30.714285714285715
QUESS,2020-01-01 00:00:00+05:30,2026-08-04 00:00:00+05:30,1634,6.484126984126984,True,100.0
QUICKHEAL,2020-01-01 00:00:00+05:30,2026-08-04 00:00:00+05:30,1634,6.484126984126984,True,100.0
RACLGEAR,2024-12-06 00:00:00+05:30,2026-08-04 00:00:00+05:30,411,1.630952380952381,True,32.61904761904762
RADHIKAJWE,2022-07-18 00:00:00+05:30,2026-08-04 00:00:00+05:30,999,3.9642857142857144,True,79.28571428571428
RADIANTCMS,2023-01-04 00:00:00+05:30,2026-08-04 00:00:00+05:30,885,3.511904761904762,True,70.23809523809523
RADICO,2020-01-01 00:00:00+05:30,2026-08-04 00:00:00+05:30,1633,6.48015873015873,True,100.0
RAILTEL,2021-02-26 00:00:00+05:30,2026-08-04 00:00:00+05:30,1344,5.333333333333333,True,100.0
RAIN,2020-01-01 00:00:00+05:30,2026-08-04 00:00:00+05:30,1634,6.484126984126984,True,100.0
RAINBOW,2022-05-10 00:00:00+05:30,2026-08-04 00:00:00+05:30,1049,4.162698412698413,True,83.25396825396825
RAJESHEXPO,2020-01-01 00:00:00+05:30,2026-08-04 00:00:00+05:30,1634,6.484126984126984,True,100.0
RAJOOENG,2025-05-29 00:00:00+05:30,2026-08-04 00:00:00+05:30,296,1.1746031746031746,True,23.49206349206349
RAJRATAN,2020-05-22 00:00:00+05:30,2026-08-04 00:00:00+05:30,1538,6.103174603174603,True,100.0
RALLIS,2020-01-01 00:00:00+05:30,2026-08-04 00:00:00+05:30,1634,6.484126984126984,True,100.0
RAMAPHO,2022-08-05 00:00:00+05:30,2026-08-04 00:00:00+05:30,986,3.9126984126984126,True,78.25396825396825
RAMCOCEM,2020-01-01 00:00:00+05:30,2026-08-04 00:00:00+05:30,1633,6.48015873015873,True,100.0
RAMCOIND,2020-01-01 00:00:00+05:30,2026-08-04 00:00:00+05:30,1634,6.484126984126984,True,100.0
RAMCOSYS,2020-01-01 00:00:00+05:30,2026-08-04 00:00:00+05:30,1634,6.484126984126984,True,100.0
RAMKY,2020-01-01 00:00:00+05:30,2026-08-04 00:00:00+05:30,1632,6.476190476190476,True,100.0
RAMRAT,2022-07-29 00:00:00+05:30,2026-08-04 00:00:00+05:30,991,3.9325396825396823,True,78.65079365079364
RANEHOLDIN,2020-01-01 00:00:00+05:30,2026-08-04 00:00:00+05:30,1634,6.484126984126984,True,100.0
RATEGAIN,2021-12-17 00:00:00+05:30,2026-08-04 00:00:00+05:30,1145,4.5436507936507935,True,90.87301587301587
RATNAMANI,2020-01-01 00:00:00+05:30,2026-08-04 00:00:00+05:30,1633,6.48015873015873,True,100.0
RATNAVEER,2023-09-11 00:00:00+05:30,2026-08-04 00:00:00+05:30,715,2.8373015873015874,True,56.74603174603175
RAYMOND,2020-01-01 00:00:00+05:30,2026-08-04 00:00:00+05:30,1634,6.484126984126984,True,100.0
RAYMONDLSL,2024-09-05 00:00:00+05:30,2026-08-04 00:00:00+05:30,476,1.8888888888888888,True,37.77777777777778
RBA,2020-12-14 00:00:00+05:30,2026-08-04 00:00:00+05:30,1395,5.535714285714286,True,100.0
RBLBANK,2020-01-01 00:00:00+05:30,2026-08-04 00:00:00+05:30,1634,6.484126984126984,True,100.0
RBMINFRA,2023-01-04 00:00:00+05:30,2026-07-31 00:00:00+05:30,881,3.496031746031746,True,69.92063492063491
RBZJEWEL,2023-12-27 00:00:00+05:30,2026-08-04 00:00:00+05:30,643,2.5515873015873014,True,51.031746031746025
RCF,2020-01-01 00:00:00+05:30,2026-08-04 00:00:00+05:30,1634,6.484126984126984,True,100.0
RECLTD,2020-01-01 00:00:00+05:30,2026-08-04 00:00:00+05:30,1634,6.484126984126984,True,100.0
REDINGTON,2020-01-01 00:00:00+05:30,2026-08-04 00:00:00+05:30,1634,6.484126984126984,True,100.0
REDTAPE,2023-08-11 00:00:00+05:30,2026-08-04 00:00:00+05:30,736,2.9206349206349205,True,58.41269841269842
REFEX,2020-01-01 00:00:00+05:30,2026-08-04 00:00:00+05:30,1633,6.48015873015873,True,100.0
RELAXO,2020-01-01 00:00:00+05:30,2026-08-04 00:00:00+05:30,1633,6.48015873015873,True,100.0
RELIANCE,2020-01-01 00:00:00+05:30,2026-08-04 00:00:00+05:30,1634,6.484126984126984,True,100.0
RELIGARE,2020-01-01 00:00:00+05:30,2026-08-04 00:00:00+05:30,1633,6.48015873015873,True,100.0
RELTD,2024-07-30 00:00:00+05:30,2026-08-04 00:00:00+05:30,501,1.9880952380952381,True,39.76190476190476
RENUKA,2020-01-01 00:00:00+05:30,2026-08-04 00:00:00+05:30,1634,6.484126984126984,True,100.0
REPCOHOME,2020-01-01 00:00:00+05:30,2026-08-04 00:00:00+05:30,1634,6.484126984126984,True,100.0
REPRO,2020-01-01 00:00:00+05:30,2026-08-04 00:00:00+05:30,1632,6.476190476190476,True,100.0
RESPONIND,2020-01-01 00:00:00+05:30,2026-08-04 00:00:00+05:30,1632,6.476190476190476,True,100.0
RGL,2020-01-01 00:00:00+05:30,2026-08-04 00:00:00+05:30,1634,6.484126984126984,True,100.0
RHIM,2020-01-01 00:00:00+05:30,2026-08-04 00:00:00+05:30,1633,6.48015873015873,True,100.0
RICOAUTO,2020-01-01 00:00:00+05:30,2026-08-04 00:00:00+05:30,1634,6.484126984126984,True,100.0
RIIL,2020-01-01 00:00:00+05:30,2026-08-04 00:00:00+05:30,1634,6.484126984126984,True,100.0
RISHABH,2023-09-11 00:00:00+05:30,2026-08-04 00:00:00+05:30,714,2.8333333333333335,True,56.666666666666664
RITCO,2022-04-12 00:00:00+05:30,2026-08-04 00:00:00+05:30,1065,4.226190476190476,True,84.52380952380952
RITES,2020-01-01 00:00:00+05:30,2026-08-04 00:00:00+05:30,1634,6.484126984126984,True,100.0
RKFORGE,2020-01-01 00:00:00+05:30,2026-08-04 00:00:00+05:30,1634,6.484126984126984,True,100.0
RKSWAMY,2024-03-12 00:00:00+05:30,2026-08-04 00:00:00+05:30,593,2.3531746031746033,True,47.06349206349206
RML,2020-01-01 00:00:00+05:30,2026-08-04 00:00:00+05:30,1634,6.484126984126984,True,100.0
ROHLTD,2020-01-01 00:00:00+05:30,2026-08-04 00:00:00+05:30,1632,6.476190476190476,True,100.0
ROLEXRINGS,2021-08-09 00:00:00+05:30,2026-08-04 00:00:00+05:30,1235,4.900793650793651,True,98.01587301587301
ROSSARI,2020-07-23 00:00:00+05:30,2026-08-04 00:00:00+05:30,1496,5.936507936507937,True,100.0
ROSSTECH,2024-12-10 00:00:00+05:30,2026-08-04 00:00:00+05:30,410,1.626984126984127,True,32.53968253968254
ROTO,2022-04-21 00:00:00+05:30,2026-08-04 00:00:00+05:30,1062,4.214285714285714,True,84.28571428571429
ROUTE,2020-09-21 00:00:00+05:30,2026-08-04 00:00:00+05:30,1454,5.76984126984127,True,100.0
RPEL,2024-08-08 00:00:00+05:30,2026-08-04 00:00:00+05:30,494,1.9603174603174602,True,39.20634920634921
RPGLIFE,2020-01-01 00:00:00+05:30,2026-08-04 00:00:00+05:30,1634,6.484126984126984,True,100.0
RPOWER,2020-01-01 00:00:00+05:30,2026-08-04 00:00:00+05:30,1634,6.484126984126984,True,100.0
RPPINFRA,2020-01-01 00:00:00+05:30,2026-08-04 00:00:00+05:30,1633,6.48015873015873,True,100.0
RPSGVENT,2020-01-01 00:00:00+05:30,2026-08-04 00:00:00+05:30,1634,6.484126984126984,True,100.0
RPTECH,2024-02-14 00:00:00+05:30,2026-08-04 00:00:00+05:30,612,2.4285714285714284,True,48.57142857142857
RRKABEL,2023-09-20 00:00:00+05:30,2026-08-04 00:00:00+05:30,708,2.8095238095238093,True,56.19047619047619
RSWM,2020-01-01 00:00:00+05:30,2026-08-04 00:00:00+05:30,1633,6.48015873015873,True,100.0
RSYSTEMS,2020-01-01 00:00:00+05:30,2026-08-04 00:00:00+05:30,1634,6.484126984126984,True,100.0
RTNINDIA,2020-01-01 00:00:00+05:30,2026-08-04 00:00:00+05:30,1634,6.484126984126984,True,100.0
RUBYMILLS,2020-01-01 00:00:00+05:30,2026-08-04 00:00:00+05:30,1632,6.476190476190476,True,100.0
RUCHIRA,2020-01-01 00:00:00+05:30,2026-08-04 00:00:00+05:30,1633,6.48015873015873,True,100.0
RUPA,2020-01-01 00:00:00+05:30,2026-08-04 00:00:00+05:30,1633,6.48015873015873,True,100.0
RUSTOMJEE,2022-11-24 00:00:00+05:30,2026-08-04 00:00:00+05:30,912,3.619047619047619,True,72.38095238095238
RVNL,2020-01-01 00:00:00+05:30,2026-08-04 00:00:00+05:30,1634,6.484126984126984,True,100.0
SAFARI,2020-01-01 00:00:00+05:30,2026-08-04 00:00:00+05:30,1632,6.476190476190476,True,100.0
SAGCEM,2020-01-01 00:00:00+05:30,2026-08-04 00:00:00+05:30,1633,6.48015873015873,True,100.0
SAGILITY,2024-11-12 00:00:00+05:30,2026-08-04 00:00:00+05:30,429,1.7023809523809523,True,34.04761904761905
SAHANA,2023-06-12 00:00:00+05:30,2026-07-31 00:00:00+05:30,775,3.0753968253968256,True,61.50793650793651
SAIL,2020-01-01 00:00:00+05:30,2026-08-04 00:00:00+05:30,1634,6.484126984126984,True,100.0
SAILIFE,2024-12-18 00:00:00+05:30,2026-08-04 00:00:00+05:30,405,1.6071428571428572,True,32.142857142857146
SAKAR,2020-01-01 00:00:00+05:30,2026-08-04 00:00:00+05:30,1633,6.48015873015873,True,100.0
SAKSOFT,2020-01-01 00:00:00+05:30,2026-08-04 00:00:00+05:30,1634,6.484126984126984,True,100.0
SALSTEEL,2020-01-01 00:00:00+05:30,2026-08-04 00:00:00+05:30,1632,6.476190476190476,True,100.0
SALZERELEC,2020-01-01 00:00:00+05:30,2026-08-04 00:00:00+05:30,1634,6.484126984126984,True,100.0
SAMHI,2023-09-22 00:00:00+05:30,2026-08-04 00:00:00+05:30,708,2.8095238095238093,True,56.19047619047619
SAMMAANCAP,2020-01-01 00:00:00+05:30,2026-08-04 00:00:00+05:30,1634,6.484126984126984,True,100.0
SANATHAN,2024-12-27 00:00:00+05:30,2026-08-04 00:00:00+05:30,398,1.5793650793650793,True,31.587301587301585
SANDHAR,2020-01-01 00:00:00+05:30,2026-08-04 00:00:00+05:30,1634,6.484126984126984,True,100.0
SANDUMA,2023-09-07 00:00:00+05:30,2026-08-04 00:00:00+05:30,718,2.8492063492063493,True,56.98412698412698
SANGAMIND,2020-01-01 00:00:00+05:30,2026-08-04 00:00:00+05:30,1632,6.476190476190476,True,100.0
SANGHVIMOV,2020-01-01 00:00:00+05:30,2026-08-04 00:00:00+05:30,1634,6.484126984126984,True,100.0
SANOFI,2020-01-01 00:00:00+05:30,2026-08-04 00:00:00+05:30,1633,6.48015873015873,True,100.0
SANOFICONR,2024-09-13 00:00:00+05:30,2026-08-04 00:00:00+05:30,469,1.8611111111111112,True,37.22222222222222
SANSERA,2021-09-24 00:00:00+05:30,2026-08-04 00:00:00+05:30,1203,4.773809523809524,True,95.47619047619048
SANSTAR,2024-07-26 00:00:00+05:30,2026-08-04 00:00:00+05:30,504,2.0,True,40.0
SAPPHIRE,2021-11-18 00:00:00+05:30,2026-08-04 00:00:00+05:30,1166,4.626984126984127,True,92.53968253968254
SARDAEN,2020-01-01 00:00:00+05:30,2026-08-04 00:00:00+05:30,1634,6.484126984126984,True,100.0
SAREGAMA,2020-01-01 00:00:00+05:30,2026-08-04 00:00:00+05:30,1633,6.48015873015873,True,100.0
SARLAPOLY,2020-01-01 00:00:00+05:30,2026-08-04 00:00:00+05:30,1634,6.484126984126984,True,100.0
SARTELE,2023-11-08 00:00:00+05:30,2026-07-31 00:00:00+05:30,675,2.6785714285714284,True,53.57142857142857
SASKEN,2020-01-01 00:00:00+05:30,2026-08-04 00:00:00+05:30,1633,6.48015873015873,True,100.0
SATIA,2020-01-01 00:00:00+05:30,2026-08-04 00:00:00+05:30,1633,6.48015873015873,True,100.0
SATIN,2020-01-01 00:00:00+05:30,2026-08-04 00:00:00+05:30,1633,6.48015873015873,True,100.0
SAURASHCEM,2024-02-27 00:00:00+05:30,2026-08-04 00:00:00+05:30,602,2.388888888888889,True,47.77777777777778
SBC,2021-11-23 00:00:00+05:30,2026-08-04 00:00:00+05:30,1164,4.619047619047619,True,92.38095238095238
SBCL,2021-06-24 00:00:00+05:30,2026-08-04 00:00:00+05:30,1265,5.01984126984127,True,100.0
SBFC,2023-08-16 00:00:00+05:30,2026-08-04 00:00:00+05:30,733,2.9087301587301586,True,58.17460317460318
SBGLP,2023-02-10 00:00:00+05:30,2026-08-04 00:00:00+05:30,857,3.4007936507936507,True,68.01587301587301
SBICARD,2020-03-16 00:00:00+05:30,2026-08-04 00:00:00+05:30,1583,6.281746031746032,True,100.0
SBILIFE,2020-01-01 00:00:00+05:30,2026-08-04 00:00:00+05:30,1634,6.484126984126984,True,100.0
SBIN,2020-01-01 00:00:00+05:30,2026-08-04 00:00:00+05:30,1634,6.484126984126984,True,100.0
SCHAEFFLER,2020-01-01 00:00:00+05:30,2026-08-04 00:00:00+05:30,1634,6.484126984126984,True,100.0
SCHAND,2020-01-01 00:00:00+05:30,2026-08-04 00:00:00+05:30,1632,6.476190476190476,True,100.0
SCHNEIDER,2020-01-01 00:00:00+05:30,2026-08-04 00:00:00+05:30,1634,6.484126984126984,True,100.0
SCI,2020-01-01 00:00:00+05:30,2026-08-04 00:00:00+05:30,1634,6.484126984126984,True,100.0
SCILAL,2024-03-19 00:00:00+05:30,2026-08-04 00:00:00+05:30,587,2.3293650793650795,True,46.58730158730159
SCODATUBES,2025-06-04 00:00:00+05:30,2026-08-04 00:00:00+05:30,292,1.1587301587301588,True,23.174603174603174
SCPL,2022-11-22 00:00:00+05:30,2026-08-04 00:00:00+05:30,914,3.626984126984127,True,72.53968253968253
SDBL,2020-01-01 00:00:00+05:30,2026-08-04 00:00:00+05:30,1634,6.484126984126984,True,100.0
SEAMECLTD,2020-01-01 00:00:00+05:30,2026-08-04 00:00:00+05:30,1632,6.476190476190476,True,100.0
SENCO,2023-07-14 00:00:00+05:30,2026-08-04 00:00:00+05:30,756,3.0,True,60.0
SENORES,2024-12-30 00:00:00+05:30,2026-08-04 00:00:00+05:30,398,1.5793650793650793,True,31.587301587301585
SERVOTECH,2020-01-01 00:00:00+05:30,2026-08-04 00:00:00+05:30,1634,6.484126984126984,True,100.0
SESHAPAPER,2020-01-01 00:00:00+05:30,2026-08-04 00:00:00+05:30,1633,6.48015873015873,True,100.0
SETL,2025-01-13 00:00:00+05:30,2026-08-04 00:00:00+05:30,387,1.5357142857142858,True,30.714285714285715
SFL,2020-01-01 00:00:00+05:30,2026-08-04 00:00:00+05:30,1634,6.484126984126984,True,100.0
SGIL,2021-07-28 00:00:00+05:30,2026-08-04 00:00:00+05:30,1241,4.924603174603175,True,98.4920634920635
SHAILY,2022-04-04 00:00:00+05:30,2026-08-04 00:00:00+05:30,1073,4.257936507936508,True,85.15873015873015
SHAKTIPUMP,2020-01-01 00:00:00+05:30,2026-08-04 00:00:00+05:30,1634,6.484126984126984,True,100.0
SHALBY,2020-01-01 00:00:00+05:30,2026-08-04 00:00:00+05:30,1634,6.484126984126984,True,100.0
SHALPAINTS,2020-01-01 00:00:00+05:30,2026-08-04 00:00:00+05:30,1634,6.484126984126984,True,100.0
SHANKARA,2020-01-01 00:00:00+05:30,2026-08-04 00:00:00+05:30,1632,6.476190476190476,True,100.0
SHANTIGEAR,2020-01-01 00:00:00+05:30,2026-08-04 00:00:00+05:30,1633,6.48015873015873,True,100.0
SHARDACROP,2020-01-01 00:00:00+05:30,2026-08-04 00:00:00+05:30,1633,6.48015873015873,True,100.0
SHARDAMOTR,2020-01-01 00:00:00+05:30,2026-08-04 00:00:00+05:30,1633,6.48015873015873,True,100.0
SHAREINDIA,2020-09-21 00:00:00+05:30,2026-08-04 00:00:00+05:30,1454,5.76984126984127,True,100.0
SHEETAL,2023-12-11 00:00:00+05:30,2026-07-31 00:00:00+05:30,653,2.5912698412698414,True,51.82539682539683
SHEMAROO,2020-01-01 00:00:00+05:30,2026-08-04 00:00:00+05:30,1632,6.476190476190476,True,100.0
SHILPAMED,2020-01-01 00:00:00+05:30,2026-08-04 00:00:00+05:30,1634,6.484126984126984,True,100.0
SHK,2020-01-01 00:00:00+05:30,2026-08-04 00:00:00+05:30,1634,6.484126984126984,True,100.0
SHOPERSTOP,2020-01-01 00:00:00+05:30,2026-08-04 00:00:00+05:30,1634,6.484126984126984,True,100.0
SHREDIGCEM,2020-01-01 00:00:00+05:30,2026-08-04 00:00:00+05:30,1634,6.484126984126984,True,100.0
SHREECEM,2020-01-01 00:00:00+05:30,2026-08-04 00:00:00+05:30,1634,6.484126984126984,True,100.0
SHREEPUSHK,2020-01-01 00:00:00+05:30,2026-08-04 00:00:00+05:30,1634,6.484126984126984,True,100.0
SHRIPISTON,2020-01-01 00:00:00+05:30,2026-08-04 00:00:00+05:30,1633,6.48015873015873,True,100.0
SHRIRAMFIN,2020-01-01 00:00:00+05:30,2026-08-04 00:00:00+05:30,1634,6.484126984126984,True,100.0
SHRIRAMPPS,2021-12-20 00:00:00+05:30,2026-08-04 00:00:00+05:30,1145,4.5436507936507935,True,90.87301587301587
SHYAMMETL,2021-06-24 00:00:00+05:30,2026-08-04 00:00:00+05:30,1266,5.023809523809524,True,100.0
SIEMENS,2020-01-01 00:00:00+05:30,2026-08-04 00:00:00+05:30,1633,6.48015873015873,True,100.0
SIGACHI,2021-11-15 00:00:00+05:30,2026-08-04 00:00:00+05:30,1168,4.634920634920635,True,92.6984126984127
SIGMAADV,2020-01-01 00:00:00+05:30,2026-08-04 00:00:00+05:30,1633,6.48015873015873,True,100.0
SIGNATURE,2023-09-27 00:00:00+05:30,2026-08-04 00:00:00+05:30,703,2.7896825396825395,True,55.7936507936508
SIGNPOST,2024-02-14 00:00:00+05:30,2026-08-04 00:00:00+05:30,610,2.4206349206349205,True,48.41269841269841
SIMPLEXINF,2020-01-01 00:00:00+05:30,2026-08-04 00:00:00+05:30,1632,6.476190476190476,True,100.0
SINDHUTRAD,2023-06-20 00:00:00+05:30,2026-08-04 00:00:00+05:30,772,3.0634920634920637,True,61.26984126984127
SIRCA,2020-01-01 00:00:00+05:30,2026-08-04 00:00:00+05:30,1634,6.484126984126984,True,100.0
SIS,2020-01-01 00:00:00+05:30,2026-08-04 00:00:00+05:30,1633,6.48015873015873,True,100.0
SIYSIL,2020-01-01 00:00:00+05:30,2026-08-04 00:00:00+05:30,1634,6.484126984126984,True,100.0
SJLOGISTIC,2023-12-19 00:00:00+05:30,2026-07-31 00:00:00+05:30,646,2.5634920634920637,True,51.269841269841265
SJS,2021-11-15 00:00:00+05:30,2026-08-04 00:00:00+05:30,1168,4.634920634920635,True,92.6984126984127
SJVN,2020-01-01 00:00:00+05:30,2026-08-04 00:00:00+05:30,1634,6.484126984126984,True,100.0
SKFINDIA,2020-01-01 00:00:00+05:30,2026-08-04 00:00:00+05:30,1634,6.484126984126984,True,100.0
SKIPPER,2020-01-01 00:00:00+05:30,2026-08-04 00:00:00+05:30,1633,6.48015873015873,True,100.0
SKMEGGPROD,2020-01-01 00:00:00+05:30,2026-08-04 00:00:00+05:30,1634,6.484126984126984,True,100.0
SKYGOLD,2023-01-06 00:00:00+05:30,2026-08-04 00:00:00+05:30,883,3.503968253968254,True,70.07936507936508
SMCGLOBAL,2021-02-24 00:00:00+05:30,2026-08-04 00:00:00+05:30,1344,5.333333333333333,True,100.0
SMLMAH,2020-01-01 00:00:00+05:30,2026-08-04 00:00:00+05:30,1634,6.484126984126984,True,100.0
SMSPHARMA,2020-01-01 00:00:00+05:30,2026-08-04 00:00:00+05:30,1633,6.48015873015873,True,100.0
SNOWMAN,2020-01-01 00:00:00+05:30,2026-08-04 00:00:00+05:30,1634,6.484126984126984,True,100.0
SOBHA,2020-01-01 00:00:00+05:30,2026-08-04 00:00:00+05:30,1633,6.48015873015873,True,100.0
SOLARA,2020-01-01 00:00:00+05:30,2026-08-04 00:00:00+05:30,1634,6.484126984126984,True,100.0
SOLARINDS,2020-01-01 00:00:00+05:30,2026-08-04 00:00:00+05:30,1633,6.48015873015873,True,100.0
SOLEX,2020-01-01 00:00:00+05:30,2026-08-04 00:00:00+05:30,1631,6.472222222222222,True,100.0
SOMANYCERA,2020-01-01 00:00:00+05:30,2026-08-04 00:00:00+05:30,1632,6.476190476190476,True,100.0
SONACOMS,2021-06-24 00:00:00+05:30,2026-08-04 00:00:00+05:30,1266,5.023809523809524,True,100.0
SONATSOFTW,2020-01-01 00:00:00+05:30,2026-08-04 00:00:00+05:30,1634,6.484126984126984,True,100.0
SOTL,2020-01-01 00:00:00+05:30,2026-08-04 00:00:00+05:30,1634,6.484126984126984,True,100.0
SOUTHBANK,2020-01-01 00:00:00+05:30,2026-08-04 00:00:00+05:30,1634,6.484126984126984,True,100.0
SOUTHWEST,2020-01-01 00:00:00+05:30,2026-08-04 00:00:00+05:30,1634,6.484126984126984,True,100.0
SPAL,2020-01-01 00:00:00+05:30,2026-08-04 00:00:00+05:30,1633,6.48015873015873,True,100.0
SPANDANA,2020-01-01 00:00:00+05:30,2026-08-04 00:00:00+05:30,1634,6.484126984126984,True,100.0
SPARC,2020-01-01 00:00:00+05:30,2026-08-04 00:00:00+05:30,1634,6.484126984126984,True,100.0
SPECIALITY,2020-01-01 00:00:00+05:30,2026-08-04 00:00:00+05:30,1633,6.48015873015873,True,100.0
SPECTRUM,2020-01-01 00:00:00+05:30,2026-08-04 00:00:00+05:30,1630,6.468253968253968,True,100.0
SPENCERS,2020-01-01 00:00:00+05:30,2026-08-04 00:00:00+05:30,1634,6.484126984126984,True,100.0
SPIC,2020-01-01 00:00:00+05:30,2026-08-04 00:00:00+05:30,1633,6.48015873015873,True,100.0
SPLPETRO,2020-01-01 00:00:00+05:30,2026-08-04 00:00:00+05:30,1634,6.484126984126984,True,100.0
SPMLINFRA,2020-01-01 00:00:00+05:30,2026-08-04 00:00:00+05:30,1634,6.484126984126984,True,100.0
SPORTKING,2022-08-24 00:00:00+05:30,2026-08-04 00:00:00+05:30,975,3.869047619047619,True,77.38095238095238
SRF,2020-01-01 00:00:00+05:30,2026-08-04 00:00:00+05:30,1634,6.484126984126984,True,100.0
SRHHYPOLTD,2020-01-01 00:00:00+05:30,2026-08-04 00:00:00+05:30,1633,6.48015873015873,True,100.0
SRM,2024-04-03 00:00:00+05:30,2026-08-04 00:00:00+05:30,579,2.2976190476190474,True,45.95238095238095
SSWL,2020-01-01 00:00:00+05:30,2026-08-04 00:00:00+05:30,1633,6.48015873015873,True,100.0
STALLION,2025-01-23 00:00:00+05:30,2026-08-04 00:00:00+05:30,380,1.507936507936508,True,30.158730158730158
STANLEY,2024-06-28 00:00:00+05:30,2026-08-04 00:00:00+05:30,522,2.0714285714285716,True,41.42857142857143
STAR,2020-01-01 00:00:00+05:30,2026-08-04 00:00:00+05:30,1634,6.484126984126984,True,100.0
STARCEMENT,2020-01-01 00:00:00+05:30,2026-08-04 00:00:00+05:30,1633,6.48015873015873,True,100.0
STARHEALTH,2021-12-10 00:00:00+05:30,2026-08-04 00:00:00+05:30,1151,4.567460317460317,True,91.34920634920634
STARPAPER,2020-01-01 00:00:00+05:30,2026-08-04 00:00:00+05:30,1634,6.484126984126984,True,100.0
STCINDIA,2020-01-01 00:00:00+05:30,2026-08-04 00:00:00+05:30,1634,6.484126984126984,True,100.0
STEELCAS,2021-11-23 00:00:00+05:30,2026-08-04 00:00:00+05:30,1163,4.615079365079365,True,92.3015873015873
STEL,2020-01-01 00:00:00+05:30,2026-08-04 00:00:00+05:30,1634,6.484126984126984,True,100.0
STERTOOLS,2020-01-01 00:00:00+05:30,2026-08-04 00:00:00+05:30,1633,6.48015873015873,True,100.0
STLTECH,2020-01-01 00:00:00+05:30,2026-08-04 00:00:00+05:30,1634,6.484126984126984,True,100.0
STOVEKRAFT,2021-02-08 00:00:00+05:30,2026-08-04 00:00:00+05:30,1357,5.384920634920635,True,100.0
STYLAMIND,2021-08-02 00:00:00+05:30,2026-08-04 00:00:00+05:30,1240,4.920634920634921,True,98.4126984126984
STYLEBAAZA,2024-09-06 00:00:00+05:30,2026-08-04 00:00:00+05:30,475,1.8849206349206349,True,37.698412698412696
STYRENIX,2020-01-01 00:00:00+05:30,2026-08-04 00:00:00+05:30,1634,6.484126984126984,True,100.0
SUBROS,2020-01-01 00:00:00+05:30,2026-08-04 00:00:00+05:30,1633,6.48015873015873,True,100.0
SUDARCOLOR,2020-01-01 00:00:00+05:30,2026-08-04 00:00:00+05:30,1633,6.48015873015873,True,100.0
SUDARSCHEM,2020-01-01 00:00:00+05:30,2026-08-04 00:00:00+05:30,1633,6.48015873015873,True,100.0
SULA,2022-12-22 00:00:00+05:30,2026-08-04 00:00:00+05:30,894,3.5476190476190474,True,70.95238095238095
SUMICHEM,2020-01-27 00:00:00+05:30,2026-08-04 00:00:00+05:30,1616,6.412698412698413,True,100.0
SUMMITSEC,2020-01-01 00:00:00+05:30,2026-08-04 00:00:00+05:30,1634,6.484126984126984,True,100.0
SUNCLAY,2023-12-29 00:00:00+05:30,2026-08-04 00:00:00+05:30,640,2.5396825396825395,True,50.79365079365079
SUNDARMFIN,2020-01-01 00:00:00+05:30,2026-08-04 00:00:00+05:30,1634,6.484126984126984,True,100.0
SUNDRMFAST,2020-01-01 00:00:00+05:30,2026-08-04 00:00:00+05:30,1633,6.48015873015873,True,100.0
SUNDROP,2020-01-01 00:00:00+05:30,2026-08-04 00:00:00+05:30,1633,6.48015873015873,True,100.0
SUNFLAG,2020-01-01 00:00:00+05:30,2026-08-04 00:00:00+05:30,1634,6.484126984126984,True,100.0
SUNPHARMA,2020-01-01 00:00:00+05:30,2026-08-04 00:00:00+05:30,1634,6.484126984126984,True,100.0
SUNTECK,2020-01-01 00:00:00+05:30,2026-08-04 00:00:00+05:30,1634,6.484126984126984,True,100.0
SUNTV,2020-01-01 00:00:00+05:30,2026-08-04 00:00:00+05:30,1634,6.484126984126984,True,100.0
SUPRAJIT,2020-01-01 00:00:00+05:30,2026-08-04 00:00:00+05:30,1633,6.48015873015873,True,100.0
SUPREMEIND,2020-01-01 00:00:00+05:30,2026-08-04 00:00:00+05:30,1634,6.484126984126984,True,100.0
SUPREMEPWR,2023-12-29 00:00:00+05:30,2026-07-31 00:00:00+05:30,639,2.5357142857142856,True,50.71428571428571
SUPRIYA,2021-12-28 00:00:00+05:30,2026-08-04 00:00:00+05:30,1138,4.515873015873016,True,90.31746031746032
SURAJEST,2023-12-26 00:00:00+05:30,2026-08-04 00:00:00+05:30,646,2.5634920634920637,True,51.269841269841265
SURAKSHA,2024-12-06 00:00:00+05:30,2026-08-04 00:00:00+05:30,412,1.6349206349206349,True,32.698412698412696
SURYAROSNI,2020-01-01 00:00:00+05:30,2026-08-04 00:00:00+05:30,1634,6.484126984126984,True,100.0
SURYODAY,2021-03-26 00:00:00+05:30,2026-08-04 00:00:00+05:30,1324,5.253968253968254,True,100.0
SUVEN,2020-01-01 00:00:00+05:30,2026-08-04 00:00:00+05:30,1634,6.484126984126984,True,100.0
SUYOG,2024-08-20 00:00:00+05:30,2026-08-04 00:00:00+05:30,486,1.9285714285714286,True,38.57142857142858
SUZLON,2020-01-01 00:00:00+05:30,2026-08-04 00:00:00+05:30,1634,6.484126984126984,True,100.0
SWANCORP,2020-01-01 00:00:00+05:30,2026-08-04 00:00:00+05:30,1634,6.484126984126984,True,100.0
SWARAJ,2022-04-11 00:00:00+05:30,2026-07-31 00:00:00+05:30,1064,4.222222222222222,True,84.44444444444444
SWARAJENG,2020-01-01 00:00:00+05:30,2026-08-04 00:00:00+05:30,1632,6.476190476190476,True,100.0
SWELECTES,2020-01-01 00:00:00+05:30,2026-08-04 00:00:00+05:30,1632,6.476190476190476,True,100.0
SWIGGY,2024-11-13 00:00:00+05:30,2026-08-04 00:00:00+05:30,428,1.6984126984126984,True,33.96825396825397
SWSOLAR,2020-01-01 00:00:00+05:30,2026-08-04 00:00:00+05:30,1634,6.484126984126984,True,100.0
SYMPHONY,2020-01-01 00:00:00+05:30,2026-08-04 00:00:00+05:30,1634,6.484126984126984,True,100.0
SYNGENE,2020-01-01 00:00:00+05:30,2026-08-04 00:00:00+05:30,1634,6.484126984126984,True,100.0
SYRMA,2022-08-26 00:00:00+05:30,2026-08-04 00:00:00+05:30,974,3.865079365079365,True,77.3015873015873
SYSTANGO,2023-03-15 00:00:00+05:30,2026-07-31 00:00:00+05:30,833,3.3055555555555554,True,66.11111111111111
TAC,2024-04-05 00:00:00+05:30,2026-07-31 00:00:00+05:30,575,2.2817460317460316,True,45.63492063492063
TAJGVK,2020-01-01 00:00:00+05:30,2026-08-04 00:00:00+05:30,1634,6.484126984126984,True,100.0
TAKE,2020-01-01 00:00:00+05:30,2026-08-04 00:00:00+05:30,1632,6.476190476190476,True,100.0
TALBROAUTO,2020-01-01 00:00:00+05:30,2026-08-04 00:00:00+05:30,1634,6.484126984126984,True,100.0
TANLA,2020-01-01 00:00:00+05:30,2026-08-04 00:00:00+05:30,1634,6.484126984126984,True,100.0
TARC,2020-12-18 00:00:00+05:30,2026-08-04 00:00:00+05:30,1391,5.51984126984127,True,100.0
TARIL,2020-01-01 00:00:00+05:30,2026-08-04 00:00:00+05:30,1634,6.484126984126984,True,100.0
TARSONS,2021-11-26 00:00:00+05:30,2026-08-04 00:00:00+05:30,1161,4.607142857142857,True,92.14285714285714
TASTYBITE,2020-01-01 00:00:00+05:30,2026-08-04 00:00:00+05:30,1633,6.48015873015873,True,100.0
TATACHEM,2020-01-01 00:00:00+05:30,2026-08-04 00:00:00+05:30,1634,6.484126984126984,True,100.0
TATACOMM,2020-01-01 00:00:00+05:30,2026-08-04 00:00:00+05:30,1634,6.484126984126984,True,100.0
TATACONSUM,2020-01-01 00:00:00+05:30,2026-08-04 00:00:00+05:30,1634,6.484126984126984,True,100.0
TATAELXSI,2020-01-01 00:00:00+05:30,2026-08-04 00:00:00+05:30,1634,6.484126984126984,True,100.0
TATAINVEST,2020-01-01 00:00:00+05:30,2026-08-04 00:00:00+05:30,1634,6.484126984126984,True,100.0
TATAPOWER,2020-01-01 00:00:00+05:30,2026-08-04 00:00:00+05:30,1634,6.484126984126984,True,100.0
TATASTEEL,2020-01-01 00:00:00+05:30,2026-08-04 00:00:00+05:30,1634,6.484126984126984,True,100.0
TATATECH,2023-11-30 00:00:00+05:30,2026-08-04 00:00:00+05:30,663,2.630952380952381,True,52.61904761904762
TATVA,2021-07-29 00:00:00+05:30,2026-08-04 00:00:00+05:30,1242,4.928571428571429,True,98.57142857142858
TBOTEK,2024-05-15 00:00:00+05:30,2026-08-04 00:00:00+05:30,553,2.1944444444444446,True,43.888888888888886
TBZ,2020-01-01 00:00:00+05:30,2026-08-04 00:00:00+05:30,1634,6.484126984126984,True,100.0
TCI,2020-01-01 00:00:00+05:30,2026-08-04 00:00:00+05:30,1633,6.48015873015873,True,100.0
TCIEXP,2020-01-01 00:00:00+05:30,2026-08-04 00:00:00+05:30,1632,6.476190476190476,True,100.0
TCPLPACK,2020-01-01 00:00:00+05:30,2026-08-04 00:00:00+05:30,1633,6.48015873015873,True,100.0
TCS,2020-01-01 00:00:00+05:30,2026-08-04 00:00:00+05:30,1634,6.484126984126984,True,100.0
TDPOWERSYS,2020-01-01 00:00:00+05:30,2026-08-04 00:00:00+05:30,1634,6.484126984126984,True,100.0
TEAMLEASE,2020-01-01 00:00:00+05:30,2026-08-04 00:00:00+05:30,1633,6.48015873015873,True,100.0
TECHM,2020-01-01 00:00:00+05:30,2026-08-04 00:00:00+05:30,1634,6.484126984126984,True,100.0
TECHNOE,2020-01-01 00:00:00+05:30,2026-08-04 00:00:00+05:30,1634,6.484126984126984,True,100.0
TEGA,2021-12-13 00:00:00+05:30,2026-08-04 00:00:00+05:30,1149,4.559523809523809,True,91.19047619047619
TEJASNET,2020-01-01 00:00:00+05:30,2026-08-04 00:00:00+05:30,1634,6.484126984126984,True,100.0
TEMBO,2020-01-01 00:00:00+05:30,2026-08-04 00:00:00+05:30,1633,6.48015873015873,True,100.0
TERASOFT,2020-01-01 00:00:00+05:30,2026-08-04 00:00:00+05:30,1633,6.48015873015873,True,100.0
TEXINFRA,2020-01-01 00:00:00+05:30,2026-08-04 00:00:00+05:30,1633,6.48015873015873,True,100.0
TEXRAIL,2020-01-01 00:00:00+05:30,2026-08-04 00:00:00+05:30,1634,6.484126984126984,True,100.0
TFCILTD,2020-01-01 00:00:00+05:30,2026-08-04 00:00:00+05:30,1634,6.484126984126984,True,100.0
THANGAMAYL,2020-01-01 00:00:00+05:30,2026-08-04 00:00:00+05:30,1634,6.484126984126984,True,100.0
THEJO,2020-01-01 00:00:00+05:30,2026-08-04 00:00:00+05:30,1632,6.476190476190476,True,100.0
THELEELA,2025-06-02 00:00:00+05:30,2026-08-04 00:00:00+05:30,293,1.1626984126984128,True,23.253968253968253
THEMISMED,2020-01-01 00:00:00+05:30,2026-08-04 00:00:00+05:30,1634,6.484126984126984,True,100.0
THERMAX,2020-01-01 00:00:00+05:30,2026-08-04 00:00:00+05:30,1633,6.48015873015873,True,100.0
THOMASCOOK,2020-01-01 00:00:00+05:30,2026-08-04 00:00:00+05:30,1634,6.484126984126984,True,100.0
THYROCARE,2020-01-01 00:00:00+05:30,2026-08-04 00:00:00+05:30,1634,6.484126984126984,True,100.0
TI,2020-01-01 00:00:00+05:30,2026-08-04 00:00:00+05:30,1634,6.484126984126984,True,100.0
TIIL,2020-01-01 00:00:00+05:30,2026-08-04 00:00:00+05:30,1632,6.476190476190476,True,100.0
TIINDIA,2020-01-01 00:00:00+05:30,2026-08-04 00:00:00+05:30,1634,6.484126984126984,True,100.0
TIMETECHNO,2020-01-01 00:00:00+05:30,2026-08-04 00:00:00+05:30,1634,6.484126984126984,True,100.0
TIMKEN,2020-01-01 00:00:00+05:30,2026-08-04 00:00:00+05:30,1633,6.48015873015873,True,100.0
TINNARUBR,2025-04-17 00:00:00+05:30,2026-08-04 00:00:00+05:30,323,1.2817460317460319,True,25.634920634920633
TIPSMUSIC,2020-01-01 00:00:00+05:30,2026-08-04 00:00:00+05:30,1634,6.484126984126984,True,100.0
TIRUMALCHM,2020-01-01 00:00:00+05:30,2026-08-04 00:00:00+05:30,1633,6.48015873015873,True,100.0
TIRUPATIFL,2020-01-01 00:00:00+05:30,2026-08-04 00:00:00+05:30,1632,6.476190476190476,True,100.0
TITAGARH,2020-01-01 00:00:00+05:30,2026-08-04 00:00:00+05:30,1634,6.484126984126984,True,100.0
TITAN,2020-01-01 00:00:00+05:30,2026-08-04 00:00:00+05:30,1634,6.484126984126984,True,100.0
TMB,2022-09-15 00:00:00+05:30,2026-08-04 00:00:00+05:30,960,3.8095238095238093,True,76.19047619047619
TMPV,2020-01-01 00:00:00+05:30,2026-08-04 00:00:00+05:30,1634,6.484126984126984,True,100.0
TNPETRO,2020-01-01 00:00:00+05:30,2026-08-04 00:00:00+05:30,1634,6.484126984126984,True,100.0
TNPL,2020-01-01 00:00:00+05:30,2026-08-04 00:00:00+05:30,1633,6.48015873015873,True,100.0
TOLINS,2024-09-16 00:00:00+05:30,2026-08-04 00:00:00+05:30,468,1.8571428571428572,True,37.142857142857146
TORNTPHARM,2020-01-01 00:00:00+05:30,2026-08-04 00:00:00+05:30,1634,6.484126984126984,True,100.0
TORNTPOWER,2020-01-01 00:00:00+05:30,2026-08-04 00:00:00+05:30,1634,6.484126984126984,True,100.0
TPLPLASTEH,2020-01-01 00:00:00+05:30,2026-08-04 00:00:00+05:30,1634,6.484126984126984,True,100.0
TRACXN,2022-10-20 00:00:00+05:30,2026-08-04 00:00:00+05:30,937,3.7182539682539684,True,74.36507936507937
TRANSRAILL,2024-12-27 00:00:00+05:30,2026-08-04 00:00:00+05:30,399,1.5833333333333333,True,31.666666666666664
TRANSTEEL,2023-11-06 00:00:00+05:30,2026-07-31 00:00:00+05:30,675,2.6785714285714284,True,53.57142857142857
TRANSWORLD,2020-01-01 00:00:00+05:30,2026-08-04 00:00:00+05:30,1633,6.48015873015873,True,100.0
TREL,2023-08-10 00:00:00+05:30,2026-08-04 00:00:00+05:30,735,2.9166666666666665,True,58.333333333333336
TRENT,2020-01-01 00:00:00+05:30,2026-08-04 00:00:00+05:30,1634,6.484126984126984,True,100.0
TRF,2020-01-01 00:00:00+05:30,2026-08-04 00:00:00+05:30,1634,6.484126984126984,True,100.0
TRIDENT,2020-01-01 00:00:00+05:30,2026-08-04 00:00:00+05:30,1634,6.484126984126984,True,100.0
TRIGYN,2020-01-01 00:00:00+05:30,2026-08-04 00:00:00+05:30,1633,6.48015873015873,True,100.0
TRITURBINE,2020-01-01 00:00:00+05:30,2026-08-04 00:00:00+05:30,1634,6.484126984126984,True,100.0
TRIVENI,2020-01-01 00:00:00+05:30,2026-08-04 00:00:00+05:30,1634,6.484126984126984,True,100.0
TSFINV,2020-01-01 00:00:00+05:30,2026-08-04 00:00:00+05:30,1634,6.484126984126984,True,100.0
TTKHLTCARE,2020-01-01 00:00:00+05:30,2026-08-04 00:00:00+05:30,1633,6.48015873015873,True,100.0
TTKPRESTIG,2020-01-01 00:00:00+05:30,2026-08-04 00:00:00+05:30,1634,6.484126984126984,True,100.0
TTML,2020-01-01 00:00:00+05:30,2026-08-04 00:00:00+05:30,1634,6.484126984126984,True,100.0
TVSELECT,2020-01-01 00:00:00+05:30,2026-08-04 00:00:00+05:30,1633,6.48015873015873,True,100.0
TVSHLTD,2020-01-01 00:00:00+05:30,2026-08-04 00:00:00+05:30,1632,6.476190476190476,True,100.0
TVSMOTOR,2020-01-01 00:00:00+05:30,2026-08-04 00:00:00+05:30,1634,6.484126984126984,True,100.0
TVSSCS,2023-08-23 00:00:00+05:30,2026-08-04 00:00:00+05:30,728,2.888888888888889,True,57.77777777777777
TVSSRICHAK,2020-01-01 00:00:00+05:30,2026-08-04 00:00:00+05:30,1633,6.48015873015873,True,100.0
TVTODAY,2020-01-01 00:00:00+05:30,2026-08-04 00:00:00+05:30,1633,6.48015873015873,True,100.0
UBL,2020-01-01 00:00:00+05:30,2026-08-04 00:00:00+05:30,1634,6.484126984126984,True,100.0
UCOBANK,2020-01-01 00:00:00+05:30,2026-08-04 00:00:00+05:30,1634,6.484126984126984,True,100.0
UDS,2023-10-04 00:00:00+05:30,2026-08-04 00:00:00+05:30,700,2.7777777777777777,True,55.55555555555556
UFBL,2021-04-07 00:00:00+05:30,2026-08-04 00:00:00+05:30,1317,5.226190476190476,True,100.0
UFLEX,2020-01-01 00:00:00+05:30,2026-08-04 00:00:00+05:30,1633,6.48015873015873,True,100.0
UFO,2020-01-01 00:00:00+05:30,2026-08-04 00:00:00+05:30,1633,6.48015873015873,True,100.0
UGARSUGAR,2020-01-01 00:00:00+05:30,2026-08-04 00:00:00+05:30,1634,6.484126984126984,True,100.0
UGROCAP,2021-08-11 00:00:00+05:30,2026-08-04 00:00:00+05:30,1232,4.888888888888889,True,97.77777777777777
UJJIVANSFB,2020-01-01 00:00:00+05:30,2026-08-04 00:00:00+05:30,1634,6.484126984126984,True,100.0
ULTRACEMCO,2020-01-01 00:00:00+05:30,2026-08-04 00:00:00+05:30,1634,6.484126984126984,True,100.0
UNICHEMLAB,2020-01-01 00:00:00+05:30,2026-08-04 00:00:00+05:30,1634,6.484126984126984,True,100.0
UNIDT,2020-09-25 00:00:00+05:30,2026-08-04 00:00:00+05:30,1448,5.746031746031746,True,100.0
UNIECOM,2024-08-13 00:00:00+05:30,2026-08-04 00:00:00+05:30,492,1.9523809523809523,True,39.04761904761905
UNIHEALTH,2023-09-21 00:00:00+05:30,2026-07-31 00:00:00+05:30,705,2.7976190476190474,True,55.952380952380956
UNIMECH,2024-12-31 00:00:00+05:30,2026-08-04 00:00:00+05:30,396,1.5714285714285714,True,31.428571428571427
UNIONBANK,2020-01-01 00:00:00+05:30,2026-08-04 00:00:00+05:30,1634,6.484126984126984,True,100.0
UNIPARTS,2022-12-12 00:00:00+05:30,2026-08-04 00:00:00+05:30,901,3.5753968253968256,True,71.5079365079365
UNITDSPR,2020-01-01 00:00:00+05:30,2026-08-04 00:00:00+05:30,1634,6.484126984126984,True,100.0
UNIVASTU,2020-01-01 00:00:00+05:30,2026-08-04 00:00:00+05:30,1633,6.48015873015873,True,100.0
UNIVCABLES,2020-01-01 00:00:00+05:30,2026-08-04 00:00:00+05:30,1634,6.484126984126984,True,100.0
UNOMINDA,2020-01-01 00:00:00+05:30,2026-08-04 00:00:00+05:30,1634,6.484126984126984,True,100.0
UPL,2020-01-01 00:00:00+05:30,2026-08-04 00:00:00+05:30,1634,6.484126984126984,True,100.0
USHAMART,2020-01-01 00:00:00+05:30,2026-08-04 00:00:00+05:30,1634,6.484126984126984,True,100.0
UTIAMC,2020-10-13 00:00:00+05:30,2026-08-04 00:00:00+05:30,1439,5.7103174603174605,True,100.0
UTTAMSUGAR,2020-01-01 00:00:00+05:30,2026-08-04 00:00:00+05:30,1634,6.484126984126984,True,100.0
V2RETAIL,2020-01-01 00:00:00+05:30,2026-08-04 00:00:00+05:30,1634,6.484126984126984,True,100.0
VADILALIND,2020-01-01 00:00:00+05:30,2026-08-04 00:00:00+05:30,1632,6.476190476190476,True,100.0
VAIBHAVGBL,2020-01-01 00:00:00+05:30,2026-08-04 00:00:00+05:30,1633,6.48015873015873,True,100.0
VALIANTORG,2020-10-05 00:00:00+05:30,2026-08-04 00:00:00+05:30,1443,5.726190476190476,True,100.0
VARROC,2020-01-01 00:00:00+05:30,2026-08-04 00:00:00+05:30,1633,6.48015873015873,True,100.0
VASCONEQ,2020-01-01 00:00:00+05:30,2026-08-04 00:00:00+05:30,1634,6.484126984126984,True,100.0
VBL,2020-01-01 00:00:00+05:30,2026-08-04 00:00:00+05:30,1634,6.484126984126984,True,100.0
VEDL,2020-01-01 00:00:00+05:30,2026-08-04 00:00:00+05:30,1634,6.484126984126984,True,100.0
VEEDOL,2020-01-01 00:00:00+05:30,2026-08-04 00:00:00+05:30,1634,6.484126984126984,True,100.0
VENKEYS,2020-01-01 00:00:00+05:30,2026-08-04 00:00:00+05:30,1633,6.48015873015873,True,100.0
VENTIVE,2024-12-30 00:00:00+05:30,2026-08-04 00:00:00+05:30,398,1.5793650793650793,True,31.587301587301585
VENUSPIPES,2022-05-24 00:00:00+05:30,2026-08-04 00:00:00+05:30,1039,4.123015873015873,True,82.46031746031746
VENUSREM,2020-01-01 00:00:00+05:30,2026-08-04 00:00:00+05:30,1632,6.476190476190476,True,100.0
VERANDA,2022-04-11 00:00:00+05:30,2026-08-04 00:00:00+05:30,1068,4.238095238095238,True,84.76190476190476
VERTOZ,2020-01-01 00:00:00+05:30,2026-08-04 00:00:00+05:30,1633,6.48015873015873,True,100.0
VESUVIUS,2020-01-01 00:00:00+05:30,2026-08-04 00:00:00+05:30,1633,6.48015873015873,True,100.0
VETO,2020-01-01 00:00:00+05:30,2026-08-04 00:00:00+05:30,1634,6.484126984126984,True,100.0
VGUARD,2020-01-01 00:00:00+05:30,2026-08-04 00:00:00+05:30,1633,6.48015873015873,True,100.0
VIDHIING,2020-01-01 00:00:00+05:30,2026-08-04 00:00:00+05:30,1632,6.476190476190476,True,100.0
VIJAYA,2021-09-14 00:00:00+05:30,2026-08-04 00:00:00+05:30,1210,4.801587301587301,True,96.03174603174604
VILAS,2024-06-03 00:00:00+05:30,2026-07-31 00:00:00+05:30,539,2.138888888888889,True,42.77777777777778
VIMTALABS,2020-01-01 00:00:00+05:30,2026-08-04 00:00:00+05:30,1634,6.484126984126984,True,100.0
VINATIORGA,2020-01-01 00:00:00+05:30,2026-08-04 00:00:00+05:30,1634,6.484126984126984,True,100.0
VINCOFE,2024-10-18 00:00:00+05:30,2026-08-04 00:00:00+05:30,446,1.7698412698412698,True,35.3968253968254
VINDHYATEL,2020-01-01 00:00:00+05:30,2026-08-04 00:00:00+05:30,1634,6.484126984126984,True,100.0
VINSYS,2023-08-11 00:00:00+05:30,2026-07-31 00:00:00+05:30,732,2.9047619047619047,True,58.0952380952381
VINYAS,2023-10-06 00:00:00+05:30,2026-07-31 00:00:00+05:30,695,2.757936507936508,True,55.158730158730165
VINYLINDIA,2020-01-01 00:00:00+05:30,2026-08-04 00:00:00+05:30,1632,6.476190476190476,True,100.0
VIPCLOTHNG,2020-01-01 00:00:00+05:30,2026-08-04 00:00:00+05:30,1633,6.48015873015873,True,100.0
VIPIND,2020-01-01 00:00:00+05:30,2026-08-04 00:00:00+05:30,1633,6.48015873015873,True,100.0
VISAKAIND,2020-01-01 00:00:00+05:30,2026-08-04 00:00:00+05:30,1633,6.48015873015873,True,100.0
VISHNU,2020-01-01 00:00:00+05:30,2026-08-04 00:00:00+05:30,1634,6.484126984126984,True,100.0
VIVIANA,2022-09-16 00:00:00+05:30,2026-08-04 00:00:00+05:30,957,3.7976190476190474,True,75.95238095238095
VIYASH,2020-01-01 00:00:00+05:30,2026-08-04 00:00:00+05:30,1634,6.484126984126984,True,100.0
VLSFINANCE,2020-01-01 00:00:00+05:30,2026-08-04 00:00:00+05:30,1632,6.476190476190476,True,100.0
VMARCIND,2021-05-19 00:00:00+05:30,2026-07-31 00:00:00+05:30,1288,5.111111111111111,True,100.0
VMART,2020-01-01 00:00:00+05:30,2026-08-04 00:00:00+05:30,1633,6.48015873015873,True,100.0
VMM,2024-12-18 00:00:00+05:30,2026-08-04 00:00:00+05:30,405,1.6071428571428572,True,32.142857142857146
VOLTAMP,2020-01-01 00:00:00+05:30,2026-08-04 00:00:00+05:30,1634,6.484126984126984,True,100.0
VOLTAS,2020-01-01 00:00:00+05:30,2026-08-04 00:00:00+05:30,1634,6.484126984126984,True,100.0
VPRPL,2023-09-05 00:00:00+05:30,2026-08-04 00:00:00+05:30,720,2.857142857142857,True,57.14285714285714
VRAJ,2024-07-03 00:00:00+05:30,2026-08-04 00:00:00+05:30,520,2.0634920634920637,True,41.269841269841265
VRLLOG,2020-01-01 00:00:00+05:30,2026-08-04 00:00:00+05:30,1633,6.48015873015873,True,100.0
VSSL,2020-01-01 00:00:00+05:30,2026-08-04 00:00:00+05:30,1633,6.48015873015873,True,100.0
VSTIND,2020-01-01 00:00:00+05:30,2026-08-04 00:00:00+05:30,1634,6.484126984126984,True,100.0
VSTTILLERS,2020-01-01 00:00:00+05:30,2026-08-04 00:00:00+05:30,1633,6.48015873015873,True,100.0
VTL,2020-01-01 00:00:00+05:30,2026-08-04 00:00:00+05:30,1634,6.484126984126984,True,100.0
WAAREEENER,2024-10-28 00:00:00+05:30,2026-08-04 00:00:00+05:30,440,1.746031746031746,True,34.92063492063492
WAAREERTL,2025-04-09 00:00:00+05:30,2026-08-04 00:00:00+05:30,328,1.3015873015873016,True,26.031746031746035
WABAG,2020-01-01 00:00:00+05:30,2026-08-04 00:00:00+05:30,1634,6.484126984126984,True,100.0
WALCHANNAG,2020-01-01 00:00:00+05:30,2026-08-04 00:00:00+05:30,1634,6.484126984126984,True,100.0
WANBURY,2020-01-01 00:00:00+05:30,2026-08-04 00:00:00+05:30,1633,6.48015873015873,True,100.0
WCIL,2024-09-24 00:00:00+05:30,2026-08-04 00:00:00+05:30,463,1.8373015873015872,True,36.74603174603175
WEBELSOLAR,2020-01-01 00:00:00+05:30,2026-08-04 00:00:00+05:30,1634,6.484126984126984,True,100.0
WEL,2020-01-01 00:00:00+05:30,2026-08-04 00:00:00+05:30,1633,6.48015873015873,True,100.0
WELCORP,2020-01-01 00:00:00+05:30,2026-08-04 00:00:00+05:30,1634,6.484126984126984,True,100.0
WELENT,2020-01-01 00:00:00+05:30,2026-08-04 00:00:00+05:30,1634,6.484126984126984,True,100.0
WELSPUNLIV,2020-01-01 00:00:00+05:30,2026-08-04 00:00:00+05:30,1634,6.484126984126984,True,100.0
WENDT,2020-01-01 00:00:00+05:30,2026-08-04 00:00:00+05:30,1633,6.48015873015873,True,100.0
WESTLIFE,2020-01-01 00:00:00+05:30,2026-08-04 00:00:00+05:30,1633,6.48015873015873,True,100.0
WHEELS,2020-01-01 00:00:00+05:30,2026-08-04 00:00:00+05:30,1634,6.484126984126984,True,100.0
WHIRLPOOL,2020-01-01 00:00:00+05:30,2026-08-04 00:00:00+05:30,1634,6.484126984126984,True,100.0
WINDLAS,2021-08-16 00:00:00+05:30,2026-08-04 00:00:00+05:30,1229,4.876984126984127,True,97.53968253968253
WINDMACHIN,2020-01-01 00:00:00+05:30,2026-08-04 00:00:00+05:30,1633,6.48015873015873,True,100.0
WIPRO,2020-01-01 00:00:00+05:30,2026-08-04 00:00:00+05:30,1634,6.484126984126984,True,100.0
WOCKPHARMA,2020-01-01 00:00:00+05:30,2026-08-04 00:00:00+05:30,1634,6.484126984126984,True,100.0
WONDERLA,2020-01-01 00:00:00+05:30,2026-08-04 00:00:00+05:30,1633,6.48015873015873,True,100.0
WSTCSTPAPR,2020-01-01 00:00:00+05:30,2026-08-04 00:00:00+05:30,1633,6.48015873015873,True,100.0
XCHANGING,2020-01-01 00:00:00+05:30,2026-08-04 00:00:00+05:30,1633,6.48015873015873,True,100.0
XPROINDIA,2020-01-01 00:00:00+05:30,2026-08-04 00:00:00+05:30,1634,6.484126984126984,True,100.0
YASHO,2023-08-21 00:00:00+05:30,2026-08-04 00:00:00+05:30,727,2.884920634920635,True,57.698412698412696
YATHARTH,2023-08-07 00:00:00+05:30,2026-08-04 00:00:00+05:30,740,2.9365079365079363,True,58.730158730158735
YATRA,2023-09-28 00:00:00+05:30,2026-08-04 00:00:00+05:30,704,2.7936507936507935,True,55.87301587301587
YESBANK,2020-01-01 00:00:00+05:30,2026-08-04 00:00:00+05:30,1634,6.484126984126984,True,100.0
YUKEN,2021-09-02 00:00:00+05:30,2026-08-04 00:00:00+05:30,1217,4.829365079365079,True,96.58730158730158
ZAGGLE,2023-09-22 00:00:00+05:30,2026-08-04 00:00:00+05:30,708,2.8095238095238093,True,56.19047619047619
ZEEL,2020-01-01 00:00:00+05:30,2026-08-04 00:00:00+05:30,1634,6.484126984126984,True,100.0
ZENSARTECH,2020-01-01 00:00:00+05:30,2026-08-04 00:00:00+05:30,1634,6.484126984126984,True,100.0
ZENTEC,2020-01-01 00:00:00+05:30,2026-08-04 00:00:00+05:30,1634,6.484126984126984,True,100.0
ZFCVINDIA,2020-01-01 00:00:00+05:30,2026-08-04 00:00:00+05:30,1634,6.484126984126984,True,100.0
ZIMLAB,2022-11-25 00:00:00+05:30,2026-08-04 00:00:00+05:30,912,3.619047619047619,True,72.38095238095238
ZOTA,2020-01-01 00:00:00+05:30,2026-08-04 00:00:00+05:30,1633,6.48015873015873,True,100.0
ZTECH,2024-06-05 00:00:00+05:30,2026-07-31 00:00:00+05:30,536,2.126984126984127,True,42.53968253968254
ZUARI,2020-01-01 00:00:00+05:30,2026-08-04 00:00:00+05:30,1634,6.484126984126984,True,100.0
ZUARIIND,2020-01-01 00:00:00+05:30,2026-08-04 00:00:00+05:30,1633,6.48015873015873,True,100.0
ZYDUSLIFE,2020-01-01 00:00:00+05:30,2026-08-04 00:00:00+05:30,1634,6.484126984126984,True,100.0
ZYDUSWELL,2020-01-01 00:00:00+05:30,2026-08-04 00:00:00+05:30,1634,6.484126984126984,True,100.0
