Symbol,Observations,Average_Close,Close_Volatility,Min_Close,Max_Close,Average_Volume,Median_Volume,Quality_Score
20MICRONS,1633,124.40595228542087,78.12025370872442,19.899999618530273,339.0,227533.93202694427,107204.0,100
360ONE,1633,624.0599356731315,335.60061822703767,196.0500030517578,1297.1500244140625,559151.8750765462,276773.0,100
3MINDIA,1632,26961.32738539752,5483.105423021334,15887.25,40020.6015625,5668.1274509803925,3576.5,100
5PAISA,1633,372.17413939308403,102.55080812713307,96.19999694824219,736.0499877929688,81899.77464788733,32494.0,100
63MOONS,1634,349.95566115968813,281.49197698955885,42.54999923706055,1100.5,227870.6835985312,103034.5,100
AADHARHFC,553,457.03119326931227,44.44075932921178,329.45001220703125,556.5,919187.3037974683,436743.0,100
AARTIDRUGS,1634,481.42464040805254,140.6746866569043,115.4375,1011.8499755859375,401975.4541003672,168617.5,100
AARTIIND,1634,599.8867198332433,182.84606335830364,339.75,1156.550048828125,1205550.8127294981,823695.5,100
AARTIPHARM,868,607.4786865656278,175.8589925397694,247.14999389648438,964.9000244140625,323429.4216589862,202536.5,100
AARTISURF,1501,711.0920811093386,291.4285739293262,230.1732635498047,1758.3267822265625,29919.934710193204,11745.0,100
AAVAS,1634,1820.8525701403764,441.4564493457842,874.5,3195.800048828125,184807.8494492044,105075.0,100
ABB,1634,3869.7030886553202,2275.3919079339466,725.9500122070312,9020.0,299297.1481028152,228676.5,100
ABBOTINDIA,1634,22408.168063776582,5633.308216224096,12498.7998046875,35670.0,14551.61077111383,11107.5,100
ABCAPITAL,1634,171.37888618665343,87.79395503055682,40.04999923706055,418.20001220703125,4638672.672582619,3332751.5,100
ABDL,520,453.6231729360727,114.4138826360763,285.8500061035156,702.7000122070312,800108.1730769231,466419.5,100
ABFRL,1634,206.27424127819197,83.48955930936305,53.88999938964844,358.1499938964844,4211669.936964504,2586126.5,100
ABREL,1634,1158.253183035693,686.402316469517,227.0,3052.800048828125,572592.0391676867,261923.0,100
ABSLAMC,1192,618.5017190715611,205.60384604790596,309.25,1199.0,291080.1753355705,195562.0,100
ABSMARINE,547,207.9521020055907,58.74121637667695,92.1500015258789,404.29998779296875,103443.32723948812,53000.0,100
ACC,1634,1949.7907275196387,395.75397708630186,918.2000122070312,2772.25,644510.1860465116,420453.5,100
ACCELYA,1634,1265.5586906815977,278.2046381729977,811.9000244140625,2057.0,32637.94859241126,15223.5,100
ACCENTMIC,648,300.5811302750199,72.13966606695543,181.60000610351562,527.5499877929688,58040.75462962963,29500.0,100
ACE,1634,620.0763166152133,481.0855847617914,31.600000381469727,1606.4000244140625,485283.12545899634,288178.5,100
ACI,916,609.2407209904434,68.52875634540717,417.20001220703125,822.75,438401.3296943231,222036.0,100
ACMESOLAR,428,260.0587378172117,47.83340226367692,173.85000610351562,394.0,1646559.7593457943,996663.5,100
ACUTAAS,1211,975.962674809526,719.6776184626752,403.32501220703125,3694.800048828125,451002.11147811724,267096.0,100
ADANIENSOL,1634,1192.5032124887043,804.3337826734083,163.85000610351562,4105.39990234375,1686603.629742962,831608.5,100
ADANIENT,1634,2034.2575545993839,1013.9753342531579,120.9000015258789,4165.2998046875,3682415.1187270503,2120554.0,100
ADANIGREEN,1634,1234.9582313388185,566.6131938378073,117.69999694824219,2970.5,2295180.277233782,1250961.0,100
ADANIPORTS,1634,946.3475823093073,415.1039453389112,207.8000030517578,1883.199951171875,6253465.546511628,3798073.5,100
ADANIPOWER,1634,74.85086304963437,58.57906560622424,5.130000114440918,248.91000366210938,54502558.719706245,25179735.0,100
ADFFOODS,1634,181.82378222396645,66.95457722724007,25.049999237060547,347.6499938964844,271080.2631578947,125415.0,100
ADOR,1634,861.0034570962446,383.28436684228916,161.64999389648438,1652.050048828125,32082.331089351286,15572.5,100
ADSL,1634,118.59141982929505,67.75550811687879,11.050000190734863,309.3500061035156,427818.3268053855,194698.5,100
ADVENZYMES,1634,316.27717241546367,73.54837172893554,99.5,549.9000244140625,315302.49571603426,164514.5,100
AEGISLOG,1632,455.51415469599704,260.4060284104129,115.55000305175781,1409.199951171875,962764.0116421569,442501.0,100
AEGISVOPAK,294,238.46448947621042,32.044648104412495,161.64999389648438,303.489990234375,1309640.0578231292,696063.0,100
AEROENTER,916,95.4047161127282,19.079658986852372,55.900001525878906,147.92999267578125,638826.3417030568,377181.5,100
AEROFLEX,723,201.7349930337191,78.11374075835374,116.55000305175781,510.8999938964844,1835781.796680498,822898.0,100
AETHER,1032,910.131977702296,136.33552738747267,730.7999877929688,1582.5,183251.57170542635,74530.5,100
AFCONS,435,404.3111494393184,71.34811181766956,271.1499938964844,545.5499877929688,1578019.588505747,716053.0,100
AFFLE,1634,1161.1915606401833,429.5537693367356,189.30999755859375,2146.699951171875,370582.3188494492,242587.5,100
AFSL,891,279.9077440769183,97.8181223619058,171.55999755859375,607.3499755859375,203180.7665544332,67235.0,100
AGARIND,1632,604.8863050329919,354.56578279392966,44.45000076293945,1361.699951171875,58973.36703431373,32355.5,100
AGARWALEYE,369,449.211382444635,43.61250970367743,334.04998779296875,545.7000122070312,376932.6693766938,149616.0,100
AGI,1633,487.72391340415754,317.42653062344056,35.45000076293945,1284.449951171875,315398.9056950398,167705.0,100
AGIIL,512,221.05377933382988,85.79805366684018,79.05999755859375,419.1499938964844,1081488.91015625,466026.5,100
AHLUCONT,1634,645.8490519716223,301.99551901433523,230.39999389648438,1495.699951171875,63464.32925336597,31646.5,100
AIAENG,1632,2848.516730589025,928.051168568725,1238.800048828125,5081.39990234375,70010.65073529411,44969.0,100
AIIL,568,425.66934972413827,135.2070879347697,152.49000549316406,667.9000244140625,697750.0897887324,359974.0,100
AIMTRON,535,707.7753272225924,256.1651495805483,253.0500030517578,1390.3499755859375,71064.29906542056,44000.0,100
AJANTPHARM,1633,1829.253724228438,756.6221263066641,650.433349609375,3575.300048828125,163172.69259032456,108824.0,100
AJAXENGG,361,597.1308852430856,69.32444189976614,404.1000061035156,742.2999877929688,188925.71191135733,85998.0,100
AJMERA,1634,92.69189712963315,60.79032740373538,10.9399995803833,234.1699981689453,673051.5532435741,301882.5,100
AKUMS,494,571.3098182832664,139.72356745099913,414.04998779296875,1119.949951171875,357246.7631578947,180365.5,100
ALBERTDAVD,1632,728.1932589026059,294.18915267184383,275.20001220703125,1697.449951171875,19738.963848039217,7726.0,100
ALEMBICLTD,1634,93.32458391037828,23.795787211627673,30.25,164.1699981689453,808235.5624235006,362161.5,100
ALICON,1632,746.6427707952612,268.33945117103247,173.89999389648438,1513.3499755859375,22542.686887254902,10998.0,100
ALIVUS,1235,760.864088446119,250.58674247335895,374.54998779296875,1323.699951171875,162620.62267206478,87086.0,100
ALKEM,1633,4024.622720805984,1156.99375785076,2082.85009765625,6366.25,169518.08940600124,122872.0,100
ALKYLAMINE,1634,2191.96492062292,825.4752457899002,433.55999755859375,4622.64990234375,93999.70134638922,46344.5,100
ALLDIGI,1631,614.7652662126364,273.054601018155,110.8499984741211,1220.8499755859375,26707.90374003679,11124.0,100
ALPEXSOLAR,607,859.4009052006378,233.2518876961749,257.95001220703125,1356.449951171875,117753.37726523887,76400.0,100
AMBER,1634,3903.250058233665,2111.992766562884,1004.6500244140625,8842.5,241392.0899632803,118925.5,100
AMBIKCO,1633,1438.0611762136166,418.8802407606495,473.3500061035156,2739.199951171875,21118.20575627679,11164.0,100
AMBUJACEM,1634,429.17634664696607,134.5970618273746,139.35000610351562,695.0,5189855.015299877,3477906.5,100
AMRUTANJAN,1634,650.7489600304145,135.64366884962914,269.0,992.0499877929688,65876.67013463892,29067.0,100
ANANDRATHI,1149,785.5712026225888,561.9829778532843,137.85000610351562,2146.800048828125,483840.61096605746,226060.0,100
ANANTRAJ,1634,261.60540436560257,243.2534176689847,6.078965187072754,935.5499877929688,1739891.1695226438,1134557.5,100
ANDHRAPAP,1633,72.36611145636236,24.663786950892074,24.15999984741211,129.5800018310547,459680.41396203305,204265.0,100
ANDHRSUGAR,1634,97.09280897324935,29.556061641300346,25.190000534057617,171.6999969482422,447167.96450428397,210677.0,100
ANGELONE,1445,190.18434612709757,89.31457269495064,22.46500015258789,380.56500244140625,8573693.100346021,5635640.0,100
ANLON,877,363.47987457936546,120.15716047350898,134.0,716.7000122070312,15996.351197263399,6400.0,100
ANNAPURNA,949,267.5101683991475,87.69373788723813,115.05000305175781,484.5,99961.27502634352,54750.0,100
ANTELOPUS,1634,377.17940615323647,252.3762962696245,62.599998474121094,1022.9500122070312,159073.54834761322,65705.5,100
ANUP,1633,1201.9535055633564,990.3044143763309,120.82499694824219,3741.75,62369.61849357012,35971.0,100
ANURAS,1326,904.587935434747,207.38371928289175,480.29998779296875,1376.0,238015.24811463046,134191.0,100
APARINDS,1634,4328.313153858722,4101.992266215173,244.89999389648438,16665.0,134631.26621787026,79849.5,100
APCOTEXIND,1633,376.7973053950294,138.76765946039066,68.8499984741211,681.5999755859375,103833.38640538885,46401.0,100
APEX,1634,268.1758381482875,60.52097461524249,145.14999389648438,501.29998779296875,324113.58323133417,110407.5,100
APLAPOLLO,1634,1160.9390198183469,554.6964935732856,107.1449966430664,2280.800048828125,640590.747246022,485067.0,100
APLLTD,1634,830.7501824704641,166.8290831874535,445.3999938964844,1247.699951171875,276296.7111383109,151886.0,100
APOLLO,1634,87.97354333432827,102.37382775735921,4.119999885559082,450.04998779296875,4426185.624847001,1488625.0,100
APOLLOHOSP,1634,5012.572363789253,2011.3176389577673,1088.8499755859375,8988.0,660312.1670746634,469770.5,100
APOLLOPIPE,1634,443.074204443718,178.75589959909374,75.69999694824219,779.5999755859375,202016.5152998776,71655.0,100
APOLLOTYRE,1634,332.67227642568264,138.54612868104888,76.44999694824219,564.25,3749891.9877600977,2356800.5,100
APS,625,414.1333602783203,103.05477015295799,147.0,647.25,83109.6,41500.0,100
APTECHT,1634,179.83213378924927,76.45339322853765,48.67856979370117,409.8214416503906,476899.44736842107,252378.5,100
APTUS,1225,305.02684910365514,36.25338872441499,194.57000732421875,390.3999938964844,1031576.186122449,468146.0,100
ARE&M,1634,814.7144733741789,252.90720213532632,380.1499938964844,1714.949951171875,946347.3317013464,589652.0,100
ARIES,1632,199.10516527587293,100.07799438705224,36.349998474121094,436.8999938964844,129665.32414215687,50407.5,100
ARIHANTCAP,1273,69.40291441432716,22.59997003681958,23.84000015258789,119.45999908447266,637348.2725844462,260571.0,100
ARIHANTSUP,1632,214.36506745628282,133.53152387249642,16.399999618530273,542.9000244140625,94531.62867647059,52965.5,100
ARKADE,462,151.31058434490518,27.07971160858261,94.83000183105469,208.83999633789062,1342900.1363636365,688494.5,100
ARMANFIN,1633,1324.2284136256483,567.9908182528634,285.6000061035156,2641.449951171875,28234.06981016534,17945.0,100
ARROWGREEN,1633,324.03572966814477,256.43110264809206,31.850000381469727,1085.8499755859375,47196.66503368034,17429.0,100
ARVIND,1634,197.89452235643253,141.91389096952986,19.649999618530273,587.0999755859375,1356959.3102815177,809925.5,100
ARVINDFASN,1634,340.71936208381794,136.11366172729376,110.47754669189453,634.0,392032.8929008568,221253.0,100
ARVSMART,1633,378.2992956461676,253.71289710644947,61.0,1006.9000244140625,133054.09491733008,55384.0,100
ASAHIINDIA,1634,542.8051103570908,224.8023501541881,134.9499969482422,1066.4000244140625,218544.11383108934,91482.5,100
ASAL,1634,376.01955328197784,257.23499478358065,12.050000190734863,1043.800048828125,56664.349449204405,20589.0,100
ASALCBR,1603,595.3068308506024,296.1912774378556,129.14999389648438,1456.199951171875,71889.00748596381,43377.0,100
ASHAPURMIN,1634,262.9525825285707,210.6856338981889,19.5,902.4500122070312,380481.4877600979,204861.0,100
ASHIANA,1634,214.07423499398016,101.65212659265761,40.25,452.04998779296875,134518.1676866585,63299.0,100
ASHOKA,1634,128.62190944153355,59.32269272087508,37.5,313.19000244140625,1767496.4730722154,1135343.5,100
ASHOKLEY,1634,87.92283653950312,40.799193108446,17.225000381469727,211.9199981689453,34660851.61138311,23521019.5,100
ASIANENE,1152,227.41947019431325,108.20511664831258,54.75,433.45001220703125,160443.50520833334,79649.0,100
ASIANPAINT,1634,2711.787237944772,487.54023548271215,1498.449951171875,3576.300048828125,1431435.1303549572,1106112.0,100
ASIANTILES,1634,83.5087921721553,38.557534096566336,34.599998474121094,195.10760498046875,1418796.2980416156,570008.5,100
ASKAUTOLTD,673,419.17704326295217,73.69202897554594,243.5500030517578,572.5,352469.68053491827,200843.0,100
ASTEC,1634,1148.6162348248822,406.01586953782225,340.8500061035156,2250.75,119514.37148102815,26977.0,100
ASTERDM,1634,333.2574357694628,192.2742518113929,83.55000305175781,832.2000122070312,925015.9253365973,469572.0,100
ASTRAL,1634,1453.9184036721797,436.9150173925629,423.9844665527344,2417.75,557242.9932680539,437084.0,100
ASTRAMICRO,1634,500.7599442690939,394.20445721882345,48.54999923706055,1861.5999755859375,619127.0238678091,362738.0,100
ASTRAZEN,1633,5093.1697790983335,2273.4315321605777,1903.4000244140625,10509.5,36649.23821187997,13008.0,100
ATALREAL,1410,14.049082373389115,7.493972431704957,2.233333110809326,34.13999938964844,1396909.5936170213,526047.5,100
ATGL,1634,1050.1852201464126,901.7228670337867,81.75,3918.89990234375,1980466.0887392901,823307.0,100
ATHERENERG,313,677.5126189698045,264.67907179462367,300.20001220703125,1453.0,3305646.4888178916,2257179.0,100
ATL,734,37.85115370113778,13.277196929499924,18.68000030517578,78.75,745204.3147138965,378078.0,100
ATMASTCO,601,206.29584043632926,52.97963821876012,95.55000305175781,381.79998779296875,91535.44093178037,40400.0,100
ATUL,1634,7043.236689106488,1397.7741290974063,3506.25,10824.150390625,45339.394124847,29935.5,100
ATULAUTO,1634,358.61930850436374,169.0023187769177,119.4000015258789,799.7000122070312,256748.50367197063,100022.5,100
AUBANK,1634,637.3640301072904,177.79929387870737,190.0749969482422,1072.0999755859375,2472977.2796817627,1864628.5,100
AURIONPRO,1634,613.0463438104094,588.0973767906507,14.649999618530273,1951.949951171875,135279.79742962055,73537.0,100
AUROPHARMA,1633,918.7650637045566,310.11290071006584,294.70001220703125,1620.5,2348994.7127985302,1627657.0,100
AURUM,1634,176.80601417536835,128.94015506097875,8.87727165222168,720.2597045898438,246057.58261933905,71666.5,100
AUTOAXLES,1633,1618.5471839133904,521.5015437048476,360.79998779296875,2616.0,21869.224127372934,12459.0,100
AUTOIND,1633,72.63774648036828,33.06175468120588,9.300000190734863,159.85000610351562,125347.01530924678,52674.0,100
AVADHSUGAR,1633,458.15036697060657,166.7411676906019,93.0,864.4000244140625,129976.09430496019,67095.0,100
AVALON,817,775.8018978123565,322.1946239181096,356.1499938964844,1807.9000244140625,400258.4516523868,229696.0,100
AVANTEL,500,154.17177111816406,22.061996479993727,101.44000244140625,211.66000366210938,2024364.608,1128366.0,100
AVANTIFEED,1633,589.5789952275218,219.31726528508884,261.1499938964844,1503.4000244140625,696868.2388242498,328589.0,100
AVL,431,488.55881657788484,69.06404250258676,338.0,668.5499877929688,287263.52204176335,146591.0,100
AVTNPL,1632,74.33417275255802,21.723127494374843,21.200000762939453,131.39999389648438,255279.49448529413,125340.0,100
AWFIS,543,553.6004232051843,155.3344239872025,230.64999389648438,899.9000244140625,389055.62062615104,228865.0,100
AWHCL,1383,428.0940346211001,141.88954709440756,241.89999389648438,881.0999755859375,282362.10556760663,103944.0,100
AWL,1110,372.46540547963735,151.14229115887616,172.3000030517578,841.0,3839641.934234234,1723842.5,100
AXISBANK,1634,911.9308138862526,263.0770833812116,303.1499938964844,1403.0,12332876.821909424,8690464.5,100
AXISCADES,1634,520.1287027987009,532.4828247058974,27.649999618530273,2173.60009765625,137125.34026927783,76847.0,100
AYMSYNTEX,1633,112.03949172527456,70.34224736897333,14.300000190734863,310.5899963378906,54928.2375995101,27353.0,100
AZAD,644,1588.9257021128021,316.5410642403339,659.1500244140625,2479.5,351927.23757763975,183917.5,100
BAHETI,901,365.76337421006554,199.51933820582008,78.8499984741211,744.2000122070312,29866.398446170922,17625.0,100
BAJAJ-AUTO,1634,5884.406460223904,2784.387240101894,1935.550048828125,12666.400390625,515413.1364749082,403892.5,100
BAJAJCON,1634,228.7558509751954,89.04862098011597,120.25,670.25,779930.0624235006,441691.0,100
BAJAJELEC,1634,806.0112714919203,293.91471702770707,251.5291290283203,1441.4228515625,208628.83965728275,93474.0,100
BAJAJFINSV,1634,1480.1562581803544,435.8340475972695,409.7250061035156,2176.60009765625,3202869.9204406366,1958066.5,100
BAJAJHCARE,1162,394.39195338132663,89.10917571494264,262.45001220703125,712.2000122070312,232738.42685025817,94093.0,100
BAJAJHFL,469,109.7650105653287,19.51586378506099,73.08999633789062,181.5,12729372.737739872,5671448.0,100
BAJAJHLDNG,1634,7137.450457382669,3407.0368397323173,1525.949951171875,14523.0,64657.25458996328,40754.5,100
BAJAJINDEF,357,311.06221307492723,76.06864908883558,208.57000732421875,552.6500244140625,69537.85714285714,26104.0,100
BAJEL,650,212.50999971829927,43.316336490659225,109.4000015258789,320.95001220703125,650526.7461538462,232408.0,100
BAJFINANCE,1634,684.9003027515574,196.01651903798978,182.89999389648438,1146.0,20616597.523255814,10909540.0,100
BALAJITELE,1633,69.61963871980984,20.300736579959366,30.850000381469727,138.6999969482422,371130.6650336803,164094.0,100
BALAMINES,1634,2016.0910969691001,941.0284151913302,215.75,4974.7998046875,155991.77662178702,68043.0,100
BALKRISIND,1633,2179.5844757584655,522.3255427715083,701.1500244140625,3345.85009765625,422338.80036742194,281731.0,100
BALMLAWRIE,1634,160.01529973752642,53.41956935623233,70.75,311.04998779296875,529008.7148102815,237929.5,100
BALRAMCHIN,1634,382.26630965177986,138.60786265845897,72.75,680.5499877929688,1783488.3598531212,1167230.0,100
BALUFORGE,564,572.1908681883034,140.6862691538929,260.95001220703125,854.3499755859375,795692.8421985816,520629.0,100
BANCOINDIA,1633,255.79476405912868,224.14415493474414,29.174999237060547,875.0499877929688,481908.02633190446,223682.0,100
BANDHANBNK,1634,245.8307222438705,73.79371888906417,130.30999755859375,518.5499877929688,10490677.339045288,8166477.0,100
BANKBARODA,1634,168.68702575889037,83.24371470218556,36.5,324.45001220703125,26047059.14626683,19580880.5,100
BANKINDIA,1634,88.57872702062787,36.38893606217215,31.350000381469727,177.1999969482422,9873005.914320685,6845954.0,100
BANSALWIRE,513,353.6377578943561,54.16233720133713,224.9499969482422,488.25,251613.2417153996,93078.0,100
BANSWRAS,1632,111.85829970182157,39.543545488866584,30.424999237060547,183.14999389648438,74716.95036764706,44499.0,100
BASF,1634,3215.21441306741,1460.2558947493173,824.3499755859375,8555.7001953125,49575.705630354954,24072.5,100
BASILIC,713,351.31711108621005,100.73835317072013,168.35000610351562,639.25,86913.74474053296,39600.0,100
BATAINDIA,1634,1450.7996321529915,327.11043722874666,607.5,2229.60009765625,449578.02447980415,307070.5,100
BAYERCROP,1634,5110.548834250928,679.2864247006985,3062.949951171875,6956.5,27784.708078335374,17753.0,100
BBL,1634,1832.8516213313164,1322.9574760942871,224.25,5502.39990234375,50597.239902080786,29532.0,100
BBOX,1634,290.81919266223326,212.15276838655922,28.959999084472656,1078.199951171875,222308.10893512852,78799.0,100
BBTC,1634,1407.1417084300533,469.02960234134605,594.25,2884.89990234375,125547.45777233782,58211.0,100
BCLIND,1339,41.27830099258252,13.493482029255913,10.0600004196167,83.1500015258789,1521309.1657953698,807364.0,100
BDL,1634,707.4782130592748,540.1514723019981,79.05000305175781,2015.5,1726647.5330477357,1052196.5,100
BECTORFOOD,1388,178.48045380177348,95.92887299739103,49.529998779296875,423.1400146484375,1587656.5691642652,689330.0,100
BEL,1634,176.80601373179888,140.76007146009547,19.483333587646484,468.45001220703125,26781328.976744186,19663542.5,100
BELRISE,297,172.2072058783637,40.40036135547157,92.02999877929688,247.5,9772726.528619528,5532345.0,100
BEML,1634,1099.399922757283,663.5405784250896,164.10121154785156,2601.14990234375,951719.8029375765,536550.0,100
BEPL,1634,91.84383082652471,30.35399667116053,17.333332061767578,172.5,1240588.4216646266,594412.0,100
BERGEPAINT,1634,538.6840725622095,71.30360301159978,336.7083435058594,720.7916870117188,1119109.1266829865,838645.0,100
BFINVEST,1633,406.37428052894046,121.65304698826088,163.10000610351562,768.7999877929688,76587.18799755051,29499.0,100
BFUTILITIE,1634,507.83378196725647,225.80780950340647,136.5500030517578,1112.199951171875,310071.9075887393,151439.0,100
BGRENERGY,1632,99.65452816907097,95.44465842335036,19.649999618530273,467.42999267578125,409625.0637254902,141214.5,100
BHAGCHEM,1186,196.82154330917797,87.01734799768764,67.24840545654297,427.5,142423.16694772345,70688.5,100
BHAGERIA,1633,176.19177594625796,43.09258919576738,67.44999694824219,315.5,96743.19963257808,33213.0,100
BHAGYANGR,1634,78.32441865799622,68.49507328894148,13.25,431.8500061035156,111323.79008567931,44092.5,100
BHARATFORG,1633,986.0900173993177,436.7042840405757,218.5,2209.0,1732427.3974280464,1255892.0,100
BHARATGEAR,1634,92.31311133792089,33.25538680107275,14.62134838104248,167.53334045410156,103838.18849449205,35657.0,100
BHARATRAS,1633,2450.805272510573,510.15714251604874,1210.0999755859375,3548.887451171875,18488.958358848744,9236.0,100
BHARATSE,338,158.21636102890827,44.1699761517723,72.76000213623047,254.6199951171875,439517.6923076923,126523.0,100
BHARATWIRE,1634,141.58160963198546,92.82301459442559,10.800000190734863,396.0,277865.35373317014,102193.5,100
BHARTIARTL,1634,1075.7463001265228,546.4515198509282,390.37078857421875,2162.699951171875,10198584.421664627,6618408.5,100
BHARTIHEXA,574,1498.4710786932437,257.8332423308706,806.0999755859375,1984.5999755859375,573294.9268292683,252548.5,100
BHEL,1634,143.45282747462446,108.93109699762736,19.850000381469727,435.3999938964844,31938143.257037945,20907701.5,100
BIGBLOC,1634,54.56968484849941,37.04597003717022,2.359999895095825,142.97999572753906,281590.74724602205,131999.0,100
BIKAJI,919,615.5738301904987,150.19453366395788,310.8999938964844,978.7000122070312,465577.63112078345,237830.0,100
BIOCON,1634,340.1338130712801,60.57998925079874,198.6999969482422,483.6000061035156,4268417.605875153,3104263.5,100
BIRET,1349,289.9403039523634,32.22968198622453,219.41000366210938,369.0,319523.6338028169,154390.0,100
BIRLACABLE,1633,149.27283524152915,76.43817023140049,25.649999618530273,423.6499938964844,193138.40355174526,71108.0,100
BIRLACORPN,1633,1081.4647891248433,285.2367168966277,373.6499938964844,1767.0999755859375,164116.46356399264,104755.0,100
BIRLAMONEY,1633,93.89411520972547,53.757665740804036,17.399999618530273,294.760009765625,272632.25597060623,95829.0,100
BIRLANU,1632,2638.2380185220754,1084.5791338526303,547.3499755859375,6587.14990234375,18400.08394607843,11123.0,100
BLACKBUCK,422,527.3229848852654,100.909008732006,253.14999389648438,733.5,935019.5971563981,489748.5,100
BLAL,816,211.41508558684706,40.20571209767975,146.85000610351562,343.54998779296875,205077.76348039217,80554.0,100
BLISSGVS,1634,133.12390439279807,73.16961797258602,66.9000015258789,539.5999755859375,869071.7833537331,354085.5,100
BLKASHYAP,1634,41.76115663194598,26.59364465984853,3.4000000953674316,116.88999938964844,628732.0514075888,326055.0,100
BLS,1634,194.7353870816155,145.03944865005778,6.875,505.5,2905664.871481028,1508226.0,100
BLSE,618,214.49234628523052,51.39971531589851,128.5800018310547,399.45001220703125,706848.6165048544,276330.0,100
BLUEDART,1634,5903.89387644811,1712.9953242612858,1885.5999755859375,9369.4501953125,32687.06242350061,15304.5,100
BLUEJET,682,544.627859121194,169.37906623997952,322.1000061035156,1010.2000122070312,526669.8636363636,310704.0,100
BLUESTARCO,1634,993.7555990044023,630.4369156995241,220.25,2337.550048828125,362165.641370869,222691.0,100
BODALCHEM,1633,78.10290876810198,18.650717305195702,37.0,147.10000610351562,681177.6007348439,361941.0,100
BOMDYEING,1634,118.62660957579222,45.83682832374961,37.400001525878906,249.6300048828125,2788540.501835985,1592980.0,100
BORANA,296,287.5538850217252,57.71158356624259,212.63999938964844,415.3999938964844,136483.25,59611.5,100
BOROLTD,1497,291.0015517332272,83.90550700984245,112.51066589355469,500.5,227840.53373413492,113851.0,100
BORORENEW,1634,432.9284893698908,182.25668304676256,28.049999237060547,782.3499755859375,617511.1358629131,328137.0,100
BOROSCI,536,149.34462682524725,28.837098549730477,100.97000122070312,223.77000427246094,179242.32835820896,76170.0,100
BOSCH-HCIL,1634,1746.2626078686194,476.7193088150036,940.8499755859375,3219.25,35097.3335373317,16617.0,100
BOSCHLTD,1633,22756.61293918402,9548.84401878453,8357.4501953125,42240.0,39558.6123698714,28048.0,100
BPCL,1634,239.48773868518768,66.8748271576947,131.4250030517578,388.29998779296875,12494905.463892289,9726129.0,100
BPL,1634,64.50557530261895,30.74122713288449,8.75,168.25,212225.96328029377,92902.5,100
BRIGADE,1634,474.57509150324137,262.7640132787731,69.0,1073.362548828125,536054.9345165238,341703.0,100
BRITANNIA,1634,4469.583167684268,956.1594485208658,2137.85009765625,6446.0498046875,435455.32864137087,334180.5,100
BSE,1634,917.0231235917371,1112.5577339882886,31.4777774810791,4403.2998046875,5765304.541615667,3380169.0,100
BSOFT,1634,387.51637110249067,173.7049044076763,51.79999923706055,853.4000244140625,2272166.7962056305,1646558.0,100
BUTTERFLY,1633,841.9593381864194,397.825856014225,88.4000015258789,1814.300048828125,59858.280465401105,16478.0,100
CAMLINFINE,1633,137.11928856657534,46.0222860865419,33.650001525878906,327.5299987792969,814073.8965094917,464828.0,100
CAMPUS,1051,308.5165175012358,77.99859849266886,214.5,631.8499755859375,1107523.5737392958,507594.0,100
CAMS,1445,604.5804911893957,174.21594644624793,253.1300048828125,1055.239990234375,1404575.5003460208,998875.0,100
CANBK,1634,71.81175029642579,40.63659720845002,15.220000267028809,158.92999267578125,52418213.50550795,37800567.5,100
CANFINHOME,1634,649.7814255974722,167.25053345854826,263.20001220703125,950.2000122070312,718093.3323133414,463047.0,100
CANTABIL,1632,186.68599863613352,80.27274407183597,40.2599983215332,329.8500061035156,281521.9087009804,141798.0,100
CAPACITE,1634,217.6426438619924,85.40610662387239,72.05000305175781,455.20001220703125,624854.864749082,306985.0,100
CAPITALSFB,610,296.38570529124775,34.83537751086184,218.89999389648438,455.5,74504.3868852459,36928.0,100
CAPLIPOINT,1633,1148.9825171559994,650.7435598055821,193.0500030517578,2671.5,208417.6552357624,98718.0,100
CARBORUNIV,1633,878.4506438069013,363.00735656811196,188.0500030517578,1800.800048828125,222409.595223515,133523.0,100
CARERATING,1633,892.4915791667464,446.9061132724025,267.29998779296875,1939.199951171875,151682.6484996938,76212.0,100
CARRARO,396,482.90341005421647,80.9229365577648,254.1999969482422,662.0999755859375,191061.4292929293,91381.0,100
CARTRADE,1227,1183.784024886028,738.3914071155491,347.8999938964844,3268.0,371014.7449062755,205599.0,100
CARYSIL,1374,728.3954146161697,195.57103616350184,183.35000610351562,1237.800048828125,122016.79912663756,77115.0,100
CASTROLIND,1634,156.07747248599404,42.35978204925456,90.0999984741211,274.8500061035156,2597737.2160342718,1303722.0,100
CCL,1634,561.5659724204017,258.33981878085,150.5,1229.699951171875,377416.09730722156,188510.5,100
CDSL,1634,822.9638784261491,482.3993391115147,92.8499984741211,1964.050048828125,2387204.711750306,1507669.0,100
CEATLTD,1634,2083.99443231627,991.301097799629,621.2999877929688,4302.7001953125,218588.20134638922,120898.5,100
CEIGALL,493,300.0465110794284,50.01360938805702,226.38999938964844,404.25,406131.96754563897,229850.0,100
CELLECOR,701,101.96283174207309,98.8488928030304,22.850000381469727,324.1000061035156,579160.9129814551,297000.0,100
CELLO,677,666.6028808413439,179.90678332434916,340.25,990.2999877929688,295941.9187592319,164695.0,100
CEMPRO,1634,313.1891982908494,316.5708653877085,27.049999237060547,1639.5999755859375,952328.7576499388,594403.5,100
CENTENKA,1633,419.40269487501286,141.45602007644288,109.80000305175781,821.4000244140625,81436.36864666258,37753.0,100
CENTRALBK,1634,31.96388617402337,15.484209650680748,10.199999809265137,74.1500015258789,11815179.26132191,5610313.5,100
CENTRUM,1634,27.46550794651634,8.290563085639732,7.900000095367432,52.75,953686.547123623,364681.5,100
CENTUM,1632,1214.210571569555,901.9850692760832,184.0,3784.0,31873.59926470588,15313.5,100
CENTURYPLY,1633,564.1667182955067,221.51806259729426,101.69999694824219,916.5,251119.04164115124,136569.0,100
CERA,1633,5510.474651983744,1918.5532124924223,2091.949951171875,10420.4501953125,20736.691977954684,12330.0,100
CESC,1634,108.86999698718292,45.97494950618449,37.814998626708984,208.41000366210938,4549786.580171359,2945239.5,100
CEWATER,398,462.76344153629475,130.14270499731472,241.25,827.0999755859375,167355.49497487437,63004.5,100
CGCL,1634,379.8010979118954,225.20218422077394,111.38204956054688,817.0999755859375,1149125.1328029376,187439.5,100
CGPOWER,1634,373.0460829679356,282.04429839348177,4.900000095367432,976.5,3077869.9381884946,2063491.5,100
CGRAPHICS,573,181.05968577865946,29.817467620034783,125.44999694824219,323.5,90873.29842931937,44800.0,100
CHALET,1634,507.4407893009256,295.73849002081266,100.4000015258789,1064.5999755859375,314052.98164014687,161746.0,100
CHAMBLFERT,1634,357.15817022148514,130.90714079585433,98.69999694824219,726.6500244140625,1878571.7594859242,1243861.0,100
CHEMCON,1444,296.67351095564146,93.17927037967416,125.91999816894531,584.7999877929688,205786.2216066482,67566.5,100
CHEMFAB,1632,390.1671264592339,268.63924697034366,93.1500015258789,1183.5,27542.386642156864,11259.5,100
CHEMPLASTS,1225,443.9606855369101,106.01871908258362,194.17999267578125,802.5,319693.52897959185,135065.0,100
CHENNPETRO,1634,453.2178703410827,350.5076098362304,47.95000076293945,1316.300048828125,1661957.976132191,918380.0,100
CHOICEIN,1068,405.79688643694817,256.44214274499797,75.0875015258789,850.2999877929688,637816.2556179776,474755.5,100
CHOLAFIN,1634,954.2372707941249,489.80422896764486,122.0999984741211,1874.5999755859375,3133350.760097919,1838937.0,100
CHOLAHLDNG,1634,1013.6712977247109,535.5037936461162,228.35000610351562,2166.0,184885.14259485924,113940.0,100
CIEINDIA,1632,339.09497552058275,145.51903874730436,61.650001525878906,619.0,521197.45098039217,253801.5,100
CIFL,322,32.13590060998194,5.633965519762506,20.049999237060547,43.25,428360.82608695654,207126.5,100
CIPLA,1634,1125.4885569540932,320.7512900409249,374.70001220703125,1680.5,2973474.7968176254,1787163.5,100
CLEAN,1249,1430.7523595536586,387.54758546172127,656.4000244140625,2661.85009765625,257847.52441953562,124337.0,100
CLSEL,1294,209.7054096145276,83.12881822245919,84.25,428.3500061035156,184123.98299845442,85792.5,100
CMSINFO,1136,369.05365283052686,93.60976326824678,216.25,605.2000122070312,771892.8573943662,443350.5,100
CNL,1632,501.2709858978496,265.9930423626076,69.80000305175781,1049.25,43500.23100490196,15230.5,100
COALINDIA,1634,280.8522030656457,127.77031358895044,110.55000305175781,540.4000244140625,11453392.342105264,8780985.0,100
COASTCORP,1192,50.76718935550459,10.406669626482518,30.56999969482422,97.29938507080078,223569.09731543623,114310.0,100
COCHINSHIP,1634,760.6199660050241,714.0396700563679,108.0,2863.60009765625,2205261.2864137087,877512.5,100
COFFEEDAY,1633,38.15819357832881,12.120439663183086,14.949999809265137,80.4000015258789,2409300.2229026332,1001136.0,100
COFORGE,1634,1026.805832590876,453.05762649329756,172.83999633789062,1977.9000244140625,2669205.85128519,1868120.0,100
COHANCE,1587,598.8832855224609,273.7879813179833,95.42500305175781,1334.199951171875,615877.0901071203,265885.0,100
COLPAL,1634,1963.3846056038192,566.995096338403,1095.0,3838.10009765625,506684.4847001224,396192.5,100
COMSYN,626,111.74071885983403,41.18501942087335,55.08000183105469,214.80999755859375,169422.9696485623,47151.5,100
CONCOR,1634,634.0238370860367,170.63662470296697,279.3500061035156,1174.25,1904721.8194614444,1377852.0,100
CONCORDBIO,732,1532.5575117100784,322.68315122263886,942.7999877929688,2601.10009765625,254779.50683060108,101143.5,100
CONFIPET,1431,65.41774982209809,18.167510733353495,25.200000762939453,114.5999984741211,1562384.9419986024,828094.0,100
CONTROLPR,1632,540.0014092033985,233.81247446008692,159.8000030517578,1057.9000244140625,40349.96262254902,20236.5,100
CORDSCABLE,1633,110.61262092543612,67.4010447881621,23.299999237060547,269.760009765625,88746.05388854869,35957.0,100
COROMANDEL,1634,1254.193144519297,573.3288771489796,482.0,2691.39990234375,478316.85373317014,365932.5,100
COSMOFIRST,1633,687.4723823486627,274.8549333056752,128.1999969482422,1377.6666259765625,132037.99326393142,75413.0,100
CRAFTSMAN,1324,4438.953548834763,2020.5100140896486,1273.199951171875,10196.5,60397.577039274925,33595.0,100
CREDITACC,1634,1019.6716035541735,328.89639616873967,314.1000061035156,1763.5,414298.38004895963,176136.0,100
CREST,1632,243.9497243236093,135.54857367443378,47.75,588.4500122070312,35898.95649509804,10765.0,100
CRISIL,1634,3503.913061882028,1208.9343898079599,1155.949951171875,6653.10009765625,53379.67319461444,33911.5,100
CROMPTON,1634,336.1970377517009,70.01259964103453,189.0500030517578,492.20001220703125,2336404.893512852,1745462.0,100
CSBBANK,1634,292.20829259809403,79.71957389549357,99.69999694824219,557.4500122070312,452239.6077111383,263246.0,100
CSLFINANCE,996,314.05731944195236,80.46093334046891,193.6999969482422,522.0499877929688,48962.41465863454,24306.5,100
CUB,1634,129.395365711525,33.314534897961785,82.76249694824219,238.13999938964844,4064541.5740514076,2949191.5,100
CUMMINSIND,1634,2117.443756551754,1498.105901095289,287.1499938964844,6027.5,873874.5550795593,607931.5,100
CUPID,1634,20.556804742340358,38.51423970716622,1.2580000162124634,238.50999450683594,13365999.179926561,5795450.0,100
CYBERTECH,1633,154.15926526589988,506.0943379657456,24.350000381469727,20505.0,200562.99387630128,62514.0,100
CYIENT,1634,1093.6977353883929,517.1339377662024,188.39999389648438,2388.10009765625,485535.12301101594,306191.0,100
CYIENTDLM,760,554.3094078465512,139.17362940368326,272.29998779296875,869.7999877929688,490695.4460526316,220858.5,100
DABUR,1634,530.4197676622445,49.1845055494985,396.04998779296875,667.5499877929688,2455515.040391677,2012374.5,100
DALBHARAT,1633,1708.4099471868362,482.2494136407336,408.8999938964844,2476.199951171875,301302.1959583589,234208.0,100
DALMIASUG,1632,331.15735314640347,116.65282860946172,39.849998474121094,571.0,225221.77389705883,108995.0,100
DAMCAPITAL,399,215.03451134626727,55.99044282524565,121.4800033569336,415.1000061035156,1227193.7869674186,577785.0,100
DATAMATICS,1634,435.61028135362716,263.54681708798006,29.649999618530273,1083.800048828125,268748.9571603427,123074.5,100
DATAPATTNS,1141,2144.790710609697,951.7410497805658,585.3499755859375,4866.2001953125,542557.5311130587,242977.0,100
DBCORP,1633,175.44322732293526,90.5956992676203,59.349998474121094,394.20001220703125,321601.71830985916,154496.0,100
DBL,1632,394.1273896179947,123.40859982638675,162.10000610351562,725.4000244140625,622679.1850490196,288293.5,100
DBOL,965,126.59974085753446,36.434126117374895,60.13999938964844,219.4499969482422,181567.28082901554,118786.0,100
DBREALTY,1634,102.02086911148949,72.50118928810129,3.799999952316284,282.70001220703125,1687501.1842105263,744668.5,100
DCAL,1633,173.30883033131065,55.03887117095707,48.45000076293945,314.3999938964844,761287.6215554195,426887.0,100
DCBBANK,1634,119.30302338851125,31.973992876531597,60.45000076293945,203.0500030517578,1961395.3518971847,1326258.5,100
DCMSHRIRAM,1633,892.0101038038694,292.7291737362331,193.1999969482422,1442.0999755859375,151689.64543784445,64318.0,100
DCW,1634,48.41404527199604,22.324516336834858,7.150000095367432,110.27999877929688,2463378.8225214197,1160741.0,100
DCXINDIA,923,265.8539438629977,67.40103957252967,140.10000610351562,444.1000061035156,1201968.6890574214,585753.0,100
DDEVPLSTIK,385,276.7509610262784,30.29493099325788,189.35000610351562,350.70001220703125,169504.09350649352,108009.0,100
DECCANCE,1632,565.1510416947159,189.0406363630147,176.35000610351562,1139.800048828125,41854.143382352944,18659.0,100
DEEDEV,524,321.7592555038802,127.84827344145178,178.35000610351562,738.75,940250.7366412213,145787.0,100
DEEPAKFERT,1634,711.7338400412365,444.7590928556097,60.60065460205078,1743.5,785333.8684210526,456477.5,100
DEEPAKNTR,1633,1826.5244039709555,638.3443961479417,324.0,3102.60009765625,638839.4500918555,405585.0,100
DEEPINDS,1307,275.73793062328286,168.24738501997834,17.799999237060547,659.5999755859375,303899.1193573068,176220.0,100
DELHIVERY,1040,411.94020225818343,75.43581718299777,240.2899932861328,699.2000122070312,2476363.016346154,1620902.5,100
DELTACORP,1634,149.89998160260689,65.02232583807209,49.34000015258789,333.6499938964844,3810867.5171358627,2031384.0,100
DEN,1632,44.75852943869198,13.978089720926897,22.979999542236328,109.5999984741211,1594404.5453431373,798448.5,100
DENORA,1633,816.4009483884028,514.9716125004657,119.25,2256.14990234375,21964.85119412125,10285.0,100
DENTA,376,319.35856437683105,56.10076581768027,224.4499969482422,467.6499938964844,571715.9734042553,210031.0,100
DENTALKART,781,550.2823310685982,107.77395702469195,221.5500030517578,802.9000244140625,31733.35467349552,17250.0,100
DEVYANI,1230,163.35008149806077,25.800407741154427,94.58999633789062,224.6999969482422,3430859.886178862,1990591.5,100
DHAMPURSUG,1634,214.28274795270755,86.45188218101475,67.8499984741211,569.7000122070312,552445.4736842106,335986.5,100
DHANBANK,1634,22.315884283443996,10.229726270487175,7.599999904632568,56.400001525878906,1903277.3684210526,773108.5,100
DHANUKA,1632,974.760783887377,355.89256396102655,298.75,1910.199951171875,71859.86274509804,38078.5,100
DHARMAJ,903,249.0651274857463,53.39028637696437,140.35000610351562,374.95001220703125,147704.2834994463,73352.0,100
DIACABS,1634,58.773650573691945,64.84651617996684,2.3299999237060547,337.45001220703125,695560.3127294981,3512.0,100
DIAMONDYD,1632,851.2321391760134,192.67840785008732,442.95001220703125,1363.5,59258.22426470588,19877.5,100
DIFFNKG,454,316.07048448066877,46.88886659158492,203.1699981689453,489.69000244140625,219321.06828193832,97347.5,100
DIVGIITTS,836,727.6764940690766,159.6818764834975,422.6000061035156,1129.800048828125,58316.083732057414,23814.0,100
DIVISLAB,1633,4404.9898357963675,1372.3307347842715,1805.25,8359.5,606177.1273729332,430407.0,100
DIXON,1634,7185.64816183326,5135.9340170003325,636.8099975585938,18940.150390625,429359.7827417381,322273.0,100
DLF,1634,499.7929315415269,234.20823512473387,120.80000305175781,948.25,6556443.579559363,4639061.5,100
DLINKINDIA,1634,283.9791920660759,166.8281834358118,53.29999923706055,701.25,381269.5636474908,167064.0,100
DMART,1634,3710.5770511697233,797.9240913223529,1789.9000244140625,5391.4501953125,521784.4559363525,380656.5,100
DMCC,1156,305.9177685905905,45.06712081464413,197.55999755859375,455.04998779296875,48280.959342560556,22170.0,100
DODLA,1262,857.7543577263737,316.831864254901,411.8500061035156,1462.5999755859375,102815.52218700475,34196.5,100
DOLATALGO,1633,77.28012862150025,27.93673041143367,29.75,182.32000732421875,417708.24739742803,193297.0,100
DOLLAR,1633,369.0358114528714,130.48510240017237,100.9000015258789,657.25,144452.95835884876,78020.0,100
DOMS,648,2335.339817188404,408.8822096688303,1250.800048828125,3069.0,181116.60030864197,71425.5,100
DONEAR,1633,77.12368640327337,33.99801419649403,20.100000381469727,177.02999877929688,167951.35027556645,57870.0,100
DPABHUSHAN,1632,675.0281560537862,564.161682240174,47.04999923706055,1854.9000244140625,24819.726102941175,10950.5,100
DPEL,519,227.41888213111716,144.1961319792038,67.9000015258789,590.0499877929688,73548.16955684008,30000.0,90
DREAMFOLKS,967,349.40173723285915,180.50527679611193,57.189998626708984,816.4500122070312,332064.35780765256,160952.0,100
DREDGECORP,1634,538.4032434675947,284.414208151098,125.80000305175781,1438.4000244140625,232521.1848225214,88026.5,100
DRREDDY,1634,1050.4997862275402,198.606095274958,524.7899780273438,1412.489990234375,3208875.5630354956,2050127.5,100
DSSL,1633,582.8395598435504,480.4075348957184,13.649999618530273,1895.0999755859375,71156.75627679119,28425.0,100
DVL,1632,246.7089520856446,111.66954018749287,44.099998474121094,537.0999755859375,58897.57965686275,23306.0,100
DWARKESH,1633,63.885364455382515,28.488605679463934,13.699999809265137,142.9499969482422,1945618.5113288427,1027786.0,100
DYCL,994,265.382087492607,121.60657267543561,68.30000305175781,530.125,301136.7615694165,125430.0,100
DYNAMATECH,1633,4347.299329431818,3180.5800475610226,450.04998779296875,12530.0,17696.35394978567,9492.0,100
DYNPRO,1633,339.5744152267652,129.6652179075449,88.78024291992188,724.6737670898438,61014.75933864054,29192.0,100
E2E,1634,107.49953186285832,135.46188385344806,1.3600000143051147,570.1500244140625,460838.58017135866,140000.0,100
ECLERX,1634,991.5058900793442,593.5010702787529,117.8499984741211,2473.5,249952.11383108934,140283.5,100
ECOSMOBLTY,477,241.91010495551728,96.40978451256778,104.83999633789062,589.8499755859375,473725.6477987421,167141.0,100
EDELWEISS,1634,63.46676560101923,33.83411616286092,17.13442039489746,142.0500030517578,5292088.843329254,3353457.5,100
EFFWA,510,243.36529364492378,49.4294737490189,152.0,397.6499938964844,72051.76470588235,26000.0,100
EICHERMOT,1634,3912.8530388485406,1706.016159203509,1268.0050048828125,8190.0,915319.2858017136,627209.0,100
EIDPARRY,1633,585.6003368258549,248.99050464794425,107.19999694824219,1236.199951171875,459061.8818126148,275399.0,100
EIEL,418,223.44600476716695,39.07506880996395,137.13999938964844,380.5899963378906,5130595.56937799,1560814.0,100
EIHAHOTELS,1633,253.59989259699992,102.4104089922609,85.3499984741211,494.3500061035156,58984.30802204531,26672.0,100
EIHOTEL,1634,231.21274529997547,124.37052903858857,53.94515609741211,492.1000061035156,814200.6223990208,466744.5,100
EIMCOELECO,1632,1059.9201592651068,840.406676244584,190.6999969482422,3372.75,19554.208333333332,5958.5,100
EKC,1633,116.98402331142577,53.701816054575474,9.949999809265137,277.95001220703125,700829.2535211268,340200.0,100
ELECON,1634,292.9057066262571,229.57008177291286,8.550000190734863,731.25,1066955.5061199511,559585.0,100
ELECTCAST,1634,71.2253917200329,54.8383457356694,8.550000190734863,230.91000366210938,2081625.864749082,1243170.0,100
ELECTHERM,1633,408.03689553470457,397.3404054020093,52.45000076293945,1434.550048828125,37258.41947336191,15652.0,100
ELGIEQUIP,1634,402.3491584493014,186.63489118806498,51.400001525878906,769.2000122070312,487084.1676866585,229976.0,100
ELIN,887,165.69061997509326,35.89556904982304,94.61000061035156,265.489990234375,280683.2006764374,158978.0,100
EMAMILTD,1634,482.9540999843266,123.95930973302323,154.35000610351562,839.75,650413.5532435741,424727.0,100
EMBASSY,1632,365.57637274499035,38.255945806130164,291.07000732421875,479.989990234375,836659.3419117647,483007.5,100
EMBDL,1634,92.83148106746603,33.234263001350364,38.70000076293945,191.0500030517578,9022967.410648715,6427257.5,100
EMCURE,514,1402.7597256077865,213.2092267010986,905.5999755859375,1974.0,225214.56420233464,121120.5,100
EMIL,940,141.9478192268534,49.94325111436859,63.150001525878906,242.75,1510149.9287234042,621143.0,100
EMKAY,1633,137.78860384046996,83.03848581726427,25.0,379.54998779296875,84277.19289650948,25549.0,95
EMSLIMITED,709,539.567911941679,175.2988502692034,248.60000610351562,971.0499877929688,555174.7616361072,266879.0,100
EMUDHRA,1033,564.0207648632718,214.88708350566137,210.39999389648438,990.4500122070312,229035.5972894482,113848.0,100
ENDURANCE,1634,1753.930355636989,588.0716712135492,578.4000244140625,3041.199951171875,126710.49877600979,81180.0,100
ENGINERSIN,1634,132.8740818275816,67.79411056925932,51.150001525878906,290.25,4378450.994492044,2416484.0,100
ENTERO,609,1203.224961755311,131.192311987644,949.2000122070312,1549.550048828125,98260.26765188834,64725.0,100
EPACK,623,307.0971103380427,93.66575492246837,151.35000610351562,642.3499755859375,1263435.5136436597,576398.0,100
EPIGRAL,1226,1300.4595015807408,401.6924895398488,406.45001220703125,2344.35009765625,102196.04241435563,56209.5,100
EPL,1633,208.21968153365464,34.18558299721998,141.10000610351562,299.54998779296875,745744.0416411513,423447.0,100
EQUITASBNK,1425,66.85981056614926,17.68428242454282,32.650001525878906,114.55000305175781,3509699.980350877,2551788.0,100
ERIS,1632,919.6222118863873,384.9618495642549,362.1499938964844,1847.699951171875,146356.75,72442.0,100
ESABINDIA,1632,3904.391234566184,1712.387613525811,947.7000122070312,7150.5,9551.335784313726,4448.0,100
ESAFSFB,674,40.36017806735166,14.514106440331366,19.860000610351562,78.6500015258789,1334858.765578635,652219.5,100
ESCORTS,1634,2357.5554155889017,1012.5368958302611,550.75,4374.7001953125,887665.0716034272,346872.5,100
ESFL,758,282.7384346129083,175.66424259870797,110.25,734.1500244140625,108807.2295514512,50220.0,100
ESSARSHPNG,1633,18.234837720091914,12.128748572859035,4.75,71.54000091552734,354835.8169014084,125592.0,100
ESTER,1634,113.05771113550941,32.855381364581255,23.5,182.14999389648438,276878.6554467564,147597.0,100
ETERNAL,1246,170.11056186682148,90.3749832022118,41.650001525878906,354.3500061035156,58973306.560995184,42979815.0,100
ETHOSLTD,1035,2128.492844320841,770.5026075701355,746.5,3442.300048828125,52372.51980676329,30495.0,100
EUREKAFORB,471,542.2875799677174,56.17846162039811,425.8999938964844,652.7999877929688,237204.84076433122,165244.0,100
EVEREADY,1633,304.2797611654717,96.49050339813827,47.70000076293945,481.70001220703125,353096.5541947336,164543.0,100
EVERESTIND,1632,627.654473473044,320.4597247349352,127.0,1400.25,62692.160539215685,26240.5,100
EXCELINDUS,1632,1031.6861520655016,232.81838138316274,390.54998779296875,1694.5,28507.07781862745,14809.0,100
EXICOM,598,207.70605898700828,98.84753261823852,76.26000213623047,518.8499755859375,1545203.9431438127,404730.0,100
EXIDEIND,1634,268.8617501836658,116.44351031698694,126.80000305175781,579.6500244140625,3468321.563647491,2397235.5,100
EXPLEOSOL,1632,1036.0761326715058,399.845842327322,124.75,1817.050048828125,31845.223651960783,17657.5,100
FACT,1634,449.82034893923026,366.48183214877946,24.0,1134.449951171875,949649.5507955936,312431.0,100
FAIRCHEMOR,1386,1182.7641408460652,418.6868635194587,433.0,2282.949951171875,30438.700577200576,16272.5,100
FAZE3Q,917,435.93309676608186,89.66151528493066,254.0500030517578,734.7999877929688,52727.74700109051,20982.0,100
FCL,1634,21.90611933611306,12.15549189902567,1.3700000047683716,45.40999984741211,7275660.527539779,3612465.0,100
FDC,1633,357.88064905973715,86.85670937632862,178.6999969482422,612.6500244140625,286664.6007348439,140371.0,100
FEDERALBNK,1634,143.74345777317828,70.91353669049373,37.349998474121094,359.29998779296875,16581490.876376988,12022400.5,100
FEDFINA,663,126.14733037473928,20.97042212408793,82.51000213623047,176.38999938964844,965031.6561085973,548141.0,100
FIEMIND,1634,1011.0547885404515,668.3198417759255,118.2750015258789,2545.699951171875,120447.34516523867,63160.0,100
FILATEX,1633,44.999415151779445,15.258723092185553,8.350000381469727,76.80000305175781,1845610.9963257809,912834.0,100
FINCABLES,1634,720.908476120985,345.98703967397887,172.10000610351562,1666.5,374783.71603427175,202086.0,100
FINEORG,1634,4109.286507241145,1167.5079840440471,1552.800048828125,7196.0,39832.3788249694,22289.5,100
FINOPB,1170,272.77192320864424,69.60980346689377,112.45999908447266,543.9000244140625,535903.3487179488,153912.5,100
FINPIPE,1632,180.55143384372488,56.11215604631845,60.560001373291016,350.29998779296875,894277.3314950981,526432.5,100
FIRSTCRY,492,381.91437031195414,142.78746141344473,203.44000244140625,722.7999877929688,2540671.7479674798,874060.0,100
FIVESTAR,916,644.1138108765715,116.83399221322136,347.29998779296875,900.4000244140625,999929.3569868995,478263.5,100
FLAIR,661,294.1335242844205,33.52910493688014,197.33999633789062,450.8999938964844,207456.9636913767,98426.0,100
FLUOROCHEM,1634,2623.4265623991464,1264.2890185615067,239.5500030517578,4812.64990234375,128740.29742962056,83342.5,100
FMGOETZE,1632,367.9417889912923,86.66596599982272,209.35000610351562,662.9500122070312,111903.35049019608,50792.0,100
FOCUS,1631,69.28647454131388,58.94641816121728,3.0999999046325684,214.4499969482422,164250.0564071122,67760.0,100
FOODSIN,1167,112.58338473531663,39.4543777110875,45.83000183105469,217.25,251388.55955441302,132489.0,100
FORCEMOT,1593,5911.938734956156,6680.383998009358,621.75,25776.0,83778.91023226616,44079.0,100
FORTIS,1634,425.50691535510805,272.2515554948899,113.5,1097.9000244140625,2023531.7454100368,1384805.0,100
FOSECOIND,1633,2842.4638994056904,1523.6177371534193,854.6500244140625,6499.5,4841.183098591549,1990.0,100
FSL,1634,186.36627914914303,103.98867195454307,25.0,406.75,3628564.777233782,2293938.5,100
FUSION,920,332.7367369278617,169.5167293420221,132.3000030517578,670.9000244140625,504922.33478260867,308250.0,100
GABRIEL,1634,379.10339675539126,355.5898474650814,43.400001525878906,1548.4000244140625,511566.73867809057,288649.5,100
GAEL,1634,112.56101896129594,41.48264759607105,21.837499618530273,205.89999389648438,1104239.3720930233,612702.0,100
GAIL,1634,128.89678691504488,49.459870585443085,46.266666412353516,240.97000122070312,18357502.410648715,14482639.5,100
GALAPREC,473,884.913108390179,151.4108023396756,689.4000244140625,1379.6500244140625,67859.28118393234,29642.0,100
GALAXYSURF,1632,2443.432965446921,524.1694135549417,1085.8499755859375,3515.35009765625,26264.430147058825,16347.0,100
GALLANTT,1633,215.19056951963165,223.71868015659834,19.399999618530273,927.0999755859375,266519.6056338028,56930.0,100
GANDHAR,663,185.55126667741916,42.41519843723371,116.79000091552734,309.70001220703125,915184.4585218703,277876.0,100
GANDHITUBE,1632,550.3001226724363,230.6336894173999,140.64999389648438,1003.7999877929688,15126.213235294117,5337.5,100
GANECOS,1634,891.6966024186357,487.29054591544616,150.1999969482422,2399.050048828125,98589.25275397797,42337.0,100
GANESHBE,1208,127.3795694515405,31.280326218954094,69.5199966430664,211.4499969482422,276325.04801324505,146774.5,100
GANESHHOU,1633,470.58257871278573,373.66061781997297,17.75,1480.050048828125,100384.64543784446,51497.0,100
GARFIBRES,1633,626.9590017081621,162.51130000087755,189.99000549316406,974.72998046875,91261.84078383344,55868.0,100
GARUDA,449,153.98242763527784,41.04840363548338,77.66000366210938,242.3699951171875,1925786.5389755012,720406.0,100
GATEWAY,1082,75.68342891065559,16.807669444083636,48.47999954223633,119.8499984741211,968079.5369685767,675432.0,100
GAYAPROJ,1634,17.39883720101458,13.694926768706564,4.75,86.9000015258789,782129.2600979193,296608.5,100
GEECEE,1633,216.33685878559774,117.83180770870617,44.150001525878906,451.8999938964844,33611.3576240049,10624.0,100
GENESYS,1634,386.45927776350675,243.23923372404946,22.299999237060547,1029.699951171875,221663.57894736843,65140.0,100
GENUSPOWER,1634,176.011735787736,133.0948563424986,12.75,465.79998779296875,932730.8580171359,543885.5,100
GEOJITFSL,1633,66.24548130596041,26.20291443027791,15.699999809265137,170.5800018310547,890469.7868952848,426716.0,100
GESHIP,1634,710.9389841273481,391.914148116653,175.9499969482422,1719.5999755859375,511591.5691554468,314239.5,100
GGBL,511,385.61780857153366,81.24661124403404,218.39999389648438,610.75,81280.03913894325,44100.0,100
GHCL,1634,460.51866587401895,173.44465418754606,72.6500015258789,758.5,335144.0287637699,221066.0,100
GHCLTEXTIL,778,85.26739068019053,11.766963655772468,59.150001525878906,119.52999877929688,453116.4935732648,249463.0,100
GICHSGFIN,1633,162.3499814703358,43.45128178558874,54.45000076293945,282.1499938964844,448015.6436007348,199135.0,100
GICRE,1634,248.8886474880186,114.96568115993848,85.75,501.0,1304611.529375765,559005.0,100
GILLETTE,1634,6565.189351823076,1684.216374921644,4186.2001953125,11258.0,21930.51652386781,10507.0,100
GIPCL,1634,126.55252762961416,55.644779330483615,45.849998474121094,263.8399963378906,598870.2031823746,301202.5,100
GLAND,1410,2154.0234428243434,752.4863580762965,893.5499877929688,4316.25,407947.1744680851,202648.5,100
GLAXO,1634,1894.8280914568113,566.7728459112843,1101.8499755859375,3466.199951171875,104746.68665850673,62905.5,100
GLENMARK,1634,957.9484083439467,637.3956185020966,188.10000610351562,2417.89990234375,1708318.458996328,971248.0,100
GLOBAL,1632,53.01428419220097,37.31212057536734,2.1951210498809814,132.67999267578125,139512.7487745098,73897.5,100
GLOBUSSPR,1633,817.2007653586206,363.6204142793711,64.30000305175781,1719.5,191115.09124311083,104171.0,100
GMBREW,1634,578.2292776866525,222.83524523202112,195.1199951171875,1264.199951171875,150903.69094247246,43534.5,100
GMDCLTD,1634,248.97887359488405,188.24068922743746,29.850000381469727,746.75,3085723.541003672,1524294.0,100
GMMPFAUDLR,1633,1357.4732174520032,281.47382904129637,609.7333374023438,2161.5,160919.47887323942,88610.0,100
GMRAIRPORT,1634,55.82798778529266,29.812546768015647,14.279715538024902,114.9800033569336,20266390.16523868,13294695.0,100
GMRP&UI,1081,71.46800180588686,42.33424638544121,14.550000190734863,162.5500030517578,2842321.214616096,1606950.0,100
GNA,1634,319.8820071646458,118.95399538063891,68.05000305175781,592.0,191954.77968176253,84858.0,100
GNFC,1634,492.7181462692952,180.5898238723888,98.0,902.8499755859375,1224780.2380660954,761112.5,100
GOACARBON,1633,455.53475181266566,173.7670700673894,110.44999694824219,981.9500122070312,78791.74831598286,31162.0,100
GOCLCORP,1633,318.7901412113561,95.52909103331872,119.5,627.9000244140625,91391.30312308634,34486.0,100
GOCOLORS,1158,945.846200722281,301.90823532976975,238.39999389648438,1410.0,212292.15112262522,57619.5,100
GODAVARIB,437,267.31574306880856,50.40239526917831,147.36000061035156,393.25,241942.3775743707,106417.0,95
GODFRYPHLP,1634,1092.91397488803,946.368045336776,250.46665954589844,3713.0,468659.7166462668,199461.0,100
GODIGIT,547,330.69908577258235,26.77271037295786,245.64999389648438,398.3999938964844,1187099.113345521,447552.0,100
GODREJAGRO,1634,566.467410588352,114.85572312679133,280.04998779296875,865.5,235035.7717258262,123606.0,100
GODREJCP,1634,982.272062752209,225.61209895194577,434.04998779296875,1516.699951171875,1372499.8108935128,1078666.0,100
GODREJIND,1634,693.5823121742053,293.8598198993311,235.4499969482422,1417.699951171875,309870.6958384333,145526.0,100
GODREJPROP,1634,1734.4651455266385,614.7330866208488,560.0,3381.39990234375,881342.5979192166,651181.0,100
GOKEX,1634,507.2831084929598,332.501233771294,28.399999618530273,1249.9000244140625,427709.62790697673,231985.0,100
GOKULAGRO,1634,76.38267467961609,65.80000580420112,3.877655029296875,242.8300018310547,640832.0966952264,280511.0,100
GOODLUCK,1633,583.3147887529512,427.62356362519483,22.450000762939453,1629.4000244140625,189519.45988977342,97480.0,100
GOODYEAR,1055,850.5801876086194,410.41221800057576,29.049999237060547,1437.5,22265.562085308058,10237.0,100
GOPAL,591,333.07072717243847,49.757825527225975,251.14999389648438,512.9000244140625,232450.6125211506,122232.0,100
GPECO,524,379.33501885683484,100.76588697065687,222.8000030517578,616.5,61505.725190839694,27600.0,100
GPIL,1634,255.03541290978907,143.8219003258939,21.137500762939453,756.8499755859375,1288735.241738066,710323.5,100
GPPL,1634,127.26877606834309,44.648711866053546,47.95000076293945,237.92999267578125,1823198.9436964504,988733.5,100
GPTHEALTH,599,156.19801340755916,17.956527502958252,115.30999755859375,200.6999969482422,312113.83138564276,146990.0,100
GPTINFRA,1633,60.6647488933652,52.071305069438665,3.25,200.10000610351562,313000.7752602572,130449.0,95
GRANULES,1633,403.19185572552374,149.4038225536782,116.8499984741211,903.25,2012118.1034905082,1276597.0,100
GRAPHITE,1634,469.2875152970761,152.5740807874783,106.4000015258789,792.4500122070312,1277616.6499388006,728044.5,100
GRASIM,1634,1884.1119357684543,732.0935236650203,398.5154113769531,3213.60009765625,1153528.5061199511,805183.0,100
GRAUWEIL,658,83.53124600558296,23.75370355246531,50.900001525878906,138.85000610351562,477800.21428571426,266602.5,100
GRAVITA,1634,842.0252136758083,746.2909537459157,32.349998474121094,2664.64990234375,334805.5948592411,203656.0,100
GREAVESCOT,1634,153.62691557567882,44.404124795193205,66.75,296.489990234375,2469682.9547123625,1289197.5,100
GREENLAM,1632,187.27061567119523,72.8471968365921,46.470001220703125,313.32501220703125,134044.9957107843,49696.0,100
GREENPANEL,1634,280.0655261008217,129.9519988159757,24.25,605.9000244140625,308231.9100367197,194059.5,100
GREENPLY,1634,210.6957406005486,77.3790230746392,76.75,404.5,375732.1799265606,175437.0,100
GRINDWELL,1633,1623.8058792553427,595.9470852101093,420.79998779296875,2950.949951171875,70649.59461114513,39747.0,100
GRINFRA,1249,1304.204923997792,278.3440176048635,795.9500122070312,2158.5,91791.56605284227,30776.0,100
GRMOVER,967,96.20706286819916,37.362023263276946,38.75,171.1199951171875,1166106.215098242,576357.0,100
GRPLTD,1632,1187.7376528253742,1077.6498524720257,122.98750305175781,4732.0,7411.337009803921,3236.0,100
GRSE,1634,995.7695852580823,947.3518571485154,121.55000305175781,3492.699951171875,1152953.799877601,530573.0,100
GRWRHITECH,1113,2418.0491924988505,1690.4175316096355,499.8999938964844,7240.0,63826.553459119496,40889.0,100
GSFC,1634,150.9697612169469,56.69083136208692,31.450000762939453,310.0,2574152.947368421,1452882.5,100
GSLSU,829,155.5776359341832,63.92891592066873,24.200000762939453,316.8500061035156,324585.64053075993,133128.0,100
GSMFOILS,539,156.90696893242605,62.63057557517749,33.599998474121094,282.45001220703125,62774.515769944344,24000.0,90
GUFICBIO,1634,248.81199533936444,106.88460497130254,38.849998474121094,485.45001220703125,212381.29620563035,99339.5,100
GUJALKALI,1633,609.997366742276,178.40990555513756,190.10000610351562,1028.75,443736.833435395,91398.0,100
GUJTHEM,356,353.5446630327889,56.05909570364721,218.91000366210938,469.8999938964844,200886.5533707865,94332.5,100
GULFOILLUB,1634,780.9492658524064,299.28555217763454,384.25,1478.25,89212.68543451652,46548.0,100
GULPOLY,1633,170.20862109691762,69.75889246123748,17.125,351.2083435058594,178746.41886099204,89587.0,100
GVPIL,1634,319.1727173663995,168.9978488614322,98.19999694824219,1055.199951171875,355726.2313341493,141925.0,100
GVT&D,1634,1018.4417974245592,1310.4538490794578,58.900001525878906,5533.5,304416.11199510406,135742.0,100
HAL,1634,2243.7704585996366,1750.4817944289416,239.625,5621.9501953125,1715275.9700122399,1306753.0,100
HAPPSTMNDS,1456,780.5386342897519,283.7468309746069,308.79998779296875,1526.0999755859375,1058354.3592032967,341534.0,100
HAPPYFORGE,645,1081.5173631298449,192.83018188957703,756.1500244140625,1662.4000244140625,94010.72713178294,40307.0,100
HARDWYN,1067,13.915045409081914,4.817027982788062,3.0612239837646484,28.086734771728516,1717753.207122774,567365.0,100
HARIOMPIPE,1066,461.0883203903685,147.022759706184,181.89999389648438,868.7000122070312,248970.13602251408,122296.0,100
HARRMALAYA,1634,163.5710769942808,53.108094232015794,49.5,332.1000061035156,99046.6052631579,37302.0,100
HARSHA,953,421.3188887092775,52.151752603273934,314.25,599.4500122070312,216468.03567681008,77640.0,100
HATSUN,1633,925.2044425632643,225.36849729182816,297.62939453125,1452.08251953125,67662.49969381506,25480.0,100
HAVELLS,1634,1257.8062123516927,339.20505753540647,459.3500061035156,2082.39990234375,1293094.0379436964,937769.5,100
HBLENGINE,1634,306.42447995205697,297.0652594362656,10.199999809265137,1098.800048828125,2364433.241126071,1297875.0,100
HCC,1634,20.36131070366396,11.893510050930352,3.6500000953674316,55.75,21301650.1499388,12868256.0,100
HCG,1634,345.1497178095207,174.8746569123834,66.25,776.2999877929688,205457.01774785802,123296.5,100
HCLTECH,1634,1210.0779366277277,353.0134563097308,405.79998779296875,1995.0999755859375,4033279.534271726,3165891.0,100
HDFCAMC,1634,1657.2929911992833,601.2437139880632,836.4249877929688,2946.0,930569.8206854345,722997.0,100
HDFCBANK,1634,772.7868734707594,124.68642322641087,383.8500061035156,1012.9000244140625,26645134.708078336,21659828.0,100
HDFCLIFE,1634,631.8299874313897,79.55199151631751,342.29998779296875,814.2999877929688,3790149.9449204407,2977454.0,100
HEG,1634,352.64216669799356,139.11902233548707,83.83000183105469,672.6500244140625,1992860.6156670747,1034462.0,100
HEIDELBERG,1634,199.35334149831073,28.19213369865565,127.19999694824219,275.6499938964844,338649.82741738064,181731.0,100
HEMIPROP,1432,136.78803074426492,34.796306222093186,58.400001525878906,251.64999389648438,1171400.7353351954,622885.5,100
HERANBA,1339,435.86665442240957,175.26226898985644,157.52000427246094,844.9500122070312,146582.3943241225,62688.0,100
HERITGFOOD,1634,278.89475091959883,137.53340400859068,79.99697875976562,695.0499877929688,451639.93512851896,243559.0,100
HEROMOTOCO,1634,3608.488741964576,1167.4405160196668,1553.5,6350.5,826527.3898408812,641314.0,100
HESTERBIO,1633,1906.2770369296707,420.30874500537726,912.3499755859375,3212.699951171875,13552.822412737294,5188.0,100
HEXT,359,666.3246518615892,130.7419316862293,407.0,890.9500122070312,1082831.0417827298,637661.0,100
HFCL,1634,73.19186658695833,39.75833606811569,8.550000190734863,226.0399932861328,16596994.368421054,9513851.5,100
HGINFRA,1634,727.9839962944114,390.93395089627,136.64999389648438,1823.449951171875,171609.2864137087,92770.0,100
HGS,1633,818.4503815855925,378.3337899732575,219.5500030517578,1817.300048828125,65655.96019595835,27940.0,100
HIKAL,1633,299.5446294654898,119.69436843420907,63.04999923706055,710.3499755859375,626291.2651561543,285958.0,100
HIMATSEIDE,1634,134.22838445217548,48.782972285095155,45.79999923706055,298.70001220703125,643933.8935128519,368902.0,100
HINDALCO,1634,513.7690327106228,229.4898815896767,87.9000015258789,1149.699951171875,9594259.369033048,7408411.5,100
HINDCOPPER,1634,197.37574657057314,144.23426745177187,18.649999618530273,760.0499877929688,7331449.172582619,4179717.0,100
HINDOILEXP,1634,153.8408628718214,49.46945569618591,32.150001525878906,285.79998779296875,1041917.282129743,594906.5,100
HINDPETRO,1634,253.24933700841672,113.77074376280255,109.36666870117188,499.04998779296875,8103768.260097919,6519119.5,100
HINDUNILVR,1634,2392.802174973225,201.68206562627557,1838.300048828125,3028.550048828125,2048439.8665850672,1595091.5,100
HINDWAREAP,1633,311.3660910139767,128.81924399056754,56.70000076293945,650.7000122070312,163687.08511941214,92296.0,100
HINDZINC,1634,367.3571605892485,130.00096814206364,125.55000305175781,772.2999877929688,2593226.9443084453,1066568.5,100
HIRECT,1634,309.3014688293382,300.88246662893283,45.95000076293945,1347.5999755859375,95544.9993880049,40237.0,100
HITECH,1634,77.73988076814678,45.34245364051263,6.724999904632568,205.61000061035156,990465.4847001224,602185.5,100
HITECHGEAR,1632,424.1815564445421,272.1839766415793,68.69999694824219,1221.5999755859375,19334.645833333332,6170.0,100
HLEGLAS,1348,588.087878626249,260.48698452002986,223.97000122070312,1462.0699462890625,150620.1431750742,62786.5,100
HMAAGRO,763,43.789823057142186,17.200344988600865,20.520000457763672,84.0,709632.2162516383,328070.0,100
HMVL,1632,72.03838840185428,17.479007290018014,36.75,122.5,118473.20710784313,48881.0,100
HNDFDS,1633,443.1645986600223,148.485006198579,79.7300033569336,720.9500122070312,73812.96019595835,43088.0,100
HOMEFIRST,1360,903.530036612118,226.35811451672453,442.6000061035156,1479.0,310595.5794117647,166501.0,100
HONASA,677,346.96812475026974,86.06707884286827,200.88999938964844,541.75,1505463.2319054652,592848.0,100
HONAUT,1632,38341.006403904335,6225.079349823774,20148.599609375,58628.1015625,6113.120710784314,3991.0,100
HPAL,1139,73.07483753140711,22.80068037005746,26.93000030517578,126.4000015258789,351839.4890254609,196695.0,100
HPL,1634,220.25667084328546,190.69099793658302,18.850000381469727,672.5499877929688,357856.1964504284,179816.5,100
HSCL,1634,240.44443099209846,207.83793680502026,28.25,800.9000244140625,4557302.012239902,1984575.0,100
HTMEDIA,1632,22.200428904271593,5.3041544937740115,8.100000381469727,38.099998474121094,496479.9761029412,228890.0,100
HUBTOWN,1634,111.65766837051186,102.08769219372624,7.349999904632568,363.6499938964844,336184.0201958384,139594.5,100
HUDCO,1634,113.73251520551403,89.06666461207139,18.850000381469727,342.20001220703125,7598653.464504284,3220419.5,100
HUHTAMAKI,1634,248.17074669005675,58.85534323619216,148.8000030517578,440.25,214778.96756425948,96161.5,100
HYUNDAI,444,2022.7799495662655,269.0088684543709,1583.199951171875,2809.300048828125,1082101.6328828828,688290.5,100
IBULLSLTD,1634,32.746993993458,26.17859438194453,7.050000190734863,130.35401916503906,1120219.0930232557,185955.0,100
ICEMAKE,1633,399.99932647350005,312.21978552173084,26.0,1045.949951171875,41952.848132271894,22563.0,100
ICICIBANK,1634,930.5824357293081,336.42494214904474,284.0,1488.5999755859375,17882196.90208078,13937802.5,100
ICICIGI,1634,1524.6894096832089,294.130243627401,826.2999877929688,2275.199951171875,714234.0012239902,554350.5,100
ICICIPRULI,1634,547.3503061805828,91.86309040182246,238.8000030517578,791.0499877929688,1867700.9143206854,1388850.0,100
ICIL,1634,220.84921041813155,103.11244945858229,22.950000762939453,446.8999938964844,516836.61444308446,297083.0,100
ICRA,1632,4621.146570093491,1359.2429082602341,2055.14990234375,7269.2001953125,8059.616421568628,3549.0,100
IDBI,1634,60.75411873260647,23.94570864237213,17.799999237060547,116.01000213623047,12257597.638922889,7386040.5,100
IDEAFORGE,761,649.7850860716009,195.569980018918,324.3999938964844,1294.949951171875,611506.273324573,224224.0,100
IDFCFIRSTB,1634,59.55677478841644,18.846097928008053,18.149999618530273,99.19999694824219,34903528.11750306,28531165.0,100
IEX,1634,143.94612401030784,50.47711922833532,40.20000076293945,295.25,9811324.462668298,5827535.5,100
IFBAGRO,1634,585.1028765114605,236.2294347237402,158.4499969482422,1753.199951171875,20952.973072215424,7413.5,100
IFBIND,1634,1110.2792227942327,392.71926578851264,239.85000610351562,2329.800048828125,80563.07711138311,35835.5,100
IFCI,1634,29.57098528921531,23.776714326538414,3.450000047683716,90.06999969482422,16265887.331701346,6439724.5,100
IFGLEXPOR,1634,183.5941861408285,83.04521541361025,34.79999923706055,454.6000061035156,91218.93390452876,32866.0,100
IGARASHI,1634,442.8328332982711,124.28243477383744,154.3000030517578,829.3499755859375,140872.4106487148,64726.0,100
IGIL,397,366.5876576305937,59.2481158457002,291.0,620.4000244140625,1143747.498740554,652559.0,100
IGL,1634,216.88070380819033,31.88910557133159,145.6199951171875,295.7250061035156,5332013.777233782,4014304.5,100
IGPL,1632,478.0480394410152,156.17314533271013,85.0,975.8499755859375,60290.07965686275,35093.5,100
IIFL,1634,372.7708838123149,157.98376517025997,61.20000076293945,672.2999877929688,1388523.053855569,738404.0,100
IIFLCAPS,1633,149.97148192359563,113.71514505195336,27.450000762939453,444.54998779296875,895123.2106552358,501959.0,100
IKIO,775,254.62629656391758,75.61381688371283,107.33000183105469,462.79998779296875,502251.7070967742,131973.0,100
IKS,403,1625.0614128775396,146.99892956991815,1274.9000244140625,2145.699951171875,344694.40198511165,165781.0,100
IMAGICAA,1633,38.48466623055738,28.173557805676808,2.4000000953674316,180.25,1012868.1892222903,463574.0,85
IMFA,1634,523.7605262135351,385.6045928598493,50.92499923706055,1653.9000244140625,153127.3788249694,91971.5,100
INDGN,555,559.8661258731877,57.55399570407924,423.5,732.7000122070312,694658.445045045,330147.0,100
INDHOTEL,1634,404.3575897403563,253.30170353949111,60.41048049926758,889.6500244140625,4246441.336597308,3042441.5,100
INDIACEM,1634,243.14629176780673,96.45623819031675,71.69999694824219,478.54998779296875,3209288.6334149325,1836436.5,100
INDIAGLYCO,1634,477.8298041671697,276.39510014860383,90.2750015258789,1184.449951171875,435015.91187270504,226226.0,100
INDIAMART,1634,2541.1629737284366,748.0321405184288,872.0,4979.75,240543.4363525092,164824.0,100
INDIANB,1634,367.3652997034416,264.0580463530607,42.54999923706055,991.5499877929688,2615662.7552019586,1777950.0,100
INDIANHUME,1633,260.16393131459336,105.06316964400537,116.0999984741211,572.0,116965.55296999388,50248.0,100
INDIASHLTR,647,752.199381573307,107.77629836874087,528.7999877929688,1002.0999755859375,232255.72642967541,119890.0,100
INDIGO,1633,2939.7422856869903,1530.0081782405978,856.9500122070312,6155.5,1288520.6436007349,849893.0,100
INDIGOPNTS,1362,1507.0440185367625,482.7432906160475,710.7999877929688,3117.14990234375,121263.70190895742,51757.0,100
INDIGRID,1631,138.11035584731016,19.622484429025548,86.25,179.58999633789062,530831.5193133047,306180.0,100
INDNIPPON,1633,535.6320271068604,208.84961692108442,189.64999389648438,1241.5999755859375,37979.29883649724,19312.0,100
INDOAMIN,1055,128.38372492496435,29.18834246251978,69.8499984741211,242.74000549316406,263687.2104265403,94873.0,100
INDOBORAX,1076,189.9177138176106,64.8746644977093,96.80000305175781,486.70001220703125,135199.5,49712.0,100
INDOCO,1634,315.44299836549794,70.89537242553972,155.25,519.6500244140625,190334.8029375765,88275.5,100
INDOFARM,391,178.87171366269632,38.10343095179784,111.16000366210938,277.79998779296875,512753.6393861893,196126.0,100
INDORAMA,1634,45.352552028151734,14.593698857650041,8.399999618530273,83.9000015258789,251812.50550795594,103035.5,100
INDOSTAR,1634,239.76765566093977,62.25678187362027,104.05000305175781,400.5,149790.97552019585,82650.5,100
INDOTECH,1633,894.2011011968124,950.1638313591848,70.4000015258789,3592.35009765625,26979.317819963257,13191.0,100
INDOTHAI,1633,76.34589706800207,103.48126023312602,1.2699999809265137,460.3999938964844,279658.47519902023,80840.0,100
INDRAMEDCO,1634,198.65296846153979,166.44802332928873,28.649999618530273,622.7999877929688,366040.32496940024,175369.5,100
INDSWFTLAB,1633,85.66494796820673,37.02259929558205,15.699999809265137,246.44000244140625,329945.2743417024,101882.0,100
INDUSINDBK,1634,1028.9115363579776,289.214520003504,301.29998779296875,1688.8499755859375,7248547.044063647,3868282.5,100
INDUSTOWER,1634,273.2767133490984,91.00593851732275,124.05000305175781,477.75,8959857.150550796,5612692.0,100
INFOBEAN,1634,106.22485325123426,49.00407767627515,14.5,251.22500610351562,296867.3182374541,95862.0,100
INFY,1634,1435.9387407244492,314.2349492205801,526.4500122070312,1999.699951171875,8072020.62117503,6712073.0,100
INGERRAND,1634,2445.212390316014,1382.9064413661386,557.7999877929688,4898.5498046875,34730.422276621786,15594.5,100
INNOVACAP,642,763.0120713658794,174.42731579946258,449.54998779296875,1240.0,130204.33800623054,53375.0,100
INOXGREEN,915,134.90408737516142,57.62489135513459,38.70000076293945,272.20001220703125,2397605.0459016394,1445552.0,100
INOXINDIA,647,1215.1174636204055,229.29317142939928,810.4000244140625,2093.800048828125,346405.9180834621,138039.0,100
INOXWIND,1634,74.04194435086944,65.84586344610771,4.262499809265137,254.33999633789062,5873018.983476132,3346736.0,100
INSECTICID,1633,552.4364665884659,183.89642219047886,147.6666717529297,1072.3499755859375,66565.93386405389,35419.0,100
INTELLECT,1634,661.3338743791148,283.79249291942557,44.849998474121094,1227.9000244140625,583847.9969400244,341334.0,100
INTENTECH,1632,81.60723652325424,34.803778950620504,10.800000190734863,175.3800048828125,121105.3094362745,47148.0,100
INTERARCH,482,1862.072717437111,320.63147699969903,1133.800048828125,2623.39990234375,174755.83817427387,84965.0,100
INTLCONV,1209,76.57514471806604,13.153538196869992,47.75,119.9000015258789,302856.86683209264,135573.0,100
IOB,1634,30.191334188641065,16.575796805934093,6.699999809265137,79.6500015258789,15366986.58629131,6234232.0,100
IOC,1634,105.01922867493647,40.74417872549478,47.70000076293945,192.39999389648438,21091399.77968176,16459852.0,100
IOLCP,1634,91.88443694704165,28.181050105509705,30.790000915527344,175.72999572753906,3214530.457772338,1330540.5,100
IONEXCHANG,1099,429.14703337206856,152.46126021580986,157.18499755859375,732.1500244140625,332708.99272065517,209270.0,100
IPCALAB,1633,1126.969688252007,278.39794015019424,569.1749877929688,1900.5999755859375,522243.93937538273,333040.0,100
IPL,1258,236.96763923778443,63.796667210380974,124.41000366210938,407.3999938964844,650112.2519872814,201095.0,100
IRB,1634,16.029072829967905,8.870092707594337,2.384999990463257,38.42499923706055,48742186.03059976,26510535.0,100
IRBINVIT,1630,76.14592569971377,17.644065677408726,50.0,98.91999816894531,388837.890797546,201362.0,100
IRCON,1634,110.59290707680411,75.41223440260244,30.110000610351562,336.79998779296875,7773726.068543452,3414549.5,100
IRCTC,1634,632.71745399279,223.12256714894954,163.0800018310547,1175.5400390625,4878390.283965728,1913562.0,100
IREDA,664,163.6006325354059,40.488979066548794,60.0,289.6499938964844,22143013.578313254,10073988.5,100
IRFC,1364,79.95535915687987,55.850029625225545,19.5,217.42999267578125,35694233.41348974,15822820.0,100
IRMENERGY,686,360.3762392538977,103.71347936982315,176.05999755859375,604.4500122070312,696740.918367347,93208.0,100
ISGEC,1300,837.109422255296,294.4616834325466,422.5,1610.3499755859375,106421.73153846154,60454.0,100
ITC,1634,320.4054553196509,103.07680260826628,141.78927612304688,503.36395263671875,20071196.547123622,15304647.0,100
ITCHOTELS,375,193.09879972330728,28.561357561429695,137.8699951171875,254.75,5324997.365333334,3202387.0,100
ITDC,1633,442.1011024190105,163.37105286750744,110.19999694824219,900.1500244140625,253495.02939375382,41218.0,100
ITI,1634,190.32740504242653,95.44188164599841,48.20000076293945,544.3499755859375,2724035.1248470014,540001.0,100
IXIGO,531,189.81736312837475,49.53268424411155,125.13999938964844,335.54998779296875,2674019.2015065914,1260077.0,100
IZMO,1633,266.0129821798368,277.93646810732525,10.800000190734863,1348.699951171875,98665.85731781996,38949.0,100
J&KBANK,1634,69.72346390942465,43.359367240404616,11.100000381469727,192.64999389648438,4764449.67992656,2909914.5,100
JAGRAN,1633,70.03501530242565,18.561405547403485,35.650001525878906,127.55000305175781,432615.47826086957,232097.0,100
JAGSNPHARM,1634,128.3789291685331,75.39813134495226,6.679999828338623,304.4800109863281,308105.8433292534,109457.5,100
JAIBALAJI,1634,63.613396583017845,70.86913283416162,2.9600000381469727,256.510009765625,1060532.0477356182,407523.0,100
JAICORPLTD,1634,163.02345785750316,90.74895078705053,44.650001525878906,413.8999938964844,2055410.8372093022,1095426.5,100
JAMNAAUTO,1634,95.4994859076772,29.753913745591348,22.0,148.25,2069960.705630355,1163182.5,100
JASH,1632,257.80751227981904,191.01282336443003,19.1299991607666,682.9500122070312,132024.3462009804,74365.0,100
JAYBARMARU,1633,78.94575012496696,29.58595608483906,19.079999923706055,199.17999267578125,285694.94121249235,112811.0,100
JAYNECOIND,1634,34.444051401778566,24.627644516485276,1.899999976158142,115.23999786376953,3002412.137086903,250944.5,100
JAYSREETEA,1632,92.37338239655776,23.047688985598864,24.049999237060547,158.4499969482422,177363.78860294117,72422.0,100
JBCHEPHARM,1627,1197.4062072810177,573.0461443449768,214.75,2506.0,282761.0,167178.0,100
JBMA,1634,430.33601576082566,320.22516457455384,19.989999771118164,1190.875,791510.4553243574,273737.5,100
JGCHEM,592,367.2878547874657,77.13814334342509,172.25,523.5999755859375,290887.0202702703,122774.5,100
JINDALPHOT,1632,492.74276902687313,416.74733793035483,7.949999809265137,1555.5,33434.137867647056,10880.0,100
JINDALPOLY,1634,694.1709003331757,234.09478880730703,161.3000030517578,1317.550048828125,119860.18971848226,46033.5,100
JINDALSAW,1634,136.44631595214693,101.43259208651206,20.600000381469727,373.875,3365752.035495716,1961907.0,100
JINDALSTEL,1634,631.8486527544486,323.92034730863975,63.150001525878906,1288.800048828125,6182881.250917993,3096834.0,100
JINDRILL,1634,385.63142619839203,258.93038340362176,42.349998474121094,971.0,288940.146878825,66191.0,100
JINDWORLD,1634,44.08323740754892,25.387600891147493,5.110000133514404,92.0999984741211,1677104.782741738,609235.0,100
JIOFIN,731,285.21387186324387,46.951584190922205,200.9199981689453,387.95001220703125,21184587.121751025,15183900.0,100
JISLJALEQS,1634,40.259883752651284,18.992193048577867,3.1500000953674316,81.83999633789062,4303856.787025704,2940761.5,100
JITFINFRA,1633,283.32415808714467,266.4052357891607,3.25,1197.0,38201.20453153705,18932.0,95
JKCEMENT,1634,3558.6935126726016,1462.1866307320183,891.0,7539.0,118877.01407588739,92387.0,100
JKIL,1634,390.06594237440805,236.213877612865,67.55000305175781,903.2999877929688,264125.3261933905,150046.0,100
JKLAKSHMI,1634,625.2803237149299,208.12142215966415,181.6999969482422,1008.3499755859375,328972.58200734394,192730.0,100
JKPAPER,1633,303.8264242897571,120.8453355746027,66.94999694824219,633.75,1162800.8266993263,632733.0,100
JKTYRE,1634,244.46921661638424,144.4583420175787,34.400001525878906,604.9000244140625,1693329.9547123623,908972.5,100
JLHL,711,270.3271303887776,31.506103763434698,197.42999267578125,339.7099914550781,391947.8790436006,148220.0,100
JMFINANCIL,1634,96.30872090268456,30.342204744051273,57.04999923706055,193.02000427246094,4151120.488984088,2087264.0,100
JNKINDIA,562,446.18012471046313,183.657292385779,203.77999877929688,882.6500244140625,338845.61387900356,70603.0,100
JPOLYINVST,1632,496.39402532898913,369.298098974689,7.150000095367432,1415.5999755859375,19679.53431372549,6661.5,100
JSFB,612,478.81838216345295,82.78588822045656,341.8500061035156,736.2000122070312,470051.28104575165,239841.5,100
JSL,1634,383.9375456596384,285.29599184359887,23.100000381469727,865.6500244140625,1403168.8837209302,911330.5,100
JSLL,1053,770.0252061429073,620.255478815768,75.55555725097656,2360.60009765625,191399.96961063627,28620.0,100
JSWDULUX,1634,2579.2208095816677,593.758616052509,1701.5999755859375,4518.5,33693.009791921664,12651.0,100
JSWENERGY,1634,350.83179333102015,201.7409717325005,39.150001525878906,792.0499877929688,3116964.0091799265,2031425.0,100
JSWHL,1634,7816.667074887522,6303.610310925729,1351.5999755859375,26420.0,5462.344553243574,1440.5,100
JSWINFRA,702,279.8226924363704,41.41950312416595,157.3000030517578,356.6499938964844,3410461.7407407407,2135765.0,100
JSWSTEEL,1634,752.0507351654687,292.78344070109574,140.6999969482422,1312.9000244140625,4534422.072215422,2664672.5,100
JTEKTINDIA,1634,119.86172288079887,36.81235460977661,35.650001525878906,221.75,434841.91432068544,189807.0,100
JTLIND,1141,82.59651174052152,21.561917949495218,40.79999923706055,135.125,2471572.1121822963,1188956.0,100
JUBLCPL,362,1932.348480056004,422.1101692081484,1086.3499755859375,2955.0,9013.049723756905,5070.0,100
JUBLFOOD,1634,548.7241977051976,117.48245154711553,245.5399932861328,905.1400146484375,3351128.252141983,2435266.0,100
JUBLINGREA,1330,577.2999240731834,123.00039154559222,254.0,859.2000122070312,664908.284962406,352317.0,100
JUBLPHARMA,1633,666.2150867413102,279.55013718119505,175.86529541015625,1262.5999755859375,353503.83894672384,185104.0,100
JUNIPER,602,309.1828403409533,86.11133268524631,189.94000244140625,522.3499755859375,275843.84053156147,124187.0,100
JUSTDIAL,1634,747.2913700509976,211.7336038836912,271.3999938964844,1354.75,1051564.476132191,315909.5,100
JWL,1634,198.89985318487393,182.40353304089808,7.050000190734863,730.0,1520938.470624235,514293.0,100
JYOTHYLAB,1634,254.78345162661307,125.13413571243534,88.19999694824219,579.2000122070312,724650.1303549572,431839.5,100
JYOTICNC,631,960.7548337232103,212.4277150750252,419.25,1435.9000244140625,742527.3819334389,345478.0,100
KABRAEXTRU,1633,305.6236739406831,147.72603283839334,36.400001525878906,635.75,123736.21555419473,56423.0,100
KAJARIACER,1634,1037.7910949258792,284.54525566609755,300.3999938964844,1548.050048828125,291612.4094247246,196245.0,100
KALAMANDIR,705,167.62522012697045,48.94022068027639,86.61000061035156,302.54998779296875,983641.0326241135,493882.0,100
KALYANKJIL,1325,300.87192455651626,214.52930681327186,55.849998474121094,787.9000244140625,5596419.6,2734805.0,100
KAMATHOTEL,1633,143.81363743795475,95.57346643623642,15.550000190734863,350.04998779296875,135300.9552969994,57942.0,100
KAMDHENU,1634,23.97743519619016,16.429110352261457,2.461364984512329,64.48500061035156,1982620.329865361,1080859.5,100
KANSAINER,1632,298.6642422769584,58.72936885650865,159.07000732421875,446.0333251953125,457551.67279411765,291115.0,100
KARURVYSYA,1634,118.314641556804,86.62533106098407,16.54166603088379,343.3999938964844,3734686.965728274,2358185.5,100
KAYNES,916,3706.1835710950295,1884.566640822801,680.25,7597.5498046875,702381.075327511,341905.5,100
KCP,1633,139.53131662988983,56.08296336962929,37.54999923706055,271.30999755859375,428619.45805266383,228641.0,100
KCPSUGIND,1633,27.695995116482027,10.193866965846604,9.0,59.970001220703125,539656.7440293938,231185.0,95
KDDL,1632,1529.414406561384,1085.5370021817314,102.94003295898438,3685.39990234375,22312.938725490196,12195.0,100
KEC,1634,561.5721544618268,216.50305169927344,156.5,1240.4000244140625,742382.829253366,383641.5,100
KECL,1634,80.57582011333731,61.26044476618673,7.0,246.3300018310547,360474.9596083231,145902.0,100
KEI,1634,2305.4801415544975,1595.7813180477679,220.5,5660.5,337210.5660954712,227027.5,100
KENNAMET,1055,1745.6056411526215,753.177688586051,622.7000122070312,3138.60009765625,13441.368720379147,7483.0,100
KERNEX,1634,506.7643813649181,508.5779750743516,11.100000381469727,2403.0,76568.12851897185,20470.0,100
KFINTECH,889,806.761080901722,319.2749377360951,272.8500061035156,1592.199951171875,1011623.9797525309,643063.0,100
KHAICHEM,1425,70.81784556874058,24.427890819801377,18.25,151.0,392857.50175438594,198708.0,100
KICL,1632,3046.325428981407,1709.4290936613238,806.7000122070312,8203.2001953125,3574.5373774509803,1436.5,100
KIMS,1264,448.81950953036926,182.4697046023977,189.41000366210938,850.6500244140625,701257.3481012658,360595.0,100
KINGFA,1632,2027.0468150307152,1378.2344738196477,351.75,5540.5,11987.806985294117,6354.5,100
KIOCL,1634,264.8857158044561,111.076221687923,46.45000076293945,627.5999755859375,367242.29926560586,85328.5,100
KIRIINDUS,1634,445.2825581843587,105.03379559445622,196.60000610351562,726.5499877929688,393249.32313341496,162704.0,100
KIRLFER,1055,258.39677773787514,141.37781432470285,38.849998474121094,529.5499877929688,189500.29383886256,114793.0,100
KIRLOSBROS,1634,895.4575268758263,732.9446357100562,78.19999694824219,2603.14990234375,146166.4222766218,73040.5,100
KIRLOSENG,1633,592.521034806036,517.6372513253772,80.4000015258789,2563.60009765625,394643.43784445804,215021.0,100
KIRLOSIND,1633,2598.73159857316,1512.6914020431516,419.8999938964844,6387.5,8222.248009797919,3585.0,100
KIRLPNU,810,1100.5245068962192,356.96555394097294,543.0999755859375,2091.5,137735.45555555556,84347.5,100
KITEX,1634,99.25031580393872,69.74000782148319,27.66666603088379,308.9800109863281,1171392.9932680537,526502.0,100
KKCL,1632,414.9752021630605,203.62581430799963,124.25,798.9000244140625,91804.9699754902,36455.0,100
KMEW,413,1329.9223329853492,516.1726765702052,657.6500244140625,2679.800048828125,122599.65617433414,67929.0,100
KMSUGAR,1634,25.90202568969353,9.20296379482224,5.5,48.2599983215332,543211.8549571603,210230.5,100
KNRCON,1634,225.91452285038213,70.3188726264697,91.42500305175781,409.6000061035156,1108224.4026927785,562164.0,100
KODYTECH,702,1316.4033109007398,995.9291969884553,178.5,4080.800048828125,18676.139601139603,8600.0,100
KOKUYOCMLN,1633,94.17420091880149,37.01512913668354,39.099998474121094,220.9499969482422,210040.32271892222,95679.0,100
KOLTEPATIL,1632,325.3217525248434,101.74692878004647,110.5999984741211,566.9500122070312,316363.2218137255,157744.5,100
KOPRAN,1634,179.74078951734077,73.66715626963075,16.5,352.8500061035156,391965.2723378213,203410.0,100
KOTAKBANK,1634,362.8305138409357,42.99213248727608,219.64999389648438,453.760009765625,20973937.495716035,16985550.0,100
KOTHARIPET,1632,96.13650732063779,58.680915031993344,10.399999618530273,257.9700012207031,169117.64889705883,70087.0,100
KOTYARK,1167,50.3359751227378,28.322963901660703,6.690908908843994,140.26364135742188,302431.29562982003,167200.0,100
KOVAI,1054,1678.0574360509072,1303.408220467803,624.8499755859375,6205.0,3324.4895635673624,1345.5,100
KPEL,423,403.16089783436297,86.47073535173968,246.75,661.3499755859375,321563.0330969267,216912.0,100
KPIGREEN,1244,297.3425012984076,206.93440696779678,13.300000190734863,732.5333251953125,1226802.4051446945,779470.5,100
KPIL,1633,709.8137173486208,390.7088054535738,174.9499969482422,1439.699951171875,338068.96938150644,201072.0,100
KPITTECH,1634,803.442288631033,527.8135411101434,34.849998474121094,1868.699951171875,1432907.4895960833,957383.0,100
KPRMILL,1634,633.4598040679969,322.7023689554813,65.6500015258789,1306.25,391649.94430844556,230185.5,100
KRBL,1633,305.34332530949644,68.43598999337202,97.75,487.1499938964844,714904.6925903246,428271.0,100
KRISHANA,1634,44.79283957732351,36.64833497397964,3.9000000953674316,182.9499969482422,428921.38555691554,184715.0,100
KRISHNADEF,1059,536.1181774661719,354.83542378174025,53.650001525878906,1370.199951171875,64933.29178470255,33000.0,100
KRN,457,862.060108944415,193.7882450323053,422.42999267578125,1329.199951171875,1143329.5667396062,459756.0,100
KRONOX,535,155.83205596353406,22.821832880449342,97.0199966430664,221.3699951171875,227749.5738317757,104140.0,100
KROSS,469,190.0574411746027,18.531929205535032,154.64999389648438,259.80999755859375,962695.4946695096,253035.0,100
KRSNAA,1230,652.1922364521802,136.26411074630514,360.3999938964844,1020.1500244140625,111366.0593495935,67647.0,100
KRYSTAL,585,639.6047862517528,99.03457156424157,424.3500061035156,1016.2999877929688,131385.46324786326,34778.0,100
KSB,1634,488.1938496126247,294.37270180210965,79.18000030517578,1007.3400268554688,231885.18849449203,115102.5,100
KSCL,1633,709.1786287101003,251.9061084897349,296.0,1568.800048828125,206717.95652173914,122705.0,100
KSL,1634,515.0314257702308,264.0159176515648,100.1500015258789,1249.0999755859375,103573.26315789473,51636.5,100
KSOLVES,1485,303.1891646137944,180.0271785731911,6.9375,708.6749877929688,70356.29360269361,39244.0,100
KTKBANK,1634,141.50476797937324,76.82319999062153,34.650001525878906,293.0,2478230.0850673197,1531045.0,100
KUANTUM,1632,104.92677072450226,44.318791006514644,26.405000686645508,221.39999389648438,129593.77879901961,60257.5,100
LALPATHLAB,1634,1307.4364136563959,295.0151357869057,625.9749755859375,2104.300048828125,477404.0758873929,345521.0,100
LANDMARK,892,593.7688346486456,131.00429054586337,349.45001220703125,863.5,198560.90246636773,78319.0,100
LAOPALA,1634,288.20104022358737,82.50322953809604,137.89999389648438,474.54998779296875,205113.53916768666,109337.0,100
LATENTVIEW,1164,417.97465656713115,71.54583577323184,249.60000610351562,701.9000244140625,883004.3127147766,393298.5,100
LAURUSLABS,1634,531.9764868410593,300.61609813806945,63.189998626708984,1831.9000244140625,2920047.799265606,1831637.0,100
LAXMIDENTL,383,312.28918998857705,97.2082234163792,158.25,550.5499877929688,491124.40208877285,125714.0,100
LEMONTREE,1634,90.24503674501305,44.67891107048547,14.399999618530273,177.92999267578125,4314134.0679314565,2942080.5,100
LGBBROSLTD,1634,897.2390755848319,495.97924523788436,151.4499969482422,2007.800048828125,96374.69277845777,44217.0,100
LIBERTSHOE,1633,250.30405370895656,110.99766239442508,68.19999694824219,569.4500122070312,178651.48315982852,61695.0,100
LICHSGFIN,1634,464.7728270083629,123.40425027942214,192.3000030517578,816.3499755859375,3156818.29253366,2343115.0,100
LICI,1045,402.52090991444567,73.84296607828401,265.92498779296875,594.0499877929688,4166861.1961722486,2410252.0,100
LIKHITHA,1437,234.90144055073844,83.2913371899585,66.44999694824219,480.1499938964844,234000.79679888656,119331.0,100
LINC,1633,100.99527557335671,48.295294350731375,26.424999237060547,215.14999389648438,89099.2375995101,39668.0,100
LINCOLN,1632,431.03063693233565,176.82267644489414,91.3499984741211,953.7000122070312,123310.75857843137,57649.5,100
LINDEINDIA,1633,4271.648381604056,2477.941580559414,413.5,9691.25,91562.18677281078,48172.0,100
LLOYDSENGG,1634,32.87411129974385,28.80626372744364,0.2885729968547821,92.12999725341797,5187822.828641371,3015798.0,100
LLOYDSENT,446,61.27539890443263,12.393830353470214,37.63999938964844,92.86000061035156,3448063.8340807175,2209586.5,100
LLOYDSME,755,1070.8210599583506,400.55776684232194,515.4500122070312,2058.0,495906.5854304636,363359.0,100
LMW,1632,11236.793903126436,4576.194115724554,2129.199951171875,18421.30078125,7662.840073529412,4736.0,100
LODHA,1312,864.1615862148564,348.8886534260055,232.625,1594.800048828125,1420209.275914634,939734.0,100
LOKESHMACH,1633,160.94710346883014,124.20236864076686,14.199999809265137,471.3999938964844,103109.95590936927,46257.0,100
LT,1634,2507.762729042455,1070.6864019167188,707.9000244140625,4418.10009765625,2772808.5201958385,2098101.5,100
LTF,1634,135.70826207117761,72.16882045980859,45.15703582763672,335.6000061035156,9873209.88249694,7061108.5,100
LTFOODS,1634,193.51234391503118,148.62929077652453,14.75,509.04998779296875,1758808.499388005,983555.0,100
LTM,1634,4667.956149116432,1296.405845006324,1293.0999755859375,7561.75,381172.8500611995,297103.5,100
LTTS,1634,3767.226563172358,1232.6580173284567,1018.25,5916.2998046875,229313.08261933905,163229.5,100
LUMAXIND,1633,2345.4322103487516,1332.0514607093237,723.7000122070312,6703.0,13047.303123086343,7176.0,100
LUMAXTECH,1633,481.53499727546983,468.618713583287,48.95000076293945,1847.800048828125,199970.46601347215,111188.0,100
LUPIN,1634,1328.4681440934703,589.5309800636143,548.0999755859375,2514.800048828125,1652189.8727050184,1122713.0,100
LUXIND,1634,1758.832833783863,774.9202269930861,825.9000244140625,4546.10009765625,84190.19400244798,44884.0,100
LXCHEM,1326,268.63539228252336,89.99409630403862,108.11000061035156,598.0999755859375,1460272.5633484162,655371.0,100
LYKALABS,1632,95.14091906185244,48.4674466408106,10.449999809265137,254.3000030517578,141849.57659313726,61109.0,100
M&M,1634,1741.0621487677024,1060.5856940208714,269.0,3802.39990234375,3669892.600367197,2918909.0,100
M&MFIN,1634,234.82710379573678,70.6609170715241,77.76689910888672,404.3999938964844,6018975.839657282,3692022.0,100
MAANALU,1633,75.2588533702542,55.10894538997652,2.9749999046325684,250.6699981689453,284962.55296999385,104004.0,100
MACPOWER,1633,551.3216895660008,469.55456517437733,33.82352828979492,1733.0999755859375,26299.36252296387,10710.0,100
MADRASFERT,1632,59.774227976214654,30.22828297405268,9.149999618530273,130.0800018310547,730605.6053921569,250331.0,100
MAGADSUGAR,1633,409.6663805581424,219.23465593127045,52.20000076293945,957.4500122070312,45467.77526025719,20204.0,100
MAHABANK,1634,37.035422307041316,21.512139388216465,8.399999618530273,93.8499984741211,16769213.042839658,9372450.5,100
MAHASTEEL,1632,206.66243887648864,243.7363942723304,50.849998474121094,1092.800048828125,35088.56924019608,13344.0,100
MAHLIFE,1634,344.2637868201864,157.1655941748919,58.133331298828125,670.5999755859375,270625.65177478583,164114.0,100
MAHLOG,1634,428.5426188157267,112.62019502067943,205.0500030517578,799.5999755859375,197706.08384332925,108259.5,100
MAHSCOOTER,1633,7127.666807923372,4090.5560530660478,1840.9000244140625,18018.0,8805.10532761788,5388.0,100
MAHSEAMLES,1634,439.7951955713578,249.17469320540914,94.30000305175781,1064.800048828125,336667.88616891066,202280.5,100
MAITHANALL,1634,935.3013161107114,238.78826098461408,309.1000061035156,1551.699951171875,79624.79314565484,43928.0,100
MAMATA,399,414.0289977415462,44.2971874859613,299.25,630.0,538638.2005012531,157540.0,100
MANAKCOAT,1633,47.12970602300659,45.825499676531564,2.3499999046325684,180.30999755859375,211763.8352725046,65517.0,100
MANAKSTEEL,1633,42.77411513903794,19.23770819871977,6.199999809265137,101.75,135934.5370483772,52666.0,100
MANALIPETC,1634,68.59549573877304,26.939919106310885,8.949999809265137,142.39999389648438,808461.0624235006,405935.0,100
MANAPPURAM,1634,179.45052041622242,61.985364220525575,79.19999694824219,371.8500061035156,7850840.783353733,5602714.0,100
MANBA,457,136.46571143085637,14.432499059316212,100.51000213623047,189.97999572753906,220155.25164113785,79050.0,100
MANCREDIT,488,172.76217188600634,23.47262456895582,133.97000122070312,252.6199951171875,86149.89344262295,35848.0,100
MANGLMCEM,1632,510.8766231910855,263.56869039810323,129.39999389648438,1036.949951171875,98737.51654411765,55483.5,100
MANINDS,1634,213.77613194511162,156.89490041740197,31.600000381469727,601.4000244140625,462689.58261933905,232316.0,100
MANINFRA,1633,107.15138782319012,65.58913665789285,10.033332824707031,255.25999450683594,1173165.352112676,621407.0,100
MANKIND,802,2236.284411194913,318.4263464729093,1322.6500244140625,2998.39990234375,630272.5910224438,382968.0,100
MANORAMA,1012,795.8862742246846,493.9095410696747,181.0800018310547,1687.0,88304.26976284586,52785.5,100
MANYAVAR,1103,997.9785594784554,313.87888046674925,337.1000061035156,1469.0999755859375,260461.51042611062,144107.0,100
MAPMYINDIA,1143,1569.6765097737416,387.8375110988362,801.0999755859375,2531.5,229978.02887139108,97884.0,100
MARATHON,1634,307.3249385861755,208.7596260383397,39.70000076293945,761.2000122070312,96892.51346389229,49617.0,100
MARICO,1634,551.588004636356,136.81154302959015,240.1999969482422,885.3499755859375,2132351.963892289,1717320.0,100
MARINE,1634,101.91547730211236,84.98252190021725,16.440000534057617,327.6000061035156,505148.7753977968,262228.0,100
MARKSANS,1634,121.60637076481757,82.46490663922368,10.449999809265137,353.3999938964844,2339614.8200734393,1375984.0,100
MARUTI,1634,9890.648036475865,2923.494963073124,4011.5,17292.0,691673.2680538555,540601.0,100
MASFIN,1634,272.4360483045823,43.140017553918405,155.76666259765625,410.0666809082031,185793.8023255814,101693.5,100
MASTEK,1634,1996.9745711159676,785.8443659719662,172.14999389648438,3437.550048828125,142545.24847001224,81782.0,100
MASTERTR,411,121.39963495296283,31.61101561254449,56.34000015258789,187.1199951171875,683560.0097323601,164634.0,100
MATRIMONY,1633,637.1498168272543,184.5864903386748,263.6499938964844,1189.949951171875,33924.72749540723,14276.0,100
MAWANASUG,1634,82.94625468119851,30.275614337827108,16.149999618530273,173.0,209675.81150550797,100606.5,100
MAXESTATES,682,437.4247801660443,98.31300700547978,249.85000610351562,684.3499755859375,151881.09384164223,101778.5,100
MAXHEALTH,1475,653.397965631,353.56201741542316,103.6500015258789,1301.4000244140625,2295850.106440678,1565195.0,100
MAXIND,1468,142.85219466913622,73.4940082443285,50.54999923706055,329.6000061035156,185121.27316076294,75308.5,100
MAYURUNIQ,1632,467.3963535720227,135.3440378193794,124.44999694824219,883.7999877929688,112814.81862745098,63232.5,100
MAZDA,1634,176.2224294506059,78.66888441241663,46.7400016784668,409.989990234375,71285.3035495716,26390.0,100
MAZDOCK,1440,1202.4285754415723,1089.2506433344145,82.9000015258789,3751.199951171875,3782685.9930555555,1857210.0,100
MBAPL,1634,42.903815199724754,32.86435422048734,2.805000066757202,165.85000610351562,399241.5305997552,135085.0,100
MCLEODRUSS,1632,28.086182612487498,13.082525227959177,1.899999976158142,78.41000366210938,793493.6507352941,438903.5,100
MCLOUD,368,50.15274447461833,24.05144818246943,19.790000915527344,97.31999969482422,6361183.986413044,1921087.5,100
MCX,1634,797.4635247051934,761.5001560875846,172.8300018310547,3441.699951171875,2766062.9828641373,1936145.0,100
MEDANTA,917,1030.7429101376133,296.28663814239894,414.1499938964844,1487.050048828125,399905.60087241005,252011.0,100
MEDIASSIST,626,494.08402493510386,87.40092053226978,296.75,692.9000244140625,283249.0607028754,157553.0,100
MEDICO,1037,53.995602658307654,18.837700602010937,17.110000610351562,96.69999694824219,463362.32497589197,218430.0,100
MEDPLUS,1140,784.9728066427666,115.43455977809049,576.2999877929688,1290.0,258666.19035087718,112128.5,100
MEGATHERM,615,294.0322764574997,58.927969359912495,171.64999389648438,463.45001220703125,51216.91056910569,24000.0,100
MENONBE,1633,99.19179422783837,35.87021153040402,28.950000762939453,232.13999938964844,115304.3404776485,51563.0,100
METROBRAND,1141,1011.687774257008,230.4174494131698,436.6000061035156,1383.449951171875,200849.9684487292,92090.0,100
METROPOLIS,1634,473.6389233928853,118.29807777207363,288.57501220703125,868.6749877929688,849350.0257037943,537890.0,100
MFSL,1634,988.5542535303272,357.1120722590418,288.54998779296875,1870.0,1110012.79498164,741343.5,100
MGL,1633,1117.0603795796176,247.53437959414376,677.5,1964.949951171875,620638.252296387,442124.0,100
MHRIL,1634,268.1297205034347,98.97031947849864,83.19999694824219,484.3999938964844,313855.73378212977,153554.5,100
MICEL,1634,29.800979165581477,26.38157158253307,1.600000023841858,109.33000183105469,761162.5116279069,119141.5,100
MIDHANI,1634,283.57212338395044,101.03525735912764,145.3000030517578,531.1500244140625,948670.012239902,499893.0,100
MINDACORP,1633,311.31714668904647,188.88000419717744,53.45000076293945,720.5499877929688,825525.0257195346,462866.0,100
MINDSPACE,1483,356.82567114389514,56.55629788030246,275.4100036621094,503.2300109863281,274875.8172623061,130400.0,100
MINDTECK,1633,138.328671329823,85.85651311104331,10.199999809265137,357.1600036621094,104313.95223515003,41462.0,100
MIRZAINT,1633,83.48929584851238,82.49797904265671,25.049999237060547,370.5,733765.1696264544,302790.0,100
MMFL,1634,376.8871328897838,129.41015107069882,76.25,684.2000122070312,84775.93635250918,45167.0,100
MMP,1632,193.21358463577195,84.22131303186748,46.0,412.3500061035156,41708.57169117647,19827.5,100
MMTC,1634,49.592827400058106,21.20445296464415,10.600000381469727,120.91000366210938,5383372.807833537,1984517.5,100
MOBIKWIK,405,264.9331605510947,88.57074634114983,155.07000732421875,638.6500244140625,5409796.990123456,1375687.0,100
MODISONLTD,1302,117.3569662589265,55.15822796110205,50.400001525878906,362.70001220703125,103828.30261136712,43844.0,100
MOIL,1634,238.6589045903966,101.60929008055396,91.19999694824219,556.6500244140625,1096840.7937576498,508766.5,100
MOL,1228,89.19770361623857,21.848322418541915,36.7400016784668,142.0500030517578,1247927.368892508,760038.5,100
MOLDTECH,1632,143.39246931146172,87.52645620096766,29.850000381469727,388.95001220703125,136045.7837009804,55005.0,100
MOLDTKPAC,1633,653.0868117454514,239.63607186380287,144.8282012939453,1092.8499755859375,68577.98591549296,44428.0,100
MONARCH,1131,251.82160951056173,103.30290673619096,71.2750015258789,478.95001220703125,282741.2281167109,120100.0,100
MONTECARLO,1632,544.0035846467111,212.8795428993557,129.14999389648438,952.2000122070312,68188.1550245098,34545.5,100
MOREPENLAB,1634,43.28534883472298,16.90824005764213,7.650000095367432,96.19000244140625,5161091.463280294,2565360.5,100
MOSCHIP,370,196.2256489934148,31.826619046059793,139.11000061035156,283.7799987792969,2734749.5675675673,1352520.5,100
MOTHERSON,1634,73.55917143967628,33.00340480707548,14.589775085449219,151.7100067138672,33139620.32129743,21835466.0,100
MOTILALOFS,1634,756.6911263063167,164.55886645773415,309.95001220703125,1282.5,787273.3745410037,313972.5,100
MPHASIS,1634,2251.9342697311645,667.5253492106186,641.4000244140625,3546.449951171875,596024.7227662179,452285.0,100
MPSLTD,1632,1250.2090982455834,755.7471076554168,170.0500030517578,2915.199951171875,29791.216911764706,15128.5,100
MRF,1633,102060.35738001378,29900.38815756176,51970.25,162295.0,12135.992651561543,8182.0,100
MRPL,1634,99.07559972994184,61.645177999239216,22.299999237060547,286.1000061035156,5913497.383108935,2617481.0,100
MSPL,1632,19.290110275587615,13.015541497504914,3.6500000953674316,63.189998626708984,798144.4301470588,366394.5,100
MSTCLTD,1634,414.1554467097344,220.15435289645666,75.5,1107.449951171875,541990.4130966952,274973.0,100
MSUMI,1078,40.43834975566404,4.868074581811406,28.047618865966797,52.5,9152297.951762524,6626254.5,100
MTARTECH,1334,2123.7386436176444,1290.9784439112193,895.5,8374.5,350211.69415292353,149723.0,100
MTNL,1634,28.045465120633054,14.306162088523125,5.800000190734863,97.08000183105469,4955347.20624235,2000104.0,100
MUFIN,679,115.31128128568623,33.5923054078821,64.62000274658203,269.29998779296875,664526.9307805597,254496.0,100
MUFTI,644,146.88746896589765,50.94469120992401,64.05999755859375,312.20001220703125,317470.0745341615,162968.0,100
MUKANDLTD,1634,116.97551396193674,44.226523703233205,12.350000381469727,205.89999389648438,193042.8151774786,97815.0,100
MUKKA,595,31.88860502162901,7.97667083606018,18.489999771118164,54.220001220703125,1152568.7361344537,442318.0,100
MUNJALAU,1633,66.89928956624561,22.290098456066744,20.950000762939453,143.44000244140625,419062.5725658298,146471.0,100
MUNJALSHOW,1634,129.1700428037048,24.581805785651696,55.5,198.1999969482422,105860.85312117504,43662.5,100
MUTHOOTCAP,1633,325.44418857291805,81.39210224319409,165.25,626.1500244140625,50471.2676056338,26438.0,100
MUTHOOTFIN,1634,1699.1733153400398,811.6111600967755,508.29998779296875,4091.699951171875,1088612.5024479805,641358.5,100
MUTHOOTMF,644,189.70436317728172,36.81223134484213,121.06999969482422,266.1499938964844,419226.15838509315,207850.5,100
MVGJL,700,225.67461430140904,50.157343539145494,131.97000122070312,374.1499938964844,262500.23714285716,113353.5,100
MVKAGRO,592,254.86562522681984,243.174672428331,32.349998474121094,819.0,52798.47972972973,24600.0,95
MWL,996,17.06552712505601,7.281651043298443,10.100000381469727,42.20000076293945,380117.0411646586,149200.0,100
NACLIND,1634,91.22224508913523,57.80978033459672,17.649999618530273,323.29998779296875,344269.98102815176,132218.5,100
NAHARPOLY,1632,228.58632343072517,105.75797960658628,26.0,590.4000244140625,54799.68075980392,20903.5,100
NAHARSPING,1633,248.78436600380854,134.02293401153895,24.5,676.7999877929688,53271.38273116963,30905.0,100
NAM-INDIA,1634,487.7746937914023,249.24825502920876,201.10000610351562,1218.199951171875,996255.9198286413,756378.0,100
NATCOPHARM,1634,871.0780908778364,225.51649596366315,465.75,1592.8499755859375,658513.6168910649,396364.5,100
NATIONALUM,1634,137.4721296408477,98.36781551589245,26.899999618530273,441.5,18418687.10526316,13022990.5,100
NAUKRI,1634,1025.7116596870935,307.33792946841993,338.25,1805.0999755859375,2000820.195226438,1549123.0,100
NAVA,1634,240.92986554294058,220.60533506867583,16.700000762939453,730.4000244140625,1373161.5624235007,681921.0,100
NAVINFLUOR,1633,3862.280772109303,1360.2160395761723,979.75,7882.0,204812.67728107778,136395.0,100
NAVKARCORP,1634,72.42948594612766,37.38514936228156,14.550000190734863,165.4499969482422,1137672.2570379437,548854.0,100
NAVNETEDUL,1634,119.7422398645408,29.617930259368094,48.45000076293945,173.14999389648438,334215.5930232558,186318.0,100
NAZARA,1324,223.62828354388927,56.48715025971913,121.4749984741211,400.28125,2575111.754531722,1305071.0,100
NBCC,1634,55.155067053389814,38.1114875680087,10.233332633972168,130.47332763671875,19621380.070379436,11340754.0,100
NCC,1634,135.31681162228344,85.28873638195311,16.299999237060547,357.95001220703125,7268778.963280294,4045018.5,100
NCLIND,1633,184.54583579283585,45.95389155512498,53.900001525878906,298.3999938964844,224857.93631353337,131481.0,100
NDRAUTO,1490,386.223405944261,336.244375718979,28.600000381469727,1171.5999755859375,58733.25234899329,26528.0,95
NDTV,1634,147.13505862479985,94.93067424225467,20.950000762939453,545.75,379426.28396572825,133433.5,100
NELCAST,1633,100.12693197714063,36.59820521818147,25.799999237060547,177.0500030517578,290323.9271279853,121141.0,100
NELCO,1634,647.4623929120628,284.9746664447346,121.30000305175781,1463.9000244140625,176154.1064871481,81369.5,100
NEOGEN,1634,1321.2886780793692,453.0399135824384,319.20001220703125,2356.25,75788.97919216646,35480.0,100
NESCO,1632,768.6867958143646,262.87672331025175,389.54998779296875,1578.0999755859375,97864.53492647059,57568.0,100
NESTLEIND,1634,1057.3828316995534,185.27872403477923,647.2324829101562,1520.699951171875,1745647.370869033,1373700.0,100
NETWEB,747,2391.8574971271805,1062.3021836130406,749.1500244140625,5111.10009765625,876038.2235609103,269269.0,100
NETWORK18,1634,58.542747829652036,22.22216711107375,15.449999809265137,130.9499969482422,3620348.2160342718,1908130.0,100
NEULANDLAB,1634,5994.527813728174,5832.622449768833,255.35000610351562,19697.0,65715.14565483476,36089.5,100
NEWGEN,1634,497.3671667246077,391.0305782598435,49.20000076293945,1755.9000244140625,736596.0250917992,214270.0,100
NFL,1634,70.45728887513627,28.665817134188945,16.450000762939453,159.92999267578125,3704853.4339045286,1560190.0,100
NGLFINE,1007,1821.6891764363324,487.89071162899893,983.1500244140625,3300.0,6528.380337636544,3277.0,100
NH,1634,989.881732730562,544.8663123405014,225.60000610351562,2263.199951171875,368532.0899632803,234499.5,100
NHPC,1634,53.07594246788445,27.456299504117787,18.200000762939453,115.80999755859375,22162881.993268054,11215099.0,100
NIACL,1634,153.88016526818714,46.5657324176559,78.25,304.3999938964844,1703142.3402692778,574287.5,100
NIBE,368,1287.8110039752462,265.6293843270003,804.7000122070312,1912.0999755859375,104560.38315217392,51415.0,100
NIITLTD,1634,198.23880668836242,128.35408348796958,50.380001068115234,654.1500244140625,1169874.1499388006,542088.5,100
NIITMTS,736,395.94459253808725,78.79349205149502,207.4499969482422,568.0999755859375,203566.21195652173,123398.0,100
NILKAMAL,1632,1833.4572309980206,424.81722740402654,929.8499755859375,2966.25,15299.528799019608,6011.5,100
NITCO,1633,52.225725663927385,40.52990401013952,10.850000381469727,160.9499969482422,281535.5027556644,88206.0,100
NITINSPIN,1633,256.50774642841554,132.88801610454487,25.299999237060547,572.0,199402.06123698715,102010.0,100
NIVABUPA,426,79.87169011433919,5.276824539235777,68.4000015258789,100.0,3467777.307511737,1263174.5,100
NLCINDIA,1634,144.72535483548225,94.07225028026716,39.29999923706055,370.8999938964844,3577105.8665850675,1952854.5,100
NMDC,1634,51.296987546409504,22.078170100866515,16.1543025970459,96.04000091552734,37202745.018359855,29070397.5,100
NOCIL,1634,206.02496946047685,58.23712372648397,53.04999923706055,330.54998779296875,1199827.894736842,652095.5,100
NORTHARC,463,244.86686841663996,35.64558313893015,166.22999572753906,325.29998779296875,1063100.615550756,531184.0,100
NOVAAGRI,620,49.940145237215106,15.114869505912312,18.420000076293945,90.37000274658203,575519.2612903225,177107.0,100
NOVARTIND,863,756.8168028017046,216.16962819867285,546.0,1701.9000244140625,27556.959443800697,11396.0,100
NPST,1206,1063.0941139082015,972.3234526492778,17.866666793823242,3512.60009765625,23989.13432835821,13325.5,100
NRAIL,1633,318.1084505117385,95.84388508250005,126.5,527.3499755859375,26085.319044703,13724.0,100
NRBBEARING,1633,200.6115981298798,93.85874935954337,51.20000076293945,444.0,354259.67544396815,177004.0,100
NRL,1131,76.82961685018768,17.39359913251989,40.07575607299805,138.72000122070312,227299.4403183024,88452.0,100
NSIL,1633,3210.103581874121,2279.9597403359185,433.1499938964844,9422.5,6773.741579914268,1993.0,100
NSLNISP,853,45.67682301341299,8.443664973268609,30.649999618530273,70.9000015258789,7581659.415005862,4463086.0,100
NTPC,1634,226.0108018125723,111.86358073852689,76.4000015258789,443.20001220703125,16498483.776621787,12766915.5,100
NTPCGREEN,420,103.10597626822336,11.642888734334766,85.18000030517578,148.61000061035156,11237436.633333333,5341210.0,100
NUCLEUS,1633,775.1221691629161,367.06717774948135,178.0500030517578,1736.1500244140625,90238.30557256583,33412.0,100
NURECA,1344,629.5610786392575,515.1371469666492,206.75,2121.64990234375,77938.30505952382,19444.0,100
NUVAMA,706,1208.5540794826431,316.44161370109117,435.3399963378906,1980.0999755859375,593844.426345609,415587.5,100
NUVOCO,1226,367.43580759368945,60.391121058353455,264.79998779296875,567.4000244140625,465795.07830342575,211998.5,100
NXST,793,140.2357753450603,15.38834823518138,103.6500015258789,167.91000366210938,1218161.023959647,344043.0,100
NYKAA,1172,207.73703348595942,58.753103211952876,115.94999694824219,415.51666259765625,8168010.684300342,5249579.5,100
OAL,1564,459.9743032821304,181.50669389850546,138.85000610351562,1046.5999755859375,34404.51598465473,15672.5,100
OBEROIRLTY,1633,1131.3944267838262,517.5871045422939,292.8999938964844,2322.64990234375,754365.3116962645,558845.0,100
OCCLLTD,436,105.38580303017153,21.285344288451057,65.19000244140625,178.0,191584.7614678899,68824.0,100
OFSS,1634,5613.146816893336,2966.3438975192635,1575.6500244140625,12945.4501953125,152658.32190942473,95148.0,100
OIL,1634,251.0249590926246,168.67402304760563,46.900001525878906,741.0,3951509.140758874,2393608.5,100
OLAELEC,494,55.81572889799048,24.63925738814015,22.799999237060547,146.3800048828125,84121369.0,39283657.0,100
OLECTRA,1634,862.9717871807196,567.851488613688,43.599998474121094,2135.10009765625,721251.9241126071,336355.0,100
OLIL,693,187.2647906987354,120.00148030118403,60.150001525878906,478.0,30481.96248196248,14400.0,100
OMAXAUTO,1633,78.51078992727996,45.453843180162224,19.25,257.1499938964844,84344.92406613595,30035.0,100
OMAXE,1633,88.97881194731974,28.14685573853454,42.70000076293945,220.5,443082.2865890998,164479.0,100
OMINFRAL,1633,71.80044705051625,51.51243659378233,10.649999618530273,227.89999389648438,188861.00244947948,100463.0,95
ONEPOINT,1633,28.912698419562748,23.993071773577793,1.2999999523162842,75.80000305175781,900894.033680343,476971.0,100
ONESOURCE,379,1679.771370678904,217.38910612435308,1114.0,2197.800048828125,309823.7414248021,183153.0,100
ONGC,1634,181.70108922166952,71.32695084317332,60.0,341.75,19154564.98102815,14277371.5,100
ONMOBILE,1634,79.7814564903334,33.29049914901213,13.699999809265137,182.5500030517578,950190.8237454101,476345.0,100
ONWARDTEC,1632,287.91871945764507,148.84793636360365,34.650001525878906,706.2999877929688,96280.55085784313,37659.5,100
OPTIEMUS,1633,314.20376629429364,193.26245776914845,15.149999618530273,851.2000122070312,228336.8971218616,135267.0,100
ORBTEXP,1632,138.33845587103974,54.162103717160704,49.20000076293945,278.45001220703125,48740.42156862745,14442.5,100
ORCHPHARMA,1634,630.9276611230073,468.32122947273183,5.449999809265137,2527.89990234375,61582.47613219094,13436.5,100
ORIANA,733,1704.90784082764,741.1430119972399,271.8999938964844,3001.10009765625,84755.11596180082,60075.0,100
ORICONENT,1633,33.83493568469466,13.73204402660479,9.199999809265137,69.12000274658203,346487.8040416411,151462.0,100
ORIENTCEM,1633,171.008175218609,84.68076463467878,35.95000076293945,360.1000061035156,947796.1267605633,517535.0,100
ORIENTELEC,1634,242.98875761557383,52.036301157947555,150.1999969482422,392.3500061035156,397403.03855569154,219925.5,100
ORIENTHOT,1634,84.94388624387389,48.80640024219721,14.899999618530273,197.14999389648438,522888.982252142,241401.0,100
ORIENTTECH,482,321.7113887422807,64.98022995294781,224.0,601.8636474609375,1083248.1452282157,303912.5,100
ORISSAMINE,1634,4003.7516517966,1915.5259552893344,892.0,9362.5,21456.11811505508,10305.0,100
OSWALGREEN,1634,27.439277835691865,11.151539800060077,6.400000095367432,66.30999755859375,520360.4339045288,212761.5,100
PAGEIND,1632,36700.75739243451,8595.138885802986,16497.80078125,53795.80078125,29995.03737745098,23347.5,100
PAISALO,1634,37.94940484839525,15.622905862835552,7.427499771118164,94.5250015258789,3619590.8567931456,1758180.0,100
PAKKA,758,203.68453853677633,84.18875121567814,69.97000122070312,371.25,247380.87862796834,137283.0,100
PANACEABIO,1634,243.20099832261644,125.22388809407546,82.56105041503906,607.75,331865.8873929009,117106.5,100
PANAMAPET,1633,268.65136555813604,110.00694244838068,27.149999618530273,500.75,182449.7366809553,83562.0,100
PARACABLES,1634,36.886780880072415,27.3749600279377,5.550000190734863,114.5,1028319.782129743,486158.0,100
PARADEEP,1037,97.55758921918436,44.1764224211173,37.650001525878906,231.57000732421875,6014195.818707811,3909082.0,100
PARAGMILK,1634,158.2190148039576,62.9806391817704,51.95000076293945,371.6000061035156,915517.3029375765,527084.0,100
PARAS,1198,743.495013789462,215.5623077693887,417.4750061035156,1560.4000244140625,846713.5175292153,263441.0,100
PARKHOTELS,614,156.42118900062982,26.83778209395386,96.44000244140625,227.0,694707.3241042346,376577.0,100
PASUPTAC,1190,41.785957971140114,8.935994890063109,22.850000381469727,74.33999633789062,250780.7907563025,91810.0,100
PATANJALI,1634,401.6171973341098,151.09597775850602,5.666666030883789,666.933349609375,1830825.1664626682,768322.5,100
PATELENG,1634,30.664544735573497,17.151624897385677,7.508695125579834,76.3499984741211,4526047.4253365975,2347699.5,100
PAYTM,1166,830.292194896456,285.5202184552967,317.1499938964844,1798.75,5420146.258147513,3426369.0,100
PCBL,1634,205.3199113124441,129.73533140722816,27.700000762939453,577.5999755859375,2650584.668298654,1568822.0,100
PCCL,518,220.38059873838682,45.621927884784185,151.0,382.1000061035156,41818.53281853282,14800.0,100
PDMJEPAPER,1633,61.610177590813436,40.72359799284676,10.25,227.92999267578125,382387.5211267606,151744.0,100
PDSL,1633,320.6723944949578,154.50910984657847,48.900001525878906,649.9500122070312,111468.40171463563,52886.0,100
PENIND,1633,98.3114758022563,74.70717253959002,12.350000381469727,275.95001220703125,1031126.8683404777,585526.0,100
PERSISTENT,1634,3002.2975665761323,1944.9173878069755,231.875,6674.2001953125,577901.4485924112,455064.0,100
PETRONET,1634,255.76436374995816,41.77971070120192,175.64999389648438,381.20001220703125,3450623.934516524,2557747.0,100
PFC,1634,239.18722741023126,162.8176459717075,59.880001068115234,570.5999755859375,9985007.449816402,7635209.5,100
PFIZER,1633,4654.702116144557,592.7103455712613,3442.5,6318.2998046875,46853.112676056335,23483.0,100
PFOCUS,1633,104.78173907549193,64.97451787853645,17.899999618530273,349.5,720114.0502143295,82147.0,100
PFS,1634,26.27811503935619,12.01785491930393,7.25,62.75,1723790.9259485924,830518.0,100
PGEL,1634,266.4878216860782,279.15904550135036,2.5999999046325684,1023.7000122070312,1288438.4834761322,678820.0,100
PGHH,1633,13577.017842448715,2257.8606185228828,8477.0,18427.55078125,9232.92529087569,5673.0,100
PGHL,1632,5159.22119768928,757.9306088541529,3110.0,7430.60009765625,13535.816789215687,8603.5,100
PGIL,1633,601.3511176380874,576.7495477457062,46.17499923706055,2115.800048828125,77675.70789957134,31208.0,100
PGINVIT,1293,106.86870834574806,17.915709409911837,75.58999633789062,140.99000549316406,1162278.4516627996,866948.0,100
PHOENIXLTD,1632,975.7927237117992,572.3709106192355,242.1999969482422,2154.0,619078.3841911765,435715.5,100
PIDILITIND,1634,1232.129101457911,275.68131825929424,607.9500122070312,1681.7249755859375,995161.6829865361,732954.0,100
PIIND,1634,3069.117716234784,763.8332871738664,1010.0499877929688,4731.35009765625,318606.79620563035,237342.0,100
PILANIINVS,1632,2884.9799344679886,1577.0562762893371,662.5,7536.0498046875,8238.28431372549,3710.0,100
PITTIENG,1632,525.8926778295461,415.22908748871964,20.549999237060547,1459.5,152654.9350490196,103791.5,100
PIXTRANS,1055,1328.0794313837566,388.2854069763544,711.5499877929688,2713.800048828125,45139.757345971564,16854.0,100
PLATIND,598,279.1279765610711,74.17154012788042,171.39999389648438,497.0,418821.7591973244,178093.0,100
PNB,1634,70.43972458366665,35.48561877841714,26.600000381469727,141.0500030517578,52934145.8121175,33737345.5,100
PNBHOUSING,1634,595.5199507593087,281.4476606399055,123.32498168945312,1137.050048828125,1054426.8971848225,606186.5,100
PNCINFRA,1634,282.13107074751554,87.9030434123425,84.94999694824219,559.2999877929688,651186.782129743,348487.0,100
PNGJL,468,607.7766023945604,67.52288895839462,494.29998779296875,808.3499755859375,463818.2735042735,252786.0,100
POCL,1633,158.2115187823079,189.120483361179,12.260000228881836,617.9199829101562,317598.7262706675,54105.0,100
POKARNA,1634,570.1804160534825,323.3510461607573,48.099998474121094,1430.050048828125,124367.3035495716,64858.5,100
POLICYBZR,1168,1171.8705064433896,520.4712229068919,371.54998779296875,2215.85009765625,1789876.506849315,1171698.5,100
POLYCAB,1634,4077.8642890771425,2551.437703234586,579.6500244140625,10083.0,463317.78457772336,306982.5,100
POLYMED,1634,1261.7561510569317,669.4945215030167,202.85000610351562,3128.89990234375,142188.20134638922,79001.0,100
POLYPLEX,1634,1206.7001221001951,496.4975813397271,291.3500061035156,2805.10009765625,158223.6689106487,92637.5,100
PONNIERODE,1632,301.67579617219815,109.8017540496135,88.19999694824219,586.25,43584.44975490196,17114.0,100
POONAWALLA,1634,286.58776016363754,149.82428236014408,13.149999618530273,542.5,2483559.402080783,1558805.0,100
POWERGRID,1634,204.26497326574244,80.48794139096142,81.08439636230469,365.45001220703125,16586952.749082007,13205572.0,100
POWERINDIA,1573,8485.224535263653,8751.502418900956,714.0,38445.0,78061.55816910362,46797.0,100
POWERMECH,1633,1460.501625336684,1069.444283150698,156.02499389648438,3506.35009765625,113935.300061237,67712.0,100
PPL,1633,239.72866505811496,145.7952246612076,21.850000381469727,648.5499877929688,144656.1151255358,79725.0,100
PPLPHARMA,938,159.66919901020236,50.91469816445897,62.45106506347656,293.54998779296875,6129309.371002132,3746852.5,100
PRABHA,341,197.00773410293712,42.449733993626964,139.86000061035156,307.6499938964844,63202.2082111437,35961.0,100
PRAJIND,1634,378.9803854429882,187.83321000889447,44.75,844.5999755859375,1464245.500611995,798384.5,100
PRAKASH,1634,103.23935140798842,54.21865583801459,19.5,231.39999389648438,990003.8653610771,633117.5,100
PRECAM,1634,143.87641990316104,80.24256128825664,21.799999237060547,365.75,410694.9192166463,179641.0,100
PRECWIRE,1634,111.86771502605704,97.85825643967178,8.84666633605957,457.04998779296875,590285.4626682986,278486.0,100
PREMEXPLN,1634,243.7486845200911,232.58211433810698,11.569999694824219,891.3499755859375,322211.30783353734,116965.0,100
PREMIERENE,478,1005.0497896202438,128.52531240679625,683.0999755859375,1373.5,2387978.531380753,1374824.5,100
PREMIERPOL,1633,28.787641167713687,20.290130924655443,3.5,85.16000366210938,237220.02939375382,74820.0,100
PRESTIGE,1634,847.8541313180725,575.7226666562063,134.85000610351562,2056.800048828125,867311.6860465116,631291.0,100
PRICOLLTD,1633,278.26267994275065,197.8884408630533,26.891685485839844,759.0,744341.2516840171,423362.0,100
PRIMESECU,1632,153.44472452355367,91.97471302284185,25.350000381469727,344.75,63249.01225490196,38384.5,100
PRINCEPIPE,1633,467.66300600872984,203.30572200707903,75.69999694824219,859.2000122070312,314429.4672382119,175380.0,100
PRIVISCL,1633,1501.950694638385,811.1716784693783,287.8952331542969,3750.800048828125,64190.47213717085,30675.0,100
PRIZOR,505,308.3310891179755,205.73676190006367,105.25,925.0,46460.9900990099,24000.0,100
PROSTARM,292,162.86684948124298,30.249155025122235,112.33000183105469,239.61000061035156,1314301.76369863,390077.5,100
PROTEAN,369,839.1711396008003,276.2629829246335,446.3999938964844,1470.699951171875,462136.9539295393,276808.0,100
PROZONER,1633,30.157605620592705,11.484275837010843,7.599999904632568,72.7699966430664,603387.5964482548,233449.0,100
PRSMJOHNSN,1632,124.19821081091376,37.27236634191473,27.549999237060547,232.61000061035156,768458.6819852941,275561.0,100
PRUDENT,1041,1801.1011513188753,839.3356633557415,475.5,3520.5,65268.666666666664,31326.0,100
PSB,1634,28.657858010458977,15.081438439666432,10.449999809265137,75.1500015258789,2380647.7068543453,1130462.0,100
PSPPROJECT,1632,617.9022362091962,155.7604622867396,272.8999938964844,1099.0,153953.4644607843,78086.5,100
PTC,1634,124.32659131660601,54.705579901026304,32.79999923706055,244.0,1683048.9791921664,1152276.0,100
PTCIL,779,12387.274139835225,4559.323186646944,3070.14990234375,19380.0,16186.0,10367.0,100
PUNJABCHEM,1631,1058.4684861941546,305.09342679603907,267.20001220703125,1897.0999755859375,22753.252605763337,10212.0,100
PURVA,1633,170.63739739235237,117.09340767288572,31.299999237060547,549.7000122070312,416911.37170851196,145190.0,100
PVP,1632,14.497849259598583,11.698971000266642,1.7000000476837158,41.849998474121094,402374.4914215686,125166.0,95
PVRINOX,1633,1391.1808765082,304.309648755955,732.3779296875,2192.949951171875,919711.4439681568,563910.0,100
PVSL,588,150.18156490196176,53.110251856104796,84.87999725341797,289.25,116831.38605442178,64797.0,100
PYRAMID,723,172.2861685429701,19.105906139778103,134.4600067138672,242.3699951171875,148170.97925311205,52925.0,100
QUADFUTURE,387,398.2872095231246,90.03893200560405,252.64999389648438,715.6500244140625,1765409.3772609818,375137.0,100
QUESS,1634,503.41696992498277,198.97585713818867,166.1999969482422,972.2000122070312,397572.5287637699,211621.0,100
QUICKHEAL,1634,264.7409792868569,149.99266383883526,68.44999694824219,811.7000122070312,376301.2105263158,154409.5,100
RACLGEAR,411,1039.2265212158798,210.0869596433482,669.7999877929688,1631.800048828125,52896.11435523114,12720.0,100
RADHIKAJWE,999,64.97200201987266,27.875813345427918,27.719999313354492,150.4600067138672,870922.958958959,317973.0,100
RADIANTCMS,885,72.7737288825256,20.07975892843029,32.7599983215332,110.25,382132.29604519776,197827.0,100
RADICO,1633,1498.1371993784953,956.8326449173071,243.5500030517578,4460.7998046875,396808.83588487445,253867.0,100
RAILTEL,1344,249.4938689981188,130.75063675139967,84.0999984741211,596.9000244140625,3553530.329613095,1514263.5,100
RAIN,1634,156.73975528030675,38.64238956558042,47.0,265.45001220703125,2824146.8616891066,1691731.0,100
RAINBOW,1049,1142.2791702081408,317.076211858562,420.29998779296875,1677.25,259633.80362249762,137378.0,100
RAJESHEXPO,1634,438.58215434752594,206.953963059626,76.41000366210938,950.9500122070312,609595.0428396573,286798.0,100
RAJOOENG,296,78.1457769290821,24.323317917280583,46.68000030517578,143.3300018310547,822798.1418918918,507811.0,100
RAJRATAN,1538,504.8474837775658,265.9523114518188,34.779998779296875,1323.800048828125,96691.75682704811,49150.0,100
RALLIS,1634,259.86060559238916,44.92843119249954,149.6999969482422,381.04998779296875,799567.5397796817,427697.5,100
RAMAPHO,986,119.8652435287259,25.005467151443536,75.125,210.99000549316406,87004.81643002028,38459.0,100
RAMCOCEM,1633,871.0127379025555,143.9740601993918,464.0,1204.9000244140625,568930.0894060013,423858.0,100
RAMCOIND,1634,230.8100735957357,57.61756922656779,105.55000305175781,391.29998779296875,174192.4724602203,84420.5,100
RAMCOSYS,1634,369.5302937249659,148.37976344305824,68.25,886.1500244140625,264797.9981640147,84460.0,100
RAMKY,1632,343.75686237508177,232.2068703178875,16.5,992.0999755859375,155102.2230392157,80727.5,100
RAMRAT,991,225.4226286432938,107.41998861585769,59.01250076293945,470.6000061035156,191705.78102926337,87184.0,100
RANEHOLDIN,1634,1012.8362612029767,445.97793699469366,294.6499938964844,2446.0,32882.620563035496,14461.5,100
RATEGAIN,1145,543.0306124091669,184.81881654470482,238.3000030517578,977.2000122070312,518829.14148471615,306768.0,100
RATNAMANI,1633,2080.912849571102,877.7995604528927,531.2333374023438,3859.449951171875,44181.515003061846,23164.0,100
RATNAVEER,715,153.83302102255655,27.9162168646348,111.0,262.6499938964844,992278.4251748251,391601.0,100
RAYMOND,1634,983.5418920715407,635.5926914627121,214.9499969482422,3229.5,673708.5128518972,356606.5,100
RAYMONDLSL,476,1254.6199587012538,500.57144007628807,705.5999755859375,2869.0,195020.04411764705,119271.0,100
RBA,1395,107.44833686309049,30.103809735471877,57.2599983215332,194.39999389648438,2853169.8860215056,1414474.0,100
RBLBANK,1634,210.55078950039177,67.36978693684651,77.19999694824219,382.6000061035156,14052530.377600979,9769139.0,100
RBMINFRA,881,400.0759366497685,229.18382991690197,46.54999923706055,1029.800048828125,37350.51078320091,18000.0,95
RBZJEWEL,643,151.01869361841847,24.56092479795669,102.06999969482422,239.6999969482422,170394.7231726283,81268.0,100
RCF,1634,109.8975336653804,43.61891380277654,22.950000762939453,235.02999877929688,4637472.130966952,2421255.5,100
RECLTD,1634,245.47640749815773,168.9852359802306,60.86249923706055,645.7999877929688,9650450.58261934,7439493.0,100
REDINGTON,1634,166.92498454323888,70.16181938780768,31.149999618530273,349.20001220703125,3222023.38372093,1671492.0,100
REDTAPE,736,377.7213319384533,277.69287014108147,109.76000213623047,967.3499755859375,380465.7432065217,207791.0,100
REFEX,1633,151.45953917079956,160.65551791371504,5.9858598709106445,573.75,1010162.3123086344,458065.0,100
RELAXO,1633,780.813796875598,268.0501205237015,237.89999389648438,1436.199951171875,261641.59338640538,119840.0,100
RELIANCE,1634,1177.9994789413022,235.43260875134766,404.1579284667969,1600.9000244140625,17898937.610159118,13439040.0,100
RELIGARE,1633,170.33728714129418,76.1539886529219,17.299999237060547,309.45001220703125,1383390.1396203307,889817.0,100
RELTD,501,135.74297733268813,22.93715374807821,69.16000366210938,183.0800018310547,293208.45708582836,98551.0,100
RENUKA,1634,32.73859852326252,15.637690094070402,3.450000047683716,65.3499984741211,10243809.955324357,5595707.0,100
REPCOHOME,1634,320.703182467924,113.55959799110649,92.0999984741211,568.5499877929688,258792.69155446757,161555.5,100
REPRO,1632,501.8026960410324,147.67387554059394,307.79998779296875,944.0,24217.024509803923,8671.0,100
RESPONIND,1632,182.8954718253192,68.15730211175938,75.9000015258789,354.0,271116.77696078434,114866.0,100
RGL,1634,109.76493269547984,37.61524708165639,38.720001220703125,206.02999877929688,445064.37148102815,174203.0,100
RHIM,1633,470.7257801249797,183.04183369145582,111.0999984741211,877.2000122070312,388736.43110838946,160401.0,100
RICOAUTO,1634,72.93968791914979,34.36694854105658,16.799999237060547,152.60000610351562,1701167.475520196,679679.0,100
RIIL,1634,826.8227357899399,300.7893252996247,172.3000030517578,1517.25,518143.91187270504,229105.5,100
RISHABH,714,411.88637217887646,102.4267122589721,203.1999969482422,662.0999755859375,157142.5574229692,66655.0,100
RITCO,1065,245.0659435003576,67.45929150175019,117.05000305175781,426.1499938964844,92760.8338028169,49186.0,100
RITES,1634,200.0787579269129,73.82325439568258,103.5250015258789,401.125,2115500.8084455323,836367.0,100
RKFORGE,1634,407.48571677307166,291.4756544896771,27.780000686645508,1047.9000244140625,662415.3317013464,410273.0,100
RKSWAMY,593,186.52283277077376,68.35802707251275,69.0199966430664,310.8500061035156,151397.5581787521,57702.0,100
RML,1634,573.666890978959,279.23238073433146,136.3000030517578,1413.449951171875,42498.463280293756,15351.0,100
ROHLTD,1632,241.29494508808733,138.99840438102987,33.900001525878906,560.9500122070312,133519.94669117648,59542.5,100
ROLEXRINGS,1235,171.46332790977075,44.052941266812596,100.44000244140625,265.0350036621094,925724.195951417,304680.0,100
ROSSARI,1496,832.3741652340813,233.18229241168052,378.6000061035156,1571.5,176854.68315508022,64109.5,100
ROSSTECH,410,625.1082931518555,230.18186643362006,240.5500030517578,1081.300048828125,138720.99512195121,55187.5,95
ROTO,1062,65.80026408912099,19.814826746390764,34.02916717529297,117.74166870117188,1206722.6619585687,419570.0,100
ROUTE,1454,1313.0015470355215,413.6950437841332,415.6000061035156,2306.949951171875,431898.371389271,161182.0,100
RPEL,494,745.9886135456533,196.66419698988727,460.8500061035156,1316.4000244140625,72926.7975708502,39594.5,100
RPGLIFE,1634,1208.626223990208,796.926351705341,150.0,3017.10009765625,54490.62974296205,23362.5,100
RPOWER,1634,20.681658492385978,14.958861839416926,1.0499999523162842,71.2699966430664,43100777.14504284,21336626.0,100
RPPINFRA,1633,81.92302784332817,50.25233195243086,22.749187469482422,244.52000427246094,175318.72872014696,72566.0,100
RPSGVENT,1634,616.977264068118,259.46865892209706,112.4000015258789,1240.9000244140625,123688.4694002448,40441.5,100
RPTECH,612,379.4631541133706,113.02018245827888,257.0,876.0999755859375,409901.8611111111,157252.5,100
RRKABEL,708,1506.2398317843508,309.6146730400365,858.9500122070312,2641.300048828125,343444.54519774014,144263.5,100
RSWM,1633,172.57747348801752,67.40880699046446,37.618770599365234,352.82818603515625,114342.62216778935,63250.0,100
RSYSTEMS,1634,297.41400256676366,141.5182787527065,67.05000305175781,575.1500244140625,255539.3629130967,77025.0,100
RTNINDIA,1634,42.07306608933422,23.36577244174958,1.5,90.3499984741211,3563916.8372093025,1758910.0,100
RUBYMILLS,1632,186.35874719946992,68.67655005540831,54.17499923706055,417.20001220703125,61903.52757352941,18367.5,100
RUCHIRA,1633,102.07835574947248,33.39996466179355,24.863636016845703,170.02999877929688,136235.6209430496,60378.0,100
RUPA,1633,272.42505214058104,100.74284172009507,110.68000030517578,571.7999877929688,285215.9357011635,129746.0,100
RUSTOMJEE,912,569.7802635661343,99.90113816773038,370.6499938964844,770.25,87324.29605263157,34515.5,100
RVNL,1634,171.95599135803914,164.06548262974425,11.0,630.0,13401281.302937577,6360502.0,100
SAFARI,1632,1221.0226715031793,830.2990543002945,159.22500610351562,2723.75,58383.20465686275,31292.0,100
SAGCEM,1633,199.81137186810784,56.58142581658189,52.459999084472656,308.25,174662.7385180649,80140.0,100
SAGILITY,429,44.193240070120716,4.756861688710303,28.020000457763672,54.58000183105469,27899799.96736597,19129368.0,100
SAHANA,775,1036.5887043614541,449.7119515054368,137.10000610351562,2107.14990234375,37323.78580645161,16000.0,100
SAIL,1634,102.72608925808892,39.29694932370584,20.399999618530273,206.05999755859375,31378279.71970624,23200482.5,100
SAILIFE,405,888.8674075279707,168.85700924875144,640.25,1366.9000244140625,936986.4666666667,402432.0,100
SAKAR,1633,259.5728170648354,164.49890620774332,47.75,917.9500122070312,50606.17819963258,23790.0,100
SAKSOFT,1634,132.0978298654171,85.289431885978,9.067999839782715,313.55999755859375,828352.458384333,268061.5,100
SALSTEEL,1632,17.455655637982428,13.62573054110892,1.7000000476837158,62.880001068115234,184640.5275735294,92181.0,100
SALZERELEC,1634,449.697919124197,350.4099793415126,56.54999923706055,1596.1500244140625,140226.62913096696,75295.0,100
SAMHI,708,184.23509901660984,22.7807743870869,128.14999389648438,248.97000122070312,1428725.8968926554,1022604.0,100
SAMMAANCAP,1634,156.0871722992952,42.23364162733145,80.00186920166016,307.4835205078125,17755885.184822522,12423114.0,100
SANATHAN,398,435.4418339561577,56.23385193362863,300.70001220703125,554.0499877929688,154028.69346733668,49625.5,100
SANDHAR,1634,359.4260707561068,146.9589878541529,129.5500030517578,734.6500244140625,131487.99449204406,63887.5,100
SANDUMA,718,166.658458688465,38.557063224622595,80.4638900756836,264.7099914550781,1643008.9206128134,729381.0,100
SANGAMIND,1632,289.79911128679913,152.7167794130915,34.04999923706055,636.9500122070312,59257.85968137255,24209.5,100
SANGHVIMOV,1634,225.56122381917703,162.36957373623827,22.549999237060547,720.6749877929688,358848.4571603427,223367.0,100
SANOFI,1633,6678.59663274313,1477.0498103755863,3097.10009765625,10072.650390625,22496.886711573792,15142.0,100
SANOFICONR,469,4771.9182363156315,287.2715974911974,3999.5,5696.0,16633.245202558635,5235.0,100
SANSERA,1203,1207.8915619378474,588.9315960408525,563.1500244140625,3524.89990234375,151274.38487115543,92939.0,100
SANSTAR,504,102.49371018485418,16.28884863712932,75.77999877929688,151.8699951171875,1133217.4107142857,358938.5,100
SAPPHIRE,1166,270.95591752852215,46.07980212120761,150.4199981689453,381.6000061035156,876359.4433962264,451130.0,100
SARDAEN,1634,221.29713296481708,191.69833520427068,10.420000076293945,626.1500244140625,777619.5722154223,464152.0,100
SAREGAMA,1633,342.91552185296865,158.94310357663215,18.468154907226562,674.5499877929688,585184.7550520514,233968.0,100
SARLAPOLY,1634,59.285287606672384,29.567929571791417,11.199999809265137,127.83000183105469,321904.70685434516,129258.0,100
SARTELE,675,227.1413569132487,59.31725104187115,96.69999694824219,394.0,171562.8074074074,95500.0,100
SASKEN,1633,1160.7582063692446,435.1311488327581,350.6000061035156,2647.89990234375,42334.754439681565,16455.0,100
SATIA,1633,99.90004897015415,23.44968678284667,51.15999984741211,154.85000610351562,357593.20391916716,164117.0,100
SATIN,1633,144.97349281567995,58.82186093485282,43.835575103759766,275.3500061035156,349095.05021432944,185135.0,100
SAURASHCEM,602,96.21201021568324,23.84812784218154,48.220001220703125,144.66000366210938,207850.30564784052,102328.5,100
SBC,1164,14.95794263369439,10.111017529876452,1.8944439888000488,44.09000015258789,6038168.241408935,4625423.0,100
SBCL,1265,462.62753610120933,150.3471677154724,77.5,794.0499877929688,169630.71067193677,93194.0,100
SBFC,733,92.85427008156562,9.999844064964618,73.3499984741211,119.0199966430664,3042126.7339699864,1483930.0,100
SBGLP,857,57.49625441685858,38.67904094903745,17.4950008392334,138.32000732421875,413608.3780630105,165190.0,100
SBICARD,1583,818.3641504129879,123.63046575942924,498.75,1140.75,1785327.5773847126,1200961.0,100
SBILIFE,1634,1325.741340329043,367.4906515591245,539.2000122070312,2109.60009765625,1371229.1260709914,1107383.5,100
SBIN,1634,602.1647187866809,251.11259951180256,150.85000610351562,1227.800048828125,24965345.656670745,15904719.5,100
SCHAEFFLER,1634,2609.5651604455134,1225.1342620083483,617.3599853515625,4825.60009765625,99811.98653610771,67463.0,100
SCHAND,1632,158.91397059665007,64.87290355706429,35.650001525878906,317.8500061035156,120052.96200980392,63049.0,100
SCHNEIDER,1634,410.77331731369037,360.4662077216276,60.650001525878906,1501.0,675200.6199510404,326432.5,100
SCI,1634,153.76100981862922,72.96741335572203,33.70000076293945,345.6499938964844,3985846.7656058753,1938825.0,100
SCILAL,587,56.456081825789234,14.28164242587857,34.91999816894531,103.26000213623047,1680486.4957410563,644948.0,100
SCODATUBES,292,157.90804826396786,22.650567765379733,116.68000030517578,212.52999877929688,444621.2191780822,218528.5,100
SCPL,914,392.91017473083093,105.27041278132805,194.10000610351562,701.1500244140625,30314.881838074398,13877.5,100
SDBL,1634,67.93844663615326,48.63035932737893,9.059749603271484,170.14999389648438,1134892.0740514076,690553.0,100
SEAMECLTD,1632,888.5744803559546,348.6848736458814,196.4499969482422,1643.300048828125,50408.120710784315,20990.0,100
SENCO,756,389.11636895477454,110.68714475374313,182.0749969482422,738.7999877929688,1145127.5661375662,602347.5,100
SENORES,398,763.5871870338018,240.40237864741152,444.29998779296875,1480.9000244140625,518285.93467336684,263266.0,100
SERVOTECH,1634,56.0567441698679,56.02897097448572,0.699999988079071,201.5800018310547,699490.9847001224,376769.5,100
SESHAPAPER,1633,239.6477710702853,72.26144153609769,83.19999694824219,396.0,84683.7709736681,39619.0,100
SETL,387,164.12059460622703,37.65536926451007,105.6500015258789,296.54998779296875,1108397.8242894057,307806.0,100
SFL,1634,995.2236838369942,322.0201579832403,465.04998779296875,1972.199951171875,99355.86168910649,50157.0,100
SGIL,1241,320.1891174316406,157.9879727183507,110.0999984741211,610.3499755859375,32815.085414987916,13795.0,100
SHAILY,1073,1091.9472612023687,857.2117156498535,193.75,3144.800048828125,134828.43802423112,66431.0,100
SHAKTIPUMP,1634,315.91609578617056,328.35507970012094,17.483333587646484,1344.8499755859375,940290.5012239902,393541.5,100
SHALBY,1634,170.97644435410984,65.44766369904535,42.54999923706055,323.04998779296875,319094.9241126071,149634.0,100
SHALPAINTS,1634,113.89023252975109,40.56575862998338,36.08000183105469,217.75,248007.20257037945,113709.5,100
SHANKARA,1632,543.0453370365442,236.90196483598942,99.97000122070312,1196.199951171875,132379.8425245098,70568.0,100
SHANTIGEAR,1633,340.8466931078526,177.91703340661377,57.75,685.0499877929688,109367.74892835272,40535.0,100
SHARDACROP,1633,517.3644210759365,241.34539697021143,101.75,1256.0,274569.09552969993,135309.0,100
SHARDAMOTR,1633,865.7307496920583,547.2970784520261,106.35778045654297,2925.449951171875,49089.95345988977,24016.0,100
SHAREINDIA,1454,203.8789813436537,90.58491405521008,19.449609756469727,399.489990234375,664440.9944979367,324997.5,100
SHEETAL,653,126.92542109117026,75.77175427115219,55.45000076293945,300.0,35348.392036753445,19000.0,100
SHEMAROO,1632,121.81444857167263,34.70920573062537,42.349998474121094,231.0500030517578,89819.64828431372,34232.5,100
SHILPAMED,1634,269.9238526987475,107.89154530046085,114.0999984741211,645.75,896486.470624235,410921.0,100
SHK,1634,156.52771733352867,52.3940244245463,48.900001525878906,327.29998779296875,556602.394124847,282211.0,100
SHOPERSTOP,1634,479.0973014037787,211.74237721705697,125.63313293457031,914.0499877929688,196191.9106487148,77173.0,100
SHREDIGCEM,1634,74.65983479288538,19.5941256752187,20.700000762939453,117.44999694824219,598353.8837209302,319376.0,100
SHREECEM,1634,25383.620168585527,2986.4901388483577,15783.7998046875,32345.0,45601.98714810282,35467.5,100
SHREEPUSHK,1634,225.35104031136746,87.75223647435733,59.349998474121094,454.75,120886.8476132191,58410.0,100
SHRIPISTON,1633,1263.421877055685,1059.6872860827316,199.47500610351562,4475.2998046875,51504.066748315985,6898.0,100
SHRIRAMFIN,1634,427.5837433160154,255.37292969064794,88.09126281738281,1104.5999755859375,9534427.73011016,6200655.0,100
SHRIRAMPPS,1145,89.31781658189266,19.128893229707327,54.54999923706055,144.82000732421875,1733554.48209607,811915.0,100
SHYAMMETL,1266,585.134833240961,249.97691888209297,255.39999389648438,1062.6500244140625,589716.9028436019,301532.0,100
SIEMENS,1633,2185.8264763780116,1131.699267589345,584.6808471679688,4687.9541015625,700399.7672994488,527913.0,100
SIGACHI,1168,38.979430619984456,15.078987321751546,16.920000076293945,91.5,3474812.696061644,1466105.0,100
SIGMAADV,1633,72.33801881243537,98.69820840603265,4.1810078620910645,687.4000244140625,229586.51255358238,115053.0,100
SIGNATURE,703,1115.3114522008773,251.61082587205152,458.54998779296875,1612.9000244140625,512068.0611664296,407899.0,100
SIGNPOST,610,266.43098369660925,52.5502406104049,183.1300048828125,441.70001220703125,171943.23770491802,56076.0,100
SIMPLEXINF,1632,116.47354784666324,99.53851223962074,17.350000381469727,341.25,182571.9381127451,97404.0,100
SINDHUTRAD,772,24.168251285898872,4.245506501038581,13.329999923706055,41.900001525878906,2750153.142487047,953963.5,100
SIRCA,1634,289.45771113457556,113.00548668205477,80.75,534.5999755859375,164801.91982864137,89871.0,100
SIS,1633,410.5901714261879,57.05970340342884,263.75,607.4000244140625,137033.20698101653,68014.0,100
SIYSIL,1634,469.6856180142014,189.28691886763286,95.5999984741211,1134.5,140378.80599755203,72196.0,100
SJLOGISTIC,646,427.1928783452179,126.28940023893574,160.6999969482422,710.3499755859375,57943.11145510836,33250.0,100
SJS,1168,900.315410718526,514.7774759738305,340.6000061035156,2455.10009765625,153032.36130136985,96280.5,100
SJVN,1634,59.62010400064718,37.928978163642725,18.450000762939453,153.77999877929688,9993505.171970624,3699463.0,100
SKFINDIA,1634,3493.739386979924,1409.310124699694,1244.0999755859375,6921.2001953125,47255.83659730722,28550.0,100
SKIPPER,1633,223.93711137976007,186.83847761703692,17.096839904785156,637.8499755859375,507142.8879363135,279510.0,100
SKMEGGPROD,1634,95.27316393262754,70.90730943373786,11.625,360.8999938964844,333747.03855569154,144855.0,100
SKYGOLD,883,236.4959680917984,159.64809110831203,22.489999771118164,679.7000122070312,873112.7961494904,442853.0,100
SMCGLOBAL,1344,54.172299081370944,16.29987817410585,33.625,92.05999755859375,668729.4181547619,312101.0,100
SMLMAH,1634,1435.587118328566,1186.6265369997589,288.20001220703125,5685.60009765625,70681.22337821298,30062.0,100
SMSPHARMA,1633,168.7552052653792,100.92851506262389,26.100000381469727,438.29998779296875,285034.6723821188,119903.0,100
SNOWMAN,1634,47.65457159506939,14.25329306232579,24.649999618530273,90.48999786376953,1377342.9834761322,585467.0,100
SOBHA,1633,926.0225044899898,517.4459591884333,130.64999389648438,2122.9892578125,418761.01347213716,244909.0,100
SOLARA,1634,698.6945480850948,385.31255796526005,297.8500061035156,1810.949951171875,173563.00917992656,88209.5,100
SOLARINDS,1633,6378.49497654127,5256.840517428862,850.7999877929688,19045.0,92452.18677281078,56499.0,100
SOLEX,1631,588.1909682988975,560.26647769199,19.600000381469727,1918.0,17928.000613120785,8000.0,95
SOMANYCERA,1632,526.8958029980753,195.29470294418087,80.1500015258789,943.0,74303.87254901961,38202.5,100
SONACOMS,1266,560.7552521089431,93.64027987028186,342.29998779296875,822.7000122070312,2233892.226698262,1454428.0,100
SONATSOFTW,1634,357.3247668827762,185.42213725702257,59.287498474121094,857.6500244140625,1229529.8500611994,578266.5,100
SOTL,1634,321.83481031065327,132.1837625290182,99.1500015258789,649.3499755859375,133884.5734394125,48431.5,100
SOUTHBANK,1634,19.6531221102034,11.470401458286005,4.900000095367432,48.4900016784668,23696120.64749082,14425581.0,100
SOUTHWEST,1634,123.64976125131184,62.89588539755793,11.050000190734863,269.1300048828125,96966.42227662179,41228.0,100
SPAL,1633,489.07976108931797,270.7073382361893,58.099998474121094,1178.5999755859375,71758.32149418248,33282.0,100
SPANDANA,1634,550.0353568367742,232.51679234576272,184.14999389648438,1224.4000244140625,259096.54100367197,123007.5,100
SPARC,1634,208.2016829090282,60.57637653171772,83.30000305175781,455.29998779296875,1406841.2074663402,551689.0,100
SPECIALITY,1633,130.69705444191106,64.98305179568432,22.350000381469727,275.8999938964844,158038.32394366196,69703.0,100
SPECTRUM,1630,769.6608591863715,758.9820642045511,48.5,2524.699951171875,6647.321472392638,1125.0,100
SPENCERS,1634,75.61630158441886,21.48273329951747,24.579999923706055,141.0,603140.5722154223,235950.0,100
SPIC,1633,60.606295199023386,23.819468453909604,10.149999618530273,122.76000213623047,1267938.7225964481,649647.0,100
SPLPETRO,1634,469.6717411050598,231.33214477197365,59.95000076293945,901.75,142322.0018359853,67490.0,100
SPMLINFRA,1634,92.84207480686239,89.05683587543159,5.150000095367432,307.9700012207031,213497.8800489596,65796.5,100
SPORTKING,975,98.03117429293118,29.396098492958146,64.0999984741211,219.27999877929688,332227.161025641,161248.0,100
SRF,1634,2137.259718410534,717.0400584803787,530.989990234375,3286.5,806924.347613219,579270.5,100
SRHHYPOLTD,1633,457.9625531422603,186.91809803942598,70.0999984741211,910.5499877929688,39811.88671157379,18924.0,100
SRM,579,390.5067182155471,121.59922676541166,155.35000610351562,634.0999755859375,146202.30742659757,74409.0,100
SSWL,1633,167.5700582818465,70.51828288230585,32.474998474121094,316.25,383052.22412737296,212855.0,100
STALLION,380,153.6436862343236,69.60189346735264,61.77000045776367,414.3500061035156,1617585.1789473684,890035.0,100
STANLEY,522,311.4574327724647,127.50757459024219,123.69999694824219,607.3499755859375,252326.21647509577,93076.0,100
STAR,1634,667.5064560739618,293.7328626817166,266.3999938964844,1643.300048828125,685538.9228886169,428699.0,100
STARCEMENT,1633,150.2362277141321,59.95857028439036,65.3499984741211,298.75,517163.147581139,237812.0,100
STARHEALTH,1151,558.8684191533941,103.74636392089539,343.1000061035156,906.8499755859375,785355.8575152041,480397.0,100
STARPAPER,1634,164.51037939438183,44.77589354316743,63.599998474121094,282.0,116245.1835985312,41741.5,100
STCINDIA,1634,105.84282742340386,36.78840510916525,29.450000762939453,237.50999450683594,184076.54283965728,55462.0,100
STEELCAS,1163,146.99168518013926,66.08185806538464,54.38999938964844,338.45001220703125,129769.3241616509,67665.0,100
STEL,1634,246.48454688549626,167.05798630595328,33.0,621.4000244140625,29815.644430844553,10734.5,100
STERTOOLS,1633,283.7546418114666,110.60910444020487,113.0,736.5499877929688,118793.88058787507,54143.0,100
STLTECH,1634,173.5628516665287,92.53525365608448,60.400001525878906,654.3499755859375,2335224.9504283965,1122162.0,100
STOVEKRAFT,1357,627.1884308648443,162.70463780156533,355.70001220703125,1098.8499755859375,195067.73986735445,111127.0,100
STYLAMIND,1240,1638.8268158451203,556.2471250957105,779.6500244140625,3587.39990234375,45288.15241935484,26887.0,100
STYLEBAAZA,475,308.471241744192,44.212990867004194,183.10000610351562,416.95001220703125,690127.2715789473,290319.0,100
STYRENIX,1634,1501.5846082110738,766.3046523281782,495.0,3466.800048828125,46927.651162790695,25931.5,100
SUBROS,1633,479.44301917782167,230.456323762883,126.5999984741211,1194.199951171875,130380.85486834048,50629.0,100
SUDARCOLOR,1633,450.0037048582788,96.30442701835824,196.6999969482422,676.75,70319.70973668096,30487.0,100
SUDARSCHEM,1633,680.5933556261781,283.10771277319867,304.3999938964844,1523.800048828125,253814.98040416412,132020.0,100
SULA,894,366.8072036470076,132.04364684698547,139.33999633789062,670.8499755859375,650631.312080537,314565.0,100
SUMICHEM,1616,418.1169864918926,92.48977689414818,159.4499969482422,652.25,526527.832920792,313157.5,100
SUMMITSEC,1634,1134.2954717517046,739.8334835537102,212.0,3565.75,10318.731334149326,5379.0,100
SUNCLAY,640,1757.5544525146483,422.3659146875414,1134.199951171875,2873.5,23116.4828125,9766.0,100
SUNDARMFIN,1634,3124.75456127601,1310.0119092099644,1047.9000244140625,5581.5,88853.51285189719,47426.5,100
SUNDRMFAST,1633,896.2491112713134,274.4416027108997,250.85000610351562,1479.449951171875,125679.1114513166,72887.0,100
SUNDROP,1633,798.1223507639972,125.01347120641854,357.54998779296875,1086.449951171875,26587.36680955297,10224.0,100
SUNFLAG,1634,156.76102224207565,93.27995355871464,22.350000381469727,415.8500061035156,638391.1266829865,312971.5,100
SUNPHARMA,1634,1146.5192768745935,489.0512008127163,324.5,2001.0999755859375,4229640.67747858,2630927.0,100
SUNTECK,1634,392.3104350581455,98.3296166645981,146.75,630.0499877929688,572277.835373317,302103.0,100
SUNTV,1634,544.4303241855804,108.18893272983556,266.6000061035156,916.8499755859375,1318443.5593635251,760076.5,100
SUPRAJIT,1633,358.598775276142,105.71309531300483,109.19999694824219,620.5,244918.5590936926,131560.0,100
SUPREMEIND,1634,3000.4600630238415,1285.841068722897,799.0,6186.2998046875,165138.99510403918,105540.5,100
SUPREMEPWR,639,198.69937376162628,53.457001579793506,101.6500015258789,393.45001220703125,127085.28951486698,63000.0,100
SUPRIYA,1138,485.3821167635792,209.1565845506545,175.9499969482422,1052.5,471926.53251318104,230227.0,100
SURAJEST,646,378.80393197735765,174.9250230190859,175.22999572753906,817.8499755859375,228532.82043343654,118347.5,100
SURAKSHA,412,298.91611617745707,34.50942943071741,227.9499969482422,418.6499938964844,101133.65776699029,35289.5,100
SURYAROSNI,1634,186.4452478135668,99.55306400806386,15.625,415.1000061035156,853730.6572827417,507203.0,100
SURYODAY,1324,149.4555361191672,37.942566219112535,78.1500015258789,277.79998779296875,546612.6412386707,273861.0,100
SUVEN,1634,104.72989509447115,64.48935532744173,13.91776180267334,359.54998779296875,725578.5165238678,324165.5,100
SUYOG,486,1012.9788066094795,400.4416357499234,535.2000122070312,1918.699951171875,34418.329218107,24041.0,100
SUZLON,1634,27.403475453760223,24.516327874877952,1.6068739891052246,84.69999694824219,72336622.11383109,49462175.0,100
SWANCORP,1634,315.05973094067053,182.50232896031787,98.80000305175781,787.1500244140625,1463546.5299877601,487857.5,100
SWARAJ,1064,158.03357645084984,101.04101404003238,20.325000762939453,367.54998779296875,43420.112781954886,20000.0,100
SWARAJENG,1632,2287.3035528519576,986.9538241338731,831.0999755859375,4607.89990234375,16261.376838235294,9096.5,100
SWELECTES,1632,492.56010997762866,331.4165458702181,61.29999923706055,1461.75,46163.83517156863,18889.5,100
SWIGGY,428,364.45135498046875,78.16066926791869,238.75,597.4500122070312,14221324.757009346,10278336.0,100
SWSOLAR,1634,328.13900198405344,138.84050880278278,73.3499984741211,804.0999755859375,1482572.340881273,841566.0,100
SYMPHONY,1634,1009.2507343642422,197.97586567780687,661.4000244140625,1841.4000244140625,101886.11444308446,55460.5,100
SYNGENE,1634,609.5488985077988,139.1624065306933,222.6999969482422,947.7999877929688,794245.0930232558,523378.0,100
SYRMA,974,573.5675574426044,253.47504861403672,252.14999389648438,1451.9000244140625,1265014.501026694,736744.0,100
SYSTANGO,833,249.5149464693104,41.67694613125641,102.9000015258789,397.8999938964844,50210.32412965186,26400.0,100
TAC,575,799.3564786430027,317.29601358887334,274.8500061035156,1671.5,60763.47826086957,34300.0,100
TAJGVK,1634,245.01465729021237,110.05942363600673,84.5999984741211,514.6500244140625,278601.9504283966,138113.5,100
TAKE,1632,33.022689923644066,19.29307095470942,6.690000057220459,108.0999984741211,818862.8615196078,292047.0,100
TALBROAUTO,1634,167.39807817372727,118.68054447345061,13.640000343322754,430.1499938964844,339505.8910648715,139263.5,100
TANLA,1634,754.0091477957905,378.814907451211,38.54999923706055,2061.699951171875,738345.764381885,344549.0,100
TARC,1391,102.62542067938448,64.83285030384323,20.049999237060547,266.1000061035156,1006156.3587347232,608002.0,100
TARIL,1634,160.51814235059254,186.57584115624482,2.5250000953674316,619.5999755859375,1801036.570991432,687429.0,100
TARSONS,1161,484.65103318956164,176.52430484072616,166.4600067138672,871.0999755859375,202451.39534883722,69862.0,100
TASTYBITE,1633,11632.612584858676,2832.3063669604207,6453.5,20398.400390625,3138.4849969381507,1665.0,100
TATACHEM,1634,827.7466336533956,256.2967410911125,200.6999969482422,1315.25,2015662.5214198288,1061626.5,100
TATACOMM,1634,1382.2234077780454,427.7109859410491,216.0500030517578,2158.75,549159.6787025704,343249.0,100
TATACONSUM,1634,850.0958094789465,250.08340171761606,226.5,1271.0,2345937.312117503,1645604.5,100
TATAELXSI,1634,5450.846513092153,2396.4400988091334,544.4000244140625,10684.900390625,348187.02264381887,200844.5,100
TATAINVEST,1634,358.05253721538344,260.7555970378279,60.130001068115234,1058.0,1146610.0979192166,321665.0,100
TATAPOWER,1634,255.2790392732095,133.34801068784296,27.299999237060547,485.5,20875815.109547123,12038624.5,100
TATASTEEL,1634,121.92215720238563,46.67285625528997,25.375,221.1300048828125,79148206.98225214,50711090.0,100
TATATECH,663,835.9268472018465,196.58074068873987,509.20001220703125,1313.0,1590069.778280543,870115.0,100
TATVA,1242,1578.5157396989168,581.7471207266966,637.0,2877.949951171875,75156.85748792271,31004.0,100
TBOTEK,553,1480.5506337943602,209.54925987910013,1013.5,1928.5999755859375,221636.93309222424,92770.0,100
TBZ,1634,111.9327722827253,64.37863529081454,16.899999618530273,327.6000061035156,523157.93023255817,198770.0,100
TCI,1633,712.3257500110633,318.71480264547347,135.35000610351562,1267.199951171875,86253.62584200858,34035.0,100
TCIEXP,1632,1144.1615180221258,472.10023233687224,461.0,2520.25,52410.916666666664,24553.5,100
TCPLPACK,1633,1720.9265455349923,1219.0562166156465,142.8000030517578,4668.5,16969.535211267605,7113.0,100
TCS,1634,3239.3801069318006,627.6447783216121,1636.3499755859375,4553.75,2839003.6260709916,2410486.0,100
TDPOWERSYS,1634,281.170024068732,297.5180463989487,15.399999618530273,1367.199951171875,660621.247246022,414977.5,100
TEAMLEASE,1633,2651.584875346252,850.6421393429677,1091.5,5280.75,38103.00979791794,20790.0,100
TECHM,1634,1236.937454260986,316.50085286524404,487.20001220703125,1806.0999755859375,2917285.20624235,2386051.5,100
TECHNOE,1634,670.1129437076564,490.14369363425067,174.0500030517578,1780.6500244140625,189104.7417380661,113623.5,100
TEGA,1149,1217.8842911018924,533.8148375341606,399.8500061035156,2197.75,145473.06266318538,65882.0,100
TEJASNET,1634,554.6669520432976,351.1663447176226,29.299999237060547,1452.25,1532583.8372093022,474758.0,100
TEMBO,1633,290.4508101959135,205.40495722653606,53.504032135009766,882.4500122070312,84933.54255970607,44668.0,100
TERASOFT,1633,120.22026934393038,135.9303998587616,13.100000381469727,579.3499755859375,80763.41396203307,24412.0,100
TEXINFRA,1633,78.03216158299817,28.940687102540995,23.299999237060547,155.11000061035156,360037.314145744,92057.0,100
TEXRAIL,1634,92.83409013829879,68.29294997516922,13.483757972717285,287.6700134277344,2688295.0189718483,1545799.5,100
TFCILTD,1634,27.52936350146589,21.5722572573217,5.789999961853027,108.7699966430664,6053110.096083231,2694851.5,100
THANGAMAYL,1634,1296.0647348569685,1268.853695390964,112.80000305175781,7309.5,77694.42044063647,30524.0,100
THEJO,1632,1369.6334648179072,759.8264816830598,118.23332977294922,3583.25,7948.886642156863,3750.0,100
THELEELA,293,430.9365185421888,24.5171082749237,389.3500061035156,502.20001220703125,487040.1774744027,261820.0,100
THEMISMED,1634,119.24875758415045,68.89746987609311,23.600000381469727,300.1499938964844,173457.6970624235,68178.5,100
THERMAX,1633,2562.1723500127378,1306.5729915307834,677.75,5666.4501953125,126333.90508266994,65744.0,100
THOMASCOOK,1634,102.35154232926293,57.8296299079073,22.350000381469727,261.8999938964844,1032000.694002448,598492.5,100
THYROCARE,1634,289.003141779065,104.32367848422518,139.96665954589844,1065.6500244140625,569824.5183598531,238005.0,100
TI,1634,187.41447351495376,157.35734120980987,12.899999618530273,528.0999755859375,777816.8678090576,382930.5,100
TIIL,1632,1542.0210788296718,994.9695848358657,157.10000610351562,3891.550048828125,24255.411151960783,13048.0,100
TIINDIA,1634,2317.853150926868,1129.7515804100751,258.79998779296875,4716.60009765625,272693.4767441861,180706.0,100
TIMETECHNO,1634,97.00309361617744,74.91257287353406,11.875,250.625,3022803.5691554467,2079338.0,100
TIMKEN,1633,2522.404440623445,955.0897336301041,683.0499877929688,4712.64990234375,86888.2443355787,47964.0,100
TINNARUBR,323,853.0047979679639,127.55816617142635,536.0,1189.9000244140625,53394.489164086684,21011.0,100
TIPSMUSIC,1634,317.48169520873046,252.96919052098605,7.2948899269104,937.25,286230.25275397795,148558.5,100
TIRUMALCHM,1633,202.78041014989606,81.01938500899689,31.75,385.95001220703125,671128.7501530924,397653.0,100
TIRUPATIFL,1632,19.694643603820428,16.551765638026882,2.5485711097717285,81.55000305175781,358830.4044117647,147605.0,100
TITAGARH,1634,504.0314252753007,456.7768747800528,21.649999618530273,1859.8499755859375,1270706.2264381885,777223.0,100
TITAN,1634,2708.2600058808903,999.6675368828983,800.9500122070312,4884.10009765625,1531457.4063647492,1114309.0,100
TMB,960,501.3686459859212,91.99317167897638,399.70001220703125,893.6500244140625,189746.90416666667,95768.5,100
TMPV,1634,490.63883120514623,256.73915692222937,65.30000305175781,1161.8499755859375,27974585.83843329,14572669.5,100
TNPETRO,1634,83.77441252751625,25.951923851951307,21.549999237060547,147.75,470291.3843329253,216913.0,100
TNPL,1633,179.56912445890634,56.49989527596867,87.25,324.79998779296875,319296.2100428659,178305.0,100
TOLINS,468,145.92074793628137,35.4928909600602,84.44999694824219,246.97000122070312,249088.56196581197,103719.0,100
TORNTPHARM,1634,2256.310068903238,1059.1100806691059,886.0499877929688,5122.7998046875,530771.9314565484,315614.5,100
TORNTPOWER,1634,855.1992959030694,497.2655018938707,249.5,1973.6500244140625,949299.85250918,578934.0,100
TPLPLASTEH,1634,48.16460523085904,29.5184203836956,6.28000020980835,129.8800048828125,232588.31089351285,93262.5,100
TRACXN,937,69.04358592486305,22.555868222576308,25.989999771118164,118.4000015258789,951920.2796157951,360420.0,100
TRANSRAILL,399,589.9661665608112,101.02788454624921,441.6499938964844,805.2000122070312,1644797.64160401,811922.0,100
TRANSTEEL,675,104.2788889171459,29.663932335488614,43.75,152.5500030517578,108802.96296296296,64000.0,100
TRANSWORLD,1633,240.97916086714324,109.55197841814766,35.04999923706055,484.8999938964844,85754.84751990202,41381.0,100
TREL,735,36.80553742752594,8.976715925290033,22.510000228881836,57.900001525878906,603219.0625850341,279454.0,100
TRENT,1634,2550.145075056807,2034.7841183067821,403.3999938964844,8234.9501953125,900702.9577723378,661994.0,100
TRF,1634,231.97230708380224,139.94171921972142,46.0,662.5499877929688,67578.16401468788,20926.0,100
TRIDENT,1634,28.890905742546042,13.292678575174724,3.299999952316284,68.0,13426268.209914321,7005580.0,100
TRIGYN,1633,93.78483777884246,34.85879875079368,18.700000762939453,211.6999969482422,174672.6037966932,80161.0,100
TRITURBINE,1634,347.24498174940504,218.86779100679027,49.099998474121094,834.8499755859375,1037630.7943696451,478180.5,100
TRIVENI,1634,270.8327170982501,124.52493603028809,30.149999618530273,507.5,845399.4602203183,483859.5,100
TSFINV,1634,191.73779775229633,160.2710116957011,33.19660568237305,690.4000244140625,181558.96144430846,103346.0,100
TTKHLTCARE,1633,965.8700551618773,360.03780668135647,287.79998779296875,1843.0999755859375,14886.348438456827,5721.0,100
TTKPRESTIG,1634,733.3511657528078,146.38238729495762,397.80499267578125,1172.5899658203125,137262.8947368421,54517.0,100
TTML,1634,64.17823749029213,44.17795124135261,1.7999999523162842,290.1499938964844,5839381.069155447,2378341.0,100
TVSELECT,1633,288.3078994587456,133.52295194835295,48.349998474121094,670.7000122070312,156750.00367421922,53290.0,100
TVSHLTD,1632,6631.985663806691,4640.089417327374,967.9700317382812,15738.0,9698.776960784313,5242.5,100
TVSMOTOR,1634,1616.5117487166183,1125.9145593762096,252.9499969482422,4344.0,1673403.6940024479,1159551.0,100
TVSSCS,728,155.20596158373488,36.373475004729315,90.97000122070312,245.35000610351562,1260141.021978022,620612.0,100
TVSSRICHAK,1633,2833.1324884119167,1046.75167375775,835.75,5053.0498046875,13167.887936313533,6127.0,100
TVTODAY,1633,227.5806551697936,71.67048586065299,95.87000274658203,434.6499938964844,156287.61298224126,79145.0,100
UBL,1634,1561.8052630757177,321.3109879707629,802.5,2238.89990234375,365515.38800489594,243643.0,100
UCOBANK,1634,25.934828652016535,14.040487350008158,8.550000190734863,68.4000015258789,12509693.758873928,5866572.5,100
UDS,700,277.136186000279,74.12171371627329,127.47000122070312,432.75,322889.2571428571,203354.5,100
UFBL,1317,694.7893924119351,353.1884433392801,173.88999938964844,1913.0999755859375,166873.39635535306,81931.0,100
UFLEX,1633,473.2330680982656,131.35991340430843,123.0,844.7999877929688,221487.55541947336,94927.0,100
UFO,1633,93.77949778550399,22.163016111579967,55.04999923706055,163.85000610351562,292252.3196570729,127666.0,100
UGARSUGAR,1634,53.65102812534739,31.07776486445741,8.800000190734863,134.4499969482422,506583.83965728275,266890.5,100
UGROCAP,1232,193.1856368052495,55.141373083202026,81.30000305175781,315.45001220703125,325006.73051948054,184523.0,100
UJJIVANSFB,1634,38.0190881299564,13.40737667060331,13.800000190734863,71.75,9154281.968176255,6090812.5,100
ULTRACEMCO,1634,8356.359059589437,2773.0671597263276,3018.10009765625,13052.0,411645.14626682986,333018.5,100
UNICHEMLAB,1634,390.56719703627624,161.87785315332394,81.4000015258789,899.6500244140625,131103.86964504284,51255.5,100
UNIDT,1448,278.6622031090668,87.30393529808154,146.77000427246094,584.9000244140625,41495.51864640884,18577.0,100
UNIECOM,492,134.08851628187227,38.42215384597596,79.08000183105469,242.47000122070312,1076677.2479674798,431539.5,100
UNIHEALTH,705,215.01248236040698,139.6728882484512,112.0,795.9000244140625,34848.936170212764,17000.0,100
UNIMECH,396,1047.5079567649148,151.78523954218326,706.2999877929688,1457.1500244140625,169190.1717171717,74396.0,100
UNIONBANK,1634,86.87957162635271,50.79229299442273,22.850000381469727,202.27000427246094,14281579.004283966,10298860.0,100
UNIPARTS,901,499.7448941483746,92.09894046387122,302.6499938964844,748.0,163253.08879023307,85081.0,100
UNITDSPR,1634,994.6666160966366,333.6561740783717,448.1000061035156,1688.550048828125,1593603.405752754,1080081.0,100
UNIVASTU,1633,41.64465160626834,28.09725863068367,8.516666412353516,143.0,179992.79608083284,46383.0,100
UNIVCABLES,1634,418.01976725229287,287.7868283771115,73.3499984741211,1431.199951171875,85738.86719706243,41836.5,100
UNOMINDA,1634,643.9600434694325,356.80051598980833,106.51412963867188,1366.300048828125,707781.4779681762,500022.5,100
UPL,1634,629.9051558869268,115.75897328626071,254.60000610351562,853.5499877929688,3683345.5336597306,2484586.5,100
USHAMART,1634,222.72796801750343,156.19724756875326,11.350000381469727,519.7999877929688,1158336.6842105263,654628.5,100
UTIAMC,1439,918.4274837236756,229.19570896291114,485.1000061035156,1475.4000244140625,255285.61570535094,152656.0,100
UTTAMSUGAR,1634,236.1069522983733,96.9391689523364,41.400001525878906,522.2999877929688,178022.10771113832,87450.5,100
V2RETAIL,1634,67.54306598640568,80.9686515000278,3.359999895095825,256.3999938964844,817672.0116279069,464915.0,100
VADILALIND,1632,2761.2266223383886,1772.2168445868183,401.04998779296875,7346.5,21911.754289215685,11736.0,100
VAIBHAVGBL,1633,371.5584076871481,169.32989651226566,121.95999908447266,996.7000122070312,386750.1396203307,212973.0,100
VALIANTORG,1443,675.9287008707174,441.2077054713897,197.63999938964844,1865.9749755859375,77468.23839223839,43981.0,100
VARROC,1633,423.4906915920466,133.9018693446326,124.80000305175781,694.9000244140625,357641.83466013474,178596.0,100
VASCONEQ,1634,37.41233167333148,20.82168473128154,6.699999809265137,90.44999694824219,1469079.3231334148,734437.5,100
VBL,1634,309.4177443598884,200.7942082516993,47.06222152709961,674.1199951171875,5766440.870869033,4432698.0,100
VEDL,1634,322.84801088844404,143.6818667159103,61.54999923706055,787.5,16342806.895348838,11625388.5,100
VEEDOL,1634,1370.7531522753188,489.3933473596233,564.5800170898438,3513.090087890625,31383.176254589962,13745.5,100
VENKEYS,1633,1815.816962443607,473.0882112268062,620.4500122070312,3668.800048828125,97075.83772198408,37433.0,100
VENTIVE,398,703.653266485013,56.81717057562157,548.9000244140625,825.5999755859375,190996.36432160804,86980.5,100
VENUSPIPES,1039,1292.2582779297816,490.4387719093286,326.3500061035156,2429.89990234375,116076.21270452358,71100.0,100
VENUSREM,1632,311.4409615339017,314.5635036517306,127.8499984741211,1947.0,33068.86274509804,0.0,100
VERANDA,1068,229.49309922693374,46.07499937859002,131.25,369.3500061035156,268617.2481273408,150065.0,100
VERTOZ,1633,115.90151547830818,97.3706530948334,23.875,440.7749938964844,287993.6772810778,125744.0,100
VESUVIUS,1633,276.6979667116949,176.90308709672144,76.67500305175781,619.0,172887.5156154317,88200.0,100
VETO,1634,105.56269276944631,31.131826356337378,27.549999237060547,192.9499969482422,151909.423500612,55044.0,100
VGUARD,1633,284.32630157937905,78.96668920466358,150.5500030517578,524.1500244140625,525746.2235150031,290735.0,100
VIDHIING,1632,328.49439297704134,130.39237805387137,40.29999923706055,567.9000244140625,82657.97365196078,28270.0,100
VIJAYA,1210,730.5059497171197,292.53210990812255,300.3999938964844,1412.5,357023.0991735537,129470.5,100
VILAS,539,433.37152173213923,78.4376859749958,214.5,629.5999755859375,58581.63265306123,30500.0,100
VIMTALABS,1634,262.7396725137493,182.30553999351068,28.125,877.2000122070312,368613.47858017136,111884.0,100
VINATIORGA,1634,1666.9497843524089,347.24591045271427,689.5,2342.449951171875,81919.68727050183,49347.5,100
VINCOFE,446,133.90134527437357,22.30600264977371,77.61000061035156,174.3300018310547,1740590.9103139013,1265534.0,100
VINDHYATEL,1634,1476.3877006166567,581.4383092044601,414.75,3143.0,27717.195838433294,14050.5,100
VINSYS,732,353.40635220470324,57.64486407239462,196.4499969482422,549.7999877929688,32613.046448087433,13500.0,100
VINYAS,695,931.9815816975326,263.8764171081072,346.5,1522.25,17494.38848920863,7800.0,95
VINYLINDIA,1632,289.5484742767671,143.37467609108896,39.70000076293945,915.4500122070312,115636.9050245098,40056.0,100
VIPCLOTHNG,1633,29.397875088091943,13.869402820888954,3.5,58.20000076293945,337132.87017758726,149536.0,100
VIPIND,1633,471.2015918888202,139.44760867262266,202.0500030517578,747.5,636006.5946111451,342862.0,100
VISAKAIND,1633,90.4105877955122,26.990968687579524,19.889999389648438,173.14999389648438,325704.00122473977,173170.0,100
VISHNU,1634,294.03059384989183,176.89517455324506,12.6899995803833,640.4500122070312,140749.94308445533,90320.0,100
VIVIANA,957,603.8259084575976,421.9241757221636,67.9000015258789,1759.949951171875,20206.96342737722,11375.0,100
VIYASH,1634,154.65094231800467,59.72837030524094,54.599998474121094,323.6000061035156,1697163.1376988983,880001.0,100
VLSFINANCE,1632,188.8558639697,89.08479143697723,27.5,430.3999938964844,84260.14276960785,38649.0,100
VMARCIND,1288,249.35094476042326,287.29631350060623,26.649999618530273,1664.050048828125,51229.23136645963,23500.0,95
VMART,1633,687.4664575561599,172.83344149637054,337.0,1124.1500244140625,221063.79914268217,93448.0,100
VMM,405,123.80328389862437,14.771396331385557,99.44000244140625,153.17999267578125,21661477.85679012,12214531.0,100
VOLTAMP,1634,5005.6289483470755,3798.167581076269,778.3499755859375,14472.7998046875,33276.14320685434,19184.5,100
VOLTAS,1634,1093.7315185061284,322.8941130537283,436.29998779296875,1929.199951171875,1550075.5085679314,1230652.5,100
VPRPL,720,157.50786085923514,80.48664174015937,25.190000534057617,333.6499938964844,1706610.9027777778,847650.0,100
VRAJ,520,167.982461474492,42.99890727874849,94.66999816894531,282.2699890136719,128660.56923076924,33172.0,100
VRLLOG,1633,236.2661422617364,86.33367518976561,65.625,397.5,415102.03368034295,212129.0,100
VSSL,1633,171.2731354626424,87.30114591021682,19.0,334.5,176281.12063686465,71130.0,100
VSTIND,1634,304.31782345906026,40.19688477890779,200.07000732421875,481.25,233282.7105263158,95378.0,100
VSTTILLERS,1633,3134.943634799413,1314.465719877097,619.8499755859375,6262.5,18062.854255970607,9424.0,100
VTL,1634,370.5853363793512,127.28324281324443,122.98999786376953,666.25,466987.10036719707,222635.0,100
WAAREEENER,440,2909.947617409446,366.9577614194422,2091.949951171875,3739.800048828125,2098868.4681818183,1260846.0,100
WAAREERTL,328,1002.4682913059141,98.74271721967261,782.2999877929688,1330.5,677949.4207317074,249031.5,100
WABAG,1634,713.3151475026237,563.9032851015627,75.4000015258789,2221.199951171875,498058.21542227664,311863.5,100
WALCHANNAG,1634,130.01633420918535,87.12540200924835,23.850000381469727,418.8900146484375,531699.2454100368,224334.0,100
WANBURY,1633,127.41879382486805,91.10210913302863,16.5,344.75,71923.15431720759,29795.0,100
WCIL,463,110.35477338753817,18.607925142120287,71.08999633789062,166.41000366210938,416086.9200863931,210484.0,100
WEBELSOLAR,1634,43.82735309212707,50.57656311118719,1.190000057220459,183.6999969482422,3214732.4204406366,1755400.0,100
WEL,1633,59.36371555243689,63.02355541201832,2.706249952316284,198.17999267578125,230185.16227801592,29940.0,95
WELCORP,1634,442.61294459946447,356.32442329323493,55.5,1738.300048828125,1334244.5067319463,870887.5,100
WELENT,1634,268.05171385476757,194.2330839516122,34.849998474121094,651.2000122070312,354898.9283965728,208253.5,100
WELSPUNLIV,1634,109.19627917090128,40.99417393064282,19.700000762939453,207.25999450683594,3053638.522643819,1562523.0,100
WENDT,1633,8020.747431664546,4146.516841927022,1703.3499755859375,17259.5,4566.228413962033,679.0,100
WESTLIFE,1633,615.4644821923858,178.6358945774785,277.6000061035156,988.9500122070312,201179.9418248622,105595.0,100
WHEELS,1634,685.3484395656329,225.92103614613313,293.79998779296875,1786.0,52385.009791921664,19728.5,100
WHIRLPOOL,1634,1660.4268658753563,464.51490855977124,757.4000244140625,2681.449951171875,223253.76927784577,115974.0,100
WINDLAS,1229,567.1247355226,297.5166131219863,205.0500030517578,1144.25,80477.23026851099,43455.0,100
WINDMACHIN,1633,118.84243725065943,119.80901701915947,8.050000190734863,427.0,181972.18309859154,76992.0,100
WIPRO,1634,225.25354661322865,57.30402932966311,81.17500305175781,360.75,16363465.359241126,12080568.0,100
WOCKPHARMA,1634,672.3862958182028,528.5605812445024,143.99034118652344,2152.89990234375,1125562.8512851896,559098.0,100
WONDERLA,1633,465.58199602770645,262.20888796752513,106.0,1080.050048828125,127672.86834047765,69810.0,100
WSTCSTPAPR,1633,422.08809007316444,175.76174598134193,106.19999694824219,782.9500122070312,232452.19595835885,144022.0,100
XCHANGING,1633,85.2376117776379,23.931557176424477,25.950000762939453,172.6999969482422,414603.43968156766,161155.0,100
XPROINDIA,1634,720.6319769960868,451.8587380156468,8.466666221618652,1634.4000244140625,42717.38861689106,24162.5,100
YASHO,727,1831.9568087697194,352.88319490078885,1165.699951171875,4211.5,20297.757909215958,11307.0,100
YATHARTH,740,560.6647968189136,157.46225992950906,312.25,865.5499877929688,558665.1256756757,340278.5,100
YATRA,704,126.3779545697299,28.75998914786814,65.9800033569336,191.33999633789062,1439169.3210227273,457639.5,100
YESBANK,1634,19.172031823978866,5.833438008317532,10.800000190734863,60.45000076293945,140066940.61627907,97468690.5,100
YUKEN,1217,769.7046017548836,246.50516747871302,403.20001220703125,1537.050048828125,15267.429745275267,6227.0,100
ZAGGLE,708,328.5132621937552,91.29276473094441,158.35000610351562,581.7000122070312,1406768.8121468928,832073.5,100
ZEEL,1634,187.91902686857972,66.93809288026077,68.38999938964844,371.0,17416929.829253364,11554126.5,100
ZENSARTECH,1634,453.09534883907696,225.0332822072705,67.3499984741211,967.75,1217688.5495716035,650557.5,100
ZENTEC,1634,720.4932055397454,684.8882988203914,22.75,2577.0,609375.9381884945,306276.0,100
ZFCVINDIA,1634,1787.4228693426312,598.8253431991933,798.5333251953125,2950.64990234375,90678.5312117503,39882.0,100
ZIMLAB,912,98.89635602214881,17.918924289487144,60.2599983215332,149.0,191800.1995614035,81901.5,100
ZOTA,1633,540.5360069952344,419.08169923208186,129.4499969482422,1687.0,55481.09124311084,27846.0,100
ZTECH,536,518.0258404745985,121.51283720973919,105.0,729.9000244140625,56025.55970149254,21600.0,100
ZUARI,1634,166.41150548787857,61.41536374450797,46.20000076293945,383.6000061035156,311330.8641370869,140898.5,100
ZUARIIND,1633,189.41049003717873,100.66082438177682,24.25,415.3500061035156,147835.9828536436,61702.0,100
ZYDUSLIFE,1634,661.0744807361243,275.8761178196836,236.89999389648438,1300.9000244140625,2268992.653610771,1291476.5,100
ZYDUSWELL,1634,366.24664596128054,69.276758361566,237.64999389648438,602.5,366661.9736842105,154127.5,100
