Category,Score
Market Risk,57.593588250880046
Stress Risk,58.54431126244598
Historical Risk,95.05699293363337
Factor Risk,82.15863479467599
Liquidity Risk,83.3257535790402
Enterprise Risk,70.35044358003007
