Metric,Value
Top10_Weight,0.23308999716246878
HHI,0.020427911759501777
Number_of_Holdings,50.0
