Metric,Value
Mean,0.0011729978004005443
Median,0.002671473212726041
Std,0.011814548481418143
Min,-0.07647770132620782
Max,0.054815373233676176
1%,-0.038156400623469616
5%,-0.020661474338138433
95%,0.01703280087917101
99%,0.028261361965575185
Skewness,-1.0595837777154282
Kurtosis,4.6566267034178495
