Risk_Pillar,Weight,Score,Weighted_Contribution,Contribution_Pct
Market_Risk,0.3,57.593588250880046,17.27807647526401,24.560010706412417
Stress_Risk,0.25,58.54431126244598,14.636077815611495,20.80452811781011
Factor_Risk,0.2,82.15863479467599,16.431726958935197,23.356962831716338
Liquidity_Risk,0.15,83.3257535790402,12.49886303685603,17.766573173966453
Historical_Risk,0.1,95.05699293363337,9.505699293363337,13.511925170094674
