,Momentum_Factor,LowVol_Factor,Size_Factor,Liquidity_Factor,Trend_Factor
Momentum_Factor,1.0,-0.16214429880897227,0.4256679462861128,-0.024609115400611385,0.8359308174001672
LowVol_Factor,-0.16214429880897227,1.0,0.027274243008852082,-0.09585685490938943,-0.2551784541255741
Size_Factor,0.4256679462861128,0.027274243008852082,1.0,-0.7216399920053149,0.3772119543042777
Liquidity_Factor,-0.024609115400611385,-0.09585685490938943,-0.7216399920053149,1.0,-0.13554044671400184
Trend_Factor,0.8359308174001672,-0.2551784541255741,0.3772119543042777,-0.13554044671400184,1.0
