Scenario,Momentum_PnL,LowVol_PnL,Size_PnL,Liquidity_PnL,Trend_PnL,Total_PnL,Momentum_Contribution,LowVol_Contribution,Size_Contribution,Liquidity_Contribution,Trend_Contribution,Dominant_Factor
MOMENTUM_CRASH,35151.80010134991,0.0,0.0,0.0,0.0,35151.80010134991,1.0,0.0,0.0,0.0,0.0,Momentum
LOWVOL_REVERSAL,0.0,29076.914079999173,0.0,0.0,0.0,29076.914079999173,0.0,1.0,0.0,0.0,0.0,LowVol
SMALL_CAP_SELLOFF,0.0,0.0,217820.25604130345,0.0,0.0,217820.25604130345,0.0,0.0,1.0,0.0,0.0,Size
LIQUIDITY_SHOCK,0.0,0.0,0.0,-250075.1540272658,0.0,-250075.1540272658,-0.0,-0.0,-0.0,1.0,-0.0,Liquidity
TREND_REVERSAL,0.0,0.0,0.0,0.0,31281.228625857075,31281.228625857075,0.0,0.0,0.0,0.0,1.0,Trend
MULTI_FACTOR_CRISIS,35151.80010134991,0.0,0.0,-200060.12322181265,31281.228625857075,-133627.0944946057,-0.26305892704094475,-0.0,-0.0,1.4971523849894735,-0.23409345794852887,Liquidity
