Factor,Exposure,Abs_Exposure,Contribution_Pct,Factor_Rank
Size,-0.10942102823586071,0.10942102823586071,38.32702939109695,1
Liquidity,0.09983189456922234,0.09983189456922234,34.96823251446554,2
LowVol,-0.028573644371764868,0.028573644371764868,10.00852327293769,3
Momentum,-0.026102591627841988,0.026102591627841988,9.1429847866868,4
Trend,-0.021563951342996865,0.021563951342996865,7.5532300348130095,5
