Factor,Exposure,Abs_Exposure,Contribution_Pct,Factor_Rank,Exposure_Pct
Size,-0.10942102823586071,0.10942102823586071,38.32702939109695,1,0.3832702939109695
Liquidity,0.09983189456922234,0.09983189456922234,34.96823251446554,2,0.3496823251446554
LowVol,-0.028573644371764868,0.028573644371764868,10.00852327293769,3,0.1000852327293769
Momentum,-0.026102591627841988,0.026102591627841988,9.1429847866868,4,0.09142984786686799
Trend,-0.021563951342996865,0.021563951342996865,7.5532300348130095,5,0.07553230034813009
