Factor_Rank,Factor,Exposure,Contribution_Pct
1,Size,-0.10942102823586071,38.32702939109695
2,Liquidity,0.09983189456922234,34.96823251446554
3,LowVol,-0.028573644371764868,10.00852327293769
4,Momentum,-0.026102591627841988,9.1429847866868
5,Trend,-0.021563951342996865,7.5532300348130095
