Factor,Exposure
Momentum_12M,0.6717187981693297
Momentum_6M,0.35635450559450055
Volatility_60D,0.3559686939359312
Market_Cap,1464712686312.1047
Distance_SMA200,0.23860074271018444
