Factor,Average_PnL
Momentum,11717.266700449969
LowVol,4846.1523466665285
Size,36303.37600688391
Liquidity,-75022.54620817975
Trend,10427.076208619024
