Scenario,Description,Portfolio_NAV,Stress_NAV,Portfolio_PnL,Portfolio_Return,Scenario_Rank,Dominant_Factor
LIQUIDITY_SHOCK,Liquidity Freeze,10000000,9749924.845972734,-250075.1540272658,-0.02500751540272658,1,Liquidity
MULTI_FACTOR_CRISIS,Multi Factor Crisis,10000000,9866372.905505395,-133627.0944946057,-0.01336270944946057,2,Liquidity
LOWVOL_REVERSAL,Low Volatility Reversal,10000000,10029076.91408,29076.914079999173,0.0029076914079999173,3,LowVol
TREND_REVERSAL,Trend Breakdown,10000000,10031281.228625856,31281.228625857075,0.0031281228625857074,4,Trend
MOMENTUM_CRASH,Momentum Factor Selloff,10000000,10035151.80010135,35151.80010134991,0.003515180010134991,5,Momentum
SMALL_CAP_SELLOFF,Small Cap Underperformance,10000000,10217820.256041303,217820.25604130345,0.021782025604130346,6,Size
