Factor,Exposure
Momentum_12M,0.8839871207092416
Momentum_6M,0.8460998150142457
Volatility_20D,0.6745988019297733
Liquidity,0.9265633291497322
