Bucket,Weight
Large_Cap,0.9704332382630145
Mid_Cap,0.029566761736983298
Small_Cap,0.0
