Average_Daily_Return,Annualized_Return,Daily_Volatility,Annualized_Volatility,Best_Day,Worst_Day,Positive_Days,Negative_Days
0.0011729978004005443,0.29559544570093715,0.011814548481418143,0.1875501428060893,0.054815373233676176,-0.07647770132620782,982,617
