Metric,Value
Parametric_VaR_95,0.02110853698727353
Parametric_VaR_99,0.029847086341883426
Historical_VaR_95,0.01906730777985177
Historical_VaR_99,0.03743219654913138
CVaR_95,0.030996153231350222
CVaR_99,0.04979916549575976
Downside_Volatility,0.16668295988503615
Semi_Deviation,0.00886540824857326
Max_Drawdown,0.3565229525175765
Sharpe_Ratio,1.9160612894044238
