Metric,Value
Portfolio_Volatility,0.2037006908525265
Parametric_VaR_95,0.02110853698727353
Parametric_VaR_99,0.029847086341883426
Historical_VaR_95,0.01906730777985177
Historical_VaR_99,0.03743219654913138
CVaR_95,0.030996153231350222
CVaR_99,0.04979916549575976
Tracking_Error,0.008094441490937056
Effective_Holdings,45.97863466118617
Effective_Risk_Positions,41.70877015981309
Dominant_Factor,PC_1
Dominant_Factor_Pct,83.49446919789378
Engine_Version,1.0.0
Run_Date,2026-06-16
