Symbol,Observations,Missing_Count,Missing_Pct,Coverage_Pct,Eligible,Quality_Score
20MICRONS.NS,1602,0,0.0,100.0,True,100.0
21STCENMGM.NS,1602,0,0.0,100.0,True,100.0
360ONE.NS,1602,0,0.0,100.0,True,100.0
3IINFOLTD.NS,1602,0,0.0,100.0,True,100.0
3MINDIA.NS,1602,0,0.0,100.0,True,100.0
3PLAND.NS,1602,0,0.0,100.0,True,100.0
5PAISA.NS,1602,0,0.0,100.0,True,100.0
63MOONS.NS,1602,0,0.0,100.0,True,100.0
A2ZINFRA.NS,1602,0,0.0,100.0,True,100.0
AAATECH.NS,1385,217,0.13545568039950062,86.45443196004993,False,91.87265917602996
AADHARHFC.NS,521,1081,0.6747815230961298,32.52184769038702,False,36.052791153914754
AAKASH.NS,1602,0,0.0,100.0,True,100.0
AAREYDRUGS.NS,1204,398,0.2484394506866417,75.15605493133583,False,83.31585518102372
AARON.NS,1602,0,0.0,100.0,True,100.0
AARTECH.NS,728,874,0.5455680399500624,45.44319600499376,False,50.37702871410736
AARTIDRUGS.NS,1602,0,0.0,100.0,True,100.0
AARTIIND.NS,1602,0,0.0,100.0,True,100.0
AARTIPHARM.NS,836,766,0.4781523096129838,52.18476903870162,False,57.85054396290351
AARTISURF.NS,1471,131,0.08177278401997504,91.8227215980025,True,95.09363295880149
AARVI.NS,1602,0,0.0,100.0,True,100.0
AATMAJ.NS,734,868,0.5418227215980025,45.81772784019975,False,50.792224005707155
AAVAS.NS,1602,0,0.0,100.0,True,100.0
ABAN.NS,1602,0,0.0,100.0,True,100.0
ABB.NS,1602,0,0.0,100.0,True,100.0
ABBOTINDIA.NS,1602,0,0.0,100.0,True,100.0
ABCAPITAL.NS,1602,0,0.0,100.0,True,100.0
ABCOTS.NS,1087,515,0.32147315855181025,67.85268414481898,False,75.2195469948279
ABFRL.NS,1602,0,0.0,100.0,True,100.0
ABINFRA.NS,1602,0,0.0,100.0,True,100.0
ABMINTLLTD.NS,1602,0,0.0,100.0,True,100.0
ABREL.NS,1602,0,0.0,100.0,True,100.0
ABSLAMC.NS,1160,442,0.2759051186017478,72.40948813982521,False,80.27108970929194
ABSMARINE.NS,518,1084,0.6766541822721598,32.33458177278402,False,35.84519350811485
ACC.NS,1602,0,0.0,100.0,True,100.0
ACCELYA.NS,1602,0,0.0,100.0,True,100.0
ACCENTMIC.NS,620,982,0.6129837702871411,38.701622971285886,False,42.90351346531121
ACCORD.NS,1602,0,0.0,100.0,True,100.0
ACCURACY.NS,1602,0,0.0,100.0,True,100.0
ACE.NS,1602,0,0.0,100.0,True,100.0
ACEINTEG.NS,1602,0,0.0,100.0,True,100.0
ACI.NS,885,717,0.44756554307116103,55.243445692883896,False,61.24130551096843
ACL.NS,1602,0,0.0,100.0,True,100.0
ACUTAAS.NS,1179,423,0.2640449438202247,73.59550561797754,False,81.58587479935795
ADANIENSOL.NS,1602,0,0.0,100.0,True,100.0
ADANIENT.NS,1602,0,0.0,100.0,True,100.0
ADANIGREEN.NS,1602,0,0.0,100.0,True,100.0
ADANIPORTS.NS,1602,0,0.0,100.0,True,100.0
ADANIPOWER.NS,1602,0,0.0,100.0,True,100.0
ADFFOODS.NS,1602,0,0.0,100.0,True,100.0
ADL.NS,1414,188,0.11735330836454431,88.26466916354558,False,92.95880149812734
ADOR.NS,1602,0,0.0,100.0,True,100.0
ADROITINFO.NS,1602,0,0.0,100.0,True,100.0
ADSL.NS,1602,0,0.0,100.0,True,100.0
ADVANIHOTR.NS,1602,0,0.0,100.0,True,100.0
ADVENZYMES.NS,1602,0,0.0,100.0,True,100.0
AEGISLOG.NS,1602,0,0.0,100.0,True,100.0
AEROENTER.NS,885,717,0.44756554307116103,55.243445692883896,False,61.24130551096843
AEROFLEX.NS,691,911,0.5686641697877652,43.13358302122347,False,47.81665774924202
AERONEU.NS,847,755,0.4712858926342072,52.871410736579286,False,58.61173533083647
AETHER.NS,1000,602,0.3757802746566791,62.421972534332085,False,69.19921526663099
AFFLE.NS,1602,0,0.0,100.0,True,100.0
AFSL.NS,861,741,0.46254681647940077,53.745318352059925,False,59.58052434456929
AGARIND.NS,1602,0,0.0,100.0,True,100.0
AGARWALFT.NS,818,784,0.4893882646691635,51.06117353308365,False,56.604958088104155
AGI.NS,1602,0,0.0,100.0,True,100.0
AGNI.NS,959,643,0.4013732833957553,59.86267166042447,False,66.36204744069911
AGRITECH.NS,1602,0,0.0,100.0,True,100.0
AGROPHOS.NS,1602,0,0.0,100.0,True,100.0
AGUL.NS,781,821,0.5124843945068664,48.75156054931335,False,54.044587123238806
AHIMSA.NS,1602,0,0.0,100.0,True,100.0
AHLADA.NS,1602,0,0.0,100.0,True,100.0
AHLEAST.NS,1602,0,0.0,100.0,True,100.0
AHLUCONT.NS,1602,0,0.0,100.0,True,100.0
AHLWEST.NS,1602,0,0.0,100.0,True,100.0
AIAENG.NS,1602,0,0.0,100.0,True,100.0
AIIL.NS,536,1066,0.66541822721598,33.458177278402005,False,37.09077938291422
AILIMITED.NS,1224,378,0.23595505617977527,76.40449438202246,False,84.69983948635632
AIMTRON.NS,506,1096,0.6841448189762797,31.585518102372035,False,35.01480292491529
AIRAN.NS,1602,0,0.0,100.0,True,100.0
AIROLAM.NS,1602,0,0.0,100.0,True,100.0
AISL.NS,1602,0,0.0,100.0,True,100.0
AJANTPHARM.NS,1602,0,0.0,100.0,True,100.0
AJMERA.NS,1602,0,0.0,100.0,True,100.0
AJOONI.NS,1602,0,0.0,100.0,True,100.0
AKASH.NS,1602,0,0.0,100.0,True,100.0
AKG.NS,1602,0,0.0,100.0,True,100.0
AKI.NS,791,811,0.5062421972534332,49.37578027465668,False,54.736579275905115
AKSHAR.NS,1009,593,0.3701622971285893,62.98377028714107,False,69.82200820403068
AKSHARCHEM.NS,1602,0,0.0,100.0,True,100.0
AKSHOPTFBR.NS,1602,0,0.0,100.0,True,100.0
ALANKIT.NS,1602,0,0.0,100.0,True,100.0
ALBERTDAVD.NS,1602,0,0.0,100.0,True,100.0
ALEMBICLTD.NS,1602,0,0.0,100.0,True,100.0
ALICON.NS,1602,0,0.0,100.0,True,100.0
ALIVUS.NS,1204,398,0.2484394506866417,75.15605493133583,False,83.31585518102372
ALKALI.NS,1602,0,0.0,100.0,True,100.0
ALKEM.NS,1602,0,0.0,100.0,True,100.0
ALKYLAMINE.NS,1602,0,0.0,100.0,True,100.0
ALLCARGO.NS,1602,0,0.0,100.0,True,100.0
ALLDIGI.NS,1602,0,0.0,100.0,True,100.0
ALLETEC.NS,863,739,0.4612983770287141,53.87016229712859,False,59.71892277510255
ALMONDZ.NS,1602,0,0.0,100.0,True,100.0
ALOKINDS.NS,1602,0,0.0,100.0,True,100.0
ALPA.NS,1602,0,0.0,100.0,True,100.0
ALPEXSOLAR.NS,579,1023,0.6385767790262172,36.142322097378276,False,40.06634563937935
ALPHA.NS,1107,495,0.3089887640449438,69.10112359550563,False,76.60353130016051
ALPHAGEO.NS,1602,0,0.0,100.0,True,100.0
ALUWIND.NS,544,1058,0.6604244694132334,33.95755305867666,False,37.644373105047265
AMBER.NS,1602,0,0.0,100.0,True,100.0
AMBICAAGAR.NS,1602,0,0.0,100.0,True,100.0
AMBIKCO.NS,1602,0,0.0,100.0,True,100.0
AMBUJACEM.NS,1602,0,0.0,100.0,True,100.0
AMDIND.NS,1602,0,0.0,100.0,True,100.0
AMEYA.NS,934,668,0.41697877652933835,58.30212234706617,False,64.63206705903335
AMIABLE.NS,888,714,0.44569288389513106,55.430711610486895,False,61.448903156768324
AMJLAND.NS,1602,0,0.0,100.0,True,100.0
AMNPLST.NS,643,959,0.5986267166042447,40.13732833957553,False,44.49509541644373
AMRUTANJAN.NS,1602,0,0.0,100.0,True,100.0
ANANDRATHI.NS,1117,485,0.30274656679151063,69.72534332084894,False,77.29552345282681
ANANTRAJ.NS,1602,0,0.0,100.0,True,100.0
ANDHRAPAP.NS,1602,0,0.0,100.0,True,100.0
ANDHRSUGAR.NS,1602,0,0.0,100.0,True,100.0
ANGELONE.NS,1413,189,0.11797752808988764,88.20224719101124,False,92.92134831460675
ANIKINDS.NS,1602,0,0.0,100.0,True,100.0
ANKITMETAL.NS,1602,0,0.0,100.0,True,100.0
ANLON.NS,849,753,0.4700374531835206,52.99625468164795,False,58.750133761369725
ANMOL.NS,1248,354,0.2209737827715356,77.90262172284645,False,86.36062065275549
ANNAPURNA.NS,921,681,0.4250936329588015,57.490636704119844,False,63.73247726056714
ANSALAPI.NS,1602,0,0.0,100.0,True,100.0
ANTELOPUS.NS,1602,0,0.0,100.0,True,100.0
ANTGRAPHIC.NS,1602,0,0.0,100.0,True,100.0
ANUP.NS,1602,0,0.0,100.0,True,100.0
ANURAS.NS,1295,307,0.1916354556803995,80.83645443196005,False,88.50187265917603
APARINDS.NS,1602,0,0.0,100.0,True,100.0
APCL.NS,1602,0,0.0,100.0,True,100.0
APCOTEXIND.NS,1602,0,0.0,100.0,True,100.0
APEX.NS,1602,0,0.0,100.0,True,100.0
APLAPOLLO.NS,1602,0,0.0,100.0,True,100.0
APLLTD.NS,1602,0,0.0,100.0,True,100.0
APOLLO.NS,1602,0,0.0,100.0,True,100.0
APOLLOHOSP.NS,1602,0,0.0,100.0,True,100.0
APOLLOPIPE.NS,1602,0,0.0,100.0,True,100.0
APOLLOTYRE.NS,1602,0,0.0,100.0,True,100.0
APOLSINHOT.NS,1602,0,0.0,100.0,True,100.0
APS.NS,597,1005,0.6273408239700374,37.265917602996254,False,41.3119315141787
APTECHT.NS,1602,0,0.0,100.0,True,100.0
APTUS.NS,1193,409,0.25530586766541824,74.46941323345817,False,82.55466381309077
AQYLON.NS,1602,0,0.0,100.0,True,100.0
ARABIAN.NS,666,936,0.5842696629213483,41.57303370786517,False,46.08667736757624
ARCHIDPLY.NS,1602,0,0.0,100.0,True,100.0
ARCHIES.NS,1602,0,0.0,100.0,True,100.0
ARE&M.NS,1602,0,0.0,100.0,True,100.0
ARENTERP.NS,1602,0,0.0,100.0,True,100.0
ARIES.NS,1602,0,0.0,100.0,True,100.0
ARIHANT.NS,578,1024,0.6392009987515606,36.079900124843945,False,39.997146424112714
ARIHANTACA.NS,855,747,0.46629213483146065,53.37078651685394,False,59.16532905296951
ARIHANTCAP.NS,1241,361,0.22534332084893882,77.46566791510612,False,85.87622614588906
ARIHANTSUP.NS,1602,0,0.0,100.0,True,100.0
ARISTO.NS,836,766,0.4781523096129838,52.18476903870162,False,57.85054396290351
ARMANFIN.NS,1602,0,0.0,100.0,True,100.0
AROGRANITE.NS,1602,0,0.0,100.0,True,100.0
ARROWGREEN.NS,1602,0,0.0,100.0,True,100.0
ARSHIYA.NS,1602,0,0.0,100.0,True,100.0
ARTEMISMED.NS,1584,18,0.011235955056179775,98.87640449438202,True,99.32584269662921
ARTNIRMAN.NS,1602,0,0.0,100.0,True,100.0
ARVEE.NS,1602,0,0.0,100.0,True,100.0
ARVIND.NS,1602,0,0.0,100.0,True,100.0
ARVINDFASN.NS,1602,0,0.0,100.0,True,100.0
ARVSMART.NS,1602,0,0.0,100.0,True,100.0
ASAHIINDIA.NS,1602,0,0.0,100.0,True,100.0
ASAHISONG.NS,1602,0,0.0,100.0,True,100.0
ASAL.NS,1602,0,0.0,100.0,True,100.0
ASALCBR.NS,1572,30,0.018726591760299626,98.12734082397003,True,98.87640449438202
ASCOM.NS,1602,0,0.0,100.0,True,100.0
ASHAPURMIN.NS,1602,0,0.0,100.0,True,100.0
ASHIANA.NS,1602,0,0.0,100.0,True,100.0
ASHIMASYN.NS,1602,0,0.0,100.0,True,100.0
ASHOKA.NS,1602,0,0.0,100.0,True,100.0
ASHOKAMET.NS,736,866,0.5405742821473158,45.94257178526841,False,50.93062243624041
ASHOKLEY.NS,1602,0,0.0,100.0,True,100.0
ASIANENE.NS,1120,482,0.30087390761548066,69.91260923845192,False,77.5031210986267
ASIANHOTNR.NS,1602,0,0.0,100.0,True,100.0
ASIANPAINT.NS,1602,0,0.0,100.0,True,100.0
ASIANTILES.NS,1602,0,0.0,100.0,True,100.0
ASKAUTOLTD.NS,641,961,0.5998751560549314,40.01248439450686,False,44.35669698591046
ASMS.NS,1602,0,0.0,100.0,True,100.0
ASPINWALL.NS,1602,0,0.0,100.0,True,100.0
ASPIRE.NS,548,1054,0.6579275905118602,34.207240948813975,False,37.92116996611378
ASTEC.NS,1602,0,0.0,100.0,True,100.0
ASTERDM.NS,1602,0,0.0,100.0,True,100.0
ASTRAL.NS,1602,0,0.0,100.0,True,100.0
ASTRAMICRO.NS,1602,0,0.0,100.0,True,100.0
ASTRAZEN.NS,1602,0,0.0,100.0,True,100.0
ASTRON.NS,1602,0,0.0,100.0,True,100.0
ATALREAL.NS,1380,222,0.13857677902621723,86.14232209737828,False,91.68539325842697
ATAM.NS,770,832,0.519350811485643,48.0649188514357,False,53.28339575530586
ATGL.NS,1602,0,0.0,100.0,True,100.0
ATL.NS,705,897,0.5599250936329588,44.00749063670412,False,48.78544676297485
ATLANTAA.NS,1602,0,0.0,100.0,True,100.0
ATLASCYCLE.NS,1602,0,0.0,100.0,True,100.0
ATMASTCO.NS,573,1029,0.6423220973782772,35.767790262172284,False,39.65115034777956
ATUL.NS,1602,0,0.0,100.0,True,100.0
ATULAUTO.NS,1602,0,0.0,100.0,True,100.0
AUBANK.NS,1602,0,0.0,100.0,True,100.0
AURIGROW.NS,1602,0,0.0,100.0,True,100.0
AURIONPRO.NS,1602,0,0.0,100.0,True,100.0
AUROIMPEX.NS,761,841,0.5249687890137328,47.50312109862672,False,52.660602817906195
AUROPHARMA.NS,1602,0,0.0,100.0,True,100.0
AURUM.NS,1602,0,0.0,100.0,True,100.0
AUSOMENT.NS,1602,0,0.0,100.0,True,100.0
AUTOAXLES.NS,1602,0,0.0,100.0,True,100.0
AUTOIND.NS,1602,0,0.0,100.0,True,100.0
AVADHSUGAR.NS,1602,0,0.0,100.0,True,100.0
AVALON.NS,785,817,0.5099875156054932,49.001248439450684,False,54.32138398430533
AVANTIFEED.NS,1602,0,0.0,100.0,True,100.0
AVG.NS,1602,0,0.0,100.0,True,100.0
AVONMORE.NS,853,749,0.4675405742821473,53.24594257178528,False,59.02693062243625
AVPINFRA.NS,556,1046,0.6529338327091136,34.70661672908864,False,38.47476368824684
AVROIND.NS,1602,0,0.0,100.0,True,100.0
AVSL.NS,1602,0,0.0,100.0,True,100.0
AVTNPL.NS,1602,0,0.0,100.0,True,100.0
AWFIS.NS,511,1091,0.681023720349563,31.897627965043696,False,35.36079900124844
AWHCL.NS,1351,251,0.15667915106117353,84.33208489388264,False,90.59925093632958
AWL.NS,1078,524,0.32709113607990015,67.29088639200998,False,74.5967540574282
AXISBANK.NS,1602,0,0.0,100.0,True,100.0
AXISCADES.NS,1602,0,0.0,100.0,True,100.0
AXITA.NS,988,614,0.383270911360799,61.67290886392009,False,68.36882468343141
AYMSYNTEX.NS,1602,0,0.0,100.0,True,100.0
AZAD.NS,612,990,0.6179775280898876,38.20224719101124,False,42.34991974317817
BABAFP.NS,641,961,0.5998751560549314,40.01248439450686,False,44.35669698591046
BAFNAPH.NS,1602,0,0.0,100.0,True,100.0
BAGFILMS.NS,1602,0,0.0,100.0,True,100.0
BAHETI.NS,872,730,0.4556803995006242,54.43196004993758,False,60.34171571250223
BAIDFIN.NS,841,761,0.47503121098626716,52.49687890137329,False,58.196540039236666
BAJAJ-AUTO.NS,1602,0,0.0,100.0,True,100.0
BAJAJCON.NS,1602,0,0.0,100.0,True,100.0
BAJAJELEC.NS,1602,0,0.0,100.0,True,100.0
BAJAJFINSV.NS,1602,0,0.0,100.0,True,100.0
BAJAJHCARE.NS,1130,472,0.29463171036204744,70.53682896379524,False,78.19511325129301
BAJAJHIND.NS,1602,0,0.0,100.0,True,100.0
BAJAJHLDNG.NS,1602,0,0.0,100.0,True,100.0
BAJEL.NS,618,984,0.6142322097378277,38.57677902621723,False,42.765115034777956
BAJFINANCE.NS,1602,0,0.0,100.0,True,100.0
BALAJITELE.NS,1602,0,0.0,100.0,True,100.0
BALAMINES.NS,1602,0,0.0,100.0,True,100.0
BALAXI.NS,1602,0,0.0,100.0,True,100.0
BALKRISHNA.NS,1602,0,0.0,100.0,True,100.0
BALKRISIND.NS,1602,0,0.0,100.0,True,100.0
BALMLAWRIE.NS,1602,0,0.0,100.0,True,100.0
BALPHARMA.NS,1602,0,0.0,100.0,True,100.0
BALRAMCHIN.NS,1602,0,0.0,100.0,True,100.0
BALUFORGE.NS,532,1070,0.6679151061173533,33.208489388264674,False,36.81398252184769
BANARBEADS.NS,1602,0,0.0,100.0,True,100.0
BANARISUG.NS,1602,0,0.0,100.0,True,100.0
BANCOINDIA.NS,1602,0,0.0,100.0,True,100.0
BANDHANBNK.NS,1602,0,0.0,100.0,True,100.0
BANG.NS,1602,0,0.0,100.0,True,100.0
BANKA.NS,1602,0,0.0,100.0,True,100.0
BANKBARODA.NS,1602,0,0.0,100.0,True,100.0
BANKINDIA.NS,1602,0,0.0,100.0,True,100.0
BANSWRAS.NS,1602,0,0.0,100.0,True,100.0
BASF.NS,1602,0,0.0,100.0,True,100.0
BASILIC.NS,684,918,0.5730337078651685,42.69662921348315,False,47.3322632423756
BASML.NS,1602,0,0.0,100.0,True,100.0
BATAINDIA.NS,1602,0,0.0,100.0,True,100.0
BAWEJA.NS,586,1016,0.634207240948814,36.5792759051186,False,40.550740146245765
BAYERCROP.NS,1602,0,0.0,100.0,True,100.0
BBL.NS,1602,0,0.0,100.0,True,100.0
BBOX.NS,1602,0,0.0,100.0,True,100.0
BBTC.NS,1602,0,0.0,100.0,True,100.0
BBTCL.NS,1602,0,0.0,100.0,True,100.0
BCG.NS,1602,0,0.0,100.0,True,100.0
BCLIND.NS,1308,294,0.18352059925093633,81.64794007490637,False,88.98876404494382
BCONCEPTS.NS,1602,0,0.0,100.0,True,100.0
BDL.NS,1602,0,0.0,100.0,True,100.0
BEACON.NS,508,1094,0.682896379525593,31.7103620474407,False,35.153201355448545
BEARDSELL.NS,1602,0,0.0,100.0,True,100.0
BECTORFOOD.NS,1356,246,0.15355805243445692,84.64419475655431,False,90.7865168539326
BEDMUTHA.NS,1602,0,0.0,100.0,True,100.0
BEL.NS,1602,0,0.0,100.0,True,100.0
BEML.NS,1602,0,0.0,100.0,True,100.0
BEPL.NS,1602,0,0.0,100.0,True,100.0
BERGEPAINT.NS,1602,0,0.0,100.0,True,100.0
BESTAGRO.NS,1316,286,0.17852684144818975,82.14731585518102,False,89.28838951310861
BEWLTD.NS,1166,436,0.2721598002496879,72.78401997503121,False,80.68628500089174
BFINVEST.NS,1602,0,0.0,100.0,True,100.0
BFSI.NS,693,909,0.5674157303370787,43.25842696629213,False,47.955056179775276
BFUTILITIE.NS,1602,0,0.0,100.0,True,100.0
BGRENERGY.NS,1602,0,0.0,100.0,True,100.0
BHAGCHEM.NS,1156,446,0.2784019975031211,72.15980024968789,False,79.99429284822543
BHAGERIA.NS,1602,0,0.0,100.0,True,100.0
BHAGYANGR.NS,1602,0,0.0,100.0,True,100.0
BHANDARI.NS,1602,0,0.0,100.0,True,100.0
BHARATFORG.NS,1602,0,0.0,100.0,True,100.0
BHARATGEAR.NS,1602,0,0.0,100.0,True,100.0
BHARATRAS.NS,1602,0,0.0,100.0,True,100.0
BHARATWIRE.NS,1602,0,0.0,100.0,True,100.0
BHARTIARTL.NS,1602,0,0.0,100.0,True,100.0
BHARTIHEXA.NS,542,1060,0.66167290886392,33.832709113608,False,37.50597467451401
BHEL.NS,1602,0,0.0,100.0,True,100.0
BIGBLOC.NS,1602,0,0.0,100.0,True,100.0
BIKAJI.NS,888,714,0.44569288389513106,55.430711610486895,False,61.448903156768324
BIL.NS,1602,0,0.0,100.0,True,100.0
BIOCON.NS,1602,0,0.0,100.0,True,100.0
BIOFILCHEM.NS,1602,0,0.0,100.0,True,100.0
BIRDYS.NS,536,1066,0.66541822721598,33.458177278402005,False,37.09077938291422
BIRET.NS,1320,282,0.1760299625468165,82.39700374531836,False,89.43820224719101
BIRLACABLE.NS,1602,0,0.0,100.0,True,100.0
BIRLACORPN.NS,1602,0,0.0,100.0,True,100.0
BIRLAMONEY.NS,1602,0,0.0,100.0,True,100.0
BIRLANU.NS,1602,0,0.0,100.0,True,100.0
BLAL.NS,784,818,0.5106117353308365,48.93882646691635,False,54.2521847690387
BLBLIMITED.NS,1602,0,0.0,100.0,True,100.0
BLISSGVS.NS,1602,0,0.0,100.0,True,100.0
BLKASHYAP.NS,1602,0,0.0,100.0,True,100.0
BLS.NS,1602,0,0.0,100.0,True,100.0
BLSE.NS,586,1016,0.634207240948814,36.5792759051186,False,40.550740146245765
BLUECHIP.NS,1602,0,0.0,100.0,True,100.0
BLUECOAST.NS,1602,0,0.0,100.0,True,100.0
BLUEDART.NS,1602,0,0.0,100.0,True,100.0
BLUEJET.NS,650,952,0.5942571785268415,40.574282147315856,False,44.97948992331015
BLUEPEBBLE.NS,548,1054,0.6579275905118602,34.207240948813975,False,37.92116996611378
BLUESTARCO.NS,1602,0,0.0,100.0,True,100.0
BMETRICS.NS,1149,453,0.28277153558052437,71.72284644194757,False,79.50989834135902
BODALCHEM.NS,1602,0,0.0,100.0,True,100.0
BOHRAIND.NS,1602,0,0.0,100.0,True,100.0
BOMDYEING.NS,1602,0,0.0,100.0,True,100.0
BOROLTD.NS,1465,137,0.08551810237203496,91.4481897627965,True,94.86891385767791
BORORENEW.NS,1602,0,0.0,100.0,True,100.0
BOROSCI.NS,505,1097,0.684769038701623,31.523096129837704,False,34.94560370964865
BOSCH-HCIL.NS,1602,0,0.0,100.0,True,100.0
BOSCHLTD.NS,1602,0,0.0,100.0,True,100.0
BPCL.NS,1602,0,0.0,100.0,True,100.0
BPL.NS,1602,0,0.0,100.0,True,100.0
BRIGADE.NS,1602,0,0.0,100.0,True,100.0
BRITANNIA.NS,1602,0,0.0,100.0,True,100.0
BRNL.NS,1602,0,0.0,100.0,True,100.0
BROOKS.NS,1602,0,0.0,100.0,True,100.0
BSE.NS,1602,0,0.0,100.0,True,100.0
BSHSL.NS,1602,0,0.0,100.0,True,100.0
BSL.NS,1602,0,0.0,100.0,True,100.0
BSOFT.NS,1602,0,0.0,100.0,True,100.0
BTML.NS,1385,217,0.13545568039950062,86.45443196004993,False,91.87265917602996
BUTTERFLY.NS,1602,0,0.0,100.0,True,100.0
BVCL.NS,1602,0,0.0,100.0,True,100.0
BYKE.NS,1602,0,0.0,100.0,True,100.0
CADSYS.NS,1602,0,0.0,100.0,True,100.0
CALSOFT.NS,1602,0,0.0,100.0,True,100.0
CAMLINFINE.NS,1602,0,0.0,100.0,True,100.0
CAMPUS.NS,1019,583,0.36392009987515606,63.60799001248439,False,70.51400035669698
CAMS.NS,1413,189,0.11797752808988764,88.20224719101124,False,92.92134831460675
CANARYS.NS,664,938,0.5855181023720349,41.4481897627965,False,45.94827893704298
CANBK.NS,1602,0,0.0,100.0,True,100.0
CANFINHOME.NS,1602,0,0.0,100.0,True,100.0
CANTABIL.NS,1602,0,0.0,100.0,True,100.0
CAPACITE.NS,1602,0,0.0,100.0,True,100.0
CAPITALSFB.NS,580,1022,0.6379525593008739,36.20474406991261,False,40.13554485464597
CAPLIPOINT.NS,1602,0,0.0,100.0,True,100.0
CAPTRUST.NS,1602,0,0.0,100.0,True,100.0
CARBORUNIV.NS,1602,0,0.0,100.0,True,100.0
CARERATING.NS,1602,0,0.0,100.0,True,100.0
CARTRADE.NS,1195,407,0.2540574282147316,74.59425717852683,False,82.69306224362404
CARYSIL.NS,1342,260,0.16229712858926343,83.77028714107367,False,90.26217228464421
CASTROLIND.NS,1602,0,0.0,100.0,True,100.0
CBAZAAR.NS,625,977,0.6098626716604245,39.01373283395755,False,43.24950954164437
CCAVENUE.NS,1602,0,0.0,100.0,True,100.0
CCCL.NS,1602,0,0.0,100.0,True,100.0
CCHHL.NS,1602,0,0.0,100.0,True,100.0
CCL.NS,1602,0,0.0,100.0,True,100.0
CDSL.NS,1602,0,0.0,100.0,True,100.0
CEATLTD.NS,1602,0,0.0,100.0,True,100.0
CELEBRITY.NS,1602,0,0.0,100.0,True,100.0
CELLECOR.NS,672,930,0.5805243445692884,41.947565543071164,False,46.50187265917603
CELLO.NS,647,955,0.5961298377028714,40.387016229712856,False,44.77189227751025
CELLPOINT.NS,735,867,0.5411985018726592,45.88014981273408,False,50.86142322097378
CEMPRO.NS,1602,0,0.0,100.0,True,100.0
CENTENKA.NS,1602,0,0.0,100.0,True,100.0
CENTEXT.NS,1602,0,0.0,100.0,True,100.0
CENTRALBK.NS,1602,0,0.0,100.0,True,100.0
CENTRUM.NS,1602,0,0.0,100.0,True,100.0
CENTUM.NS,1602,0,0.0,100.0,True,100.0
CENTURYPLY.NS,1602,0,0.0,100.0,True,100.0
CERA.NS,1602,0,0.0,100.0,True,100.0
CEREBRAINT.NS,1602,0,0.0,100.0,True,100.0
CESC.NS,1602,0,0.0,100.0,True,100.0
CGCL.NS,1602,0,0.0,100.0,True,100.0
CGPOWER.NS,1602,0,0.0,100.0,True,100.0
CGRAPHICS.NS,544,1058,0.6604244694132334,33.95755305867666,False,37.644373105047265
CHALET.NS,1602,0,0.0,100.0,True,100.0
CHAMBLFERT.NS,1602,0,0.0,100.0,True,100.0
CHAVDA.NS,675,927,0.5786516853932584,42.134831460674164,False,46.70947030497592
CHEMBOND.NS,1602,0,0.0,100.0,True,100.0
CHEMCON.NS,1414,188,0.11735330836454431,88.26466916354558,False,92.95880149812734
CHEMFAB.NS,1602,0,0.0,100.0,True,100.0
CHEMPLASTS.NS,1193,409,0.25530586766541824,74.46941323345817,False,82.55466381309077
CHENNPETRO.NS,1602,0,0.0,100.0,True,100.0
CHEVIOT.NS,989,613,0.38264669163545567,61.73533083645444,False,68.43802389869806
CHOICEIN.NS,1037,565,0.35268414481897625,64.73158551810238,False,71.75958623149634
CHOLAFIN.NS,1602,0,0.0,100.0,True,100.0
CHOLAHLDNG.NS,1602,0,0.0,100.0,True,100.0
CIEINDIA.NS,1602,0,0.0,100.0,True,100.0
CINELINE.NS,1602,0,0.0,100.0,True,100.0
CINEVISTA.NS,1602,0,0.0,100.0,True,100.0
CIPLA.NS,1602,0,0.0,100.0,True,100.0
CLEAN.NS,1217,385,0.24032459425717853,75.96754057428214,False,84.21544497948992
CLEDUCATE.NS,1602,0,0.0,100.0,True,100.0
CLSEL.NS,1264,338,0.21098626716604243,78.90137328339576,False,87.34082397003746
CLSL.NS,692,910,0.568039950062422,43.196004993757796,False,47.88585696450865
CMNL.NS,845,757,0.47253433208489387,52.74656679151062,False,58.473336900303195
CMRSL.NS,913,689,0.43008739076154806,56.99126092384519,False,63.17888353843409
CMSINFO.NS,1104,498,0.31086142322097376,68.91385767790263,False,76.39593365436062
CNL.NS,1602,0,0.0,100.0,True,100.0
COALINDIA.NS,1602,0,0.0,100.0,True,100.0
COASTCORP.NS,1161,441,0.2752808988764045,72.47191011235955,False,80.34028892455859
COCHINSHIP.NS,1602,0,0.0,100.0,True,100.0
COFFEEDAY.NS,1602,0,0.0,100.0,True,100.0
COFORGE.NS,1602,0,0.0,100.0,True,100.0
COHANCE.NS,1555,47,0.02933832709113608,97.0661672908864,True,98.23970037453184
COLPAL.NS,1602,0,0.0,100.0,True,100.0
COMMITTED.NS,659,943,0.5886392009987516,41.13607990012484,False,45.60228286070982
COMPINFO.NS,1602,0,0.0,100.0,True,100.0
COMPUSOFT.NS,1602,0,0.0,100.0,True,100.0
COMSYN.NS,595,1007,0.6285892634207241,37.14107365792759,False,41.173533083645445
CONCOR.NS,1602,0,0.0,100.0,True,100.0
CONCORDBIO.NS,700,902,0.5630461922596754,43.69538077403246,False,48.43945068664169
CONFIPET.NS,1399,203,0.12671660424469414,87.32833957553059,False,92.39700374531836
CONS.NS,958,644,0.4019975031210986,59.80024968789014,False,66.2928482254325
CONSOFINVT.NS,1602,0,0.0,100.0,True,100.0
CONTI.NS,1602,0,0.0,100.0,True,100.0
CONTROLPR.NS,1602,0,0.0,100.0,True,100.0
COOLCAPS.NS,1038,564,0.352059925093633,64.7940074906367,False,71.82878544676296
CORALFINAC.NS,1602,0,0.0,100.0,True,100.0
CORDSCABLE.NS,1602,0,0.0,100.0,True,100.0
COROMANDEL.NS,1602,0,0.0,100.0,True,100.0
COSMOFIRST.NS,1602,0,0.0,100.0,True,100.0
COUNCODOS.NS,1602,0,0.0,100.0,True,100.0
CPCAP.NS,1602,0,0.0,100.0,True,100.0
CPS.NS,686,916,0.5717852684144819,42.82147315855182,False,47.47066167290886
CRAFTSMAN.NS,1294,308,0.19225967540574282,80.77403245942571,False,88.46441947565543
CRAYONS.NS,753,849,0.5299625468164794,47.00374531835207,False,52.107009095773144
CREATIVEYE.NS,1602,0,0.0,100.0,True,100.0
CREDITACC.NS,1602,0,0.0,100.0,True,100.0
CREST.NS,1602,0,0.0,100.0,True,100.0
CRISIL.NS,1602,0,0.0,100.0,True,100.0
CROMPTON.NS,1602,0,0.0,100.0,True,100.0
CROWN.NS,1602,0,0.0,100.0,True,100.0
CSBBANK.NS,1602,0,0.0,100.0,True,100.0
CSLFINANCE.NS,966,636,0.3970037453183521,60.299625468164784,False,66.84644194756554
CTE.NS,1602,0,0.0,100.0,True,100.0
CUB.NS,1602,0,0.0,100.0,True,100.0
CUBEXTUB.NS,1602,0,0.0,100.0,True,100.0
CUMMINSIND.NS,1602,0,0.0,100.0,True,100.0
CUPID.NS,1602,0,0.0,100.0,True,100.0
CURAA.NS,1602,0,0.0,100.0,True,100.0
CYBERMEDIA.NS,1602,0,0.0,100.0,True,100.0
CYBERTECH.NS,1602,0,0.0,100.0,True,100.0
CYIENT.NS,1602,0,0.0,100.0,True,100.0
CYIENTDLM.NS,728,874,0.5455680399500624,45.44319600499376,False,50.37702871410736
DABUR.NS,1602,0,0.0,100.0,True,100.0
DALBHARAT.NS,1602,0,0.0,100.0,True,100.0
DALMIASUG.NS,1602,0,0.0,100.0,True,100.0
DAMODARIND.NS,1602,0,0.0,100.0,True,100.0
DANGEE.NS,1602,0,0.0,100.0,True,100.0
DATAMATICS.NS,1602,0,0.0,100.0,True,100.0
DATAPATTNS.NS,1109,493,0.30774032459425715,69.22596754057429,False,76.74192973069378
DAVANGERE.NS,593,1009,0.6298377028714107,37.01622971285893,False,41.03513465311218
DBCORP.NS,1602,0,0.0,100.0,True,100.0
DBL.NS,1602,0,0.0,100.0,True,100.0
DBOL.NS,934,668,0.41697877652933835,58.30212234706617,False,64.63206705903335
DBREALTY.NS,1602,0,0.0,100.0,True,100.0
DBSTOCKBRO.NS,1602,0,0.0,100.0,True,100.0
DCAL.NS,1602,0,0.0,100.0,True,100.0
DCBBANK.NS,1602,0,0.0,100.0,True,100.0
DCG.NS,540,1062,0.6629213483146067,33.70786516853933,False,37.367576243980736
DCI.NS,1595,7,0.004369538077403246,99.56304619225968,True,99.7378277153558
DCM.NS,1602,0,0.0,100.0,True,100.0
DCMFINSERV.NS,1602,0,0.0,100.0,True,100.0
DCMNVL.NS,1602,0,0.0,100.0,True,100.0
DCMSHRIRAM.NS,1602,0,0.0,100.0,True,100.0
DCMSRIND.NS,1109,493,0.30774032459425715,69.22596754057429,False,76.74192973069378
DCW.NS,1602,0,0.0,100.0,True,100.0
DCXINDIA.NS,891,711,0.4438202247191011,55.61797752808989,False,61.65650080256822
DECCANCE.NS,1602,0,0.0,100.0,True,100.0
DEEM.NS,571,1031,0.6435705368289638,35.64294631710362,False,39.5127519172463
DEEPAKFERT.NS,1602,0,0.0,100.0,True,100.0
DEEPAKNTR.NS,1602,0,0.0,100.0,True,100.0
DEEPINDS.NS,1275,327,0.20411985018726592,79.58801498127342,False,87.75280898876406
DELAPLEX.NS,588,1014,0.6329588014981273,36.70411985018727,False,40.68913857677903
DELHIVERY.NS,1008,594,0.3707865168539326,62.92134831460674,False,69.75280898876404
DELPHIFX.NS,1602,0,0.0,100.0,True,100.0
DELTACORP.NS,1602,0,0.0,100.0,True,100.0
DELTAMAGNT.NS,1602,0,0.0,100.0,True,100.0
DEN.NS,1602,0,0.0,100.0,True,100.0
DENEERS.NS,769,833,0.5199750312109863,48.00249687890137,False,53.21419654003924
DENORA.NS,1602,0,0.0,100.0,True,100.0
DENTALKART.NS,753,849,0.5299625468164794,47.00374531835207,False,52.107009095773144
DESTINY.NS,1144,458,0.2858926342072409,71.4107365792759,False,79.16390226502585
DEVIT.NS,1602,0,0.0,100.0,True,100.0
DEVYANI.NS,1198,404,0.25218476903870163,74.78152309612985,False,82.90065988942393
DGCONTENT.NS,1602,0,0.0,100.0,True,100.0
DHAMPURSUG.NS,1602,0,0.0,100.0,True,100.0
DHANBANK.NS,1602,0,0.0,100.0,True,100.0
DHANUKA.NS,1602,0,0.0,100.0,True,100.0
DHARMAJ.NS,872,730,0.4556803995006242,54.43196004993758,False,60.34171571250223
DHRUV.NS,1130,472,0.29463171036204744,70.53682896379524,False,78.19511325129301
DHTL.NS,588,1014,0.6329588014981273,36.70411985018727,False,40.68913857677903
DHUNINV.NS,1602,0,0.0,100.0,True,100.0
DIACABS.NS,1602,0,0.0,100.0,True,100.0
DIAMINESQ.NS,675,927,0.5786516853932584,42.134831460674164,False,46.70947030497592
DIAMONDYD.NS,1602,0,0.0,100.0,True,100.0
DICIND.NS,1602,0,0.0,100.0,True,100.0
DIGIDRIVE.NS,603,999,0.6235955056179775,37.64044943820225,False,41.7271268057785
DIGIKORE.NS,669,933,0.5823970037453183,41.760299625468164,False,46.29427501337614
DIGISPICE.NS,1602,0,0.0,100.0,True,100.0
DIGJAMLMTD.NS,1602,0,0.0,100.0,True,100.0
DISHTV.NS,1602,0,0.0,100.0,True,100.0
DIVGIITTS.NS,806,796,0.4968789013732834,50.31210986267166,False,55.77456750490458
DIVISLAB.NS,1602,0,0.0,100.0,True,100.0
DIXON.NS,1602,0,0.0,100.0,True,100.0
DJML.NS,875,727,0.45380774032459426,54.61922596754057,False,60.54931335830212
DKEGL.NS,1142,460,0.28714107365792757,71.28589263420724,False,79.0255038344926
DLF.NS,1602,0,0.0,100.0,True,100.0
DLINKINDIA.NS,1602,0,0.0,100.0,True,100.0
DMART.NS,1602,0,0.0,100.0,True,100.0
DMCC.NS,1126,476,0.29712858926342073,70.28714107365792,False,77.9183163902265
DNAMEDIA.NS,1602,0,0.0,100.0,True,100.0
DODLA.NS,1232,370,0.23096129837702872,76.90387016229712,False,85.25343320848938
DOLATALGO.NS,1602,0,0.0,100.0,True,100.0
DOLLAR.NS,1602,0,0.0,100.0,True,100.0
DOLLEX.NS,858,744,0.46441947565543074,53.558052434456926,False,59.3729266987694
DOLPHIN.NS,1602,0,0.0,100.0,True,100.0
DOMS.NS,617,985,0.614856429463171,38.5143570536829,False,42.69591581951133
DONEAR.NS,1602,0,0.0,100.0,True,100.0
DPABHUSHAN.NS,1602,0,0.0,100.0,True,100.0
DPSCLTD.NS,1602,0,0.0,100.0,True,100.0
DPWIRES.NS,1602,0,0.0,100.0,True,100.0
DRCSYSTEMS.NS,1304,298,0.18601747815230962,81.39825218476904,False,88.83895131086142
DREAMFOLKS.NS,936,666,0.4157303370786517,58.42696629213483,False,64.77046548956662
DREDGECORP.NS,1602,0,0.0,100.0,True,100.0
DRONE.NS,719,883,0.5511860174781523,44.881398252184766,False,49.75423577670768
DRREDDY.NS,1602,0,0.0,100.0,True,100.0
DRSDILIP.NS,1602,0,0.0,100.0,True,100.0
DSSL.NS,1602,0,0.0,100.0,True,100.0
DTIL.NS,1602,0,0.0,100.0,True,100.0
DUCOL.NS,842,760,0.47440699126092384,52.55930087390761,False,58.26573925450329
DUCON.NS,1602,0,0.0,100.0,True,100.0
DUGLOBAL.NS,1177,425,0.26529338327091134,73.47066167290886,False,81.44747636882468
DVL.NS,1602,0,0.0,100.0,True,100.0
DWARKESH.NS,1602,0,0.0,100.0,True,100.0
DYCL.NS,962,640,0.3995006242197253,60.04993757802747,False,66.56964508649901
DYNAMATECH.NS,1602,0,0.0,100.0,True,100.0
DYNAMIC.NS,1148,454,0.2833957553058677,71.66042446941323,False,79.44069912609237
DYNPRO.NS,1602,0,0.0,100.0,True,100.0
E2E.NS,1602,0,0.0,100.0,True,100.0
EASEMYTRIP.NS,1298,304,0.18976279650436953,81.02372034956305,False,88.61423220973782
EASTSILK.NS,1602,0,0.0,100.0,True,100.0
ECLERX.NS,1602,0,0.0,100.0,True,100.0
EDELWEISS.NS,1602,0,0.0,100.0,True,100.0
EFACTOR.NS,666,936,0.5842696629213483,41.57303370786517,False,46.08667736757624
EFORCE.NS,613,989,0.6173533083645443,38.26466916354557,False,42.4191189584448
EICHERMOT.NS,1602,0,0.0,100.0,True,100.0
EIDPARRY.NS,1602,0,0.0,100.0,True,100.0
EIFFL.NS,1602,0,0.0,100.0,True,100.0
EIHAHOTELS.NS,1602,0,0.0,100.0,True,100.0
EIHOTEL.NS,1602,0,0.0,100.0,True,100.0
EIMCOELECO.NS,1602,0,0.0,100.0,True,100.0
EKC.NS,1602,0,0.0,100.0,True,100.0
ELDEHSG.NS,1035,567,0.3539325842696629,64.60674157303372,False,71.62118780096309
ELECON.NS,1602,0,0.0,100.0,True,100.0
ELECTCAST.NS,1602,0,0.0,100.0,True,100.0
ELECTHERM.NS,1602,0,0.0,100.0,True,100.0
ELGIEQUIP.NS,1602,0,0.0,100.0,True,100.0
ELGIRUBCO.NS,1602,0,0.0,100.0,True,100.0
ELIN.NS,856,746,0.4656679151061174,53.433208489388264,False,59.23452826823613
EMAMILTD.NS,1602,0,0.0,100.0,True,100.0
EMAMIREAL.NS,1602,0,0.0,100.0,True,100.0
EMBASSY.NS,1602,0,0.0,100.0,True,100.0
EMBDL.NS,1602,0,0.0,100.0,True,100.0
EMIL.NS,908,694,0.4332084893882647,56.67915106117354,False,62.832887462100956
EMKAY.NS,1602,0,0.0,100.0,True,100.0
EMKAYTOOLS.NS,1602,0,0.0,100.0,True,100.0
EMMBI.NS,1602,0,0.0,100.0,True,100.0
EMMIL.NS,520,1082,0.6754057428214731,32.45942571785269,False,35.98359193864812
EMSLIMITED.NS,677,925,0.5774032459425718,42.259675405742826,False,46.84786873550918
EMUDHRA.NS,1002,600,0.37453183520599254,62.546816479400746,False,69.33761369716426
ENDURANCE.NS,1602,0,0.0,100.0,True,100.0
ENERGYDEV.NS,1602,0,0.0,100.0,True,100.0
ENFUSE.NS,554,1048,0.6541822721598003,34.58177278401997,False,38.33636525771357
ENGINERSIN.NS,1602,0,0.0,100.0,True,100.0
ENIL.NS,1602,0,0.0,100.0,True,100.0
ENSER.NS,554,1048,0.6541822721598003,34.58177278401997,False,38.33636525771357
ENTERO.NS,578,1024,0.6392009987515606,36.079900124843945,False,39.997146424112714
EPACK.NS,591,1011,0.6310861423220974,36.89138576779026,False,40.89673622257892
EPIGRAL.NS,1196,406,0.2534332084893883,74.65667915106118,False,82.76226145889068
EPL.NS,1602,0,0.0,100.0,True,100.0
EQUIPPP.NS,1602,0,0.0,100.0,True,100.0
EQUITASBNK.NS,1393,209,0.13046192259675407,86.95380774032459,False,92.17228464419475
ERIS.NS,1602,0,0.0,100.0,True,100.0
ESABINDIA.NS,1602,0,0.0,100.0,True,100.0
ESAFSFB.NS,643,959,0.5986267166042447,40.13732833957553,False,44.49509541644373
ESCONET.NS,573,1029,0.6423220973782772,35.767790262172284,False,39.65115034777956
ESCORTS.NS,1602,0,0.0,100.0,True,100.0
ESFL.NS,730,872,0.5443196004993758,45.56803995006242,False,50.515427144640626
ESG.NS,693,909,0.5674157303370787,43.25842696629213,False,47.955056179775276
ESSARSHPNG.NS,1602,0,0.0,100.0,True,100.0
ESSENTIA.NS,1602,0,0.0,100.0,True,100.0
ESTER.NS,1602,0,0.0,100.0,True,100.0
ETERNAL.NS,1214,388,0.2421972534332085,75.78027465667915,False,84.00784733369002
ETHOSLTD.NS,1004,598,0.3732833957553059,62.67166042446941,False,69.47601212769752
EUROTEXIND.NS,1602,0,0.0,100.0,True,100.0
EVEREADY.NS,1602,0,0.0,100.0,True,100.0
EVERESTIND.NS,1602,0,0.0,100.0,True,100.0
EXCELINDUS.NS,1602,0,0.0,100.0,True,100.0
EXICOM.NS,566,1036,0.6466916354556804,35.33083645443196,False,39.16675584091314
EXIDEIND.NS,1602,0,0.0,100.0,True,100.0
EXPLEOSOL.NS,1602,0,0.0,100.0,True,100.0
EXXARO.NS,1198,404,0.25218476903870163,74.78152309612985,False,82.90065988942393
FACT.NS,1602,0,0.0,100.0,True,100.0
FAIRCHEMOR.NS,1356,246,0.15355805243445692,84.64419475655431,False,90.7865168539326
FAZE3Q.NS,886,716,0.4469413233458177,55.305867665418226,False,61.31050472623507
FCL.NS,1602,0,0.0,100.0,True,100.0
FCSSOFT.NS,1602,0,0.0,100.0,True,100.0
FDC.NS,1602,0,0.0,100.0,True,100.0
FEDERALBNK.NS,1602,0,0.0,100.0,True,100.0
FEDFINA.NS,631,971,0.6061173533083646,39.38826466916354,False,43.66470483324416
FEL.NS,1602,0,0.0,100.0,True,100.0
FELDVR.NS,1602,0,0.0,100.0,True,100.0
FELIX.NS,1602,0,0.0,100.0,True,100.0
FIBERWEB.NS,1072,530,0.33083645443196,66.91635455680401,False,74.18155876582844
FIDEL.NS,985,617,0.38514357053682896,61.48564294631711,False,68.16122703763153
FIEMIND.NS,1602,0,0.0,100.0,True,100.0
FILATEX.NS,1602,0,0.0,100.0,True,100.0
FILATFASH.NS,528,1074,0.6704119850187266,32.95880149812734,False,36.53718566078117
FINCABLES.NS,1602,0,0.0,100.0,True,100.0
FINEORG.NS,1602,0,0.0,100.0,True,100.0
FINOPB.NS,1138,464,0.28963795255930086,71.0362047440699,False,78.74870697342607
FINPIPE.NS,1602,0,0.0,100.0,True,100.0
FIVESTAR.NS,885,717,0.44756554307116103,55.243445692883896,False,61.24130551096843
FLAIR.NS,630,972,0.6067415730337079,39.32584269662921,False,43.59550561797752
FLEXITUFF.NS,1602,0,0.0,100.0,True,100.0
FLFL.NS,1602,0,0.0,100.0,True,100.0
FLUOROCHEM.NS,1602,0,0.0,100.0,True,100.0
FMGOETZE.NS,1602,0,0.0,100.0,True,100.0
FMNL.NS,1602,0,0.0,100.0,True,100.0
FOCUS.NS,1602,0,0.0,100.0,True,100.0
FONEBOX.NS,588,1014,0.6329588014981273,36.70411985018727,False,40.68913857677903
FOODSIN.NS,1136,466,0.2908863920099875,70.91136079900124,False,78.61030854289281
FORCEMOT.NS,1564,38,0.02372034956304619,97.62796504369538,True,98.57677902621722
FORTIS.NS,1602,0,0.0,100.0,True,100.0
FOSECOIND.NS,1602,0,0.0,100.0,True,100.0
FROG.NS,910,692,0.43196004993757803,56.803995006242204,False,62.971285892634214
FSL.NS,1602,0,0.0,100.0,True,100.0
FUSION.NS,889,713,0.44506866416978774,55.493133583021226,False,61.51810237203496
GABRIEL.NS,1602,0,0.0,100.0,True,100.0
GAEL.NS,1602,0,0.0,100.0,True,100.0
GAIL.NS,1602,0,0.0,100.0,True,100.0
GALAXYSURF.NS,1602,0,0.0,100.0,True,100.0
GALLANTT.NS,1602,0,0.0,100.0,True,100.0
GANDHAR.NS,631,971,0.6061173533083646,39.38826466916354,False,43.66470483324416
GANDHITUBE.NS,1602,0,0.0,100.0,True,100.0
GANECOS.NS,1602,0,0.0,100.0,True,100.0
GANESHBE.NS,1177,425,0.26529338327091134,73.47066167290886,False,81.44747636882468
GANESHHOU.NS,1602,0,0.0,100.0,True,100.0
GANGAFORGE.NS,1602,0,0.0,100.0,True,100.0
GANGESSECU.NS,1602,0,0.0,100.0,True,100.0
GARFIBRES.NS,1602,0,0.0,100.0,True,100.0
GATECH.NS,1602,0,0.0,100.0,True,100.0
GATECHDVR.NS,1602,0,0.0,100.0,True,100.0
GATEWAY.NS,1050,552,0.3445692883895131,65.54307116104869,False,72.65917602996254
GAYAHWS.NS,1602,0,0.0,100.0,True,100.0
GAYAPROJ.NS,1602,0,0.0,100.0,True,100.0
GEECEE.NS,1602,0,0.0,100.0,True,100.0
GEEKAYWIRE.NS,1602,0,0.0,100.0,True,100.0
GENCON.NS,1320,282,0.1760299625468165,82.39700374531836,False,89.43820224719101
GENESYS.NS,1602,0,0.0,100.0,True,100.0
GENUSPAPER.NS,1602,0,0.0,100.0,True,100.0
GENUSPOWER.NS,1602,0,0.0,100.0,True,100.0
GEOJITFSL.NS,1602,0,0.0,100.0,True,100.0
GESHIP.NS,1602,0,0.0,100.0,True,100.0
GFLLIMITED.NS,1602,0,0.0,100.0,True,100.0
GHCL.NS,1602,0,0.0,100.0,True,100.0
GHCLTEXTIL.NS,747,855,0.5337078651685393,46.62921348314607,False,51.69181380417335
GICHSGFIN.NS,1602,0,0.0,100.0,True,100.0
GICL.NS,1602,0,0.0,100.0,True,100.0
GICRE.NS,1602,0,0.0,100.0,True,100.0
GILLANDERS.NS,1602,0,0.0,100.0,True,100.0
GILLETTE.NS,1602,0,0.0,100.0,True,100.0
GINNIFILA.NS,1602,0,0.0,100.0,True,100.0
GIPCL.NS,1602,0,0.0,100.0,True,100.0
GIRIRAJ.NS,1602,0,0.0,100.0,True,100.0
GKWLIMITED.NS,1602,0,0.0,100.0,True,100.0
GLAND.NS,1379,223,0.13920099875156056,86.07990012484395,False,91.64794007490636
GLAXO.NS,1602,0,0.0,100.0,True,100.0
GLENMARK.NS,1602,0,0.0,100.0,True,100.0
GLFL.NS,1602,0,0.0,100.0,True,100.0
GLOBAL.NS,1602,0,0.0,100.0,True,100.0
GLOBALPET.NS,728,874,0.5455680399500624,45.44319600499376,False,50.37702871410736
GLOBALVECT.NS,1602,0,0.0,100.0,True,100.0
GLOBE.NS,1602,0,0.0,100.0,True,100.0
GLOBUSSPR.NS,1602,0,0.0,100.0,True,100.0
GLOSTERLTD.NS,533,1069,0.66729088639201,33.270911360799005,False,36.88318173711433
GMBREW.NS,1602,0,0.0,100.0,True,100.0
GMDCLTD.NS,1602,0,0.0,100.0,True,100.0
GMMPFAUDLR.NS,1602,0,0.0,100.0,True,100.0
GMRAIRPORT.NS,1602,0,0.0,100.0,True,100.0
GMRP&UI.NS,1049,553,0.34519350811485644,65.48064918851435,False,72.58997681469592
GNA.NS,1602,0,0.0,100.0,True,100.0
GNFC.NS,1602,0,0.0,100.0,True,100.0
GOACARBON.NS,1602,0,0.0,100.0,True,100.0
GOCLCORP.NS,1602,0,0.0,100.0,True,100.0
GOCOLORS.NS,1127,475,0.2965043695380774,70.34956304619226,False,77.98751560549313
GODFRYPHLP.NS,1602,0,0.0,100.0,True,100.0
GODIGIT.NS,516,1086,0.6779026217228464,32.20973782771536,False,35.70679507758159
GODREJAGRO.NS,1602,0,0.0,100.0,True,100.0
GODREJCP.NS,1602,0,0.0,100.0,True,100.0
GODREJIND.NS,1602,0,0.0,100.0,True,100.0
GODREJPROP.NS,1602,0,0.0,100.0,True,100.0
GOKEX.NS,1602,0,0.0,100.0,True,100.0
GOKUL.NS,1602,0,0.0,100.0,True,100.0
GOKULAGRO.NS,1602,0,0.0,100.0,True,100.0
GOODLUCK.NS,1602,0,0.0,100.0,True,100.0
GOODYEAR.NS,1026,576,0.3595505617977528,64.04494382022472,False,70.99839486356339
GOPAL.NS,560,1042,0.6504369538077404,34.95630461922596,False,38.75156054931335
GOYALALUM.NS,895,707,0.44132334581772786,55.867665418227205,False,61.93329766363473
GOYALSALT.NS,664,938,0.5855181023720349,41.4481897627965,False,45.94827893704298
GPIL.NS,1602,0,0.0,100.0,True,100.0
GPPL.NS,1602,0,0.0,100.0,True,100.0
GPTHEALTH.NS,569,1033,0.6448189762796505,35.51810237203495,False,39.374353486713034
GPTINFRA.NS,1602,0,0.0,100.0,True,100.0
GRANULES.NS,1602,0,0.0,100.0,True,100.0
GRAPHISAD.NS,622,980,0.6117353308364545,38.826466916354555,False,43.04191189584448
GRAPHITE.NS,1602,0,0.0,100.0,True,100.0
GRASIM.NS,1602,0,0.0,100.0,True,100.0
GRAUWEIL.NS,630,972,0.6067415730337079,39.32584269662921,False,43.59550561797752
GRAVITA.NS,1602,0,0.0,100.0,True,100.0
GRCL.NS,830,772,0.4818976279650437,51.810237203495625,False,57.43534867130372
GREAVESCOT.NS,1602,0,0.0,100.0,True,100.0
GREENCHEF.NS,730,872,0.5443196004993758,45.56803995006242,False,50.515427144640626
GREENLAM.NS,1602,0,0.0,100.0,True,100.0
GREENPANEL.NS,1602,0,0.0,100.0,True,100.0
GREENPLY.NS,1602,0,0.0,100.0,True,100.0
GREENPOWER.NS,1602,0,0.0,100.0,True,100.0
GRETEX.NS,1602,0,0.0,100.0,True,100.0
GRINDWELL.NS,1602,0,0.0,100.0,True,100.0
GRINFRA.NS,1217,385,0.24032459425717853,75.96754057428214,False,84.21544497948992
GRMOVER.NS,935,667,0.416354556803995,58.3645443196005,False,64.70126627429998
GROBTEA.NS,1602,0,0.0,100.0,True,100.0
GRPLTD.NS,1602,0,0.0,100.0,True,100.0
GRSE.NS,1602,0,0.0,100.0,True,100.0
GRWRHITECH.NS,1081,521,0.3252184769038702,67.47815230961298,False,74.8043517032281
GSFC.NS,1602,0,0.0,100.0,True,100.0
GSLSU.NS,799,803,0.5012484394506866,49.87515605493134,False,55.290172998038166
GSMFOILS.NS,510,1092,0.6816479400749064,31.835205992509362,False,35.2915997859818
GSS.NS,1602,0,0.0,100.0,True,100.0
GSTL.NS,991,611,0.381398252184769,61.8601747815231,False,68.57642232923132
GTECJAINX.NS,1602,0,0.0,100.0,True,100.0
GTL.NS,1602,0,0.0,100.0,True,100.0
GTLINFRA.NS,1602,0,0.0,100.0,True,100.0
GTPL.NS,1602,0,0.0,100.0,True,100.0
GUFICBIO.NS,1602,0,0.0,100.0,True,100.0
GUJALKALI.NS,1602,0,0.0,100.0,True,100.0
GUJAPOLLO.NS,1602,0,0.0,100.0,True,100.0
GUJGASLTD.NS,1602,0,0.0,100.0,True,100.0
GUJRAFFIA.NS,1593,9,0.0056179775280898875,99.43820224719101,True,99.6629213483146
GULFOILLUB.NS,1602,0,0.0,100.0,True,100.0
GULFPETRO.NS,1602,0,0.0,100.0,True,100.0
GULPOLY.NS,1602,0,0.0,100.0,True,100.0
GVKPIL.NS,1602,0,0.0,100.0,True,100.0
GVPIL.NS,1602,0,0.0,100.0,True,100.0
GVPTECH.NS,1602,0,0.0,100.0,True,100.0
GVT&D.NS,1602,0,0.0,100.0,True,100.0
HAL.NS,1602,0,0.0,100.0,True,100.0
HALEOSLABS.NS,1602,0,0.0,100.0,True,100.0
HAPPSTMNDS.NS,1424,178,0.1111111111111111,88.88888888888889,False,93.33333333333333
HAPPYFORGE.NS,613,989,0.6173533083645443,38.26466916354557,False,42.4191189584448
HARDWYN.NS,1035,567,0.3539325842696629,64.60674157303372,False,71.62118780096309
HARIOMPIPE.NS,1034,568,0.3545568039950062,64.54431960049938,False,71.55198858569645
HARRMALAYA.NS,1602,0,0.0,100.0,True,100.0
HARSHA.NS,922,680,0.42446941323345816,57.55305867665419,False,63.80167647583379
HATHWAY.NS,1602,0,0.0,100.0,True,100.0
HATSUN.NS,1602,0,0.0,100.0,True,100.0
HAVELLS.NS,1602,0,0.0,100.0,True,100.0
HAVISHA.NS,1602,0,0.0,100.0,True,100.0
HBLENGINE.NS,1602,0,0.0,100.0,True,100.0
HBSL.NS,1602,0,0.0,100.0,True,100.0
HCC.NS,1602,0,0.0,100.0,True,100.0
HCG.NS,1602,0,0.0,100.0,True,100.0
HCL-INSYS.NS,1602,0,0.0,100.0,True,100.0
HCLTECH.NS,1602,0,0.0,100.0,True,100.0
HDFCAMC.NS,1602,0,0.0,100.0,True,100.0
HDFCBANK.NS,1602,0,0.0,100.0,True,100.0
HDFCLIFE.NS,1602,0,0.0,100.0,True,100.0
HDIL.NS,1602,0,0.0,100.0,True,100.0
HEADSUP.NS,1602,0,0.0,100.0,True,100.0
HECPROJECT.NS,1602,0,0.0,100.0,True,100.0
HEG.NS,1602,0,0.0,100.0,True,100.0
HEIDELBERG.NS,1602,0,0.0,100.0,True,100.0
HEMIPROP.NS,1400,202,0.12609238451935081,87.39076154806492,False,92.43445692883896
HERANBA.NS,1307,295,0.18414481897627966,81.58551810237203,False,88.95131086142322
HERITGFOOD.NS,1602,0,0.0,100.0,True,100.0
HEROMOTOCO.NS,1602,0,0.0,100.0,True,100.0
HESTERBIO.NS,1602,0,0.0,100.0,True,100.0
HEXATRADEX.NS,1602,0,0.0,100.0,True,100.0
HFCL.NS,1602,0,0.0,100.0,True,100.0
HGINFRA.NS,1602,0,0.0,100.0,True,100.0
HGM.NS,1602,0,0.0,100.0,True,100.0
HGS.NS,1602,0,0.0,100.0,True,100.0
HIGREEN.NS,672,930,0.5805243445692884,41.947565543071164,False,46.50187265917603
HIKAL.NS,1602,0,0.0,100.0,True,100.0
HILTON.NS,1602,0,0.0,100.0,True,100.0
HIMATSEIDE.NS,1602,0,0.0,100.0,True,100.0
HINDALCO.NS,1602,0,0.0,100.0,True,100.0
HINDCOMPOS.NS,1602,0,0.0,100.0,True,100.0
HINDCON.NS,1602,0,0.0,100.0,True,100.0
HINDCOPPER.NS,1602,0,0.0,100.0,True,100.0
HINDOILEXP.NS,1602,0,0.0,100.0,True,100.0
HINDPETRO.NS,1602,0,0.0,100.0,True,100.0
HINDUNILVR.NS,1602,0,0.0,100.0,True,100.0
HINDWAREAP.NS,1602,0,0.0,100.0,True,100.0
HINDZINC.NS,1602,0,0.0,100.0,True,100.0
HIRECT.NS,1602,0,0.0,100.0,True,100.0
HISARMETAL.NS,1602,0,0.0,100.0,True,100.0
HITECH.NS,1602,0,0.0,100.0,True,100.0
HITECHCORP.NS,1602,0,0.0,100.0,True,100.0
HITECHGEAR.NS,1602,0,0.0,100.0,True,100.0
HLEGLAS.NS,1316,286,0.17852684144818975,82.14731585518102,False,89.28838951310861
HLVLTD.NS,1602,0,0.0,100.0,True,100.0
HMAAGRO.NS,732,870,0.5430711610486891,45.69288389513109,False,50.6538255751739
HMT.NS,1602,0,0.0,100.0,True,100.0
HMVL.NS,1602,0,0.0,100.0,True,100.0
HNDFDS.NS,1602,0,0.0,100.0,True,100.0
HOACFOODS.NS,515,1087,0.6785268414481898,32.14731585518103,False,35.63759586231497
HOLMARC.NS,675,927,0.5786516853932584,42.134831460674164,False,46.70947030497592
HOMEFIRST.NS,1329,273,0.1704119850187266,82.95880149812734,False,89.7752808988764
HOMESFY.NS,855,747,0.46629213483146065,53.37078651685394,False,59.16532905296951
HONASA.NS,646,956,0.5967540574282147,40.324594257178525,False,44.702693062243625
HONAUT.NS,1602,0,0.0,100.0,True,100.0
HPAL.NS,1108,494,0.3083645443196005,69.16354556803995,False,76.67273051542715
HPIL.NS,1573,29,0.018102372034956304,98.18976279650437,True,98.91385767790263
HPL.NS,1602,0,0.0,100.0,True,100.0
HRHNEXT.NS,608,994,0.6204744069912609,37.952559300873915,False,42.07312288211165
HSCL.NS,1602,0,0.0,100.0,True,100.0
HTMEDIA.NS,1602,0,0.0,100.0,True,100.0
HUBTOWN.NS,1602,0,0.0,100.0,True,100.0
HUDCO.NS,1602,0,0.0,100.0,True,100.0
HUHTAMAKI.NS,1602,0,0.0,100.0,True,100.0
HYBRIDFIN.NS,874,728,0.4544319600499376,54.55680399500624,False,60.48011414303549
IBLFL.NS,599,1003,0.6260923845193508,37.39076154806492,False,41.45032994471197
IBULLSLTD.NS,1602,0,0.0,100.0,True,100.0
ICDSLTD.NS,1226,376,0.23470661672908863,76.52933832709114,False,84.8382379168896
ICEMAKE.NS,1602,0,0.0,100.0,True,100.0
ICICIBANK.NS,1602,0,0.0,100.0,True,100.0
ICICIGI.NS,1602,0,0.0,100.0,True,100.0
ICICIPRULI.NS,1602,0,0.0,100.0,True,100.0
ICIL.NS,1602,0,0.0,100.0,True,100.0
ICRA.NS,1602,0,0.0,100.0,True,100.0
IDBI.NS,1602,0,0.0,100.0,True,100.0
IDEA.NS,1602,0,0.0,100.0,True,100.0
IDEAFORGE.NS,729,873,0.5449438202247191,45.50561797752809,False,50.446227929374004
IDFCFIRSTB.NS,1602,0,0.0,100.0,True,100.0
IEML.NS,517,1085,0.6772784019975031,32.27215980024969,False,35.775994292848225
IEX.NS,1602,0,0.0,100.0,True,100.0
IFBAGRO.NS,1602,0,0.0,100.0,True,100.0
IFBIND.NS,1602,0,0.0,100.0,True,100.0
IFCI.NS,1602,0,0.0,100.0,True,100.0
IFGLEXPOR.NS,1602,0,0.0,100.0,True,100.0
IGARASHI.NS,1602,0,0.0,100.0,True,100.0
IGL.NS,1602,0,0.0,100.0,True,100.0
IGPL.NS,1602,0,0.0,100.0,True,100.0
IIFL.NS,1602,0,0.0,100.0,True,100.0
IIFLCAPS.NS,1602,0,0.0,100.0,True,100.0
IITL.NS,1602,0,0.0,100.0,True,100.0
IKIO.NS,743,859,0.5362047440699126,46.379525593008744,False,51.415016943106835
IL&FSENGG.NS,1602,0,0.0,100.0,True,100.0
IL&FSTRANS.NS,1602,0,0.0,100.0,True,100.0
IMAGICAA.NS,1602,0,0.0,100.0,True,100.0
IMFA.NS,1602,0,0.0,100.0,True,100.0
IMPAL.NS,1602,0,0.0,100.0,True,100.0
IMPEXFERRO.NS,1602,0,0.0,100.0,True,100.0
INCREDIBLE.NS,1602,0,0.0,100.0,True,100.0
INDBANK.NS,1602,0,0.0,100.0,True,100.0
INDGN.NS,523,1079,0.6735330836454432,32.64669163545568,False,36.19118958444801
INDHOTEL.NS,1602,0,0.0,100.0,True,100.0
INDIACEM.NS,1602,0,0.0,100.0,True,100.0
INDIAGLYCO.NS,1602,0,0.0,100.0,True,100.0
INDIAMART.NS,1602,0,0.0,100.0,True,100.0
INDIANB.NS,1602,0,0.0,100.0,True,100.0
INDIANCARD.NS,1602,0,0.0,100.0,True,100.0
INDIANHUME.NS,1602,0,0.0,100.0,True,100.0
INDIASHLTR.NS,617,985,0.614856429463171,38.5143570536829,False,42.69591581951133
INDIFRA.NS,611,991,0.6186017478152309,38.13982521847691,False,42.28072052791154
INDIGO.NS,1602,0,0.0,100.0,True,100.0
INDIGOPNTS.NS,1330,272,0.16978776529338327,83.02122347066168,False,89.81273408239701
INDIGRID.NS,1602,0,0.0,100.0,True,100.0
INDNIPPON.NS,1602,0,0.0,100.0,True,100.0
INDOAMIN.NS,1024,578,0.36079900124843944,63.920099875156055,False,70.85999643303015
INDOBORAX.NS,1045,557,0.34769038701622973,65.23096129837703,False,72.3131799536294
INDOCO.NS,1602,0,0.0,100.0,True,100.0
INDORAMA.NS,1602,0,0.0,100.0,True,100.0
INDOSTAR.NS,1602,0,0.0,100.0,True,100.0
INDOTECH.NS,1602,0,0.0,100.0,True,100.0
INDOTHAI.NS,1602,0,0.0,100.0,True,100.0
INDOWIND.NS,1602,0,0.0,100.0,True,100.0
INDRAMEDCO.NS,1602,0,0.0,100.0,True,100.0
INDSWFTLAB.NS,1602,0,0.0,100.0,True,100.0
INDTERRAIN.NS,1602,0,0.0,100.0,True,100.0
INDUSINDBK.NS,1602,0,0.0,100.0,True,100.0
INDUSTOWER.NS,1602,0,0.0,100.0,True,100.0
INFINIUM.NS,786,816,0.5093632958801498,49.063670411985015,False,54.390583199571964
INFOBEAN.NS,1602,0,0.0,100.0,True,100.0
INFOLLION.NS,749,853,0.5324594257178527,46.754057428214736,False,51.83021223470662
INFOMEDIA.NS,1602,0,0.0,100.0,True,100.0
INFY.NS,1602,0,0.0,100.0,True,100.0
INGERRAND.NS,1602,0,0.0,100.0,True,100.0
INM.NS,573,1029,0.6423220973782772,35.767790262172284,False,39.65115034777956
INNOVACAP.NS,611,991,0.6186017478152309,38.13982521847691,False,42.28072052791154
INNOVANA.NS,1602,0,0.0,100.0,True,100.0
INOXGREEN.NS,883,719,0.4488139825218477,55.118601747815234,False,61.10290708043517
INOXINDIA.NS,616,986,0.6154806491885143,38.45193508114857,False,42.62671660424469
INOXWIND.NS,1602,0,0.0,100.0,True,100.0
INSECTICID.NS,1602,0,0.0,100.0,True,100.0
INSPIRE.NS,668,934,0.5830212234706617,41.69787765293383,False,46.2250757981095
INSPIRISYS.NS,1602,0,0.0,100.0,True,100.0
INTELLECT.NS,1602,0,0.0,100.0,True,100.0
INTENTECH.NS,1602,0,0.0,100.0,True,100.0
INTLCONV.NS,1177,425,0.26529338327091134,73.47066167290886,False,81.44747636882468
INVENTURE.NS,1602,0,0.0,100.0,True,100.0
IOB.NS,1602,0,0.0,100.0,True,100.0
IOC.NS,1602,0,0.0,100.0,True,100.0
IOLCP.NS,1602,0,0.0,100.0,True,100.0
IONEXCHANG.NS,1068,534,0.3333333333333333,66.66666666666667,False,73.9047619047619
IPCALAB.NS,1602,0,0.0,100.0,True,100.0
IPL.NS,1227,375,0.2340823970037453,76.59176029962546,False,84.90743713215622
IPSL.NS,890,712,0.4444444444444444,55.55555555555556,False,61.587301587301596
IRB.NS,1602,0,0.0,100.0,True,100.0
IRBINVIT.NS,1602,0,0.0,100.0,True,100.0
IRCON.NS,1602,0,0.0,100.0,True,100.0
IRCTC.NS,1602,0,0.0,100.0,True,100.0
IREDA.NS,632,970,0.6054931335830213,39.45068664169787,False,43.73390404851078
IRFC.NS,1332,270,0.16853932584269662,83.14606741573034,False,89.88764044943821
IRIS.NS,1142,460,0.28714107365792757,71.28589263420724,False,79.0255038344926
IRISDOREME.NS,1602,0,0.0,100.0,True,100.0
IRMENERGY.NS,654,948,0.5917602996254682,40.823970037453186,False,45.25628678437667
ISFT.NS,1602,0,0.0,100.0,True,100.0
ISGEC.NS,1269,333,0.20786516853932585,79.21348314606742,False,87.52808988764045
ISHAN.NS,923,679,0.42384519350811484,57.61548064918851,False,63.87087569110041
IT.NS,1308,294,0.18352059925093633,81.64794007490637,False,88.98876404494382
ITALIANE.NS,582,1020,0.6367041198501873,36.329588014981276,False,40.27394328517924
ITC.NS,1602,0,0.0,100.0,True,100.0
ITDC.NS,1602,0,0.0,100.0,True,100.0
ITI.NS,1602,0,0.0,100.0,True,100.0
IVC.NS,1602,0,0.0,100.0,True,100.0
IVP.NS,1602,0,0.0,100.0,True,100.0
IZMO.NS,1602,0,0.0,100.0,True,100.0
J&KBANK.NS,1602,0,0.0,100.0,True,100.0
JAGRAN.NS,1602,0,0.0,100.0,True,100.0
JAGSNPHARM.NS,1602,0,0.0,100.0,True,100.0
JAIBALAJI.NS,1602,0,0.0,100.0,True,100.0
JAICORPLTD.NS,1602,0,0.0,100.0,True,100.0
JAINAM.NS,1151,451,0.2815230961298377,71.84769038701623,False,79.64829677189228
JAIPURKURT.NS,1602,0,0.0,100.0,True,100.0
JAKHARIA.NS,1602,0,0.0,100.0,True,100.0
JALAN.NS,1602,0,0.0,100.0,True,100.0
JAMNAAUTO.NS,1602,0,0.0,100.0,True,100.0
JASH.NS,1602,0,0.0,100.0,True,100.0
JAYAGROGN.NS,1602,0,0.0,100.0,True,100.0
JAYBARMARU.NS,1602,0,0.0,100.0,True,100.0
JAYNECOIND.NS,1602,0,0.0,100.0,True,100.0
JAYSREETEA.NS,1602,0,0.0,100.0,True,100.0
JBCHEPHARM.NS,1602,0,0.0,100.0,True,100.0
JBMA.NS,1602,0,0.0,100.0,True,100.0
JETFREIGHT.NS,1602,0,0.0,100.0,True,100.0
JETKNIT.NS,1602,0,0.0,100.0,True,100.0
JFLLIFE.NS,934,668,0.41697877652933835,58.30212234706617,False,64.63206705903335
JGCHEM.NS,561,1041,0.649812734082397,35.0187265917603,False,38.82075976457999
JHS.NS,1602,0,0.0,100.0,True,100.0
JINDALPHOT.NS,1602,0,0.0,100.0,True,100.0
JINDALPOLY.NS,1602,0,0.0,100.0,True,100.0
JINDALSAW.NS,1602,0,0.0,100.0,True,100.0
JINDALSTEL.NS,1602,0,0.0,100.0,True,100.0
JINDRILL.NS,1602,0,0.0,100.0,True,100.0
JINDWORLD.NS,1602,0,0.0,100.0,True,100.0
JIOFIN.NS,699,903,0.5636704119850188,43.63295880149812,False,48.370251471375056
JISLDVREQS.NS,1602,0,0.0,100.0,True,100.0
JISLJALEQS.NS,1602,0,0.0,100.0,True,100.0
JITFINFRA.NS,1602,0,0.0,100.0,True,100.0
JIWANRAM.NS,679,923,0.5761548064918851,42.38451935081149,False,46.986267166042445
JKCEMENT.NS,1602,0,0.0,100.0,True,100.0
JKIL.NS,1602,0,0.0,100.0,True,100.0
JKLAKSHMI.NS,1602,0,0.0,100.0,True,100.0
JKPAPER.NS,1602,0,0.0,100.0,True,100.0
JKTYRE.NS,1602,0,0.0,100.0,True,100.0
JLHL.NS,679,923,0.5761548064918851,42.38451935081149,False,46.986267166042445
JMA.NS,1602,0,0.0,100.0,True,100.0
JMFINANCIL.NS,1602,0,0.0,100.0,True,100.0
JNKINDIA.NS,531,1071,0.6685393258426966,33.14606741573034,False,36.74478330658106
JOCIL.NS,1602,0,0.0,100.0,True,100.0
JPOLYINVST.NS,1602,0,0.0,100.0,True,100.0
JPPOWER.NS,1602,0,0.0,100.0,True,100.0
JSFB.NS,580,1022,0.6379525593008739,36.20474406991261,False,40.13554485464597
JSL.NS,1602,0,0.0,100.0,True,100.0
JSLL.NS,1022,580,0.3620474406991261,63.79525593008739,False,70.72159800249688
JSWDULUX.NS,1602,0,0.0,100.0,True,100.0
JSWENERGY.NS,1602,0,0.0,100.0,True,100.0
JSWHL.NS,1602,0,0.0,100.0,True,100.0
JSWINFRA.NS,670,932,0.581772784019975,41.8227215980025,False,46.36347422864277
JSWSTEEL.NS,1602,0,0.0,100.0,True,100.0
JTEKTINDIA.NS,1602,0,0.0,100.0,True,100.0
JTLIND.NS,1110,492,0.30711610486891383,69.28838951310861,False,76.8111289459604
JUBLFOOD.NS,1602,0,0.0,100.0,True,100.0
JUBLINGREA.NS,1298,304,0.18976279650436953,81.02372034956305,False,88.61423220973782
JUBLPHARMA.NS,1602,0,0.0,100.0,True,100.0
JUNIPER.NS,570,1032,0.6441947565543071,35.580524344569284,False,39.44355270197967
JUSTDIAL.NS,1602,0,0.0,100.0,True,100.0
JWL.NS,1602,0,0.0,100.0,True,100.0
JYOTHYLAB.NS,1602,0,0.0,100.0,True,100.0
JYOTICNC.NS,599,1003,0.6260923845193508,37.39076154806492,False,41.45032994471197
JYOTISTRUC.NS,1602,0,0.0,100.0,True,100.0
K2INFRA.NS,545,1057,0.6598002496878901,34.01997503121099,False,37.7135723203139
KABRAEXTRU.NS,1602,0,0.0,100.0,True,100.0
KAJARIACER.NS,1602,0,0.0,100.0,True,100.0
KAKATCEM.NS,1602,0,0.0,100.0,True,100.0
KALAMANDIR.NS,673,929,0.579900124843945,42.009987515605495,False,46.57107187444266
KALYANIFRG.NS,1602,0,0.0,100.0,True,100.0
KALYANKJIL.NS,1293,309,0.19288389513108614,80.71161048689139,False,88.42696629213484
KAMATHOTEL.NS,1602,0,0.0,100.0,True,100.0
KAMDHENU.NS,1602,0,0.0,100.0,True,100.0
KAMOPAINTS.NS,839,763,0.4762796504369538,52.372034956304624,False,58.05814160870341
KANANIIND.NS,1602,0,0.0,100.0,True,100.0
KANDARP.NS,920,682,0.4257178526841448,57.42821473158553,False,63.663278045300515
KANORICHEM.NS,1602,0,0.0,100.0,True,100.0
KANPRPLA.NS,1350,252,0.15730337078651685,84.26966292134833,False,90.56179775280899
KANSAINER.NS,1602,0,0.0,100.0,True,100.0
KAPSTON.NS,1602,0,0.0,100.0,True,100.0
KARMAENG.NS,1602,0,0.0,100.0,True,100.0
KARNIKA.NS,663,939,0.5861423220973783,41.38576779026217,False,45.87907972177635
KARURVYSYA.NS,1602,0,0.0,100.0,True,100.0
KAUSHALYA.NS,1602,0,0.0,100.0,True,100.0
KAVDEFENCE.NS,1602,0,0.0,100.0,True,100.0
KAYA.NS,1602,0,0.0,100.0,True,100.0
KAYNES.NS,884,718,0.44818976279650435,55.181023720349565,False,61.1721062957018
KCEIL.NS,606,996,0.6217228464419475,37.827715355805246,False,41.93472445157838
KCK.NS,965,637,0.3976279650436954,60.23720349563047,False,66.77724273229892
KCP.NS,1602,0,0.0,100.0,True,100.0
KCPSUGIND.NS,1602,0,0.0,100.0,True,100.0
KDDL.NS,1602,0,0.0,100.0,True,100.0
KDL.NS,745,857,0.5349563046192259,46.504369538077405,False,51.55341537364009
KEC.NS,1602,0,0.0,100.0,True,100.0
KECL.NS,1602,0,0.0,100.0,True,100.0
KEEPLEARN.NS,1294,308,0.19225967540574282,80.77403245942571,False,88.46441947565543
KEI.NS,1602,0,0.0,100.0,True,100.0
KEL.NS,674,928,0.5792759051186017,42.072409488139826,False,46.64027108970929
KELLTONTEC.NS,1602,0,0.0,100.0,True,100.0
KENNAMET.NS,1026,576,0.3595505617977528,64.04494382022472,False,70.99839486356339
KERNEX.NS,1602,0,0.0,100.0,True,100.0
KESORAMIND.NS,1602,0,0.0,100.0,True,100.0
KEYFINSERV.NS,1602,0,0.0,100.0,True,100.0
KFINTECH.NS,857,745,0.46504369538077406,53.495630461922595,False,59.30372748350276
KHADIM.NS,1602,0,0.0,100.0,True,100.0
KHAICHEM.NS,1394,208,0.12983770287141075,87.01622971285893,False,92.20973782771536
KHAITANLTD.NS,1602,0,0.0,100.0,True,100.0
KHANDSE.NS,1602,0,0.0,100.0,True,100.0
KHFM.NS,1602,0,0.0,100.0,True,100.0
KICL.NS,1602,0,0.0,100.0,True,100.0
KILITCH.NS,1602,0,0.0,100.0,True,100.0
KIMS.NS,1232,370,0.23096129837702872,76.90387016229712,False,85.25343320848938
KINGFA.NS,1602,0,0.0,100.0,True,100.0
KIOCL.NS,1602,0,0.0,100.0,True,100.0
KIRIINDUS.NS,1602,0,0.0,100.0,True,100.0
KIRLFER.NS,1027,575,0.3589263420724095,64.10736579275905,False,71.06759407883004
KIRLOSBROS.NS,1602,0,0.0,100.0,True,100.0
KIRLOSENG.NS,1602,0,0.0,100.0,True,100.0
KIRLOSIND.NS,1602,0,0.0,100.0,True,100.0
KIRLPNU.NS,779,823,0.5137328339575531,48.62671660424469,False,53.90618869270554
KITEX.NS,1602,0,0.0,100.0,True,100.0
KKCL.NS,1602,0,0.0,100.0,True,100.0
KLL.NS,605,997,0.6223470661672909,37.765293383270915,False,41.865525236311754
KMSUGAR.NS,1602,0,0.0,100.0,True,100.0
KNAGRI.NS,1036,566,0.3533083645443196,64.66916354556804,False,71.6903870162297
KNRCON.NS,1602,0,0.0,100.0,True,100.0
KODYTECH.NS,673,929,0.579900124843945,42.009987515605495,False,46.57107187444266
KOHINOOR.NS,1602,0,0.0,100.0,True,100.0
KOKUYOCMLN.NS,1602,0,0.0,100.0,True,100.0
KOLTEPATIL.NS,1602,0,0.0,100.0,True,100.0
KONSTELEC.NS,591,1011,0.6310861423220974,36.89138576779026,False,40.89673622257892
KONTOR.NS,665,937,0.5848938826466916,41.51061173533084,False,46.017478152309614
KOPRAN.NS,1602,0,0.0,100.0,True,100.0
KORE.NS,934,668,0.41697877652933835,58.30212234706617,False,64.63206705903335
KOTAKBANK.NS,1602,0,0.0,100.0,True,100.0
KOTARISUG.NS,1602,0,0.0,100.0,True,100.0
KOTHARIPET.NS,1602,0,0.0,100.0,True,100.0
KOTHARIPRO.NS,1602,0,0.0,100.0,True,100.0
KOTYARK.NS,1135,467,0.2915106117353308,70.84893882646692,False,78.54110932762617
KOVAI.NS,1027,575,0.3589263420724095,64.10736579275905,False,71.06759407883004
KPIGREEN.NS,1212,390,0.24344569288389514,75.65543071161048,False,83.86944890315675
KPIL.NS,1602,0,0.0,100.0,True,100.0
KPITTECH.NS,1602,0,0.0,100.0,True,100.0
KPRMILL.NS,1602,0,0.0,100.0,True,100.0
KRBL.NS,1602,0,0.0,100.0,True,100.0
KREBSBIO.NS,1602,0,0.0,100.0,True,100.0
KRIDHANINF.NS,1602,0,0.0,100.0,True,100.0
KRISHANA.NS,1602,0,0.0,100.0,True,100.0
KRISHCA.NS,758,844,0.5268414481897628,47.31585518102372,False,52.453005172106295
KRISHIVAL.NS,1033,569,0.35518102372034954,64.48189762796504,False,71.48278937042981
KRISHNADEF.NS,1029,573,0.35767790262172283,64.23220973782772,False,71.20599250936328
KRITI.NS,1602,0,0.0,100.0,True,100.0
KRITIKA.NS,1602,0,0.0,100.0,True,100.0
KRITINUT.NS,914,688,0.42946317103620474,57.053682896379534,False,63.24808275370073
KRSNAA.NS,1198,404,0.25218476903870163,74.78152309612985,False,82.90065988942393
KRYSTAL.NS,555,1047,0.653558052434457,34.644194756554306,False,38.4055644729802
KSB.NS,1602,0,0.0,100.0,True,100.0
KSCL.NS,1602,0,0.0,100.0,True,100.0
KSHITIJPOL.NS,1602,0,0.0,100.0,True,100.0
KSL.NS,1602,0,0.0,100.0,True,100.0
KSOLVES.NS,1453,149,0.09300873907615481,90.69912609238452,True,94.41947565543072
KTKBANK.NS,1602,0,0.0,100.0,True,100.0
KUANTUM.NS,1602,0,0.0,100.0,True,100.0
LAGNAM.NS,1602,0,0.0,100.0,True,100.0
LAKPRE.NS,1602,0,0.0,100.0,True,100.0
LAL.NS,790,812,0.5068664169787765,49.313358302122346,False,54.667380060638486
LALPATHLAB.NS,1602,0,0.0,100.0,True,100.0
LAMBODHARA.NS,1602,0,0.0,100.0,True,100.0
LANCORHOL.NS,562,1040,0.6491885143570537,35.08114856429463,False,38.88995897984662
LANDMARK.NS,861,741,0.46254681647940077,53.745318352059925,False,59.58052434456929
LANDSMILL.NS,1602,0,0.0,100.0,True,100.0
LAOPALA.NS,1602,0,0.0,100.0,True,100.0
LASA.NS,1602,0,0.0,100.0,True,100.0
LATENTVIEW.NS,1132,470,0.2933832709113608,70.66167290886392,False,78.33351168182628
LATTEYS.NS,1602,0,0.0,100.0,True,100.0
LAURUSLABS.NS,1602,0,0.0,100.0,True,100.0
LAXMICOT.NS,1602,0,0.0,100.0,True,100.0
LCCINFOTEC.NS,1602,0,0.0,100.0,True,100.0
LEMERITE.NS,1009,593,0.3701622971285893,62.98377028714107,False,69.82200820403068
LEMONTREE.NS,1602,0,0.0,100.0,True,100.0
LEXUS.NS,1602,0,0.0,100.0,True,100.0
LFIC.NS,1602,0,0.0,100.0,True,100.0
LGBBROSLTD.NS,1602,0,0.0,100.0,True,100.0
LGHL.NS,1520,82,0.05118601747815231,94.88139825218477,True,96.92883895131087
LIBAS.NS,1602,0,0.0,100.0,True,100.0
LIBERTSHOE.NS,1602,0,0.0,100.0,True,100.0
LICHSGFIN.NS,1602,0,0.0,100.0,True,100.0
LICI.NS,1013,589,0.367665418227216,63.2334581772784,False,70.0988050650972
LICNFNHGP.NS,1602,0,0.0,100.0,True,100.0
LIKHITHA.NS,1405,197,0.1229712858926342,87.70287141073658,False,92.62172284644194
LINC.NS,1602,0,0.0,100.0,True,100.0
LINCOLN.NS,1602,0,0.0,100.0,True,100.0
LINDEINDIA.NS,1602,0,0.0,100.0,True,100.0
LLOYDS.NS,912,690,0.4307116104868914,56.928838951310865,False,63.10968432316747
LLOYDSENGG.NS,1602,0,0.0,100.0,True,100.0
LLOYDSME.NS,723,879,0.548689138576779,45.1310861423221,False,50.0310326377742
LMW.NS,1602,0,0.0,100.0,True,100.0
LODHA.NS,1280,322,0.2009987515605493,79.90012484394506,False,87.94007490636704
LOKESHMACH.NS,1602,0,0.0,100.0,True,100.0
LORDSCHLO.NS,694,908,0.5667915106117354,43.32084893882646,False,48.024255395041905
LOTUSEYE.NS,1602,0,0.0,100.0,True,100.0
LOVABLE.NS,1602,0,0.0,100.0,True,100.0
LOYALTEX.NS,952,650,0.40574282147315854,59.425717852684144,False,65.8776529338327
LPDC.NS,1602,0,0.0,100.0,True,100.0
LRRPL.NS,820,782,0.48813982521847693,51.1860174781523,False,56.74335651863741
LT.NS,1602,0,0.0,100.0,True,100.0
LTF.NS,1602,0,0.0,100.0,True,100.0
LTFOODS.NS,1602,0,0.0,100.0,True,100.0
LTM.NS,1602,0,0.0,100.0,True,100.0
LTTS.NS,1602,0,0.0,100.0,True,100.0
LUMAXIND.NS,1602,0,0.0,100.0,True,100.0
LUMAXTECH.NS,1602,0,0.0,100.0,True,100.0
LUPIN.NS,1602,0,0.0,100.0,True,100.0
LUXIND.NS,1602,0,0.0,100.0,True,100.0
LXCHEM.NS,1294,308,0.19225967540574282,80.77403245942571,False,88.46441947565543
LYKALABS.NS,1602,0,0.0,100.0,True,100.0
LYPSAGEMS.NS,1602,0,0.0,100.0,True,100.0
M&M.NS,1602,0,0.0,100.0,True,100.0
M&MFIN.NS,1602,0,0.0,100.0,True,100.0
MAANALU.NS,1602,0,0.0,100.0,True,100.0
MACPOWER.NS,1602,0,0.0,100.0,True,100.0
MADHAV.NS,1602,0,0.0,100.0,True,100.0
MADHAVBAUG.NS,1057,545,0.34019975031210986,65.98002496878901,False,73.14357053682896
MADHUCON.NS,1602,0,0.0,100.0,True,100.0
MADHUSUDAN.NS,674,928,0.5792759051186017,42.072409488139826,False,46.64027108970929
MADRASFERT.NS,1602,0,0.0,100.0,True,100.0
MAFANG.NS,1263,339,0.21161048689138576,78.83895131086143,False,87.30337078651687
MAGADSUGAR.NS,1602,0,0.0,100.0,True,100.0
MAGNUM.NS,1602,0,0.0,100.0,True,100.0
MAGSON.NS,730,872,0.5443196004993758,45.56803995006242,False,50.515427144640626
MAHABANK.NS,1602,0,0.0,100.0,True,100.0
MAHAPEXLTD.NS,1602,0,0.0,100.0,True,100.0
MAHASTEEL.NS,1602,0,0.0,100.0,True,100.0
MAHEPC.NS,1570,32,0.019975031210986267,98.00249687890137,True,98.80149812734082
MAHESHWARI.NS,1602,0,0.0,100.0,True,100.0
MAHICKRA.NS,1602,0,0.0,100.0,True,100.0
MAHKTECH.NS,1119,483,0.301498127340824,69.85018726591761,False,77.43392188336009
MAHLIFE.NS,1602,0,0.0,100.0,True,100.0
MAHLOG.NS,1602,0,0.0,100.0,True,100.0
MAHSCOOTER.NS,1602,0,0.0,100.0,True,100.0
MAHSEAMLES.NS,1602,0,0.0,100.0,True,100.0
MAITHANALL.NS,1602,0,0.0,100.0,True,100.0
MAITREYA.NS,646,956,0.5967540574282147,40.324594257178525,False,44.702693062243625
MAKEINDIA.NS,693,909,0.5674157303370787,43.25842696629213,False,47.955056179775276
MAKS.NS,920,682,0.4257178526841448,57.42821473158553,False,63.663278045300515
MAL.NS,669,933,0.5823970037453183,41.760299625468164,False,46.29427501337614
MALLCOM.NS,1082,520,0.32459425717852686,67.54057428214732,False,74.87355091849474
MALUPAPER.NS,1602,0,0.0,100.0,True,100.0
MANAKALUCO.NS,1602,0,0.0,100.0,True,100.0
MANAKCOAT.NS,1602,0,0.0,100.0,True,100.0
MANAKSIA.NS,1602,0,0.0,100.0,True,100.0
MANAKSTEEL.NS,1602,0,0.0,100.0,True,100.0
MANALIPETC.NS,1602,0,0.0,100.0,True,100.0
MANAPPURAM.NS,1602,0,0.0,100.0,True,100.0
MANAV.NS,1602,0,0.0,100.0,True,100.0
MANDEEP.NS,518,1084,0.6766541822721598,32.33458177278402,False,35.84519350811485
MANGALAM.NS,1602,0,0.0,100.0,True,100.0
MANGLMCEM.NS,1602,0,0.0,100.0,True,100.0
MANINDS.NS,1602,0,0.0,100.0,True,100.0
MANINFRA.NS,1602,0,0.0,100.0,True,100.0
MANKIND.NS,771,831,0.5187265917602997,48.12734082397003,False,53.3525949705725
MANOMAY.NS,843,759,0.4737827715355805,52.621722846441955,False,58.33493846976993
MANORAMA.NS,980,622,0.3882646691635456,61.17353308364544,False,67.81523096129837
MANORG.NS,1145,457,0.2852684144818976,71.47315855181024,False,79.23310148029249
MANUGRAPH.NS,1602,0,0.0,100.0,True,100.0
MANYAVAR.NS,1072,530,0.33083645443196,66.91635455680401,False,74.18155876582844
MAPMYINDIA.NS,1112,490,0.30586766541822724,69.41323345817727,False,76.94952737649368
MARALOVER.NS,1602,0,0.0,100.0,True,100.0
MARATHON.NS,1602,0,0.0,100.0,True,100.0
MARCO.NS,672,930,0.5805243445692884,41.947565543071164,False,46.50187265917603
MARICO.NS,1602,0,0.0,100.0,True,100.0
MARINE.NS,1602,0,0.0,100.0,True,100.0
MARINETRAN.NS,625,977,0.6098626716604245,39.01373283395755,False,43.24950954164437
MARKSANS.NS,1602,0,0.0,100.0,True,100.0
MARUTI.NS,1602,0,0.0,100.0,True,100.0
MASFIN.NS,1602,0,0.0,100.0,True,100.0
MASKINVEST.NS,1602,0,0.0,100.0,True,100.0
MASTEK.NS,1602,0,0.0,100.0,True,100.0
MASTER.NS,671,931,0.5811485642946317,41.88514357053683,False,46.4326734439094
MATRIMONY.NS,1602,0,0.0,100.0,True,100.0
MAWANASUG.NS,1602,0,0.0,100.0,True,100.0
MAXESTATES.NS,652,950,0.5930087390761548,40.69912609238452,False,45.11788835384341
MAXHEALTH.NS,1443,159,0.09925093632958802,90.0749063670412,True,94.04494382022472
MAXIND.NS,1438,164,0.10237203495630462,89.76279650436953,False,93.85767790262172
MAXPOSURE.NS,595,1007,0.6285892634207241,37.14107365792759,False,41.173533083645445
MAYURUNIQ.NS,1602,0,0.0,100.0,True,100.0
MAZDA.NS,1602,0,0.0,100.0,True,100.0
MAZDOCK.NS,1408,194,0.12109862671660425,87.89013732833958,False,92.73408239700375
MBAPL.NS,1602,0,0.0,100.0,True,100.0
MBLINFRA.NS,1602,0,0.0,100.0,True,100.0
MCL.NS,1602,0,0.0,100.0,True,100.0
MCLEODRUSS.NS,1602,0,0.0,100.0,True,100.0
MCON.NS,802,800,0.4993757802746567,50.06242197253433,False,55.49777064383805
MCX.NS,1602,0,0.0,100.0,True,100.0
MDL.NS,1602,0,0.0,100.0,True,100.0
MEDANTA.NS,886,716,0.4469413233458177,55.305867665418226,False,61.31050472623507
MEDIASSIST.NS,595,1007,0.6285892634207241,37.14107365792759,False,41.173533083645445
MEDICAMEQ.NS,1149,453,0.28277153558052437,71.72284644194757,False,79.50989834135902
MEDICO.NS,1006,596,0.37203495630461925,62.79650436953808,False,69.61441055823079
MEDPLUS.NS,1110,492,0.30711610486891383,69.28838951310861,False,76.8111289459604
MEGAFLEX.NS,927,675,0.42134831460674155,57.865168539325836,False,64.14767255216694
MEGASTAR.NS,1072,530,0.33083645443196,66.91635455680401,False,74.18155876582844
MEGATHERM.NS,587,1015,0.6335830212234707,36.64169787765294,False,40.619939361512394
MENONBE.NS,1602,0,0.0,100.0,True,100.0
MEP.NS,1602,0,0.0,100.0,True,100.0
METROBRAND.NS,1111,491,0.30649188514357056,69.35081148564295,False,76.88032816122703
METROPOLIS.NS,1602,0,0.0,100.0,True,100.0
MFSL.NS,1602,0,0.0,100.0,True,100.0
MGEL.NS,1602,0,0.0,100.0,True,100.0
MGL.NS,1602,0,0.0,100.0,True,100.0
MHHL.NS,1602,0,0.0,100.0,True,100.0
MHLXMIRU.NS,1086,516,0.32209737827715357,67.79026217228464,False,75.15034777956126
MHRIL.NS,1602,0,0.0,100.0,True,100.0
MICEL.NS,1602,0,0.0,100.0,True,100.0
MICROPRO.NS,643,959,0.5986267166042447,40.13732833957553,False,44.49509541644373
MIDHANI.NS,1602,0,0.0,100.0,True,100.0
MILTON.NS,1602,0,0.0,100.0,True,100.0
MINDACORP.NS,1602,0,0.0,100.0,True,100.0
MINDPOOL.NS,1602,0,0.0,100.0,True,100.0
MINDSPACE.NS,1453,149,0.09300873907615481,90.69912609238452,True,94.41947565543072
MINDTECK.NS,1602,0,0.0,100.0,True,100.0
MIRCELECTR.NS,1602,0,0.0,100.0,True,100.0
MIRZAINT.NS,1602,0,0.0,100.0,True,100.0
MITCON.NS,1602,0,0.0,100.0,True,100.0
MITTAL.NS,1602,0,0.0,100.0,True,100.0
MKPL.NS,1602,0,0.0,100.0,True,100.0
MMFL.NS,1602,0,0.0,100.0,True,100.0
MMP.NS,1602,0,0.0,100.0,True,100.0
MMTC.NS,1602,0,0.0,100.0,True,100.0
MNC.NS,953,649,0.4051186017478152,59.488139825218475,False,65.94685214909933
MODIRUBBER.NS,1602,0,0.0,100.0,True,100.0
MODISONLTD.NS,1271,331,0.2066167290886392,79.33832709113608,False,87.60299625468164
MODTHREAD.NS,578,1024,0.6392009987515606,36.079900124843945,False,39.997146424112714
MOHITIND.NS,1602,0,0.0,100.0,True,100.0
MOIL.NS,1602,0,0.0,100.0,True,100.0
MOKSH.NS,1602,0,0.0,100.0,True,100.0
MOL.NS,1196,406,0.2534332084893883,74.65667915106118,False,82.76226145889068
MOLDTECH.NS,1602,0,0.0,100.0,True,100.0
MOLDTKPAC.NS,1602,0,0.0,100.0,True,100.0
MONARCH.NS,1100,502,0.31335830212234705,68.66416978776529,False,76.1191367932941
MONOPHARMA.NS,686,916,0.5717852684144819,42.82147315855182,False,47.47066167290886
MONTECARLO.NS,1602,0,0.0,100.0,True,100.0
MOREALTY.NS,558,1044,0.651685393258427,34.8314606741573,False,38.613162118780096
MOREPENLAB.NS,1602,0,0.0,100.0,True,100.0
MOS.NS,785,817,0.5099875156054932,49.001248439450684,False,54.32138398430533
MOTHERSON.NS,1602,0,0.0,100.0,True,100.0
MOTILALOFS.NS,1602,0,0.0,100.0,True,100.0
MOTISONS.NS,614,988,0.616729088639201,38.32709113607991,False,42.488318173711434
MOTOGENFIN.NS,1602,0,0.0,100.0,True,100.0
MOXSH.NS,856,746,0.4656679151061174,53.433208489388264,False,59.23452826823613
MPHASIS.NS,1602,0,0.0,100.0,True,100.0
MPSLTD.NS,1602,0,0.0,100.0,True,100.0
MPTODAY.NS,1602,0,0.0,100.0,True,100.0
MRF.NS,1602,0,0.0,100.0,True,100.0
MRPL.NS,1602,0,0.0,100.0,True,100.0
MSPL.NS,1602,0,0.0,100.0,True,100.0
MSTCLTD.NS,1602,0,0.0,100.0,True,100.0
MSUMI.NS,1046,556,0.3470661672908864,65.29338327091136,False,72.38237916889602
MTARTECH.NS,1302,300,0.18726591760299627,81.27340823970037,False,88.76404494382022
MTEDUCARE.NS,1602,0,0.0,100.0,True,100.0
MTNL.NS,1602,0,0.0,100.0,True,100.0
MUFIN.NS,647,955,0.5961298377028714,40.387016229712856,False,44.77189227751025
MUFTI.NS,613,989,0.6173533083645443,38.26466916354557,False,42.4191189584448
MUKANDLTD.NS,1602,0,0.0,100.0,True,100.0
MUKKA.NS,564,1038,0.6479400749063671,35.20599250936329,False,39.02835741037988
MUKTAARTS.NS,1602,0,0.0,100.0,True,100.0
MUNJALAU.NS,1602,0,0.0,100.0,True,100.0
MUNJALSHOW.NS,1602,0,0.0,100.0,True,100.0
MURUDCERA.NS,1602,0,0.0,100.0,True,100.0
MUTHOOTCAP.NS,1602,0,0.0,100.0,True,100.0
MUTHOOTFIN.NS,1602,0,0.0,100.0,True,100.0
MUTHOOTMF.NS,614,988,0.616729088639201,38.32709113607991,False,42.488318173711434
MVGJL.NS,670,932,0.581772784019975,41.8227215980025,False,46.36347422864277
MVKAGRO.NS,564,1038,0.6479400749063671,35.20599250936329,False,39.02835741037988
MWL.NS,964,638,0.3982521847690387,60.17478152309613,False,66.70804351703228
NACLIND.NS,1602,0,0.0,100.0,True,100.0
NAGAFERT.NS,1602,0,0.0,100.0,True,100.0
NAGREEKCAP.NS,1602,0,0.0,100.0,True,100.0
NAGREEKEXP.NS,1602,0,0.0,100.0,True,100.0
NAHARCAP.NS,1602,0,0.0,100.0,True,100.0
NAHARINDUS.NS,1602,0,0.0,100.0,True,100.0
NAHARPOLY.NS,1602,0,0.0,100.0,True,100.0
NAHARSPING.NS,1602,0,0.0,100.0,True,100.0
NAM-INDIA.NS,1602,0,0.0,100.0,True,100.0
NAMAN.NS,549,1053,0.6573033707865169,34.269662921348306,False,37.990369181380416
NARMADA.NS,1602,0,0.0,100.0,True,100.0
NATCOPHARM.NS,1602,0,0.0,100.0,True,100.0
NATHBIOGEN.NS,1602,0,0.0,100.0,True,100.0
NATIONALUM.NS,1602,0,0.0,100.0,True,100.0
NAUKRI.NS,1602,0,0.0,100.0,True,100.0
NAVA.NS,1602,0,0.0,100.0,True,100.0
NAVINFLUOR.NS,1602,0,0.0,100.0,True,100.0
NAVKARCORP.NS,1602,0,0.0,100.0,True,100.0
NAVNETEDUL.NS,1602,0,0.0,100.0,True,100.0
NAZARA.NS,1292,310,0.19350811485642946,80.64918851435705,False,88.38951310861424
NBCC.NS,1602,0,0.0,100.0,True,100.0
NBIFIN.NS,1602,0,0.0,100.0,True,100.0
NCC.NS,1602,0,0.0,100.0,True,100.0
NCLIND.NS,1602,0,0.0,100.0,True,100.0
NDGL.NS,1602,0,0.0,100.0,True,100.0
NDL.NS,1602,0,0.0,100.0,True,100.0
NDLVENTURE.NS,1602,0,0.0,100.0,True,100.0
NDRAUTO.NS,1459,143,0.08926342072409488,91.07365792759052,True,94.6441947565543
NDTV.NS,1602,0,0.0,100.0,True,100.0
NECCLTD.NS,1602,0,0.0,100.0,True,100.0
NECLIFE.NS,1602,0,0.0,100.0,True,100.0
NELCAST.NS,1602,0,0.0,100.0,True,100.0
NELCO.NS,1602,0,0.0,100.0,True,100.0
NEOGEN.NS,1602,0,0.0,100.0,True,100.0
NESCO.NS,1602,0,0.0,100.0,True,100.0
NESTLEIND.NS,1602,0,0.0,100.0,True,100.0
NETWEB.NS,715,887,0.5536828963795256,44.631710362047436,False,49.47743891564116
NETWORK18.NS,1602,0,0.0,100.0,True,100.0
NEULANDLAB.NS,1602,0,0.0,100.0,True,100.0
NEWGEN.NS,1602,0,0.0,100.0,True,100.0
NEWJAISA.NS,668,934,0.5830212234706617,41.69787765293383,False,46.2250757981095
NEXTMEDIA.NS,1602,0,0.0,100.0,True,100.0
NFL.NS,1602,0,0.0,100.0,True,100.0
NGIL.NS,1195,407,0.2540574282147316,74.59425717852683,False,82.69306224362404
NGLFINE.NS,975,627,0.3913857677902622,60.86142322097379,False,67.46923488496523
NH.NS,1602,0,0.0,100.0,True,100.0
NHPC.NS,1602,0,0.0,100.0,True,100.0
NIACL.NS,1602,0,0.0,100.0,True,100.0
NIBL.NS,1602,0,0.0,100.0,True,100.0
NIDAN.NS,1128,474,0.2958801498127341,70.41198501872658,False,78.05671482075977
NIITLTD.NS,1602,0,0.0,100.0,True,100.0
NIITMTS.NS,707,895,0.5586766541822722,44.13233458177278,False,48.923845193508114
NILAINFRA.NS,1602,0,0.0,100.0,True,100.0
NILASPACES.NS,1602,0,0.0,100.0,True,100.0
NILKAMAL.NS,1602,0,0.0,100.0,True,100.0
NINSYS.NS,820,782,0.48813982521847693,51.1860174781523,False,56.74335651863741
NIPPOBATRY.NS,1602,0,0.0,100.0,True,100.0
NIRAJ.NS,1414,188,0.11735330836454431,88.26466916354558,False,92.95880149812734
NIRAJISPAT.NS,563,1039,0.6485642946317104,35.14357053682896,False,38.95915819511325
NIRMAN.NS,796,806,0.5031210986267166,49.68789013732834,False,55.082575352238266
NITCO.NS,1602,0,0.0,100.0,True,100.0
NITINSPIN.NS,1602,0,0.0,100.0,True,100.0
NITIRAJ.NS,1602,0,0.0,100.0,True,100.0
NKIND.NS,1602,0,0.0,100.0,True,100.0
NLCINDIA.NS,1602,0,0.0,100.0,True,100.0
NMDC.NS,1602,0,0.0,100.0,True,100.0
NOCIL.NS,1602,0,0.0,100.0,True,100.0
NOIDATOLL.NS,1602,0,0.0,100.0,True,100.0
NORBTEAEXP.NS,1602,0,0.0,100.0,True,100.0
NOVAAGRI.NS,590,1012,0.6317103620474407,36.82896379525593,False,40.82753700731229
NOVARTIND.NS,835,767,0.4787765293383271,52.12234706616729,False,57.78134474763688
NPBET.NS,1602,0,0.0,100.0,True,100.0
NPST.NS,1177,425,0.26529338327091134,73.47066167290886,False,81.44747636882468
NRAIL.NS,1602,0,0.0,100.0,True,100.0
NRBBEARING.NS,1602,0,0.0,100.0,True,100.0
NRL.NS,1100,502,0.31335830212234705,68.66416978776529,False,76.1191367932941
NSIL.NS,1602,0,0.0,100.0,True,100.0
NSLNISP.NS,821,781,0.4875156054931336,51.24843945068665,False,56.81255573390405
NTPC.NS,1602,0,0.0,100.0,True,100.0
NUCLEUS.NS,1602,0,0.0,100.0,True,100.0
NURECA.NS,1313,289,0.18039950062421972,81.96004993757803,False,89.17602996254682
NUVAMA.NS,674,928,0.5792759051186017,42.072409488139826,False,46.64027108970929
NUVOCO.NS,1194,408,0.2546816479400749,74.53183520599251,False,82.6238630283574
NXST.NS,763,839,0.5237203495630461,47.62796504369538,False,52.79900124843945
NYKAA.NS,1140,462,0.2883895131086142,71.16104868913857,False,78.88710540395934
OAL.NS,1533,69,0.04307116104868914,95.69288389513109,True,97.41573033707866
OBCL.NS,1038,564,0.352059925093633,64.7940074906367,False,71.82878544676296
OBEROIRLTY.NS,1602,0,0.0,100.0,True,100.0
OFSS.NS,1602,0,0.0,100.0,True,100.0
OIL.NS,1602,0,0.0,100.0,True,100.0
OILCOUNTUB.NS,1602,0,0.0,100.0,True,100.0
OLECTRA.NS,1602,0,0.0,100.0,True,100.0
OLIL.NS,664,938,0.5855181023720349,41.4481897627965,False,45.94827893704298
OMAXAUTO.NS,1602,0,0.0,100.0,True,100.0
OMAXE.NS,1602,0,0.0,100.0,True,100.0
OMFURN.NS,1602,0,0.0,100.0,True,100.0
OMINFRAL.NS,1602,0,0.0,100.0,True,100.0
ONDOOR.NS,650,952,0.5942571785268415,40.574282147315856,False,44.97948992331015
ONELIFECAP.NS,1602,0,0.0,100.0,True,100.0
ONEPOINT.NS,1602,0,0.0,100.0,True,100.0
ONGC.NS,1602,0,0.0,100.0,True,100.0
ONMOBILE.NS,1602,0,0.0,100.0,True,100.0
ONWARDTEC.NS,1602,0,0.0,100.0,True,100.0
OPTIEMUS.NS,1602,0,0.0,100.0,True,100.0
ORBTEXP.NS,1602,0,0.0,100.0,True,100.0
ORCHPHARMA.NS,1602,0,0.0,100.0,True,100.0
ORIANA.NS,704,898,0.5605493133583022,43.94506866416978,False,48.71624754770822
ORICONENT.NS,1602,0,0.0,100.0,True,100.0
ORIENTALTL.NS,1602,0,0.0,100.0,True,100.0
ORIENTBELL.NS,1602,0,0.0,100.0,True,100.0
ORIENTCEM.NS,1602,0,0.0,100.0,True,100.0
ORIENTCER.NS,1602,0,0.0,100.0,True,100.0
ORIENTELEC.NS,1602,0,0.0,100.0,True,100.0
ORIENTHOT.NS,1602,0,0.0,100.0,True,100.0
ORIENTLTD.NS,1602,0,0.0,100.0,True,100.0
ORIENTPPR.NS,1602,0,0.0,100.0,True,100.0
ORISSAMINE.NS,1602,0,0.0,100.0,True,100.0
ORTEL.NS,1602,0,0.0,100.0,True,100.0
ORTINGLOBE.NS,1602,0,0.0,100.0,True,100.0
OSIAHYPER.NS,1602,0,0.0,100.0,True,100.0
OSWALAGRO.NS,1602,0,0.0,100.0,True,100.0
OSWALGREEN.NS,1602,0,0.0,100.0,True,100.0
OSWALSEEDS.NS,1602,0,0.0,100.0,True,100.0
OWAIS.NS,567,1035,0.6460674157303371,35.39325842696629,False,39.235955056179776
PAGEIND.NS,1602,0,0.0,100.0,True,100.0
PAISALO.NS,1602,0,0.0,100.0,True,100.0
PAKKA.NS,727,875,0.5461922596754057,45.38077403245943,False,50.30782949884073
PALASHSECU.NS,1602,0,0.0,100.0,True,100.0
PALREDTEC.NS,1602,0,0.0,100.0,True,100.0
PANACEABIO.NS,1602,0,0.0,100.0,True,100.0
PANACHE.NS,1602,0,0.0,100.0,True,100.0
PANAMAPET.NS,1602,0,0.0,100.0,True,100.0
PANSARI.NS,1602,0,0.0,100.0,True,100.0
PAR.NS,1602,0,0.0,100.0,True,100.0
PARACABLES.NS,1602,0,0.0,100.0,True,100.0
PARADEEP.NS,1005,597,0.37265917602996257,62.734082397003746,False,69.54521134296415
PARAGMILK.NS,1602,0,0.0,100.0,True,100.0
PARAGON.NS,648,954,0.5955056179775281,40.44943820224719,False,44.84109149277688
PARAS.NS,1166,436,0.2721598002496879,72.78401997503121,False,80.68628500089174
PARASPETRO.NS,1602,0,0.0,100.0,True,100.0
PARIN.NS,1602,0,0.0,100.0,True,100.0
PARKHOTELS.NS,582,1020,0.6367041198501873,36.329588014981276,False,40.27394328517924
PARSVNATH.NS,1602,0,0.0,100.0,True,100.0
PARTYCRUS.NS,1297,305,0.19038701622971285,80.96129837702871,False,88.57677902621722
PASHUPATI.NS,1602,0,0.0,100.0,True,100.0
PASUPTAC.NS,1159,443,0.27652933832709115,72.34706616729089,False,80.20189049402532
PATANJALI.NS,1602,0,0.0,100.0,True,100.0
PATELENG.NS,1602,0,0.0,100.0,True,100.0
PATINTLOG.NS,1602,0,0.0,100.0,True,100.0
PATTECH.NS,782,820,0.5118601747815231,48.813982521847684,False,54.113786338505435
PAVNAIND.NS,1295,307,0.1916354556803995,80.83645443196005,False,88.50187265917603
PAYTM.NS,1134,468,0.29213483146067415,70.78651685393258,False,78.47191011235955
PCBL.NS,1602,0,0.0,100.0,True,100.0
PCJEWELLER.NS,1602,0,0.0,100.0,True,100.0
PDMJEPAPER.NS,1602,0,0.0,100.0,True,100.0
PDSL.NS,1602,0,0.0,100.0,True,100.0
PEARLPOLY.NS,1602,0,0.0,100.0,True,100.0
PENIND.NS,1602,0,0.0,100.0,True,100.0
PENINLAND.NS,1602,0,0.0,100.0,True,100.0
PENTAGON.NS,729,873,0.5449438202247191,45.50561797752809,False,50.446227929374004
PERSISTENT.NS,1602,0,0.0,100.0,True,100.0
PETRONET.NS,1602,0,0.0,100.0,True,100.0
PFC.NS,1602,0,0.0,100.0,True,100.0
PFIZER.NS,1602,0,0.0,100.0,True,100.0
PFOCUS.NS,1602,0,0.0,100.0,True,100.0
PFS.NS,1602,0,0.0,100.0,True,100.0
PGEL.NS,1602,0,0.0,100.0,True,100.0
PGHH.NS,1602,0,0.0,100.0,True,100.0
PGHL.NS,1602,0,0.0,100.0,True,100.0
PGIL.NS,1602,0,0.0,100.0,True,100.0
PGINVIT.NS,1263,339,0.21161048689138576,78.83895131086143,False,87.30337078651687
PHANTOMFX.NS,904,698,0.43570536828963796,56.42946317103621,False,62.55609060103443
PHOENIXLTD.NS,1602,0,0.0,100.0,True,100.0
PIDILITIND.NS,1602,0,0.0,100.0,True,100.0
PIGL.NS,1602,0,0.0,100.0,True,100.0
PIIND.NS,1602,0,0.0,100.0,True,100.0
PILANIINVS.NS,1602,0,0.0,100.0,True,100.0
PILITA.NS,1602,0,0.0,100.0,True,100.0
PIONEEREMB.NS,1602,0,0.0,100.0,True,100.0
PITTIENG.NS,1602,0,0.0,100.0,True,100.0
PIXTRANS.NS,1025,577,0.3601747815230961,63.982521847690386,False,70.92919564829677
PKTEA.NS,1602,0,0.0,100.0,True,100.0
PLADAINFO.NS,662,940,0.5867665418227216,41.32334581772784,False,45.80988050650972
PLASTIBLEN.NS,1602,0,0.0,100.0,True,100.0
PLATIND.NS,566,1036,0.6466916354556804,35.33083645443196,False,39.16675584091314
PLAZACABLE.NS,663,939,0.5861423220973783,41.38576779026217,False,45.87907972177635
PNB.NS,1602,0,0.0,100.0,True,100.0
PNBHOUSING.NS,1602,0,0.0,100.0,True,100.0
PNC.NS,1602,0,0.0,100.0,True,100.0
PNCINFRA.NS,1602,0,0.0,100.0,True,100.0
POCL.NS,1602,0,0.0,100.0,True,100.0
PODDARMENT.NS,1602,0,0.0,100.0,True,100.0
POKARNA.NS,1602,0,0.0,100.0,True,100.0
POLICYBZR.NS,1137,465,0.2902621722846442,70.97378277153558,False,78.67950775815945
POLYCAB.NS,1602,0,0.0,100.0,True,100.0
POLYMED.NS,1602,0,0.0,100.0,True,100.0
POLYPLEX.NS,1602,0,0.0,100.0,True,100.0
POLYSIL.NS,578,1024,0.6392009987515606,36.079900124843945,False,39.997146424112714
PONNIERODE.NS,1602,0,0.0,100.0,True,100.0
POONAWALLA.NS,1602,0,0.0,100.0,True,100.0
POWERGRID.NS,1602,0,0.0,100.0,True,100.0
POWERINDIA.NS,1541,61,0.038077403245942575,96.19225967540575,True,97.71535580524345
POWERMECH.NS,1602,0,0.0,100.0,True,100.0
PPAP.NS,1602,0,0.0,100.0,True,100.0
PPL.NS,1602,0,0.0,100.0,True,100.0
PPLPHARMA.NS,906,696,0.4344569288389513,56.55430711610487,False,62.694489031567684
PRAENG.NS,1602,0,0.0,100.0,True,100.0
PRAJIND.NS,1602,0,0.0,100.0,True,100.0
PRAKASH.NS,1602,0,0.0,100.0,True,100.0
PRAKASHSTL.NS,1602,0,0.0,100.0,True,100.0
PRAMARA.NS,682,920,0.5742821473158551,42.57178526841449,False,47.19386481184234
PRATHAM.NS,558,1044,0.651685393258427,34.8314606741573,False,38.613162118780096
PRAXIS.NS,1602,0,0.0,100.0,True,100.0
PRECAM.NS,1602,0,0.0,100.0,True,100.0
PRECISION.NS,1073,529,0.3302122347066167,66.97877652933832,False,74.25075798109506
PRECOT.NS,1602,0,0.0,100.0,True,100.0
PRECWIRE.NS,1602,0,0.0,100.0,True,100.0
PREMEXPLN.NS,1602,0,0.0,100.0,True,100.0
PREMIER.NS,1602,0,0.0,100.0,True,100.0
PREMIERPOL.NS,1602,0,0.0,100.0,True,100.0
PRESSTONIC.NS,619,983,0.6136079900124844,38.639200998751555,False,42.834314250044585
PRESTIGE.NS,1602,0,0.0,100.0,True,100.0
PRICOLLTD.NS,1602,0,0.0,100.0,True,100.0
PRIMESECU.NS,1602,0,0.0,100.0,True,100.0
PRINCEPIPE.NS,1602,0,0.0,100.0,True,100.0
PRITI.NS,1602,0,0.0,100.0,True,100.0
PRITIKA.NS,872,730,0.4556803995006242,54.43196004993758,False,60.34171571250223
PRITIKAUTO.NS,1202,400,0.24968789013732834,75.03121098626717,False,83.17745675049045
PRIVISCL.NS,1602,0,0.0,100.0,True,100.0
PRLIND.NS,519,1083,0.6760299625468165,32.39700374531835,False,35.91439272338148
PROLIFE.NS,1602,0,0.0,100.0,True,100.0
PROPEQUITY.NS,1031,571,0.3564294631710362,64.35705368289638,False,71.34439093989656
PROV.NS,752,850,0.5305867665418227,46.94132334581773,False,52.037809880506515
PROZONER.NS,1602,0,0.0,100.0,True,100.0
PRSMJOHNSN.NS,1602,0,0.0,100.0,True,100.0
PRUDENT.NS,1010,592,0.36953807740324596,63.04619225967541,False,69.8912074192973
PRUDMOULI.NS,615,987,0.6161048689138576,38.38951310861424,False,42.55751738897806
PSB.NS,1602,0,0.0,100.0,True,100.0
PSPPROJECT.NS,1602,0,0.0,100.0,True,100.0
PTC.NS,1602,0,0.0,100.0,True,100.0
PTCIL.NS,748,854,0.533083645443196,46.691635455680405,False,51.761013019439986
PTL.NS,1602,0,0.0,100.0,True,100.0
PULZ.NS,1602,0,0.0,100.0,True,100.0
PUNJABCHEM.NS,1602,0,0.0,100.0,True,100.0
PURVA.NS,1602,0,0.0,100.0,True,100.0
PURVFLEXI.NS,566,1036,0.6466916354556804,35.33083645443196,False,39.16675584091314
PVP.NS,1602,0,0.0,100.0,True,100.0
PVRINOX.NS,1602,0,0.0,100.0,True,100.0
PVSL.NS,557,1045,0.6523096129837703,34.76903870162297,False,38.54396290351346
PYRAMID.NS,693,909,0.5674157303370787,43.25842696629213,False,47.955056179775276
QFIL.NS,798,804,0.50187265917603,49.812734082397,False,55.22097378277153
QMSMEDI.NS,912,690,0.4307116104868914,56.928838951310865,False,63.10968432316747
QUADPRO.NS,1157,445,0.2777777777777778,72.22222222222221,False,80.06349206349205
QUESS.NS,1602,0,0.0,100.0,True,100.0
QUESTLAB.NS,516,1086,0.6779026217228464,32.20973782771536,False,35.70679507758159
QUICKHEAL.NS,1602,0,0.0,100.0,True,100.0
QUICKTOUCH.NS,776,826,0.5156054931335831,48.43945068664169,False,53.69859104690565
RACE.NS,771,831,0.5187265917602997,48.12734082397003,False,53.3525949705725
RADAAN.NS,1602,0,0.0,100.0,True,100.0
RADHIKAJWE.NS,969,633,0.3951310861423221,60.48689138576779,False,67.05403959336543
RADIANTCMS.NS,853,749,0.4675405742821473,53.24594257178528,False,59.02693062243625
RADICO.NS,1602,0,0.0,100.0,True,100.0
RADIOCITY.NS,1602,0,0.0,100.0,True,100.0
RADIOWALLA.NS,546,1056,0.6591760299625468,34.08239700374532,False,37.78277153558052
RAILTEL.NS,1312,290,0.18102372034956304,81.8976279650437,False,89.13857677902621
RAIN.NS,1602,0,0.0,100.0,True,100.0
RAINBOW.NS,1018,584,0.3645443196004994,63.54556803995006,False,70.44480114143036
RAJESHEXPO.NS,1602,0,0.0,100.0,True,100.0
RAJMET.NS,1602,0,0.0,100.0,True,100.0
RAJRATAN.NS,1507,95,0.05930087390761548,94.06991260923844,True,96.44194756554307
RAJRILTD.NS,1602,0,0.0,100.0,True,100.0
RAJSREESUG.NS,1602,0,0.0,100.0,True,100.0
RAJTV.NS,1602,0,0.0,100.0,True,100.0
RALLIS.NS,1602,0,0.0,100.0,True,100.0
RAMANEWS.NS,1602,0,0.0,100.0,True,100.0
RAMAPHO.NS,955,647,0.4038701622971286,59.612983770287144,False,66.0852505796326
RAMASTEEL.NS,1602,0,0.0,100.0,True,100.0
RAMCOCEM.NS,1602,0,0.0,100.0,True,100.0
RAMCOIND.NS,1602,0,0.0,100.0,True,100.0
RAMCOSYS.NS,1602,0,0.0,100.0,True,100.0
RAMKY.NS,1602,0,0.0,100.0,True,100.0
RAMRAT.NS,960,642,0.40074906367041196,59.925093632958806,False,66.43124665596577
RANASUG.NS,1602,0,0.0,100.0,True,100.0
RANEHOLDIN.NS,1602,0,0.0,100.0,True,100.0
RATEGAIN.NS,1114,488,0.3046192259675406,69.53807740324594,False,77.08792580702692
RATNAMANI.NS,1602,0,0.0,100.0,True,100.0
RATNAVEER.NS,684,918,0.5730337078651685,42.69662921348315,False,47.3322632423756
RAYMOND.NS,1602,0,0.0,100.0,True,100.0
RBA.NS,1364,238,0.14856429463171036,85.14357053682896,False,91.08614232209737
RBLBANK.NS,1602,0,0.0,100.0,True,100.0
RBMINFRA.NS,853,749,0.4675405742821473,53.24594257178528,False,59.02693062243625
RBS.NS,536,1066,0.66541822721598,33.458177278402005,False,37.09077938291422
RBZJEWEL.NS,613,989,0.6173533083645443,38.26466916354557,False,42.4191189584448
RCDL.NS,651,951,0.5936329588014981,40.63670411985019,False,45.048689138576776
RCF.NS,1602,0,0.0,100.0,True,100.0
RCOM.NS,1602,0,0.0,100.0,True,100.0
RECLTD.NS,1602,0,0.0,100.0,True,100.0
REDINGTON.NS,1602,0,0.0,100.0,True,100.0
REDTAPE.NS,704,898,0.5605493133583022,43.94506866416978,False,48.71624754770822
REFEX.NS,1602,0,0.0,100.0,True,100.0
REFRACTORY.NS,522,1080,0.6741573033707865,32.58426966292135,False,36.12199036918138
REGENCERAM.NS,1602,0,0.0,100.0,True,100.0
RELAXO.NS,1602,0,0.0,100.0,True,100.0
RELCHEMQ.NS,1007,595,0.3714107365792759,62.85892634207241,False,69.68360977349741
RELIABLE.NS,1602,0,0.0,100.0,True,100.0
RELIANCE.NS,1602,0,0.0,100.0,True,100.0
RELIGARE.NS,1602,0,0.0,100.0,True,100.0
REMSONSIND.NS,1602,0,0.0,100.0,True,100.0
REMUS.NS,757,845,0.5274656679151061,47.25343320848939,False,52.383805956839666
RENUKA.NS,1602,0,0.0,100.0,True,100.0
REPCOHOME.NS,1602,0,0.0,100.0,True,100.0
REPL.NS,1602,0,0.0,100.0,True,100.0
REPRO.NS,1602,0,0.0,100.0,True,100.0
RESPONIND.NS,1602,0,0.0,100.0,True,100.0
REXPIPES.NS,1177,425,0.26529338327091134,73.47066167290886,False,81.44747636882468
RGL.NS,1602,0,0.0,100.0,True,100.0
RHFL.NS,1602,0,0.0,100.0,True,100.0
RHIM.NS,1602,0,0.0,100.0,True,100.0
RHL.NS,780,822,0.5131086142322098,48.68913857677902,False,53.97538790797218
RICOAUTO.NS,1602,0,0.0,100.0,True,100.0
RIIL.NS,1602,0,0.0,100.0,True,100.0
RILINFRA.NS,985,617,0.38514357053682896,61.48564294631711,False,68.16122703763153
RISHABH.NS,684,918,0.5730337078651685,42.69662921348315,False,47.3322632423756
RITCO.NS,1035,567,0.3539325842696629,64.60674157303372,False,71.62118780096309
RITES.NS,1602,0,0.0,100.0,True,100.0
RITEZONE.NS,890,712,0.4444444444444444,55.55555555555556,False,61.587301587301596
RKDL.NS,1602,0,0.0,100.0,True,100.0
RKEC.NS,1602,0,0.0,100.0,True,100.0
RKFORGE.NS,1602,0,0.0,100.0,True,100.0
RKSWAMY.NS,562,1040,0.6491885143570537,35.08114856429463,False,38.88995897984662
RMDRIP.NS,1602,0,0.0,100.0,True,100.0
RML.NS,1602,0,0.0,100.0,True,100.0
ROCKINGDCE.NS,631,971,0.6061173533083646,39.38826466916354,False,43.66470483324416
ROHLTD.NS,1602,0,0.0,100.0,True,100.0
ROLEXRINGS.NS,1203,399,0.24906367041198502,75.09363295880149,False,83.24665596575709
ROLLT.NS,1602,0,0.0,100.0,True,100.0
ROML.NS,1602,0,0.0,100.0,True,100.0
ROSSARI.NS,1464,138,0.08614232209737828,91.38576779026218,True,94.83146067415731
ROSSELLIND.NS,1602,0,0.0,100.0,True,100.0
ROTO.NS,1030,572,0.3570536828963795,64.29463171036205,False,71.27519172462993
ROUTE.NS,1422,180,0.11235955056179775,88.76404494382022,False,93.25842696629213
ROXHITECH.NS,640,962,0.6004993757802747,39.95006242197253,False,44.28749777064384
RPGLIFE.NS,1602,0,0.0,100.0,True,100.0
RPOWER.NS,1602,0,0.0,100.0,True,100.0
RPPINFRA.NS,1602,0,0.0,100.0,True,100.0
RPPL.NS,1602,0,0.0,100.0,True,100.0
RPSGVENT.NS,1602,0,0.0,100.0,True,100.0
RPTECH.NS,580,1022,0.6379525593008739,36.20474406991261,False,40.13554485464597
RRKABEL.NS,678,924,0.5767790262172284,42.32209737827716,False,46.91706795077582
RSSOFTWARE.NS,1602,0,0.0,100.0,True,100.0
RSWM.NS,1602,0,0.0,100.0,True,100.0
RSYSTEMS.NS,1602,0,0.0,100.0,True,100.0
RTNINDIA.NS,1602,0,0.0,100.0,True,100.0
RTNPOWER.NS,1602,0,0.0,100.0,True,100.0
RUBYMILLS.NS,1602,0,0.0,100.0,True,100.0
RUCHINFRA.NS,1602,0,0.0,100.0,True,100.0
RUCHIRA.NS,1602,0,0.0,100.0,True,100.0
RULKA.NS,515,1087,0.6785268414481898,32.14731585518103,False,35.63759586231497
RUPA.NS,1602,0,0.0,100.0,True,100.0
RUSHIL.NS,1602,0,0.0,100.0,True,100.0
RUSTOMJEE.NS,882,720,0.449438202247191,55.0561797752809,False,61.03370786516854
RVHL.NS,1360,242,0.15106117353308365,84.89388264669164,False,90.93632958801498
RVNL.NS,1602,0,0.0,100.0,True,100.0
S&SPOWER.NS,1541,61,0.038077403245942575,96.19225967540575,True,97.71535580524345
SAAKSHI.NS,670,932,0.581772784019975,41.8227215980025,False,46.36347422864277
SABAR.NS,925,677,0.4225967540574282,57.740324594257174,False,64.00927412163367
SADBHAV.NS,1602,0,0.0,100.0,True,100.0
SADBHIN.NS,1602,0,0.0,100.0,True,100.0
SADHAV.NS,568,1034,0.6454431960049938,35.45568039950062,False,39.305154271446405
SADHNANIQ.NS,773,829,0.517478152309613,48.2521847690387,False,53.490993401105754
SAFARI.NS,1602,0,0.0,100.0,True,100.0
SAGARDEEP.NS,1602,0,0.0,100.0,True,100.0
SAGCEM.NS,1602,0,0.0,100.0,True,100.0
SAHANA.NS,747,855,0.5337078651685393,46.62921348314607,False,51.69181380417335
SAHYADRI.NS,791,811,0.5062421972534332,49.37578027465668,False,54.736579275905115
SAIFL.NS,610,992,0.6192259675405742,38.07740324594258,False,42.211521312644905
SAIL.NS,1602,0,0.0,100.0,True,100.0
SAKAR.NS,1602,0,0.0,100.0,True,100.0
SAKHTISUG.NS,1602,0,0.0,100.0,True,100.0
SAKSOFT.NS,1602,0,0.0,100.0,True,100.0
SAKUMA.NS,1602,0,0.0,100.0,True,100.0
SALASAR.NS,1602,0,0.0,100.0,True,100.0
SALONA.NS,1602,0,0.0,100.0,True,100.0
SALSTEEL.NS,1602,0,0.0,100.0,True,100.0
SALZERELEC.NS,1602,0,0.0,100.0,True,100.0
SAMBHAAV.NS,1602,0,0.0,100.0,True,100.0
SAMHI.NS,676,926,0.5780274656679151,42.197253433208495,False,46.77866952024256
SAMMAANCAP.NS,1602,0,0.0,100.0,True,100.0
SAMPANN.NS,1602,0,0.0,100.0,True,100.0
SANCO.NS,1602,0,0.0,100.0,True,100.0
SANDESH.NS,1602,0,0.0,100.0,True,100.0
SANDHAR.NS,1602,0,0.0,100.0,True,100.0
SANDUMA.NS,686,916,0.5717852684144819,42.82147315855182,False,47.47066167290886
SANGAMIND.NS,1602,0,0.0,100.0,True,100.0
SANGANI.NS,701,901,0.5624219725343321,43.75780274656679,False,48.50864990190833
SANGHVIMOV.NS,1602,0,0.0,100.0,True,100.0
SANGINITA.NS,1602,0,0.0,100.0,True,100.0
SANOFI.NS,1602,0,0.0,100.0,True,100.0
SANSERA.NS,1171,431,0.2690387016229713,73.09612983770288,False,81.0322810772249
SANWARIA.NS,1602,0,0.0,100.0,True,100.0
SAPPHIRE.NS,1134,468,0.29213483146067415,70.78651685393258,False,78.47191011235955
SARDAEN.NS,1602,0,0.0,100.0,True,100.0
SAREGAMA.NS,1602,0,0.0,100.0,True,100.0
SARLAPOLY.NS,1602,0,0.0,100.0,True,100.0
SAROJA.NS,682,920,0.5742821473158551,42.57178526841449,False,47.19386481184234
SARTELE.NS,645,957,0.5973782771535581,40.262172284644194,False,44.63349384697699
SARVESHWAR.NS,1602,0,0.0,100.0,True,100.0
SASKEN.NS,1602,0,0.0,100.0,True,100.0
SATIA.NS,1602,0,0.0,100.0,True,100.0
SATIN.NS,1602,0,0.0,100.0,True,100.0
SAURASHCEM.NS,571,1031,0.6435705368289638,35.64294631710362,False,39.5127519172463
SBC.NS,1132,470,0.2933832709113608,70.66167290886392,False,78.33351168182628
SBCL.NS,1234,368,0.22971285892634208,77.02871410736579,False,85.39183163902264
SBFC.NS,702,900,0.5617977528089888,43.82022471910112,False,48.57784911717496
SBGLP.NS,827,775,0.4837702871410737,51.62297128589264,False,57.227751025503835
SBICARD.NS,1551,51,0.031835205992509365,96.81647940074907,True,98.08988764044943
SBILIFE.NS,1602,0,0.0,100.0,True,100.0
SBIN.NS,1602,0,0.0,100.0,True,100.0
SCHAEFFLER.NS,1602,0,0.0,100.0,True,100.0
SCHAND.NS,1602,0,0.0,100.0,True,100.0
SCHNEIDER.NS,1602,0,0.0,100.0,True,100.0
SCI.NS,1602,0,0.0,100.0,True,100.0
SCILAL.NS,557,1045,0.6523096129837703,34.76903870162297,False,38.54396290351346
SCML.NS,663,939,0.5861423220973783,41.38576779026217,False,45.87907972177635
SCPL.NS,884,718,0.44818976279650435,55.181023720349565,False,61.1721062957018
SDBL.NS,1602,0,0.0,100.0,True,100.0
SEAMECLTD.NS,1602,0,0.0,100.0,True,100.0
SECMARK.NS,661,941,0.5873907615480649,41.26092384519351,False,45.74068129124309
SECURKLOUD.NS,1602,0,0.0,100.0,True,100.0
SEJALLTD.NS,1602,0,0.0,100.0,True,100.0
SEL.NS,691,911,0.5686641697877652,43.13358302122347,False,47.81665774924202
SELMC.NS,1602,0,0.0,100.0,True,100.0
SEMAC.NS,1602,0,0.0,100.0,True,100.0
SENCO.NS,724,878,0.5480649188514357,45.19350811485643,False,50.10023185304084
SEPC.NS,1602,0,0.0,100.0,True,100.0
SERVICE.NS,716,886,0.5530586766541823,44.694132334581774,False,49.546638130907795
SERVOTECH.NS,1602,0,0.0,100.0,True,100.0
SESHAPAPER.NS,1602,0,0.0,100.0,True,100.0
SETCO.NS,1602,0,0.0,100.0,True,100.0
SEYAIND.NS,1602,0,0.0,100.0,True,100.0
SFL.NS,1602,0,0.0,100.0,True,100.0
SGIL.NS,1211,391,0.24406991260923847,75.59300873907615,False,83.80024968789013
SGL.NS,1602,0,0.0,100.0,True,100.0
SHAH.NS,1602,0,0.0,100.0,True,100.0
SHAHALLOYS.NS,1602,0,0.0,100.0,True,100.0
SHAILY.NS,1041,561,0.350187265917603,64.98127340823969,False,72.03638309256286
SHAIVAL.NS,1602,0,0.0,100.0,True,100.0
SHAKTIPUMP.NS,1602,0,0.0,100.0,True,100.0
SHALBY.NS,1602,0,0.0,100.0,True,100.0
SHALPAINTS.NS,1602,0,0.0,100.0,True,100.0
SHANKARA.NS,1602,0,0.0,100.0,True,100.0
SHANTHALA.NS,648,954,0.5955056179775281,40.44943820224719,False,44.84109149277688
SHANTI.NS,1602,0,0.0,100.0,True,100.0
SHANTIGEAR.NS,1602,0,0.0,100.0,True,100.0
SHARDACROP.NS,1602,0,0.0,100.0,True,100.0
SHARDAMOTR.NS,1602,0,0.0,100.0,True,100.0
SHAREINDIA.NS,1422,180,0.11235955056179775,88.76404494382022,False,93.25842696629213
SHEETAL.NS,624,978,0.6104868913857678,38.95131086142322,False,43.180310326377736
SHEKHAWATI.NS,1602,0,0.0,100.0,True,100.0
SHEMAROO.NS,1602,0,0.0,100.0,True,100.0
SHERA.NS,822,780,0.4868913857677903,51.31086142322096,False,56.88175494917067
SHIGAN.NS,1046,556,0.3470661672908864,65.29338327091136,False,72.38237916889602
SHILPAMED.NS,1602,0,0.0,100.0,True,100.0
SHIVALIK.NS,1120,482,0.30087390761548066,69.91260923845192,False,77.5031210986267
SHIVAMAUTO.NS,1602,0,0.0,100.0,True,100.0
SHIVAMILLS.NS,1602,0,0.0,100.0,True,100.0
SHIVATEX.NS,1602,0,0.0,100.0,True,100.0
SHIVAUM.NS,1602,0,0.0,100.0,True,100.0
SHK.NS,1602,0,0.0,100.0,True,100.0
SHOPERSTOP.NS,1602,0,0.0,100.0,True,100.0
SHRADHA.NS,1602,0,0.0,100.0,True,100.0
SHREDIGCEM.NS,1602,0,0.0,100.0,True,100.0
SHREECEM.NS,1602,0,0.0,100.0,True,100.0
SHREEKARNI.NS,560,1042,0.6504369538077404,34.95630461922596,False,38.75156054931335
SHREEOSFM.NS,616,986,0.6154806491885143,38.45193508114857,False,42.62671660424469
SHREEPUSHK.NS,1602,0,0.0,100.0,True,100.0
SHREERAMA.NS,1602,0,0.0,100.0,True,100.0
SHREMINVIT.NS,1173,429,0.26779026217228463,73.22097378277154,False,81.17067950775817
SHRENIK.NS,1602,0,0.0,100.0,True,100.0
SHREYANIND.NS,1602,0,0.0,100.0,True,100.0
SHRIPISTON.NS,1602,0,0.0,100.0,True,100.0
SHRIRAMFIN.NS,1602,0,0.0,100.0,True,100.0
SHRIRAMPPS.NS,1113,489,0.3052434456928839,69.47565543071161,False,77.0187265917603
SHRITECH.NS,709,893,0.5574282147315855,44.25717852684144,False,49.06224362404137
SHUBHLAXMI.NS,1602,0,0.0,100.0,True,100.0
SHYAMCENT.NS,1602,0,0.0,100.0,True,100.0
SHYAMMETL.NS,1234,368,0.22971285892634208,77.02871410736579,False,85.39183163902264
SHYAMTEL.NS,1602,0,0.0,100.0,True,100.0
SICALLOG.NS,1602,0,0.0,100.0,True,100.0
SIDDHIKA.NS,1260,342,0.21348314606741572,78.65168539325843,False,87.19101123595506
SIEMENS.NS,1602,0,0.0,100.0,True,100.0
SIGACHI.NS,1137,465,0.2902621722846442,70.97378277153558,False,78.67950775815945
SIGIND.NS,1602,0,0.0,100.0,True,100.0
SIGMA.NS,1385,217,0.13545568039950062,86.45443196004993,False,91.87265917602996
SIGMAADV.NS,1602,0,0.0,100.0,True,100.0
SIGNATURE.NS,673,929,0.579900124843945,42.009987515605495,False,46.57107187444266
SIGNORIA.NS,557,1045,0.6523096129837703,34.76903870162297,False,38.54396290351346
SIGNPOST.NS,580,1022,0.6379525593008739,36.20474406991261,False,40.13554485464597
SIKKO.NS,1602,0,0.0,100.0,True,100.0
SIL.NS,1602,0,0.0,100.0,True,100.0
SILGO.NS,1602,0,0.0,100.0,True,100.0
SILINV.NS,1602,0,0.0,100.0,True,100.0
SILKFLEX.NS,521,1081,0.6747815230961298,32.52184769038702,False,36.052791153914754
SILLYMONKS.NS,1602,0,0.0,100.0,True,100.0
SIMPLEXINF.NS,1602,0,0.0,100.0,True,100.0
SINCLAIR.NS,543,1059,0.6610486891385767,33.89513108614233,False,37.575173889780636
SINDHUTRAD.NS,741,861,0.5374531835205992,46.254681647940075,False,51.27661851257357
SINTERCOM.NS,1602,0,0.0,100.0,True,100.0
SIRCA.NS,1602,0,0.0,100.0,True,100.0
SIS.NS,1602,0,0.0,100.0,True,100.0
SITINET.NS,1602,0,0.0,100.0,True,100.0
SIYSIL.NS,1602,0,0.0,100.0,True,100.0
SJLOGISTIC.NS,618,984,0.6142322097378277,38.57677902621723,False,42.765115034777956
SJS.NS,1137,465,0.2902621722846442,70.97378277153558,False,78.67950775815945
SJVN.NS,1602,0,0.0,100.0,True,100.0
SKFINDIA.NS,1602,0,0.0,100.0,True,100.0
SKIPPER.NS,1602,0,0.0,100.0,True,100.0
SKMEGGPROD.NS,1602,0,0.0,100.0,True,100.0
SKP.NS,962,640,0.3995006242197253,60.04993757802747,False,66.56964508649901
SKYGOLD.NS,851,751,0.46878901373283394,53.12109862671661,False,58.88853219190298
SLONE.NS,524,1078,0.6729088639200999,32.70911360799001,False,36.26038879971465
SMARTLINK.NS,1602,0,0.0,100.0,True,100.0
SMCGLOBAL.NS,1314,288,0.1797752808988764,82.02247191011236,False,89.2134831460674
SMLMAH.NS,1602,0,0.0,100.0,True,100.0
SMLT.NS,1130,472,0.29463171036204744,70.53682896379524,False,78.19511325129301
SMSPHARMA.NS,1602,0,0.0,100.0,True,100.0
SMVD.NS,1602,0,0.0,100.0,True,100.0
SNOWMAN.NS,1602,0,0.0,100.0,True,100.0
SOBHA.NS,1602,0,0.0,100.0,True,100.0
SOFTTECH.NS,1602,0,0.0,100.0,True,100.0
SOLARA.NS,1602,0,0.0,100.0,True,100.0
SOLARINDS.NS,1602,0,0.0,100.0,True,100.0
SOLEX.NS,1602,0,0.0,100.0,True,100.0
SOMANYCERA.NS,1602,0,0.0,100.0,True,100.0
SOMATEX.NS,1602,0,0.0,100.0,True,100.0
SOMICONVEY.NS,1602,0,0.0,100.0,True,100.0
SONACOMS.NS,1234,368,0.22971285892634208,77.02871410736579,False,85.39183163902264
SONAMAC.NS,561,1041,0.649812734082397,35.0187265917603,False,38.82075976457999
SONAMLTD.NS,1602,0,0.0,100.0,True,100.0
SONATSOFTW.NS,1602,0,0.0,100.0,True,100.0
SONUINFRA.NS,1005,597,0.37265917602996257,62.734082397003746,False,69.54521134296415
SOTAC.NS,787,815,0.5087390761548065,49.126092384519346,False,54.459782414838585
SOTL.NS,1602,0,0.0,100.0,True,100.0
SOUTHBANK.NS,1602,0,0.0,100.0,True,100.0
SOUTHWEST.NS,1602,0,0.0,100.0,True,100.0
SPAL.NS,1602,0,0.0,100.0,True,100.0
SPANDANA.NS,1602,0,0.0,100.0,True,100.0
SPARC.NS,1602,0,0.0,100.0,True,100.0
SPCENET.NS,1602,0,0.0,100.0,True,100.0
SPECIALITY.NS,1602,0,0.0,100.0,True,100.0
SPECTRUM.NS,1602,0,0.0,100.0,True,100.0
SPECTSTM.NS,739,863,0.5387016229712859,46.12983770287141,False,51.138220082040306
SPENCERS.NS,1602,0,0.0,100.0,True,100.0
SPIC.NS,1602,0,0.0,100.0,True,100.0
SPLIL.NS,1602,0,0.0,100.0,True,100.0
SPLPETRO.NS,1602,0,0.0,100.0,True,100.0
SPMLINFRA.NS,1602,0,0.0,100.0,True,100.0
SPORTKING.NS,944,658,0.4107365792759051,58.92634207240949,False,65.32405921169966
SPRL.NS,1040,562,0.35081148564294634,64.91885143570538,False,71.96718387729624
SREEL.NS,1602,0,0.0,100.0,True,100.0
SRF.NS,1602,0,0.0,100.0,True,100.0
SRGHFL.NS,699,903,0.5636704119850188,43.63295880149812,False,48.370251471375056
SRHHYPOLTD.NS,1602,0,0.0,100.0,True,100.0
SRIVASAVI.NS,809,793,0.4950062421972534,50.49937578027466,False,55.982165150704475
SRM.NS,548,1054,0.6579275905118602,34.207240948813975,False,37.92116996611378
SSFL.NS,700,902,0.5630461922596754,43.69538077403246,False,48.43945068664169
SSWL.NS,1602,0,0.0,100.0,True,100.0
STAR.NS,1602,0,0.0,100.0,True,100.0
STARCEMENT.NS,1602,0,0.0,100.0,True,100.0
STARHEALTH.NS,1119,483,0.301498127340824,69.85018726591761,False,77.43392188336009
STARPAPER.NS,1602,0,0.0,100.0,True,100.0
STARTECK.NS,1022,580,0.3620474406991261,63.79525593008739,False,70.72159800249688
STCINDIA.NS,1602,0,0.0,100.0,True,100.0
STEELCAS.NS,1132,470,0.2933832709113608,70.66167290886392,False,78.33351168182628
STEELCITY.NS,1602,0,0.0,100.0,True,100.0
STEELXIND.NS,1602,0,0.0,100.0,True,100.0
STEL.NS,1602,0,0.0,100.0,True,100.0
STERTOOLS.NS,1602,0,0.0,100.0,True,100.0
STLTECH.NS,1602,0,0.0,100.0,True,100.0
STOVEKRAFT.NS,1326,276,0.17228464419475656,82.77153558052434,False,89.6629213483146
STYLAMIND.NS,1208,394,0.2459425717852684,75.40574282147317,False,83.59265204209025
STYRENIX.NS,1602,0,0.0,100.0,True,100.0
SUBEXLTD.NS,1602,0,0.0,100.0,True,100.0
SUBROS.NS,1602,0,0.0,100.0,True,100.0
SUDARCOLOR.NS,1602,0,0.0,100.0,True,100.0
SUDARSCHEM.NS,1602,0,0.0,100.0,True,100.0
SUKHJITS.NS,894,708,0.4419475655430712,55.80524344569289,False,61.86409844836811
SULA.NS,862,740,0.46192259675405745,53.807740324594256,False,59.64972355983592
SUMEETINDS.NS,1602,0,0.0,100.0,True,100.0
SUMICHEM.NS,1584,18,0.011235955056179775,98.87640449438202,True,99.32584269662921
SUMIT.NS,1602,0,0.0,100.0,True,100.0
SUMMITSEC.NS,1602,0,0.0,100.0,True,100.0
SUNCLAY.NS,611,991,0.6186017478152309,38.13982521847691,False,42.28072052791154
SUNDARAM.NS,1602,0,0.0,100.0,True,100.0
SUNDARMFIN.NS,1602,0,0.0,100.0,True,100.0
SUNDRMBRAK.NS,1602,0,0.0,100.0,True,100.0
SUNDRMFAST.NS,1602,0,0.0,100.0,True,100.0
SUNDROP.NS,1602,0,0.0,100.0,True,100.0
SUNFLAG.NS,1602,0,0.0,100.0,True,100.0
SUNPHARMA.NS,1602,0,0.0,100.0,True,100.0
SUNREST.NS,638,964,0.6017478152309613,39.82521847690387,False,44.149099340110574
SUNTECK.NS,1602,0,0.0,100.0,True,100.0
SUNTV.NS,1602,0,0.0,100.0,True,100.0
SUPERHOUSE.NS,1602,0,0.0,100.0,True,100.0
SUPERSPIN.NS,1602,0,0.0,100.0,True,100.0
SUPRAJIT.NS,1602,0,0.0,100.0,True,100.0
SUPREMEENG.NS,1602,0,0.0,100.0,True,100.0
SUPREMEIND.NS,1602,0,0.0,100.0,True,100.0
SUPREMEINF.NS,1602,0,0.0,100.0,True,100.0
SUPREMEPWR.NS,611,991,0.6186017478152309,38.13982521847691,False,42.28072052791154
SUPRIYA.NS,1107,495,0.3089887640449438,69.10112359550563,False,76.60353130016051
SURAJEST.NS,614,988,0.616729088639201,38.32709113607991,False,42.488318173711434
SURANASOL.NS,1602,0,0.0,100.0,True,100.0
SURANAT&P.NS,1602,0,0.0,100.0,True,100.0
SURANI.NS,1602,0,0.0,100.0,True,100.0
SURYALAXMI.NS,1602,0,0.0,100.0,True,100.0
SURYAROSNI.NS,1602,0,0.0,100.0,True,100.0
SURYODAY.NS,1293,309,0.19288389513108614,80.71161048689139,False,88.42696629213484
SUTLEJTEX.NS,1602,0,0.0,100.0,True,100.0
SUVEN.NS,1602,0,0.0,100.0,True,100.0
SUVIDHAA.NS,1291,311,0.1941323345817728,80.58676654182271,False,88.35205992509363
SUZLON.NS,1602,0,0.0,100.0,True,100.0
SVLL.NS,1602,0,0.0,100.0,True,100.0
SVPGLOB.NS,1220,382,0.23845193508114856,76.15480649188514,False,84.42304262528981
SWANCORP.NS,1602,0,0.0,100.0,True,100.0
SWANDEF.NS,1602,0,0.0,100.0,True,100.0
SWARAJ.NS,1036,566,0.3533083645443196,64.66916354556804,False,71.6903870162297
SWARAJENG.NS,1602,0,0.0,100.0,True,100.0
SWASTIK.NS,911,691,0.4313358302122347,56.86641697877653,False,63.040485107900835
SWELECTES.NS,1602,0,0.0,100.0,True,100.0
SWSOLAR.NS,1602,0,0.0,100.0,True,100.0
SYMPHONY.NS,1602,0,0.0,100.0,True,100.0
SYNCOMF.NS,886,716,0.4469413233458177,55.305867665418226,False,61.31050472623507
SYNGENE.NS,1602,0,0.0,100.0,True,100.0
SYNOPTICS.NS,725,877,0.5474406991260924,45.25593008739076,False,50.16943106830747
SYRMA.NS,942,660,0.41198501872659177,58.80149812734082,False,65.1856607811664
SYSTANGO.NS,805,797,0.4975031210986267,50.24968789013733,False,55.705368289637946
TAC.NS,546,1056,0.6591760299625468,34.08239700374532,False,37.78277153558052
TAINWALCHM.NS,1602,0,0.0,100.0,True,100.0
TAJGVK.NS,1602,0,0.0,100.0,True,100.0
TAKE.NS,1602,0,0.0,100.0,True,100.0
TALBROAUTO.NS,1602,0,0.0,100.0,True,100.0
TANLA.NS,1602,0,0.0,100.0,True,100.0
TAPIFRUIT.NS,923,679,0.42384519350811484,57.61548064918851,False,63.87087569110041
TARACHAND.NS,1602,0,0.0,100.0,True,100.0
TARAPUR.NS,1602,0,0.0,100.0,True,100.0
TARC.NS,1360,242,0.15106117353308365,84.89388264669164,False,90.93632958801498
TARIL.NS,1602,0,0.0,100.0,True,100.0
TARMAT.NS,1602,0,0.0,100.0,True,100.0
TARSONS.NS,1129,473,0.29525593008739076,70.47440699126093,False,78.1259140360264
TASTYBITE.NS,1602,0,0.0,100.0,True,100.0
TATACHEM.NS,1602,0,0.0,100.0,True,100.0
TATACOMM.NS,1602,0,0.0,100.0,True,100.0
TATACONSUM.NS,1602,0,0.0,100.0,True,100.0
TATAELXSI.NS,1602,0,0.0,100.0,True,100.0
TATAINVEST.NS,1602,0,0.0,100.0,True,100.0
TATAPOWER.NS,1602,0,0.0,100.0,True,100.0
TATASTEEL.NS,1602,0,0.0,100.0,True,100.0
TATATECH.NS,631,971,0.6061173533083646,39.38826466916354,False,43.66470483324416
TATSILV.NS,597,1005,0.6273408239700374,37.265917602996254,False,41.3119315141787
TATVA.NS,1210,392,0.24469413233458176,75.53058676654183,False,83.73105047262351
TBOTEK.NS,521,1081,0.6747815230961298,32.52184769038702,False,36.052791153914754
TBZ.NS,1602,0,0.0,100.0,True,100.0
TCI.NS,1602,0,0.0,100.0,True,100.0
TCIEXP.NS,1602,0,0.0,100.0,True,100.0
TCIFINANCE.NS,1602,0,0.0,100.0,True,100.0
TCL.NS,573,1029,0.6423220973782772,35.767790262172284,False,39.65115034777956
TCPLPACK.NS,1602,0,0.0,100.0,True,100.0
TCS.NS,1602,0,0.0,100.0,True,100.0
TDPOWERSYS.NS,1602,0,0.0,100.0,True,100.0
TEAMGTY.NS,1602,0,0.0,100.0,True,100.0
TEAMLEASE.NS,1602,0,0.0,100.0,True,100.0
TECHLABS.NS,611,991,0.6186017478152309,38.13982521847691,False,42.28072052791154
TECHM.NS,1602,0,0.0,100.0,True,100.0
TECHNOE.NS,1602,0,0.0,100.0,True,100.0
TECILCHEM.NS,783,819,0.5112359550561798,48.87640449438202,False,54.18298555377207
TEGA.NS,1118,484,0.3021223470661673,69.78776529338326,False,77.36472266809345
TEJASNET.NS,1602,0,0.0,100.0,True,100.0
TEMBO.NS,1602,0,0.0,100.0,True,100.0
TERASOFT.NS,1602,0,0.0,100.0,True,100.0
TEXINFRA.NS,1602,0,0.0,100.0,True,100.0
TEXMOPIPES.NS,1602,0,0.0,100.0,True,100.0
TEXRAIL.NS,1602,0,0.0,100.0,True,100.0
TFCILTD.NS,1602,0,0.0,100.0,True,100.0
TFL.NS,1602,0,0.0,100.0,True,100.0
TGBHOTELS.NS,1602,0,0.0,100.0,True,100.0
TGL.NS,540,1062,0.6629213483146067,33.70786516853933,False,37.367576243980736
THANGAMAYL.NS,1602,0,0.0,100.0,True,100.0
THEINVEST.NS,1602,0,0.0,100.0,True,100.0
THEJO.NS,1602,0,0.0,100.0,True,100.0
THEMISMED.NS,1602,0,0.0,100.0,True,100.0
THERMAX.NS,1602,0,0.0,100.0,True,100.0
THOMASCOOK.NS,1602,0,0.0,100.0,True,100.0
THOMASCOTT.NS,1602,0,0.0,100.0,True,100.0
THYROCARE.NS,1602,0,0.0,100.0,True,100.0
TI.NS,1602,0,0.0,100.0,True,100.0
TICL.NS,1602,0,0.0,100.0,True,100.0
TIIL.NS,1602,0,0.0,100.0,True,100.0
TIINDIA.NS,1602,0,0.0,100.0,True,100.0
TIJARIA.NS,1602,0,0.0,100.0,True,100.0
TIL.NS,1602,0,0.0,100.0,True,100.0
TIMESCAN.NS,1086,516,0.32209737827715357,67.79026217228464,False,75.15034777956126
TIMETECHNO.NS,1602,0,0.0,100.0,True,100.0
TIMKEN.NS,1602,0,0.0,100.0,True,100.0
TIPSFILMS.NS,915,687,0.4288389513108614,57.11610486891385,False,63.31728196896735
TIPSMUSIC.NS,1602,0,0.0,100.0,True,100.0
TIRUMALCHM.NS,1602,0,0.0,100.0,True,100.0
TIRUPATI.NS,1602,0,0.0,100.0,True,100.0
TIRUPATIFL.NS,1602,0,0.0,100.0,True,100.0
TITAGARH.NS,1602,0,0.0,100.0,True,100.0
TITAN.NS,1602,0,0.0,100.0,True,100.0
TMB.NS,929,673,0.42009987515605496,57.990012484394505,False,64.2860709827002
TMPV.NS,1602,0,0.0,100.0,True,100.0
TNPETRO.NS,1602,0,0.0,100.0,True,100.0
TNPL.NS,1602,0,0.0,100.0,True,100.0
TNTELE.NS,1602,0,0.0,100.0,True,100.0
TOKYOPLAST.NS,1602,0,0.0,100.0,True,100.0
TORNTPHARM.NS,1602,0,0.0,100.0,True,100.0
TORNTPOWER.NS,1602,0,0.0,100.0,True,100.0
TOTAL.NS,1602,0,0.0,100.0,True,100.0
TOUCHWOOD.NS,1602,0,0.0,100.0,True,100.0
TPHQ.NS,1602,0,0.0,100.0,True,100.0
TPLPLASTEH.NS,1602,0,0.0,100.0,True,100.0
TRACXN.NS,905,697,0.43508114856429464,56.49188514357053,False,62.62528981630105
TRANSTEEL.NS,647,955,0.5961298377028714,40.387016229712856,False,44.77189227751025
TRANSWIND.NS,1602,0,0.0,100.0,True,100.0
TRANSWORLD.NS,1602,0,0.0,100.0,True,100.0
TREEHOUSE.NS,1602,0,0.0,100.0,True,100.0
TREJHARA.NS,1602,0,0.0,100.0,True,100.0
TREL.NS,705,897,0.5599250936329588,44.00749063670412,False,48.78544676297485
TRENT.NS,1602,0,0.0,100.0,True,100.0
TRF.NS,1602,0,0.0,100.0,True,100.0
TRIDENT.NS,1602,0,0.0,100.0,True,100.0
TRIDHYA.NS,725,877,0.5474406991260924,45.25593008739076,False,50.16943106830747
TRIGYN.NS,1602,0,0.0,100.0,True,100.0
TRITURBINE.NS,1602,0,0.0,100.0,True,100.0
TRIVENI.NS,1602,0,0.0,100.0,True,100.0
TRU.NS,1018,584,0.3645443196004994,63.54556803995006,False,70.44480114143036
TRUST.NS,547,1055,0.6585518102372035,34.144818976279645,False,37.85197075084716
TSFINV.NS,1602,0,0.0,100.0,True,100.0
TTKHLTCARE.NS,1602,0,0.0,100.0,True,100.0
TTKPRESTIG.NS,1602,0,0.0,100.0,True,100.0
TTL.NS,1602,0,0.0,100.0,True,100.0
TTML.NS,1602,0,0.0,100.0,True,100.0
TVSELECT.NS,1602,0,0.0,100.0,True,100.0
TVSHLTD.NS,1602,0,0.0,100.0,True,100.0
TVSMOTOR.NS,1602,0,0.0,100.0,True,100.0
TVSSCS.NS,697,905,0.5649188514357054,43.50811485642946,False,48.2318530408418
TVSSRICHAK.NS,1602,0,0.0,100.0,True,100.0
TVTODAY.NS,1602,0,0.0,100.0,True,100.0
TVVISION.NS,1602,0,0.0,100.0,True,100.0
UBL.NS,1602,0,0.0,100.0,True,100.0
UCAL.NS,1602,0,0.0,100.0,True,100.0
UCL.NS,1602,0,0.0,100.0,True,100.0
UCOBANK.NS,1602,0,0.0,100.0,True,100.0
UDS.NS,669,933,0.5823970037453183,41.760299625468164,False,46.29427501337614
UEL.NS,1602,0,0.0,100.0,True,100.0
UFBL.NS,1287,315,0.19662921348314608,80.33707865168539,False,88.20224719101122
UFLEX.NS,1602,0,0.0,100.0,True,100.0
UFO.NS,1602,0,0.0,100.0,True,100.0
UGARSUGAR.NS,1602,0,0.0,100.0,True,100.0
UGROCAP.NS,1201,401,0.25031210986267166,74.96878901373283,False,83.10825753522383
UJJIVANSFB.NS,1602,0,0.0,100.0,True,100.0
ULTRACEMCO.NS,1602,0,0.0,100.0,True,100.0
UMA.NS,857,745,0.46504369538077406,53.495630461922595,False,59.30372748350276
UMAEXPORTS.NS,1038,564,0.352059925093633,64.7940074906367,False,71.82878544676296
UMESLTD.NS,1602,0,0.0,100.0,True,100.0
UMIYA-MRO.NS,1602,0,0.0,100.0,True,100.0
UNICHEMLAB.NS,1602,0,0.0,100.0,True,100.0
UNIDT.NS,1418,184,0.11485642946317104,88.51435705368289,False,93.10861423220973
UNIENTER.NS,1602,0,0.0,100.0,True,100.0
UNIHEALTH.NS,677,925,0.5774032459425718,42.259675405742826,False,46.84786873550918
UNIINFO.NS,1602,0,0.0,100.0,True,100.0
UNIONBANK.NS,1602,0,0.0,100.0,True,100.0
UNIPARTS.NS,870,732,0.45692883895131087,54.30711610486891,False,60.203317281968964
UNITDSPR.NS,1602,0,0.0,100.0,True,100.0
UNITECH.NS,1602,0,0.0,100.0,True,100.0
UNITEDPOLY.NS,1602,0,0.0,100.0,True,100.0
UNITEDTEA.NS,1602,0,0.0,100.0,True,100.0
UNIVASTU.NS,1602,0,0.0,100.0,True,100.0
UNIVCABLES.NS,1602,0,0.0,100.0,True,100.0
UNIVPHOTO.NS,1570,32,0.019975031210986267,98.00249687890137,True,98.80149812734082
UNOMINDA.NS,1602,0,0.0,100.0,True,100.0
UPL.NS,1602,0,0.0,100.0,True,100.0
URAVIDEF.NS,1602,0,0.0,100.0,True,100.0
URBAN.NS,739,863,0.5387016229712859,46.12983770287141,False,51.138220082040306
URJA.NS,1602,0,0.0,100.0,True,100.0
USASEEDS.NS,952,650,0.40574282147315854,59.425717852684144,False,65.8776529338327
USHAMART.NS,1602,0,0.0,100.0,True,100.0
USK.NS,793,809,0.5049937578027466,49.50062421972534,False,54.87497770643837
UTIAMC.NS,1407,195,0.12172284644194757,87.82771535580525,False,92.69662921348315
UTKARSHBNK.NS,719,883,0.5511860174781523,44.881398252184766,False,49.75423577670768
UTTAMSUGAR.NS,1602,0,0.0,100.0,True,100.0
UWCSL.NS,1602,0,0.0,100.0,True,100.0
V2RETAIL.NS,1602,0,0.0,100.0,True,100.0
VADILALIND.NS,1602,0,0.0,100.0,True,100.0
VAIBHAVGBL.NS,1602,0,0.0,100.0,True,100.0
VAISHALI.NS,1602,0,0.0,100.0,True,100.0
VAKRANGEE.NS,1602,0,0.0,100.0,True,100.0
VALIANTLAB.NS,667,935,0.583645443196005,41.6354556803995,False,46.15587658284288
VALIANTORG.NS,1413,189,0.11797752808988764,88.20224719101124,False,92.92134831460675
VARDHACRLC.NS,1602,0,0.0,100.0,True,100.0
VARDMNPOLY.NS,1602,0,0.0,100.0,True,100.0
VARROC.NS,1602,0,0.0,100.0,True,100.0
VASA.NS,1602,0,0.0,100.0,True,100.0
VASCONEQ.NS,1602,0,0.0,100.0,True,100.0
VASWANI.NS,1602,0,0.0,100.0,True,100.0
VBL.NS,1602,0,0.0,100.0,True,100.0
VCL.NS,1032,570,0.35580524344569286,64.41947565543072,False,71.41359015516318
VEDL.NS,1602,0,0.0,100.0,True,100.0
VEEDOL.NS,1602,0,0.0,100.0,True,100.0
VEEKAYEM.NS,946,656,0.4094881398252185,59.05118601747815,False,65.46245764223292
VELS.NS,800,802,0.5006242197253433,49.93757802746567,False,55.359372213304795
VENKEYS.NS,1602,0,0.0,100.0,True,100.0
VENUSPIPES.NS,1008,594,0.3707865168539326,62.92134831460674,False,69.75280898876404
VENUSREM.NS,1602,0,0.0,100.0,True,100.0
VERA.NS,1602,0,0.0,100.0,True,100.0
VERANDA.NS,1036,566,0.3533083645443196,64.66916354556804,False,71.6903870162297
VERITAAS.NS,518,1084,0.6766541822721598,32.33458177278402,False,35.84519350811485
VERTEXPLUS.NS,805,797,0.4975031210986267,50.24968789013733,False,55.705368289637946
VERTOZ.NS,1602,0,0.0,100.0,True,100.0
VESUVIUS.NS,1602,0,0.0,100.0,True,100.0
VETO.NS,1602,0,0.0,100.0,True,100.0
VGL.NS,1602,0,0.0,100.0,True,100.0
VGUARD.NS,1602,0,0.0,100.0,True,100.0
VHL.NS,1602,0,0.0,100.0,True,100.0
VHLTD.NS,1602,0,0.0,100.0,True,100.0
VIAZ.NS,814,788,0.4918851435705368,50.811485642946316,False,56.328161227037626
VIDHIING.NS,1602,0,0.0,100.0,True,100.0
VIJAYA.NS,1179,423,0.2640449438202247,73.59550561797754,False,81.58587479935795
VIJIFIN.NS,1602,0,0.0,100.0,True,100.0
VIKASECO.NS,1602,0,0.0,100.0,True,100.0
VIKASLIFE.NS,1602,0,0.0,100.0,True,100.0
VILAS.NS,509,1093,0.6822721598002497,31.77278401997503,False,35.22240057071518
VILINBIO.NS,734,868,0.5418227215980025,45.81772784019975,False,50.792224005707155
VIMTALABS.NS,1602,0,0.0,100.0,True,100.0
VINATIORGA.NS,1602,0,0.0,100.0,True,100.0
VINDHYATEL.NS,1602,0,0.0,100.0,True,100.0
VINEETLAB.NS,1241,361,0.22534332084893882,77.46566791510612,False,85.87622614588906
VINNY.NS,1602,0,0.0,100.0,True,100.0
VINSYS.NS,704,898,0.5605493133583022,43.94506866416978,False,48.71624754770822
VINYAS.NS,667,935,0.583645443196005,41.6354556803995,False,46.15587658284288
VINYLINDIA.NS,1602,0,0.0,100.0,True,100.0
VIPCLOTHNG.NS,1602,0,0.0,100.0,True,100.0
VIPIND.NS,1602,0,0.0,100.0,True,100.0
VIPULLTD.NS,1602,0,0.0,100.0,True,100.0
VIRINCHI.NS,775,827,0.5162297128589264,48.37702871410736,False,53.62939183163902
VISAKAIND.NS,1602,0,0.0,100.0,True,100.0
VISASTEEL.NS,1602,0,0.0,100.0,True,100.0
VISHNU.NS,1602,0,0.0,100.0,True,100.0
VISHNUINFR.NS,665,937,0.5848938826466916,41.51061173533084,False,46.017478152309614
VISHWARAJ.NS,1602,0,0.0,100.0,True,100.0
VISHWAS.NS,550,1052,0.6566791510611736,34.332084893882644,False,38.05956839664705
VITAL.NS,890,712,0.4444444444444444,55.55555555555556,False,61.587301587301596
VIVIANA.NS,928,674,0.4207240948813982,57.92759051186018,False,64.21687176743356
VIVIDHA.NS,1602,0,0.0,100.0,True,100.0
VIVIMEDLAB.NS,1602,0,0.0,100.0,True,100.0
VIVO.NS,1094,508,0.317103620474407,68.2896379525593,False,75.70394150169432
VIYASH.NS,1602,0,0.0,100.0,True,100.0
VLEGOV.NS,703,899,0.5611735330836455,43.88264669163545,False,48.647048332441585
VLSFINANCE.NS,1602,0,0.0,100.0,True,100.0
VMARCIND.NS,1260,342,0.21348314606741572,78.65168539325843,False,87.19101123595506
VMART.NS,1602,0,0.0,100.0,True,100.0
VOLTAMP.NS,1602,0,0.0,100.0,True,100.0
VOLTAS.NS,1602,0,0.0,100.0,True,100.0
VPRPL.NS,688,914,0.5705368289637952,42.94631710362048,False,47.609060103442125
VR.NS,562,1040,0.6491885143570537,35.08114856429463,False,38.88995897984662
VRLLOG.NS,1602,0,0.0,100.0,True,100.0
VSCL.NS,1602,0,0.0,100.0,True,100.0
VSSL.NS,1602,0,0.0,100.0,True,100.0
VSTIND.NS,1602,0,0.0,100.0,True,100.0
VSTL.NS,576,1026,0.6404494382022472,35.95505617977528,False,39.858747993579456
VSTTILLERS.NS,1602,0,0.0,100.0,True,100.0
VTL.NS,1602,0,0.0,100.0,True,100.0
WAAREEINDO.NS,1602,0,0.0,100.0,True,100.0
WABAG.NS,1602,0,0.0,100.0,True,100.0
WALCHANNAG.NS,1602,0,0.0,100.0,True,100.0
WALPAR.NS,1211,391,0.24406991260923847,75.59300873907615,False,83.80024968789013
WANBURY.NS,1602,0,0.0,100.0,True,100.0
WEALTH.NS,1602,0,0.0,100.0,True,100.0
WEBELSOLAR.NS,1602,0,0.0,100.0,True,100.0
WEIZMANIND.NS,1602,0,0.0,100.0,True,100.0
WEL.NS,1602,0,0.0,100.0,True,100.0
WELCORP.NS,1602,0,0.0,100.0,True,100.0
WELENT.NS,1602,0,0.0,100.0,True,100.0
WELINV.NS,1602,0,0.0,100.0,True,100.0
WELSPUNLIV.NS,1602,0,0.0,100.0,True,100.0
WENDT.NS,1602,0,0.0,100.0,True,100.0
WESTLIFE.NS,1602,0,0.0,100.0,True,100.0
WEWIN.NS,1602,0,0.0,100.0,True,100.0
WHEELS.NS,1602,0,0.0,100.0,True,100.0
WHIRLPOOL.NS,1602,0,0.0,100.0,True,100.0
WILLAMAGOR.NS,1602,0,0.0,100.0,True,100.0
WINDLAS.NS,1198,404,0.25218476903870163,74.78152309612985,False,82.90065988942393
WINDMACHIN.NS,1602,0,0.0,100.0,True,100.0
WINSOL.NS,522,1080,0.6741573033707865,32.58426966292135,False,36.12199036918138
WINSOME.NS,1602,0,0.0,100.0,True,100.0
WIPL.NS,1602,0,0.0,100.0,True,100.0
WIPRO.NS,1602,0,0.0,100.0,True,100.0
WOCKPHARMA.NS,1602,0,0.0,100.0,True,100.0
WOMANCART.NS,653,949,0.5923845193508115,40.76154806491885,False,45.18708756911004
WONDERLA.NS,1602,0,0.0,100.0,True,100.0
WORTHPERI.NS,1602,0,0.0,100.0,True,100.0
WSI.NS,1602,0,0.0,100.0,True,100.0
WSTCSTPAPR.NS,1602,0,0.0,100.0,True,100.0
WTICAB.NS,577,1025,0.6398252184769039,36.017478152309614,False,39.927947208846085
XCHANGING.NS,1602,0,0.0,100.0,True,100.0
XELPMOC.NS,1602,0,0.0,100.0,True,100.0
XPROINDIA.NS,1602,0,0.0,100.0,True,100.0
YASHO.NS,699,903,0.5636704119850188,43.63295880149812,False,48.370251471375056
YASHOPTICS.NS,545,1057,0.6598002496878901,34.01997503121099,False,37.7135723203139
YATHARTH.NS,708,894,0.5580524344569289,44.19475655430711,False,48.993044408774736
YATRA.NS,672,930,0.5805243445692884,41.947565543071164,False,46.50187265917603
YCCL.NS,710,892,0.5568039950062422,44.31960049937578,False,49.13144283930801
YESBANK.NS,1602,0,0.0,100.0,True,100.0
YUDIZ.NS,701,901,0.5624219725343321,43.75780274656679,False,48.50864990190833
YUKEN.NS,1186,416,0.2596754057428215,74.03245942571786,False,82.07026930622436
ZAGGLE.NS,676,926,0.5780274656679151,42.197253433208495,False,46.77866952024256
ZEAL.NS,706,896,0.5593008739076155,44.06991260923845,False,48.85464597824148
ZEEL.NS,1602,0,0.0,100.0,True,100.0
ZEELEARN.NS,1602,0,0.0,100.0,True,100.0
ZEEMEDIA.NS,1602,0,0.0,100.0,True,100.0
ZENITHDRUG.NS,571,1031,0.6435705368289638,35.64294631710362,False,39.5127519172463
ZENITHEXPO.NS,1602,0,0.0,100.0,True,100.0
ZENITHSTL.NS,1602,0,0.0,100.0,True,100.0
ZENSARTECH.NS,1602,0,0.0,100.0,True,100.0
ZENTEC.NS,1602,0,0.0,100.0,True,100.0
ZFCVINDIA.NS,1602,0,0.0,100.0,True,100.0
ZIMLAB.NS,881,721,0.4500624219725343,54.993757802746565,False,60.96450864990191
ZODIAC.NS,1569,33,0.020599250936329586,97.94007490636703,True,98.76404494382021
ZODIACLOTH.NS,1602,0,0.0,100.0,True,100.0
ZOTA.NS,1602,0,0.0,100.0,True,100.0
ZTECH.NS,507,1095,0.6835205992509363,31.647940074906366,False,35.08400214018191
ZUARI.NS,1602,0,0.0,100.0,True,100.0
ZUARIIND.NS,1602,0,0.0,100.0,True,100.0
ZYDUSLIFE.NS,1602,0,0.0,100.0,True,100.0
ZYDUSWELL.NS,1602,0,0.0,100.0,True,100.0
