Metric,Value
Engine_Version,2.0.0
Run_Time,2026-06-16 10:50:53.418018
Trading_Days,1599
Eligible_Securities,2262
Average_Coverage,86.88647690394473
Matrix_Health,88.52687302011232
Market_Return,0.29559544570093715
Market_Volatility,0.1875501428060893
VaR_95,-0.020661474338138433
CVaR_95,-0.03133333368388681
