Metric,Value
Engine_Version,2.0.0
Run_Time,2026-06-15 13:26:20.654781
Trading_Days,1598
Eligible_Securities,1609
Average_Coverage,99.93446593823384
Matrix_Health,99.96067956294031
Market_Return,0.30166541164750293
Market_Volatility,0.1899142525954304
VaR_95,-0.02092832324563798
CVaR_95,-0.031620840295881705
