Metric,Value
Portfolio_Volatility,0.1609922030464513
Effective_Risk_Bets,1894.4782792134715
Shrinkage_Intensity,0.029590729624032974
Min_Eigenvalue,0.0058558788150548935
Condition_Number,
