Metric,Value
VaR_95,-0.02092832324563798
CVaR_95,-0.031620840295881705
Max_Drawdown,-0.3886105045852356
Worst_Day,-0.07655616899564431
Best_Day,0.05483850254906349
