Type,Name,Value,Limit
Position,POWERINDIA,0.3285963639178515,0.1
Position,APARINDS,0.11682754864168508,0.1
Sector,Industrials,0.6046454455651642,0.3
