Metric,Value
VaR_95,-0.020661474338138433
CVaR_95,-0.03133333368388681
Max_Drawdown,-0.38841568268881177
Worst_Day,-0.07647770132620782
Best_Day,0.054815373233676176
