Symbol,Mean_Return,Annualized_Return,Volatility,Annualized_Volatility,Sharpe,Observations
20MICRONS.NS,0.0015875005741951664,0.4000501446971819,0.03371122704989325,0.535149138989107,0.7475488897410428,1602
21STCENMGM.NS,0.0006195260550522006,0.15612056587315454,0.0162114632653843,0.25734900113199577,0.6066492008378902,1602
360ONE.NS,0.0012071552225300568,0.30420311607757433,0.024297003917398873,0.3857029798163974,0.7886978633724357,1602
3IINFOLTD.NS,0.0010121862011607259,0.2550709226925029,0.03343033376015246,0.5306900962515013,0.48064006563186606,1602
3MINDIA.NS,0.00045258119747403986,0.11405046176345804,0.01906960971467461,0.3027206694245424,0.37675148505803235,1602
3PLAND.NS,0.0016050428786120318,0.404470805410232,0.0338333745557902,0.5370881705323277,0.7530808303026786,1602
5PAISA.NS,0.0007124025183162164,0.17952543461568654,0.02955312914109735,0.4691413810267169,0.3826680865857426,1602
63MOONS.NS,0.0017073324145065823,0.4302477684556587,0.03437167524469764,0.5456334290528707,0.7885289748512982,1602
A2ZINFRA.NS,0.0010694101844547896,0.26949136648260696,0.035250950325017766,0.5595914882321311,0.48158589283405234,1602
AAATECH.NS,0.0014258830228275198,0.359322521752535,0.03285781484306019,0.5216016401984644,0.6888830365177077,1385
AADHARHFC.NS,0.001083115647141791,0.27294514307973133,0.021336461637734817,0.33870582810909744,0.8058471996289814,521
AAKASH.NS,0.0008333719839365936,0.2100097399520216,0.03162495085366044,0.5020305311005522,0.41832065370932303,1602
AAREYDRUGS.NS,0.0010350262440222086,0.26082661349359654,0.03168193439955089,0.5029351168480447,0.5186088717133703,1204
AARON.NS,0.0019375140643079802,0.488253544205611,0.03155155318152177,0.5008653791768123,0.9748199107074855,1602
AARTECH.NS,0.0009179931505353063,0.2313342739348972,0.033835576115200654,0.5371231192045073,0.4306913362387175,728
AARTIDRUGS.NS,0.0009369939684625568,0.2361224800525643,0.026571135091711436,0.4218036930322193,0.5597923487941775,1602
AARTIIND.NS,0.0003662674596207151,0.0922993998244202,0.0226615799597199,0.35974142933534387,0.2565715046914447,1602
AARTIPHARM.NS,0.0014523425062973449,0.3659903115869309,0.028137827549352103,0.44667416477524613,0.819367540030185,836
AARTISURF.NS,0.00027935944938259355,0.07039858124441357,0.029531239518931034,0.4687938940474454,0.15016957801350697,1471
AARVI.NS,0.0014821466304323755,0.3735009508689586,0.03367516114391554,0.5345766104809554,0.698685545805908,1602
AATMAJ.NS,-0.0004687800771224028,-0.1181325794348455,0.035836900718010836,0.5688931623550124,-0.20765336490566919,734
AAVAS.NS,0.000129802568007152,0.0327102471378023,0.022654584853677714,0.359630385469451,0.09095518192964508,1602
ABAN.NS,0.0001976496619290027,0.04980771480610868,0.0334282938562254,0.5306577137805646,0.09386034257612802,1602
ABB.NS,0.0012961919632266743,0.3266403747331219,0.02095393144573979,0.33263334956714163,0.9819832411818645,1602
ABBOTINDIA.NS,0.0005574474987544762,0.140476769686128,0.015951438681240517,0.25322123882555114,0.554759033395714,1602
ABCAPITAL.NS,0.0011269051973282452,0.2839801097267178,0.024691032092227946,0.39195798317729985,0.7245167133086841,1602
ABCOTS.NS,0.002023460493906759,0.5099120444645033,0.03234525844759689,0.5134650596667151,0.9930803174718101,1087
ABFRL.NS,8.117373049977455e-05,0.020455780085943186,0.024875507372262743,0.39488643746136626,0.051801678015200206,1602
ABINFRA.NS,0.0018217462769417236,0.4590800617893144,0.02982180499533822,0.47340647798837193,0.9697376000008824,1602
ABMINTLLTD.NS,0.0011071932949928435,0.2790127103381966,0.03526027300611007,0.5597394812064668,0.4984688765152146,1602
ABREL.NS,0.0010971014290738614,0.27646956012661306,0.02848244780029362,0.4521448416597337,0.6114623780993461,1602
ABSLAMC.NS,0.0006437152805737952,0.1622162507045964,0.01966354687938936,0.31214912961794666,0.5196754862111586,1160
ABSMARINE.NS,0.00032562226152692465,0.082056809904785,0.0367000755496634,0.5825956380101488,0.14084693490848893,518
ACC.NS,0.0001483065125681536,0.037373241167174706,0.01857651203864291,0.2948929864874798,0.12673492717590099,1602
ACCELYA.NS,0.0002790634132219289,0.07032398013192609,0.021609418854102832,0.3430388895875187,0.2050029377616222,1602
ACCENTMIC.NS,0.0010191071770836143,0.2568150086250708,0.030164880047250674,0.4788526255987175,0.5363132515019013,620
ACCORD.NS,0.00149272550012228,0.3761668260308146,0.02598624225211935,0.412518807049121,0.9118780031428294,1602
ACCURACY.NS,0.0010123682984389565,0.25511681120661706,0.03424524448216264,0.5436264029184554,0.46928701372307124,1602
ACE.NS,0.002170196365760616,0.5468894841716752,0.03113840109379671,0.49430679311020637,1.1063766304537623,1602
ACEINTEG.NS,0.00092108099609085,0.2321124110148942,0.028286523578850975,0.44903464106522656,0.5169142640404388,1602
ACI.NS,0.0004260146493536359,0.10735569163711625,0.023223345780393378,0.36865918527469266,0.29120579637022787,885
ACL.NS,0.0009512055253087029,0.23970379237779313,0.03283302888480247,0.5212081753091262,0.4599002926913529,1602
ACUTAAS.NS,0.0020673939196016434,0.5209832677396141,0.028326748514419225,0.44967319212132967,1.1585820032585883,1179
ADANIENSOL.NS,0.0016855568918609828,0.4247603367489677,0.03207381070383183,0.5091559603230034,0.8342440624273632,1602
ADANIENT.NS,0.002513293820968406,0.6333500428840383,0.029484284969219593,0.46804851367868844,1.3531717853479353,1602
ADANIGREEN.NS,0.002051882610770629,0.5170744179141985,0.0319274668737168,0.5068328240406451,1.0202070453762324,1602
ADANIPORTS.NS,0.0014494468951221846,0.36526061757079054,0.023432091880453743,0.37197292688217864,0.9819548444892222,1602
ADANIPOWER.NS,0.0024872943802566327,0.6267981838246715,0.03317662263400859,0.5266625569837404,1.1901324206801784,1602
ADFFOODS.NS,0.0014645220801825416,0.3690595642060005,0.02987467846192874,0.4742458182496863,0.7782030963775285,1602
ADL.NS,0.0012261675235353945,0.3089942159309194,0.030178239046920782,0.4790646931440677,0.6449947582298587,1414
ADOR.NS,0.0012962181260230525,0.3266469677578092,0.027146122178666465,0.43093133006715817,0.758002365961424,1602
ADROITINFO.NS,0.0009974390740425517,0.25135464665872304,0.03419808323350491,0.5428777413056496,0.463004149063474,1602
ADSL.NS,0.0017463003197218379,0.44006768056990314,0.03553811917980079,0.5641501524763658,0.7800541728796911,1602
ADVANIHOTR.NS,0.0009137010114706629,0.23025265489060706,0.02765529793544691,0.43901424462354316,0.5244765009573888,1602
ADVENZYMES.NS,0.0008703775344534072,0.21933513868225862,0.026236873725081402,0.4164974583382214,0.5266181924792086,1602
AEGISLOG.NS,0.0015340313675672073,0.38657590462693625,0.03122616708198079,0.49570003498003584,0.7798585381227691,1602
AEROENTER.NS,0.001444457366904133,0.36400325645984155,0.03231639583643731,0.5130068799188178,0.7095484889353614,885
AEROFLEX.NS,0.002173506906528342,0.5477237404451422,0.032973542877829276,0.5234387657967678,1.0463950632533077,691
AERONEU.NS,0.0005987827523691855,0.15089325359703473,0.030729287402260604,0.48781231459566965,0.3093264542165255,847
AETHER.NS,0.0006095891427992541,0.15361646398541204,0.020281521392046153,0.3219591708803439,0.4771302633354823,1000
AFFLE.NS,0.0012592422860333375,0.317329056080401,0.024961719673535155,0.3962550153160945,0.8008202894978278,1602
AFSL.NS,0.00038402562321994757,0.09677445705142679,0.026032733989307506,0.4132568404968364,0.234175088148765,861
AGARIND.NS,0.0017145869359303683,0.4320759078544528,0.03460183971443378,0.54928717673826,0.7866120422111013,1602
AGARWALFT.NS,0.00028685979377653125,0.07228866803168588,0.03195831832566318,0.5073225756572575,0.14249054053633017,818
AGI.NS,0.002282352205488933,0.575152755783211,0.03411569670565959,0.5415698957212848,1.062010204642559,1602
AGNI.NS,0.0004068546411273433,0.1025273695640905,0.040106704247677705,0.6366741920746385,0.161035849796266,959
AGRITECH.NS,0.00123536246487565,0.31131134114866377,0.035881300204933124,0.5695979823594238,0.546545723106551,1602
AGROPHOS.NS,0.00024385895567014662,0.06145245682887695,0.03860833762854826,0.6128883593925356,0.10026696687433509,1602
AGUL.NS,0.0007702850218290355,0.19411182550091696,0.03580241178468985,0.5683456675117051,0.341538321829328,781
AHIMSA.NS,6.612016898951624e-05,0.016662282585358092,0.015825049233039595,0.2512148685358572,0.06632681688974074,1602
AHLADA.NS,0.00043472796077830217,0.10955144611613214,0.03409971801263843,0.5413162418332258,0.20237975078139972,1602
AHLEAST.NS,0.0007279158257454634,0.1834347880878568,0.026623128678473735,0.42262906563427916,0.43403259028708535,1602
AHLUCONT.NS,0.0008869561560851915,0.22351295133346824,0.023425435931338882,0.3718672669655965,0.601055729258759,1602
AHLWEST.NS,0.0005078428734602828,0.12797640411199127,0.01878634540688519,0.2982239879422725,0.42912847150566497,1602
AIAENG.NS,0.0008509506977688038,0.21443957583773857,0.019155954356463976,0.3040913481198481,0.7051814435484166,1602
AIIL.NS,0.0025726687037133833,0.6483125133357726,0.03391623195942561,0.5384034910381266,1.2041387623355193,536
AILIMITED.NS,0.0011510584122793976,0.2900667198944082,0.03367793419487493,0.5346206313002241,0.5425655182609609,1224
AIMTRON.NS,0.004026298339785911,1.0146271816260497,0.036532350891755314,0.5799330916087997,1.7495590375975265,506
AIRAN.NS,0.0006879816031893636,0.17337136400371964,0.03383467557696078,0.5371088236031344,0.32278628908137696,1602
AIROLAM.NS,0.0014493684648455183,0.36524085314107063,0.03482113777491117,0.5527684255243919,0.6607484007332357,1602
AISL.NS,0.00105001731653205,0.2646043637660766,0.031577605688547304,0.5012789499045283,0.5278585183289108,1602
AJANTPHARM.NS,0.0011575235858886969,0.2916959436439516,0.019552991119113385,0.3103941113317712,0.9397599148785601,1602
AJMERA.NS,0.0016960561475250142,0.4274061491763036,0.03432874106592138,0.5449518700941501,0.7843007293514959,1602
AJOONI.NS,0.0012621186492973717,0.3180538996229377,0.032017858775626275,0.5082677509985648,0.6257605346750315,1602
AKASH.NS,4.3586222322028475e-05,0.010983728025151176,0.03575868276717365,0.5676514908791549,0.01934942161103116,1602
AKG.NS,0.0007362838869457675,0.18554353951033342,0.03340953487694541,0.530359924216419,0.3498445697692279,1602
AKI.NS,-0.0009220617696809998,-0.23235956595961194,0.03248260189204263,0.5156453192559656,-0.45061897642140525,791
AKSHAR.NS,-0.0016740954660709698,-0.4218720574498844,0.0316968200584956,0.5031714193580589,-0.8384261132878028,1009
AKSHARCHEM.NS,0.0005021494443569406,0.12654165997794903,0.03252349400388826,0.5162944614071323,0.24509590831764233,1602
AKSHOPTFBR.NS,0.0006879502978562746,0.1733634750597812,0.03570793595657493,0.5668459102351113,0.3058388036845411,1602
ALANKIT.NS,0.0003371988096254257,0.08497410002560728,0.030934343328682435,0.4910674765127024,0.17303955991760586,1602
ALBERTDAVD.NS,0.0007005424793370568,0.17653670479293831,0.025873264121231948,0.41072533482161916,0.42981693561613243,1602
ALEMBICLTD.NS,0.0006547053675117203,0.1649857526129535,0.027117379897090992,0.4304750604921904,0.38326436942552367,1602
ALICON.NS,0.0007388970759792422,0.18620206314676904,0.03003254301740536,0.4767518403774237,0.390563910564794,1602
ALIVUS.NS,0.0005182439284326079,0.13059746996501717,0.02053844290660268,0.3260376734842157,0.40055944630380186,1204
ALKALI.NS,0.0010942830076265428,0.2757593179218888,0.03597527415692316,0.5710897725995252,0.4828650960893045,1602
ALKEM.NS,0.0007176946777678559,0.1808590587974997,0.016134171849275656,0.25612203793897487,0.7061440719934933,1602
ALKYLAMINE.NS,0.001224900692596198,0.30867497453424186,0.026064749374951304,0.4137650689880843,0.7460150642710034,1602
ALLCARGO.NS,0.0004218106686514601,0.10629628850016795,0.02870905664525316,0.4557421455516369,0.2332377848695678,1602
ALLDIGI.NS,0.0010752755884294288,0.27096944828421604,0.028170234285217494,0.4471886057586652,0.6059399653631837,1602
ALLETEC.NS,0.0008511365603011052,0.2144864131958785,0.0355309654348935,0.5640365902965608,0.38027038827942916,863
ALMONDZ.NS,0.0017555604200812829,0.4424012258604833,0.03336039918105575,0.5295799192254982,0.8353814217644199,1602
ALOKINDS.NS,0.0005697766284180612,0.14358371036135142,0.0336600537281694,0.5343367876908526,0.2687138779679598,1602
ALPA.NS,0.0015213954876196806,0.3833916628801595,0.03579402777962548,0.5682125755573589,0.6747328013711966,1602
ALPEXSOLAR.NS,0.0028443682437726205,0.7167807974307003,0.039611779482678786,0.6288175049993932,1.1398868379648432,579
ALPHA.NS,0.00048477286516607085,0.12216276202184985,0.013042252622337538,0.20703934184871084,0.5900461280982888,1107
ALPHAGEO.NS,0.000737848266109613,0.18593776305962248,0.03423188136295518,0.5434142699774771,0.3421657717367802,1602
ALUWIND.NS,0.0005363581285048808,0.13516224838322996,0.03245351102505802,0.5151835160591784,0.2623574787818018,544
AMBER.NS,0.0016874136326880684,0.42522823543739324,0.02879983322730183,0.45718317911745227,0.930104725764966,1602
AMBICAAGAR.NS,0.0008801392812001649,0.22179509886244156,0.030534224853113495,0.48471579262479625,0.4575776201996505,1602
AMBIKCO.NS,0.0007242933445986221,0.18252192283885277,0.02431596605333725,0.38600399439251465,0.4728498292513841,1602
AMBUJACEM.NS,0.0007888890228457608,0.19880003375713173,0.02076302753881266,0.3296028439949028,0.6031502378668981,1602
AMDIND.NS,0.0015163410807232742,0.3821179523422651,0.03792582644782355,0.6020538302852237,0.634690675684658,1602
AMEYA.NS,0.0011737048538490596,0.29577362316996303,0.035728210312418573,0.5671677556564372,0.5214923102030652,934
AMIABLE.NS,4.475140157086218e-05,0.01127735319585727,0.03509162267415471,0.5570622401851724,0.02024433246832271,888
AMJLAND.NS,0.0009255102657468604,0.23322858696820883,0.03305511510072339,0.5247336846907792,0.44447039283488793,1602
AMNPLST.NS,0.000891013260226321,0.2245353415770329,0.03556746639459013,0.5646160250683957,0.39767794679549423,643
AMRUTANJAN.NS,0.00040941133810041766,0.10317165720130525,0.02181982869180596,0.34637904221130233,0.2978576779433648,1602
ANANDRATHI.NS,0.0024563689022888587,0.6190049633767923,0.01866013125352971,0.29622040037198144,2.0896770195417713,1117
ANANTRAJ.NS,0.002903009625768597,0.7315584256936865,0.03397891321516395,0.5393985251254197,1.3562484723583292,1602
ANDHRAPAP.NS,0.00036511575936390894,0.09200917135970506,0.024019007346775027,0.3812899210692004,0.24131026359599547,1602
ANDHRSUGAR.NS,0.0005827676534966346,0.14685744868115191,0.02598903964340792,0.4125632142591368,0.3559635071800383,1602
ANGELONE.NS,0.002337264131089537,0.5889905610345634,0.03291189242546948,0.5224600952058158,1.1273407604508796,1413
ANIKINDS.NS,0.0017292215711858085,0.43576383593882373,0.035216319585867996,0.5590417422910793,0.7794835393739385,1602
ANKITMETAL.NS,0.001530295434264203,0.38563444943457914,0.03963576899157914,0.6291983266471426,0.6128980849163077,1602
ANLON.NS,0.001943971022360621,0.4898806976348765,0.0383383494199047,0.6086024294505915,0.8049272791715774,849
ANMOL.NS,-0.00048361014891691405,-0.12186975752706235,0.02931728031683478,0.4653973970106824,-0.26186170853092466,1248
ANNAPURNA.NS,0.0006625956697125471,0.16697410876756189,0.03242342383153709,0.514705896668953,0.32440683086822264,921
ANSALAPI.NS,0.00020451265574050832,0.0515371892466081,0.031138270482093857,0.494304719713702,0.10426198090210043,1602
ANTELOPUS.NS,0.0016648403009961812,0.41953975585103764,0.0346850740566568,0.5506084809586329,0.7619565814180722,1602
ANTGRAPHIC.NS,0.0008418617059579971,0.21214914990141526,0.03558516586176527,0.5648969953992983,0.3755536878921746,1602
ANUP.NS,0.0018698488737338554,0.47120191618093155,0.0303521918850102,0.4818261088406986,0.9779501515903124,1602
ANURAS.NS,0.000896285809016059,0.22586402387204688,0.019251240658097486,0.30560397126468825,0.7390742434967332,1295
APARINDS.NS,0.0028491695789249314,0.7179907338890827,0.029940359844304862,0.4752884778708913,1.5106419939010594,1602
APCL.NS,0.00033767600027630087,0.08509435206962782,0.028477492358512307,0.4520661764601948,0.18823428183886814,1602
APCOTEXIND.NS,0.0011806074940956827,0.29751308851211206,0.028849875631404058,0.45797757765502606,0.6496236999974162,1602
APEX.NS,0.0006660697810460205,0.1678495848235972,0.03222652137906883,0.5115801671383345,0.3281002579957514,1602
APLAPOLLO.NS,0.0017611780974625057,0.4438168805605514,0.02414161481469505,0.38323625428317465,1.1580764491884776,1602
APLLTD.NS,0.0004714807598737279,0.11881315148817943,0.021513764395320968,0.341520422129131,0.3478947195821146,1602
APOLLO.NS,0.0032027838850361887,0.8071015390291195,0.036800617005743705,0.5841916841455936,1.3815697157852247,1602
APOLLOHOSP.NS,0.0013212111404110871,0.33294520738359396,0.01965071177789667,0.31194537869833505,1.0673189286306648,1602
APOLLOPIPE.NS,0.0013122496855906335,0.33068692076883965,0.027635886836080474,0.43870610297395546,0.7537777991396474,1602
APOLLOTYRE.NS,0.0008564401685473304,0.21582292247392726,0.022309546592286032,0.35415307287478404,0.6094057598371724,1602
APOLSINHOT.NS,0.0010420748568026922,0.26260286391427845,0.0327028020835253,0.5191408889278374,0.5058412263704031,1602
APS.NS,0.0019076947248224682,0.480739070655262,0.03763582655986471,0.5974502247825696,0.8046512507886622,597
APTECHT.NS,0.00047420600837100844,0.11949991410949412,0.03234276685195503,0.5134255068120984,0.23275024813527284,1602
APTUS.NS,5.476564082041459e-05,0.013800941486744477,0.02317843749161594,0.3679462882912292,0.03750803290022875,1193
AQYLON.NS,0.002453490826338184,0.6182796882372223,0.029772367809548148,0.47262168699365537,1.3081915308840288,1602
ARABIAN.NS,0.00034504275223124956,0.08695077356227489,0.02865414430194297,0.4548704391257975,0.1911550324733854,666
ARCHIDPLY.NS,0.0014590878251604027,0.3676901319404215,0.03664690840162655,0.5817516357004044,0.6320397045342865,1602
ARCHIES.NS,0.0004197721299538295,0.10578257674836503,0.03368422155367239,0.5347204400269133,0.19782781586400702,1602
ARE&M.NS,0.0003277145618394289,0.08258406958353608,0.021543359548233727,0.3419902306168515,0.24148078567793674,1602
ARENTERP.NS,0.0015819236919578056,0.398644770373367,0.038660608831027926,0.6137181390074846,0.6495567672450778,1602
ARIES.NS,0.0015089331562592654,0.3802511553773349,0.03233445776500321,0.5132936041459193,0.7408063383334832,1602
ARIHANT.NS,0.0021986542479778756,0.5540608704904246,0.037580843185678704,0.5965773907765334,0.9287325987483916,578
ARIHANTACA.NS,0.002151035269835065,0.5420608879984363,0.03345987155853016,0.5311589942642039,1.020524727721752,855
ARIHANTCAP.NS,0.0014053806919452358,0.35415593437019943,0.034420993641602504,0.5464163343324946,0.6481430223033842,1241
ARIHANTSUP.NS,0.0019087222713306598,0.4809980123753263,0.0314591357694158,0.4993982982413449,0.9631550889724373,1602
ARISTO.NS,0.0011671009522813706,0.2941094399749054,0.039032024459849726,0.6196141793289155,0.4746654447021307,836
ARMANFIN.NS,0.0011172616742437752,0.28154994190943133,0.03156852045929485,0.5011347263612922,0.5618248488859429,1602
AROGRANITE.NS,0.0003348990415635181,0.08439455847400655,0.03264553494713337,0.5182318013206981,0.16285098339957055,1602
ARROWGREEN.NS,0.002348452701746416,0.5918100808400969,0.03687092845210152,0.5853078437538979,1.0111090892691557,1602
ARSHIYA.NS,-0.0009980668607550006,-0.25151284891026016,0.03642399761258457,0.5782130366262549,-0.4349830131430138,1602
ARTEMISMED.NS,0.0020659007877556943,0.5206069985144349,0.03004609268139597,0.47696693462502954,1.0914949459205454,1584
ARTNIRMAN.NS,0.0008588311161541215,0.21642544127083863,0.03169353081235802,0.5031192041943734,0.43016732310465644,1602
ARVEE.NS,0.001831740882752742,0.461598702453691,0.036782086332957,0.5838975188346717,0.7905474634914331,1602
ARVIND.NS,0.002072091737113583,0.5221671177526229,0.03095567820706656,0.4914061572074396,1.062597832961621,1602
ARVINDFASN.NS,0.0007514222717735769,0.18935841248694138,0.028100058468084103,0.44607459919755105,0.42449942863274553,1602
ARVSMART.NS,0.0017012686023597217,0.42871968779464986,0.030979964534052454,0.4917916906962228,0.8717505722549261,1602
ASAHIINDIA.NS,0.001268427085142847,0.3196436254559974,0.026352703372187196,0.4183361969823632,0.7640831172672189,1602
ASAHISONG.NS,0.000926340719439441,0.2334378612987391,0.03232091160686514,0.5130785655519972,0.45497488488452886,1602
ASAL.NS,0.002355455220600254,0.593574715591264,0.034406167514447854,0.54618097686035,1.0867729575704936,1602
ASALCBR.NS,0.0011279677235071905,0.284247866323812,0.027487291276579565,0.436347221595748,0.6514258651270896,1572
ASCOM.NS,0.0018394804974353658,0.4635490853537122,0.02342430471126339,0.3718493094036095,1.2466046692332853,1602
ASHAPURMIN.NS,0.002727691932840716,0.6873783670758604,0.035596320841533025,0.5650740752133709,1.2164393965805413,1602
ASHIANA.NS,0.0012261289861572498,0.30898450451162696,0.02768896927106568,0.43954876050569514,0.702958425263546,1602
ASHIMASYN.NS,0.0012729358131020967,0.32077982490172835,0.037509488579082095,0.5954446715128124,0.5387231429693397,1602
ASHOKA.NS,0.0006906912270934531,0.17405418922755017,0.029496410507956237,0.4682410006387475,0.37171924071176043,1602
ASHOKAMET.NS,0.0003418275467294599,0.08614054177582389,0.032976907999275364,0.5234921854436351,0.16454981405849226,736
ASHOKLEY.NS,0.0012476555288701075,0.3144091932752671,0.02425777941416544,0.38508031013126315,0.8164769400130943,1602
ASIANENE.NS,0.0013678998072964004,0.3447107514386929,0.032817921416922,0.5209683516914165,0.6616731137688653,1120
ASIANHOTNR.NS,0.0011288777573015974,0.28447719484000256,0.02946149244303064,0.46768669354240705,0.6082644615891939,1602
ASIANPAINT.NS,0.0003989953332336745,0.10054682397488597,0.015923852997751543,0.25278332967600575,0.3977589190859918,1602
ASIANTILES.NS,9.749020204644253e-06,0.002456753091570352,0.03057174962694388,0.4853114799421511,0.0050622191996430735,1602
ASKAUTOLTD.NS,0.0009055573126662257,0.22820044279188886,0.022699542389916807,0.3603440642321319,0.6332848670011205,641
ASMS.NS,0.0011508128246122502,0.29000483180228703,0.03328023246566725,0.5283073120714409,0.5489320802038622,1602
ASPINWALL.NS,0.0009041780395181632,0.22785286595857712,0.03333930608512505,0.5292450767082197,0.4305242995849267,1602
ASPIRE.NS,-0.0017323919786191065,-0.43656277861201487,0.038089203458162385,0.6046473599210345,-0.722012213315591,548
ASTEC.NS,0.0008413615604523389,0.21202311323398942,0.031004279466132878,0.4921776782768042,0.43078571538700733,1602
ASTERDM.NS,0.0014416625956654265,0.36329897410768747,0.02457162407358692,0.3900624396460731,0.9313867144894296,1602
ASTRAL.NS,0.0008193692211868448,0.20648104373908488,0.021922663172327342,0.34801148898127493,0.5933167446382633,1602
ASTRAMICRO.NS,0.002384810920274994,0.6009723519092985,0.029702189880443423,0.47150764690603564,1.27457604527263,1602
ASTRAZEN.NS,0.001051830790877196,0.2650613593010534,0.02353105978798547,0.3735439937088109,0.7095853869027189,1602
ASTRON.NS,-0.0009704786758433354,-0.2445606263125205,0.030208936669975234,0.479552002802725,-0.509977280635248,1602
ATALREAL.NS,0.0023850530657061465,0.601033372557949,0.0338843636066606,0.5378975966214695,1.1173750846500055,1380
ATAM.NS,-0.000990552603584384,-0.2496192561032648,0.030917576973586554,0.49080131887684214,-0.5085953246305401,770
ATGL.NS,0.001644149503511097,0.4143256748847965,0.03433098959760466,0.5449875644280441,0.7602479431243991,1602
ATL.NS,-0.0003116771327691805,-0.07854263745783348,0.03151080073936732,0.5002184542132571,-0.1570166730081265,705
ATLANTAA.NS,0.001848657332902521,0.4658616478914353,0.0359112776224625,0.5700738591098079,0.8171952466280353,1602
ATLASCYCLE.NS,0.0002251449443070645,0.05673652596538025,0.021199389959313274,0.33652988267173567,0.16859283197956973,1602
ATMASTCO.NS,0.002040227795364507,0.5141374044318557,0.03947356610287482,0.6266234356144551,0.8204886303489468,573
ATUL.NS,0.000492473497971075,0.1241033214887109,0.018709714991099694,0.2970075178040811,0.41784572460073144,1602
ATULAUTO.NS,0.0008524120396375005,0.21480783398865014,0.029519831973130153,0.46861280487189316,0.4583908756982711,1602
AUBANK.NS,0.0009387626723941836,0.23656819344333427,0.024444902481410465,0.3880507967342268,0.6096320261013615,1602
AURIGROW.NS,0.0004207508338149885,0.10602921012137712,0.037489248130622245,0.5951233643545174,0.17816341362496915,1602
AURIONPRO.NS,0.0027178904011196997,0.6849083810821643,0.03571972822074548,0.5670331066254493,1.2078807623036674,1602
AUROIMPEX.NS,-0.0003433725557006422,-0.08652988403656182,0.039881747264124814,0.6331031106696293,-0.13667581564247835,761
AUROPHARMA.NS,0.0010682501622850966,0.26919904089584434,0.022705914176301977,0.3604452132052262,0.7468514798740602,1602
AURUM.NS,0.0029700477548379356,0.7484520342191597,0.03140188591745283,0.49848948501600926,1.5014399635633695,1602
AUSOMENT.NS,0.0014778719866200137,0.37242374062824346,0.038202408117855365,0.6064444281818424,0.6141102520222548,1602
AUTOAXLES.NS,0.0008240083633603432,0.2076501075668065,0.02548830313443307,0.4046142686084281,0.5132051034210146,1602
AUTOIND.NS,0.001303216362031015,0.3284105232318158,0.034034091243148,0.5402744491647044,0.6078586979997991,1602
AVADHSUGAR.NS,0.0007884090489576131,0.19867908033731851,0.031580699826383486,0.5013280678199484,0.39630551946011117,1602
AVALON.NS,0.002357985504933546,0.5942123472432536,0.031162933350504792,0.49469623061229906,1.2011661105801852,785
AVANTIFEED.NS,0.0006998106059940102,0.1763522727104906,0.027633699672502253,0.4386713828285279,0.4020145366524282,1602
AVG.NS,0.0012304380350688384,0.3100703848373473,0.0325899462462301,0.517349358050927,0.5993442922312943,1602
AVONMORE.NS,0.0009936720068791781,0.2504053457335529,0.03211737297065885,0.5098474898704266,0.4911377435577672,853
AVPINFRA.NS,0.0005555562969049508,0.1400001868200476,0.03862478441323462,0.613149444005416,0.22832963185205296,556
AVROIND.NS,0.0016108571008613894,0.4059359894170701,0.031005466672683557,0.49219652459653196,0.8247437133974642,1602
AVSL.NS,0.0009105282835288946,0.22945312744928142,0.017987570930832728,0.28554383623870805,0.8035653315852488,1602
AVTNPL.NS,0.0009766036228431446,0.24610411295647244,0.02741153829470501,0.4351446802890781,0.5655684743588707,1602
AWFIS.NS,-0.00018001911002688524,-0.04536481572677508,0.030466408667765434,0.48363924405702,-0.09379887237071825,511
AWHCL.NS,0.0005277116033858807,0.13298332405324192,0.029165548074912503,0.4629887223427026,0.28722799851441766,1351
AWL.NS,2.9658954184685315e-05,0.007474056454540699,0.027762712235847458,0.4407193937802142,0.016958764601741113,1078
AXISBANK.NS,0.000700926411706018,0.1766334557499165,0.020558375593477157,0.3263540950788028,0.5412325397886179,1602
AXISCADES.NS,0.002879375259002919,0.7256025652687356,0.03587606442353744,0.5695148669064715,1.2740713323431074,1602
AXITA.NS,0.00040500943762978144,0.10206237828270492,0.027366157245224322,0.434424278462112,0.2349370956982696,988
AYMSYNTEX.NS,0.001807480637035129,0.4554851205328525,0.033438182933608396,0.5308146980172722,0.8580868657823628,1602
AZAD.NS,0.002275199026998813,0.5733501548037008,0.02960604423561909,0.46998138211095286,1.2199422713905392,612
BABAFP.NS,-0.0007943896923878406,-0.20018620248173583,0.03412036742920308,0.5416440411589176,-0.3695899654935952,641
BAFNAPH.NS,0.0027371846935339604,0.689770542770558,0.028690935194049277,0.4554544764319505,1.5144664910843548,1602
BAGFILMS.NS,0.0011613440955265458,0.29265871207268956,0.03434200762873469,0.5451624702498898,0.5368284283005424,1602
BAHETI.NS,0.0028450209293636795,0.7169452741996473,0.03404730288000913,0.5404841773979843,1.3264870724822835,872
BAIDFIN.NS,-0.0007676085262257818,-0.19343734860889703,0.030925114510136034,0.49092097356009007,-0.3940295058206955,841
BAJAJ-AUTO.NS,0.0008762003367388085,0.22080248485817974,0.016949174986643115,0.26905981165424514,0.8206446124400087,1602
BAJAJCON.NS,0.0008902312538600167,0.2243382759727242,0.024397859037676703,0.3873040052166133,0.579230457085656,1602
BAJAJELEC.NS,0.00025565480058791884,0.06442500974815554,0.023155127348929234,0.3675762512477825,0.17526978288030573,1602
BAJAJFINSV.NS,0.0007041333808795235,0.1774416119816399,0.020348756278383843,0.32302649161240726,0.5493097829095342,1602
BAJAJHCARE.NS,0.00032856000796955057,0.08279712200832674,0.030716533241593905,0.4876098485718369,0.16980198872281121,1130
BAJAJHIND.NS,0.001206823776240707,0.30411959161265817,0.03469867705712163,0.5508244218965184,0.5521171166767768,1602
BAJAJHLDNG.NS,0.0010196183478046127,0.2569438236467624,0.02103212378004209,0.33387461439311467,0.7695817907983519,1602
BAJEL.NS,0.0006881334874565017,0.17340963883903843,0.03420414305084035,0.54297393792361,0.31937009629260527,618
BAJFINANCE.NS,0.000842243383455381,0.212245332630756,0.022326945585444388,0.35442927332854357,0.598836915014105,1602
BALAJITELE.NS,0.0009087275876842521,0.22899935209643152,0.0336441232682056,0.534083899478842,0.4287703716960736,1602
BALAMINES.NS,0.001523340130031445,0.38388171276792415,0.030984512585216818,0.49186388877020826,0.7804632979414925,1602
BALAXI.NS,0.0008130911233633582,0.20489896308756628,0.03260689464325066,0.5176184055127525,0.39584945377781433,1602
BALKRISHNA.NS,0.0007767059624415518,0.19572990253527106,0.03375988198045331,0.5359215120670211,0.36522120894224064,1602
BALKRISIND.NS,0.0007392226752390298,0.18628411416023552,0.021006770031382488,0.3334721361105754,0.5586197285714628,1602
BALMLAWRIE.NS,0.0005492411607589054,0.13840877251124417,0.023322272723631684,0.3702296018133268,0.3738457752522748,1602
BALPHARMA.NS,0.0009946882908211487,0.25066144928692946,0.03332992942797775,0.5290962268905746,0.47375399132976653,1602
BALRAMCHIN.NS,0.0010322253750638464,0.26012079451608927,0.02663341260276843,0.4227923178713926,0.6152448460409687,1602
BALUFORGE.NS,0.0016154120396166668,0.40708383398340003,0.03784587953770981,0.6007847124317298,0.6775868719024022,532
BANARBEADS.NS,0.001277173721807067,0.3218477778953809,0.03297349915985759,0.5234380717954824,0.6148726950475494,1602
BANARISUG.NS,0.0009273499581455146,0.23369218945266967,0.02179503671766095,0.3459854818227141,0.6754392936418515,1602
BANCOINDIA.NS,0.0022576717785548622,0.5689332881958253,0.03133849201896468,0.4974831380757781,1.1436232600694975,1602
BANDHANBNK.NS,-0.00012935847463418736,-0.032598335607815214,0.02803111453121339,0.44498014812935716,-0.07325795486575004,1602
BANG.NS,0.0010392686124396776,0.26189569033479876,0.03607662574269418,0.5726986791451181,0.45730102036508474,1602
BANKA.NS,0.0013915331067795816,0.35066634290845455,0.03297302177714291,0.523430493579823,0.6699386971328182,1602
BANKBARODA.NS,0.0009879324256559594,0.24895897126530178,0.024405632335304146,0.38742740249094787,0.6425951537362374,1602
BANKINDIA.NS,0.0008232042089592723,0.20744746065773662,0.026584842142943613,0.4220212857248295,0.4915568661458431,1602
BANSWRAS.NS,0.0010144317496660258,0.2556368009158385,0.03003093645195968,0.47672633694161837,0.5362338539042049,1602
BASF.NS,0.001093749654526793,0.2756249129407518,0.024875398624672706,0.3948847111468928,0.697988311930928,1602
BASILIC.NS,0.00030476061231967083,0.07679967430455704,0.03580157509085079,0.5683323854087752,0.1351316171245786,684
BASML.NS,0.0002817062161440781,0.07098996646830769,0.03225124617084487,0.511972661039878,0.13865968218716704,1602
BATAINDIA.NS,-0.0003658276118164357,-0.0921885581777418,0.017653360178251268,0.2802384050178224,-0.3289647547482968,1602
BAWEJA.NS,-0.0020576886622710585,-0.5185375428923068,0.041325593538189,0.6560234597051156,-0.7904253044935176,586
BAYERCROP.NS,0.00026127751820959494,0.06584193458881793,0.017826304400290184,0.2829838094310254,0.23267032386482261,1602
BBL.NS,0.0015857262747567432,0.3996030212386993,0.02840742815195642,0.4509539416620712,0.8861282368791169,1602
BBOX.NS,0.002744339341334434,0.6915735140162773,0.03254552307323593,0.5166441620417811,1.3385876872839795,1602
BBTC.NS,0.0006253539649201101,0.15758919915986774,0.02573236249412774,0.40848859083376665,0.38578604812000306,1602
BBTCL.NS,0.0014890083371543014,0.37523010096288395,0.027830091407039136,0.4417890049633272,0.8493423257421984,1602
BCG.NS,0.0011823351392636246,0.2979484550944334,0.03838674319115878,0.6093706567530485,0.48894453940728394,1602
BCLIND.NS,0.0013418906036839532,0.3381564321283562,0.03189591030502411,0.5063318790426967,0.6678553062226623,1308
BCONCEPTS.NS,0.001694296103857245,0.42696261817202574,0.03257528608780633,0.5171166352507063,0.8256601877930838,1602
BDL.NS,0.0018332596666188433,0.4619814359879485,0.029514584639965702,0.46852950604029653,0.9860242098567323,1602
BEACON.NS,0.0008567620060517269,0.21590402552503518,0.04088027494332232,0.6489542461678558,0.3326952967793516,508
BEARDSELL.NS,0.0014972798020443418,0.37731451011517414,0.036621063981324316,0.5813413682470144,0.649041218678337,1602
BECTORFOOD.NS,0.000634986844320392,0.16001668476873876,0.024182060387973332,0.3838783078543413,0.4168422166470929,1356
BEDMUTHA.NS,0.0016507626782260544,0.4159921949129657,0.032825858729601545,0.521094352623986,0.7983049380946555,1602
BEL.NS,0.00193095104232412,0.4865996626656783,0.02246592589421998,0.3566355173334747,1.3644172804322223,1602
BEML.NS,0.0014388872502764283,0.36259958706965995,0.029506690261621494,0.46840418666917116,0.7741168789461742,1602
BEPL.NS,0.0011377957751618271,0.28672453534078046,0.028868260936215247,0.4582694353208772,0.6256680311660275,1602
BERGEPAINT.NS,0.00029891112853121086,0.07532560438986513,0.01710388411176675,0.27151574287802216,0.277426286930644,1602
BESTAGRO.NS,0.0003468285965501579,0.08740080633063979,0.03270244877469598,0.5191352803240471,0.16835844074416156,1316
BEWLTD.NS,0.0007304058880495785,0.18406228378849376,0.0362247964402822,0.5750508160495473,0.3200800323229776,1166
BFINVEST.NS,0.0007335085541455695,0.1848441556446835,0.030627267196497724,0.4861927940367563,0.3801869503452765,1602
BFSI.NS,0.0004235985930763799,0.10674684545524774,0.01043455405587959,0.1656434104423066,0.6444376215764257,693
BFUTILITIE.NS,0.000994616805680919,0.2506434350315916,0.03272687083788388,0.5195229685582368,0.4824491893537818,1602
BGRENERGY.NS,0.002143220641418086,0.5400916016373577,0.03857683766566446,0.6123883129839457,0.8819430256689381,1602
BHAGCHEM.NS,0.0015573014772630389,0.39243997227028576,0.02720763281037234,0.4319077810740396,0.9086198245708658,1156
BHAGERIA.NS,0.0008212636203990505,0.20695843234056074,0.029138103876602574,0.46255305920074496,0.4474263616333411,1602
BHAGYANGR.NS,0.0025338418890751466,0.6385281560469369,0.036418699875335366,0.5781289376546184,1.104473612127684,1602
BHANDARI.NS,0.0013830922072565171,0.3485392362286423,0.03776565749018775,0.5995112269072832,0.5813723256304344,1602
BHARATFORG.NS,0.0012042075713693395,0.30346030798507356,0.02296825830553154,0.3646097971483815,0.8322878604975539,1602
BHARATGEAR.NS,0.0011864236915056306,0.2989787702594189,0.03299566995755397,0.5237900222979177,0.5707989032470874,1602
BHARATRAS.NS,0.0003334682297355862,0.08403399389336773,0.026605183890600466,0.4223442009580243,0.19897039832143842,1602
BHARATWIRE.NS,0.0019243350061767467,0.48493242155654015,0.035280615876977575,0.5600624142700779,0.8658542498134718,1602
BHARTIARTL.NS,0.0010525390020506783,0.2652398285167709,0.016908914088749227,0.2684206897139208,0.9881497167728016,1602
BHARTIHEXA.NS,0.001411378832182228,0.35566746570992147,0.024177643026677235,0.3838081844176977,0.9266802537041504,542
BHEL.NS,0.00188303331119696,0.4745243944216339,0.02922933995854773,0.46400138710128175,1.0226788272899177,1602
BIGBLOC.NS,0.002242041487478831,0.5649944548446654,0.03447565777418163,0.5472841005351311,1.0323604400204889,1602
BIKAJI.NS,0.0010210517304452937,0.257305036072214,0.021115045468776246,0.3351909553932192,0.7676371689992778,888
BIL.NS,0.0013912462026158857,0.3505940430592032,0.03279736812511085,0.5206420782988803,0.6733878371965565,1602
BIOCON.NS,0.0004255158041489279,0.10722998264552983,0.02053503502165381,0.32598357498778713,0.32894290041928387,1602
BIOFILCHEM.NS,0.0009108905314033971,0.22954441391365607,0.03556898799694266,0.5646401797569104,0.40653219898817655,1602
BIRDYS.NS,-8.27623230087488e-05,-0.020856105398204695,0.02998199534173169,0.4759494209023144,-0.04382000372784418,536
BIRET.NS,0.00019986989075227186,0.05036721246957251,0.011032455939483555,0.1751348085969057,0.2875911012384685,1320
BIRLACABLE.NS,0.0014512866959472365,0.36572424737870357,0.03600866923330344,0.5716199030022225,0.6398032074423441,1602
BIRLACORPN.NS,0.0006798016284747594,0.17131001037563937,0.024539887192145636,0.38955863227197884,0.4397541119202707,1602
BIRLAMONEY.NS,0.0013975185013223605,0.35217466233323486,0.03196256666378401,0.5073900159341755,0.6940906428456862,1602
BIRLANU.NS,0.0004413123058957332,0.11121070108572477,0.026181985121765547,0.41562612877310884,0.26757389246438573,1602
BLAL.NS,-0.00018411000182155815,-0.046395720459032654,0.025806450835174147,0.4096647067865154,-0.11325291071073498,784
BLBLIMITED.NS,0.0015993213466015499,0.40302897934359055,0.037903909272673716,0.6017059059158987,0.6698105758661483,1602
BLISSGVS.NS,0.0014328535509654206,0.361079094843286,0.030408332117911295,0.48271730740950786,0.7480135667415971,1602
BLKASHYAP.NS,0.0017482889227813149,0.44056880854089137,0.03263038237847676,0.5179912617503629,0.8505332832298164,1602
BLS.NS,0.002361048678815336,0.5949842670614647,0.03445431298923009,0.5469452625785116,1.0878314664551232,1602
BLSE.NS,-0.00040185884203422934,-0.1012684281926258,0.029069712094999523,0.46146737332569104,-0.21944872822277148,586
BLUECHIP.NS,0.00302190146429276,0.7615191690017755,0.040484523957000716,0.6426718940223629,1.184926828269352,1602
BLUECOAST.NS,0.0014417894850375429,0.3633309502294608,0.02437455011009925,0.38693398746242796,0.938999834602901,1602
BLUEDART.NS,0.0007375004118153255,0.18585010377746203,0.021038260556090836,0.33397203269277476,0.5564840333454747,1602
BLUEJET.NS,0.0007799283741594885,0.1965419502881911,0.030039545321925997,0.4768629985156194,0.4121560089585216,650
BLUEPEBBLE.NS,-0.0008136594806291023,-0.20504218911853378,0.03972356448043916,0.6305920368256842,-0.32515822773577774,548
BLUESTARCO.NS,0.0011033960548925104,0.2780558058329126,0.02172076748170675,0.34480649425232857,0.8064111623994878,1602
BMETRICS.NS,0.0011289655624082441,0.28449932172687753,0.03693894075213569,0.5863875055458014,0.4851728917076251,1149
BODALCHEM.NS,0.00039870461399997537,0.10047356272799379,0.028763879329270974,0.45661242868033414,0.220041235010564,1602
BOHRAIND.NS,-3.2295595042571445e-05,-0.008138489950728004,0.03087499700250204,0.4901253827909105,-0.016604914245381814,1602
BOMDYEING.NS,0.0008602456584734714,0.2167819059353148,0.031868001259977165,0.5058888366875557,0.4285168800220086,1602
BOROLTD.NS,0.000577424857792116,0.14551106416361323,0.027617766637320115,0.43841845373619365,0.33189995294123853,1465
BORORENEW.NS,0.002256741931924758,0.568698966845039,0.033299559861798,0.5286141249733552,1.0758300620016619,1602
BOROSCI.NS,0.00040999865100543236,0.10331966005336896,0.02910983539611415,0.46210431098486066,0.22358514646437455,505
BOSCH-HCIL.NS,0.00014216672415991342,0.03582601448829818,0.02488610106799252,0.3950546071675627,0.09068623384792612,1602
BOSCHLTD.NS,0.0007822542009018949,0.1971280586272775,0.019252988426517154,0.3056317162282149,0.644985609019982,1602
BPCL.NS,0.0003911188036954021,0.09856193853124133,0.020954456548248398,0.33264168531104515,0.29630062281303815,1602
BPL.NS,0.001318157691234399,0.33217573819106855,0.03610368161846045,0.5731281778578018,0.5795836795752246,1602
BRIGADE.NS,0.0011401022068683216,0.28730575613081705,0.025447078437170454,0.40395984682744324,0.7112235495364555,1602
BRITANNIA.NS,0.00044561776419778945,0.11229567657784294,0.014627758607297819,0.23220846907916734,0.4835985398084586,1602
BRNL.NS,-0.00022106452881449985,-0.055708261261253965,0.03345255484662377,0.5310428450634898,-0.10490351537378056,1602
BROOKS.NS,0.001314175135426094,0.33117213412737573,0.03748919005368131,0.5951224424116616,0.5564773070653172,1602
BSE.NS,0.003139221733278034,0.7910838767860645,0.03058406320161344,0.48550695188010634,1.629397630090823,1602
BSHSL.NS,0.0019739663034479557,0.49743950846888485,0.031189935133926632,0.4951248706356356,1.0046748567291273,1602
BSL.NS,0.001532498341085077,0.38618958195343944,0.0349428753814318,0.5547009501167388,0.6962122236714475,1602
BSOFT.NS,0.001336305908599761,0.3367490889671398,0.02718041431683352,0.43147570088424636,0.7804589882513008,1602
BTML.NS,0.0017017027539567436,0.4288290939970994,0.03465236446034907,0.5500892322147395,0.7795627852422614,1385
BUTTERFLY.NS,0.001195243122148329,0.3012012667813789,0.029972390674390864,0.47579695153505847,0.6330458104231574,1602
BVCL.NS,0.001235352050895911,0.3113087168257696,0.031308363419530326,0.4970048613870542,0.6263695609675951,1602
BYKE.NS,0.0010505208427472423,0.26473125237230505,0.03567126880565058,0.5662638372593247,0.4675051362163348,1602
CADSYS.NS,0.0010155878468689407,0.2559281374109731,0.03390712185897089,0.5382588726767945,0.4754740709395587,1602
CALSOFT.NS,0.0013234729047510863,0.33351517199727376,0.03714594067687345,0.5896735274793926,0.5655929195650201,1602
CAMLINFINE.NS,0.0008139691477808968,0.205120225240786,0.03253466232188006,0.5164717529589475,0.3971567158622327,1602
CAMPUS.NS,-0.00021718809156143616,-0.054731399073481915,0.0220877482420631,0.35063213321941833,-0.15609350623672627,1019
CAMS.NS,0.0010028719406112877,0.2527237290340445,0.022048952307577644,0.35001626685224513,0.7220342394564438,1413
CANARYS.NS,-0.00038217858871173073,-0.09630900435535615,0.03679400927667474,0.5840867896985095,-0.16488817424730384,664
CANBK.NS,0.0010921997310445078,0.27523433222321597,0.024896271020615795,0.39521605016048167,0.6964148650123246,1602
CANFINHOME.NS,0.0007891584430404521,0.19886792764619393,0.023047435752406004,0.36586670015163064,0.5435529594898214,1602
CANTABIL.NS,0.0012491315503456038,0.31478115068709217,0.027394075451966773,0.43486746625466044,0.7238553700008334,1602
CAPACITE.NS,0.0006833256749627881,0.1721980700906226,0.030885035845017093,0.4902847444753851,0.35122053466068603,1602
CAPITALSFB.NS,-0.0005077476193259874,-0.12795240007014883,0.01842717293184233,0.2925223016618147,-0.437410752422134,580
CAPLIPOINT.NS,0.0017380525896619015,0.43798925259479915,0.028119592972959562,0.4463846998488625,0.9811923498791382,1602
CAPTRUST.NS,-0.0005851358859764382,-0.14745424326606243,0.038458136113768825,0.6105039842646262,-0.24152871572767265,1602
CARBORUNIV.NS,0.0011141937620467687,0.2807768280357857,0.0220119749823138,0.34942927001146623,0.8035297902393015,1602
CARERATING.NS,0.000945791069984635,0.23833934963612802,0.02530807284182558,0.4017532014106691,0.5932481652896633,1602
CARTRADE.NS,0.0009231774460036892,0.2326407163929297,0.031116179691867103,0.49395403929047266,0.4709764429239213,1195
CARYSIL.NS,0.0018014720699394274,0.4539709616247357,0.03072106688220425,0.48768181788536924,0.9308753063487035,1342
CASTROLIND.NS,0.0004616128993408831,0.11632645063390254,0.0202601907334916,0.32162055717332444,0.36168848053830427,1602
CBAZAAR.NS,-0.0026429570761223003,-0.6660251831828197,0.0352865077684388,0.560155945147427,-1.1889995794073542,625
CCAVENUE.NS,0.0006575593498999964,0.16570495617479908,0.030789245169622642,0.48876411464530933,0.33902848267624824,1602
CCCL.NS,0.002958667961146437,0.7455843262089021,0.04947573699434871,0.7854029761121097,0.9493016309916251,1602
CCHHL.NS,0.0014551810270529524,0.366705618817344,0.034057910932313924,0.5406525750077438,0.6782648150933003,1602
CCL.NS,0.0013731687801796695,0.3460385326052767,0.02355765556508306,0.37396618858155933,0.9253203716565628,1602
CDSL.NS,0.0018782252341740418,0.47331275901185854,0.02503476138226717,0.3974145164959353,1.1909800456841126,1602
CEATLTD.NS,0.0010589826382991028,0.2668636248513739,0.02403486300883137,0.3815416219012406,0.6994351586638946,1602
CELEBRITY.NS,0.000770407099796285,0.19414258914866384,0.036701809985169746,0.5826231713202381,0.33322153787452713,1602
CELLECOR.NS,0.0025955627473106696,0.6540818123222887,0.03760386343350151,0.5969428258816826,1.0957193619945294,672
CELLO.NS,-0.0009298923706260859,-0.23433287739777364,0.01901344697066637,0.3018291135029857,-0.7763759919582961,647
CELLPOINT.NS,-0.001842426491440039,-0.4642914758428898,0.02823435494800388,0.4482064897244657,-1.0358874458250533,735
CEMPRO.NS,0.002488414509946961,0.6270804565066341,0.03263601574167717,0.518080688618802,1.2103914897473296,1602
CENTENKA.NS,0.0009752663764019385,0.2457671268532885,0.026194505908591945,0.41582489010207785,0.5910351513420875,1602
CENTEXT.NS,0.0020631959185869655,0.5199253714839153,0.04096085985664858,0.6502334920083657,0.7995979565402425,1602
CENTRALBK.NS,0.0008420388720632868,0.2121937957599483,0.03002888177533267,0.47669371996134,0.4451365454891188,1602
CENTRUM.NS,0.0006708887284565948,0.16906395957106188,0.034346868270721254,0.5452396305493413,0.31007276452140153,1602
CENTUM.NS,0.0020837354620788008,0.5251013364438578,0.03551842440277869,0.5638375075836016,0.9312990522646273,1602
CENTURYPLY.NS,0.0011963031432828443,0.3014683921072768,0.022396469197777845,0.35553292645943074,0.847933818983927,1602
CERA.NS,0.0007633286871414022,0.19235882915963337,0.02083709468525016,0.33077862349366577,0.5815334350447133,1602
CEREBRAINT.NS,-0.0005581659283063407,-0.14065781393319784,0.032138135808632395,0.5101770897051662,-0.2757039011972974,1602
CESC.NS,0.0007554894468455561,0.19038334060508014,0.021914866155607435,0.34788771517802036,0.5472551409516073,1602
CGCL.NS,0.0012514479085655723,0.3153648729585242,0.027259271941927267,0.4327275268741217,0.7287839422571847,1602
CGPOWER.NS,0.0031558742947907993,0.7952803222872814,0.026865733864260163,0.4264803035644722,1.8647527579595635,1602
CGRAPHICS.NS,0.00024775197633521455,0.062433498036474064,0.036856536131277935,0.5850793727437683,0.10670944993956642,544
CHALET.NS,0.0008730513235317358,0.22000893352999742,0.02568011402712049,0.40765917213325337,0.5396884176031298,1602
CHAMBLFERT.NS,0.0010393704808621881,0.2619213611772714,0.025188982457674283,0.39986270017064823,0.65502824110749,1602
CHAVDA.NS,0.0007523817662626233,0.18960020509818107,0.03504758995787364,0.5563632424841902,0.3407849236258069,675
CHEMBOND.NS,0.000608601024759416,0.15336745823937284,0.030468812569132534,0.4836774048081821,0.31708625773038884,1602
CHEMCON.NS,-0.00042649490656391066,-0.10747671645410549,0.025213011762013435,0.40024415355140397,-0.2685278860426929,1414
CHEMFAB.NS,0.0010873345264274898,0.2740083006597274,0.03297502404051337,0.5234622785254479,0.5234537652485434,1602
CHEMPLASTS.NS,-0.000428114013771656,-0.10788473147045731,0.02623054992997401,0.41639707120304364,-0.25909099494566457,1193
CHENNPETRO.NS,0.002052272465129288,0.5171726612125805,0.03354596873941684,0.5325257446394633,0.9711693123169522,1602
CHEVIOT.NS,0.0001347973461897981,0.03396893123982912,0.018653798267858852,0.2961198673411317,0.11471344879638463,989
CHOICEIN.NS,0.00234854040995348,0.591832183308277,0.01793971346219508,0.2847841224763543,2.0781782992744513,1037
CHOLAFIN.NS,0.0015863864841838848,0.399769394014339,0.026588683093081482,0.4220822589180075,0.9471362170945855,1602
CHOLAHLDNG.NS,0.0009729007798951768,0.24517099653358457,0.022248277025983688,0.35318044866254733,0.6941805455596939,1602
CIEINDIA.NS,0.0009508855940716591,0.2396231697060581,0.02497333285903913,0.39643936892073117,0.6044383794636986,1602
CINELINE.NS,0.0010587229510662978,0.26679818366870706,0.03412688709265544,0.5417475376076784,0.4924769660179174,1602
CINEVISTA.NS,0.0010103078446823696,0.25459757685995715,0.03593662352396858,0.5704762128226468,0.4462895579821626,1602
CIPLA.NS,0.0007892689616051105,0.19889577832448785,0.016677828547132754,0.26475232046572167,0.751252257108128,1602
CLEAN.NS,-0.00036493458467269017,-0.09196351533751793,0.020839292621355653,0.33081351464766223,-0.27799201442983673,1217
CLEDUCATE.NS,0.0013075311558278847,0.32949785126862696,0.035341027702929365,0.5610214222763723,0.5873177710962855,1602
CLSEL.NS,0.0010981345986948068,0.27672991887109133,0.029218776576136907,0.46383369860410545,0.5966145187464867,1264
CLSL.NS,0.00034371559973717726,0.08661633113376867,0.031658926949223495,0.502569884896837,0.1723468391894363,692
CMNL.NS,0.0013172544165207425,0.3319481129632271,0.037119171913001486,0.5892485865267337,0.5633413818094359,845
CMRSL.NS,-0.0008576417721568154,-0.21612572658351747,0.036807243525088414,0.5842968768790581,-0.36989026492478194,913
CMSINFO.NS,0.00041063034378555264,0.10347884663395926,0.019909983281125455,0.31606118621587054,0.3274013107173589,1104
CNL.NS,0.001734253626183083,0.43703191379813694,0.030957035763824976,0.49142770775288014,0.8893106898602129,1602
COALINDIA.NS,0.0006895953550052004,0.1737780294613105,0.01980716000385636,0.31442891729201455,0.552678268137534,1602
COASTCORP.NS,0.0006335669220311527,0.15965886435185048,0.034335165761226735,0.5450538589703141,0.2929230969091188,1161
COCHINSHIP.NS,0.0017114050614626655,0.4312740754885917,0.029657571541419146,0.47079935273220963,0.9160464494816333,1602
COFFEEDAY.NS,0.0004144450586229221,0.10444015477297637,0.037231949856544044,0.5910388808786551,0.17670606478158035,1602
COFORGE.NS,0.0013878989486228732,0.34975053505296405,0.026659792572962263,0.42321108691574966,0.8264210127429632,1602
COHANCE.NS,0.000898712356963984,0.22647551395492396,0.02616789245239552,0.4154024145823359,0.5451954683090433,1555
COLPAL.NS,0.00030176276430778667,0.07604421660556224,0.014601954893454975,0.2317988478207871,0.328061236371438,1602
COMMITTED.NS,0.0027230857674871555,0.6862176134067632,0.03373588016082546,0.5355404949925312,1.2813552286393084,659
COMPINFO.NS,-0.0009184616070771612,-0.23145232498344462,0.03610846115599667,0.5732040506640181,-0.4037869668145624,1602
COMPUSOFT.NS,0.0011367367484197547,0.2864576606017782,0.03742795005885861,0.5941502876321111,0.48212997042113437,1602
COMSYN.NS,0.0016079658000540658,0.4052073816136246,0.027341203452816872,0.43402814928824374,0.9335970081159899,595
CONCOR.NS,0.00024483089358950667,0.061697385184555684,0.021927901822646347,0.3480946499769732,0.17724312967360178,1602
CONCORDBIO.NS,0.0009495583090338996,0.2392886938765427,0.026838731630480558,0.4260516563919278,0.5616424447283909,700
CONFIPET.NS,0.0011456753993087465,0.2887102006258041,0.03230961833673111,0.5128992904464172,0.5628984208079456,1399
CONS.NS,0.00042985728464983486,0.10832403573175839,0.012070215097878482,0.19160872452026168,0.5653397881697378,958
CONSOFINVT.NS,0.0017195982893753344,0.43333876892258427,0.03263027532806358,0.5179895623777366,0.8365781868912989,1602
CONTI.NS,0.0003237156541528482,0.08157634484651774,0.03206169421799873,0.5089636170733329,0.16027932471008824,1602
CONTROLPR.NS,0.0009327465667621933,0.23505213482407272,0.02574971286396212,0.40876401941618723,0.5750313717919288,1602
COOLCAPS.NS,0.002442733750366114,0.6155689050922608,0.03314810671166014,0.5262098807501026,1.1698163178060788,1038
CORALFINAC.NS,0.0012895026000235004,0.3249546552059221,0.036788403071645506,0.5839977939526723,0.556431306026914,1602
CORDSCABLE.NS,0.001647417351051054,0.41514917246486566,0.0342784868282274,0.5441541088025577,0.7629257332604273,1602
COROMANDEL.NS,0.0010234547279673039,0.2579105914477606,0.019399465750426753,0.30795697165886526,0.8374890493905012,1602
COSMOFIRST.NS,0.0014266060856795249,0.35950473359124024,0.030274672803421117,0.48059553157021756,0.7480401085225543,1602
COUNCODOS.NS,0.0013386649231274565,0.33734356062811904,0.03744938587292607,0.5944905706311475,0.5674498087832991,1602
CPCAP.NS,0.0006191161657960683,0.15601727378060923,0.0301915430993127,0.47927588842841806,0.3255270660333064,1602
CPS.NS,0.0017031038300867902,0.42918216518187113,0.03260240488637869,0.5175471328319702,0.8292619897890766,686
CRAFTSMAN.NS,0.0017645659584245472,0.4446706215229859,0.02333035010751968,0.37035782630739666,1.2006513429364112,1294
CRAYONS.NS,-0.0009353230317069875,-0.23570140399016085,0.03913689946350752,0.6212790183994686,-0.37938091744571045,753
CREATIVEYE.NS,0.0016618466175148687,0.4187853476137469,0.03657807262673527,0.580658901650404,0.7212243649816361,1602
CREDITACC.NS,0.0007965274055042765,0.2007249061870777,0.02811604856365136,0.4463284340954177,0.4497246665314762,1602
CREST.NS,0.0013977420622934109,0.35223099969793953,0.03148067659890088,0.4997402483084543,0.7048281600095021,1602
CRISIL.NS,0.0006853225931760154,0.17270129348035587,0.020910265774278836,0.3319401785220436,0.5202783653648215,1602
CROMPTON.NS,0.00027410002956520667,0.06907320745043208,0.019816623494383994,0.3145791455468389,0.2195733837675756,1602
CROWN.NS,0.0019536412311938985,0.4923175902608624,0.027769328355278886,0.44082442142017336,1.116811062043244,1602
CSBBANK.NS,0.0006676586390719323,0.16824997704612693,0.024284713253620256,0.3855078715775606,0.43643720258582736,1602
CSLFINANCE.NS,0.00040885613944417786,0.10303174713993282,0.029570862946616677,0.4694228964619344,0.21948598569965086,966
CTE.NS,0.000745122379527141,0.18777083964083954,0.03820680751933239,0.6065142665151968,0.3095901448777129,1602
CUB.NS,0.00040208998695392956,0.10132667671239025,0.022576048902740984,0.3583836658985116,0.2827324076234108,1602
CUBEXTUB.NS,0.0018730917926456287,0.47201913174669846,0.03776503299178742,0.5995013133025145,0.7873529569876234,1602
CUMMINSIND.NS,0.0016840553201659973,0.4243819406818313,0.020431782336391542,0.32434448942336563,1.3084296312119155,1602
CUPID.NS,0.0033151918157729773,0.8354283375747903,0.0303626862783828,0.4819927021708449,1.7332800555114385,1602
CURAA.NS,0.0006859496996196063,0.1728593243041408,0.014939610050068742,0.23715895726057865,0.7288753766707258,1602
CYBERMEDIA.NS,0.0017724090881865652,0.4466470902230144,0.03473506484456542,0.5514020601145352,0.810020713615467,1602
CYBERTECH.NS,0.0016080753502180473,0.4052349882549479,0.03794864111153924,0.6024160018438475,0.6726829749120593,1602
CYIENT.NS,0.0008118277707889348,0.20458059823881158,0.024264423098503383,0.3851857753505476,0.5311218932023855,1602
CYIENTDLM.NS,0.0005001681223921751,0.12604236684282813,0.0256779911487608,0.407625472484033,0.3092112131136881,728
DABUR.NS,5.3734556051271025e-05,0.013541108124920298,0.014494809295379132,0.23009796418128334,0.05884931739010041,1602
DALBHARAT.NS,0.0007387031078966138,0.18615318318994667,0.021241555946550788,0.3371992469678316,0.5520569362591294,1602
DALMIASUG.NS,0.0011981726806196327,0.30193951551614745,0.030776418755469156,0.48856050163293224,0.6180186783560374,1602
DAMODARIND.NS,0.0006701281753544138,0.1688723001893123,0.034210593314424054,0.5430763326836098,0.3109549984526676,1602
DANGEE.NS,-0.0001648222168769631,-0.0415351986529947,0.03356734785222097,0.5328651275338488,-0.0779469259796069,1602
DATAMATICS.NS,0.002143060321619461,0.5400512010481042,0.035067879317001234,0.5566853260752651,0.9701193398711718,1602
DATAPATTNS.NS,0.002167010378112894,0.5460866152844492,0.031658290668973486,0.502559784261003,1.0866102549121612,1109
DAVANGERE.NS,-0.0008357897711127174,-0.21061902232040478,0.03215765474642671,0.5104869432367256,-0.41258454326957283,593
DBCORP.NS,0.0006340109800110428,0.15977076696278278,0.026546787123290384,0.42141718101598874,0.37912732123923776,1602
DBL.NS,0.0005129388692472435,0.12926059505030538,0.02913092512499707,0.4624391000519125,0.2795191735209995,1602
DBOL.NS,2.9276765883366996e-05,0.007377745002608483,0.027263177146440144,0.4327895200738812,0.017046958533905886,934
DBREALTY.NS,0.0022759125285487128,0.5735299571942756,0.038173272593674944,0.6059819160740489,0.9464473146492248,1602
DBSTOCKBRO.NS,0.0013075070283598555,0.3294917711466836,0.03529766459507324,0.5603330542795992,0.5880284388546375,1602
DCAL.NS,0.0011929076639262109,0.30061273130940513,0.03579978008640743,0.568303890596619,0.5289647603746205,1602
DCBBANK.NS,0.0003685145988208143,0.09286567890284521,0.02453322136037025,0.38945281547302446,0.23845168198373848,1602
DCG.NS,-4.1704451586999504e-05,-0.010509521799923875,0.03497481893005057,0.5552080382305677,-0.018928979907094686,540
DCI.NS,0.0020008226766565105,0.5042073145174406,0.03104081069912896,0.49275759362236937,1.023236011059519,1595
DCM.NS,0.0015031613351428746,0.3787966564560044,0.03322875232068593,0.5274900901049722,0.7181114177531235,1602
DCMFINSERV.NS,0.0017463221811850277,0.44007318965862696,0.03404112979039929,0.5403861826384129,0.814367953506857,1602
DCMNVL.NS,0.0015149995555152804,0.3817798879898507,0.032441700867972746,0.514996035627625,0.7413258774401555,1602
DCMSHRIRAM.NS,0.0010160910078463664,0.2560549339772843,0.026629179140823293,0.4227251137464425,0.6057244427897186,1602
DCMSRIND.NS,0.0005514533521620162,0.13896624474482808,0.02851757360085732,0.4527024464570953,0.30697038602816246,1109
DCW.NS,0.001345345746236719,0.3390271280516532,0.034051051459816795,0.5405436842576288,0.6271965391978742,1602
DCXINDIA.NS,6.8607123199197e-05,0.01728899504619764,0.032119730311938134,0.5098849115031083,0.03390764201127423,891
DECCANCE.NS,0.0007686643272808601,0.19370341047477677,0.025243206770360644,0.40072348444893735,0.48338422376505275,1602
DEEM.NS,-0.0015960280073894324,-0.40219905786213694,0.03852137717027675,0.6115079049136398,-0.6577168580002862,571
DEEPAKFERT.NS,0.002260333790601193,0.5696041152315006,0.03090239597868987,0.4905603280539352,1.1611295953978464,1602
DEEPAKNTR.NS,0.0012467898899249767,0.3141910522610941,0.024214406250464605,0.38439178250290407,0.8173719277121134,1602
DEEPINDS.NS,0.0031400166397434893,0.7912841932153594,0.033154255315820405,0.5263074868152121,1.5034636843256255,1275
DELAPLEX.NS,-0.001419592759229667,-0.35773737532587613,0.03441955522556809,0.5463935001858411,-0.6547248003576202,588
DELHIVERY.NS,0.00022976969651896469,0.0579019635227791,0.023169049781008044,0.36779726300533677,0.15742902230879008,1008
DELPHIFX.NS,0.0003351259242431199,0.08445173290926622,0.03562793675403032,0.5655759622650123,0.149319876628163,1602
DELTACORP.NS,-0.00010853584953274888,-0.02735103408225272,0.028868181775176995,0.45826817867835273,-0.05968346779201037,1602
DELTAMAGNT.NS,0.0009427559650387969,0.23757450318977683,0.03669264489943032,0.5824776800945713,0.4078688528480681,1602
DEN.NS,0.00016214509138308717,0.040860563028537966,0.027879375303103204,0.4425713625590824,0.09232536599808389,1602
DENEERS.NS,0.0009311132304232612,0.23464053406666183,0.03319683627879104,0.5269834386468477,0.4452521974298772,769
DENORA.NS,0.001519851986800081,0.3830027006736204,0.035165165133188306,0.5582296905296148,0.6861023467065152,1602
DENTALKART.NS,0.0013953143378120053,0.3516192131286253,0.033189829640078314,0.5268722117054857,0.667370958871476,753
DESTINY.NS,0.002794705025705518,0.7042656664777905,0.03343451006916011,0.5307563931016958,1.3269094364782328,1144
DEVIT.NS,0.0015095749618726719,0.3804128903919133,0.03443022847655593,0.5465629327926075,0.6960093112210015,1602
DEVYANI.NS,0.00022632652742699628,0.05703428491160306,0.023464462747875465,0.37248679847170657,0.15311760079984493,1198
DGCONTENT.NS,0.0015256890801369058,0.38447364819450025,0.03462272158695612,0.5496186661878807,0.6995280034085896,1602
DHAMPURSUG.NS,0.00014955160922805935,0.037687005525470954,0.028802067956114074,0.4572186543375615,0.08242665772260221,1602
DHANBANK.NS,0.0010889360546996257,0.27441188578430564,0.030905215723055848,0.4906050901080541,0.5593335481371939,1602
DHANUKA.NS,0.0008957301929816168,0.22572400863136743,0.023326273145447513,0.3702931065409111,0.6095819896296902,1602
DHARMAJ.NS,0.000448386857511596,0.1129934880929222,0.027949389320911275,0.44368280063553406,0.2546717788723602,872
DHRUV.NS,-0.0004507477795447386,-0.11358844044527412,0.031739693955529884,0.5038520213737924,-0.22544008087050293,1130
DHTL.NS,-0.0018253666721212262,-0.459992401374549,0.03729409052855451,0.5920253334653077,-0.7769809421533889,588
DHUNINV.NS,0.0013200183440205686,0.3326446226931833,0.033342567124002284,0.529296844095529,0.6284651541076384,1602
DIACABS.NS,0.00423659352120614,1.0676215673439473,0.038331900956448735,0.6085000632667337,1.7545134861817746,1602
DIAMINESQ.NS,-0.0007717510556239554,-0.19448126601723675,0.027647494877476534,0.4388903749184106,-0.4431203715811509,675
DIAMONDYD.NS,0.00043947423225041386,0.11074750652710429,0.023570397104598777,0.3741684542508315,0.29598301318278003,1602
DICIND.NS,0.0005346850491561376,0.13474063238734668,0.022477605457418986,0.3568209246513533,0.3776141562297688,1602
DIGIDRIVE.NS,-0.0022822867091777657,-0.575136250712797,0.029985812983583396,0.47601002408792037,-1.2082439898504485,603
DIGIKORE.NS,-0.0009047028024560634,-0.22798510621892798,0.03898266930389679,0.6188306905174938,-0.3684127334219262,669
DIGISPICE.NS,0.0015131268709614393,0.3813079714822827,0.03531717687733465,0.5606428021578491,0.6801264013640638,1602
DIGJAMLMTD.NS,0.001981640400371337,0.4993733808935769,0.029242182606753982,0.4642052578212571,1.0757598551067282,1602
DISHTV.NS,-0.00020559273765177622,-0.05180936988824761,0.03661816545350021,0.5812953555442697,-0.08912744510015608,1602
DIVGIITTS.NS,0.0007206444579979767,0.1816024034154901,0.024492323059663063,0.38880357507672636,0.46708007605036234,806
DIVISLAB.NS,0.0009761861693914648,0.24599891468664914,0.017949553682839903,0.28494033113638756,0.863334838229345,1602
DIXON.NS,0.0021298587079991915,0.5367243944157962,0.02549354907324341,0.40469754530533936,1.3262358535207923,1602
DJML.NS,0.001143130456053818,0.28806887492556216,0.029026675275406123,0.46078418499451135,0.6251709244947143,875
DKEGL.NS,0.0012616115996080739,0.31792612310123464,0.04104320792434364,0.6515407270567727,0.48796047568263806,1142
DLF.NS,0.0009276586512401838,0.2337699801125263,0.02436547832485131,0.3867899773361473,0.604384792290944,1602
DLINKINDIA.NS,0.001507690566376297,0.37993802272682686,0.03175278233204374,0.5040597929097198,0.753755860060983,1602
DMART.NS,0.0007125295459835684,0.17955744558785924,0.01905918182227692,0.3025551317646455,0.5934701703474496,1602
DMCC.NS,0.0002442642386015123,0.0615545881275811,0.030799563824618688,0.4889279182152146,0.12589706137518253,1126
DNAMEDIA.NS,0.002485312756476491,0.6262988146320758,0.0462967007377715,0.7349373400495437,0.8521798805185973,1602
DODLA.NS,0.0007271054909406718,0.1832305837170493,0.02297036169657118,0.36464318744598634,0.5024928204484577,1232
DOLATALGO.NS,0.000634738501769635,0.15995410244594802,0.03255415883806527,0.5167812505584968,0.3095199415092597,1602
DOLLAR.NS,0.0007685124016917639,0.1936651252263245,0.02790469401963689,0.44297328472386327,0.43719369069186587,1602
DOLLEX.NS,0.00023166937099869655,0.05838068149167153,0.028342019248056505,0.4499156075025802,0.12975918265146363,858
DOLPHIN.NS,0.002033154393585596,0.5123549071835702,0.02169928201682422,0.34446542307103784,1.4873913979979034,1602
DOMS.NS,0.001141711242812433,0.28771123318873315,0.023457487101096335,0.3723760635120381,0.7726362174711374,617
DONEAR.NS,0.0011782653335120023,0.29692286404502455,0.03177020488621603,0.5043363673829804,0.5887397444403385,1602
DPABHUSHAN.NS,0.002297258063654318,0.5789090320408881,0.031305036193621155,0.4969520433131858,1.1649193112906708,1602
DPSCLTD.NS,0.0005190523382307069,0.13080118923413814,0.03577581761956723,0.5679234982282662,0.23031480409279537,1602
DPWIRES.NS,0.0013332703983981542,0.33598414039633484,0.03502758902152615,0.5560457374628068,0.604238316670503,1602
DRCSYSTEMS.NS,0.0015236707972038606,0.38396504089537287,0.035544764004308796,0.5642556357952888,0.6804806483752603,1304
DREAMFOLKS.NS,-0.0015970177414086357,-0.4024484708349762,0.02718021173898411,0.43147248506058233,-0.9327326417545931,936
DREDGECORP.NS,0.0013090328442965597,0.329876276762733,0.032394528646297445,0.5142471998235655,0.64147413321047,1602
DRONE.NS,-0.0005822086765181037,-0.1467165864825621,0.035452726269523505,0.5627945820504352,-0.2606929618050481,719
DRREDDY.NS,0.0006163351749230183,0.15531646408060062,0.015654983298812195,0.24851515552515982,0.6249778358683493,1602
DRSDILIP.NS,0.0003119681634332206,0.07861597718517159,0.021475089594380183,0.3409064786973655,0.23060863344566038,1602
DSSL.NS,0.0034415019303332176,0.8672584864439709,0.041548169385258515,0.6595567417402884,1.314911108566105,1602
DTIL.NS,0.0005504036032879423,0.13870170802856144,0.028329625884214768,0.4497188689507835,0.30841869800161914,1602
DUCOL.NS,0.0004755754635251078,0.11984501680832717,0.032831523764077365,0.5211842822583357,0.22994748861003358,842
DUCON.NS,0.0006214492252019128,0.15660520475088202,0.036555653460387645,0.5803030084178608,0.26986798703293086,1602
DUGLOBAL.NS,0.0021693178282650933,0.5466680927228035,0.03805214537899813,0.6040590811518282,0.904991100672486,1177
DVL.NS,0.0012782294392256733,0.32211381868486966,0.030648063022729703,0.4865229175438639,0.6620732694587373,1602
DWARKESH.NS,0.0005896253892635603,0.14858559809441718,0.029901418925359812,0.4746703099467737,0.3130290540208393,1602
DYCL.NS,0.0024512208411391393,0.6177076519670631,0.03557211381728427,0.5646898006165122,1.0938884521956436,962
DYNAMATECH.NS,0.0020077009319774803,0.5059406348583251,0.031539958839777484,0.500681324707587,1.0105043066142116,1602
DYNAMIC.NS,0.001956951413149442,0.49315175611365936,0.03859107811780344,0.6126143731534469,0.8049954061233482,1148
DYNPRO.NS,0.0008933282667730282,0.22511872322680312,0.033080592440556576,0.5251381249223757,0.4286847831893361,1602
E2E.NS,0.003935646575015886,0.9917829369040032,0.0347743179275843,0.5520251834896984,1.7966262528718697,1602
EASEMYTRIP.NS,0.0007284869864022247,0.18357872057336064,0.03366005579049351,0.5343368204292329,0.34356367286441497,1298
EASTSILK.NS,0.0013542927556527949,0.3412817744245043,0.030972035872834414,0.4916658271013471,0.6941336078542548,1602
ECLERX.NS,0.0015467672079967074,0.38978533641517027,0.0268299434409271,0.4259121482077301,0.915177785032467,1602
EDELWEISS.NS,0.0010298715302632167,0.25952762562633064,0.03171209643012067,0.503413924239591,0.5155352546482466,1602
EFACTOR.NS,0.001676213092072751,0.4224056992023333,0.04203161805296361,0.6672312514187676,0.6330724142554034,666
EFORCE.NS,-0.0018722273233920503,-0.47180128549479666,0.03456013791283832,0.5486251811607903,-0.8599701612247393,613
EICHERMOT.NS,0.0009497432661184905,0.2393353030618596,0.01882335083001403,0.29881143082283024,0.8009576554779294,1602
EIDPARRY.NS,0.0010805553545671991,0.27229994935093416,0.02520746102333252,0.4001560383065495,0.6804844192862886,1602
EIFFL.NS,0.0010963179491612603,0.2762721231886376,0.02802291821687975,0.4448500356729924,0.6210455232866929,1602
EIHAHOTELS.NS,0.0008303359524325427,0.20924466001300077,0.027175425347306294,0.4313965034482412,0.4850402317600283,1602
EIHOTEL.NS,0.0008829740746016075,0.2225094667996051,0.025901569637908437,0.41117467096876226,0.5411555781764329,1602
EIMCOELECO.NS,0.001571375076266351,0.3959865192191204,0.032330965873185305,0.5132381720817873,0.7715453385178408,1602
EKC.NS,0.0015109402282347986,0.38075693751516926,0.03540591363319025,0.5620514544867166,0.6774414236911613,1602
ELDEHSG.NS,0.00039094192358218746,0.09851736474271124,0.02723312812580818,0.4323125066594818,0.2278846048289556,1035
ELECON.NS,0.0027466480422704688,0.6921553066521582,0.03478978018427323,0.5522706392051389,1.2532900674356866,1602
ELECTCAST.NS,0.0016868218986976003,0.4250791184717953,0.03242874013956108,0.5147902904424999,0.8257325873539858,1602
ELECTHERM.NS,0.001973176092068455,0.49724037520125064,0.03521675039501453,0.5590485811742648,0.8894403669835135,1602
ELGIEQUIP.NS,0.0013863778262486481,0.34936721221465933,0.02901706824698451,0.4606316781462598,0.7584524225963639,1602
ELGIRUBCO.NS,0.0014558232689824112,0.3668674637835676,0.03807649807095112,0.6044456681518037,0.6069486193942424,1602
ELIN.NS,-0.00046949500522691553,-0.11831274131718271,0.029584984341768032,0.46964706666034894,-0.25191840791959436,856
EMAMILTD.NS,0.00040707890486433494,0.10258388402581241,0.021726466708363416,0.34489696667072217,0.2974334190759951,1602
EMAMIREAL.NS,0.0009961499874745112,0.25102979684357685,0.03484798010673581,0.5531945343320942,0.4537821349711283,1602
EMBASSY.NS,0.0001036875510526191,0.026129262865260013,0.014105386547910713,0.22391606971324565,0.11669221819908689,1602
EMBDL.NS,0.0006409901863009906,0.16152952694784964,0.036419321690250084,0.5781388086603735,0.2793957515533953,1602
EMIL.NS,0.0008069561040988457,0.20335293823290912,0.028992979434101007,0.4602492800966487,0.44183217014528864,908
EMKAY.NS,0.0016446221264596625,0.41444477586783496,0.036290825231460856,0.576098990614521,0.7193985454231563,1602
EMKAYTOOLS.NS,0.0009103199017214295,0.22940061523380026,0.030961026802536904,0.4914910635283077,0.4667442243750741,1602
EMMBI.NS,0.0003883198268703835,0.09785659637133665,0.031026197509471075,0.4925256164281922,0.19868326257016858,1602
EMMIL.NS,-0.0014908508027460718,-0.3756944022920101,0.0345841015411159,0.54900559196639,-0.6843179883585049,520
EMSLIMITED.NS,0.0008805534019977982,0.22189945730344515,0.03261823865248833,0.5177984860766323,0.42854404419908804,677
EMUDHRA.NS,0.0009573082044580405,0.2412416675234262,0.025691058521831255,0.407832910600633,0.5915208440832773,1002
ENDURANCE.NS,0.0007603528631035987,0.19160892150210687,0.020584752354093083,0.32677281317269014,0.5863673897523629,1602
ENERGYDEV.NS,0.0012259012892206502,0.30892712488360385,0.03477579630640482,0.5520486520259142,0.5596012665729726,1602
ENFUSE.NS,0.0015303824376607246,0.3856563742905026,0.04011787472832429,0.6368515179575339,0.6055671744763254,554
ENGINERSIN.NS,0.0009633861039147417,0.2427732981865149,0.026495214891406556,0.42059849721526177,0.5772091431469473,1602
ENIL.NS,-4.46885971949631e-05,-0.011261526493130702,0.028242004700229653,0.4483279257763496,-0.02511894942441878,1602
ENSER.NS,0.0018118202727171596,0.4565787087247242,0.03758420256414768,0.5966307192564652,0.7652618177182078,554
ENTERO.NS,0.0002665916560536902,0.06718109732552993,0.02565308605006328,0.4072301162988461,0.16497084728436204,578
EPACK.NS,0.0006958773414580005,0.17536109004741612,0.0324781793649687,0.5155751138151412,0.34012714219230455,591
EPIGRAL.NS,0.0013409773950275108,0.33792630354693276,0.03059990403493367,0.48575841731325853,0.695667417182416,1196
EPL.NS,0.00044631259597462775,0.11247077418560619,0.023759893270683355,0.3771766126299914,0.2981912727869464,1602
EQUIPPP.NS,0.0033157897306434394,0.8355790121221467,0.04324365623074869,0.6864717610063789,1.2172081352584325,1602
EQUITASBNK.NS,0.000893407301079871,0.2251386398721275,0.02374721277535176,0.37697531600710027,0.5972238242460604,1393
ERIS.NS,0.0008527289981393545,0.21488770753111733,0.019169456245882736,0.3043056839696373,0.706157389924265,1602
ESABINDIA.NS,0.0012299073360551394,0.3099366486858951,0.02414414593330347,0.3832764345454348,0.8086504171681711,1602
ESAFSFB.NS,-0.0006571512353421944,-0.165602111306233,0.023219826789869995,0.3686033230319475,-0.449269176262635,643
ESCONET.NS,-0.0006748710679348905,-0.17006750911959242,0.03721923030175151,0.590836964206044,-0.2878416880164667,573
ESCORTS.NS,0.001253295671228795,0.3158305091496563,0.02252641273380127,0.3575957161442208,0.8832055164281658,1602
ESFL.NS,0.000586398678496533,0.1477724669811263,0.036424889639732644,0.578227197118234,0.2555612529427776,730
ESG.NS,0.0003702695972354899,0.09330793850334346,0.008681814775805001,0.13781953695303611,0.677029836017657,693
ESSARSHPNG.NS,0.0015326308653990505,0.3862229780805607,0.03851174823946335,0.6113550503756976,0.6317490594756912,1602
ESSENTIA.NS,0.0026814353237361514,0.6757217015815101,0.034682141692150316,0.5505619311152076,1.2273309565969832,1602
ESTER.NS,0.0011356242698702644,0.2861773160073066,0.03210075329630305,0.5095836607191286,0.5615904473927811,1602
ETERNAL.NS,0.0011119718912513314,0.28021691659533554,0.029617251262200214,0.47015928814257374,0.596004213172879,1214
ETHOSLTD.NS,0.0013507170064540111,0.34038068562641083,0.023968310588431185,0.38048513498007075,0.8945965409246263,1004
EUROTEXIND.NS,0.0008549610441253454,0.21545018311958705,0.03219555999107525,0.5110886703410761,0.4215514755508196,1602
EVEREADY.NS,0.0015194398142197817,0.38289883318338497,0.026039260158011064,0.4133604402132584,0.9263073964839067,1602
EVERESTIND.NS,0.000725437122334593,0.18281015482831742,0.030754203094721932,0.4882078389516435,0.37445149430798996,1602
EXCELINDUS.NS,0.0004734839569712598,0.11931795715675747,0.02823258878296527,0.4481784527236669,0.2662286784017376,1602
EXICOM.NS,0.0002762062550650308,0.06960397627638777,0.03918688625067912,0.6220725340456396,0.11189045081884477,566
EXIDEIND.NS,0.0006315139297868518,0.15914151030628665,0.019277297585760775,0.30601761216785306,0.5200403636212817,1602
EXPLEOSOL.NS,0.001092484102540348,0.27530599384016774,0.028474165923568006,0.4520133709425045,0.6090660399406334,1602
EXXARO.NS,-0.00014460525296305314,-0.03644052374668939,0.028985319224842456,0.4601276780445157,-0.07919654801371002,1198
FACT.NS,0.002726646106026421,0.6871148187186581,0.038700230244913994,0.6143471094538964,1.1184472233123164,1602
FAIRCHEMOR.NS,0.0004241453515029527,0.10688462857874408,0.02978211508525584,0.472776420198553,0.22607859447358963,1356
FAZE3Q.NS,0.0013398018454753968,0.3376300650598,0.03439392357911229,0.5459866104125501,0.6183852472218779,886
FCL.NS,0.002305974035538092,0.5811054569555992,0.03391397863587738,0.5383677206357347,1.0793839130425529,1602
FCSSOFT.NS,0.0034341031352824337,0.8653939900911732,0.05262730032606964,0.8354324930129322,1.03586345674704,1602
FDC.NS,0.0005996883891993553,0.15112147407823753,0.021110939474718822,0.3351257747582553,0.45093957391743383,1602
FEDERALBNK.NS,0.001129788251189911,0.28470663929985757,0.0215888276085964,0.34271201369874815,0.8307460139116143,1602
FEDFINA.NS,0.0003931839224268442,0.09908234845156473,0.021967693525384205,0.3487263236751023,0.28412638141959345,631
FEL.NS,-0.0017998501512665741,-0.4535622381191767,0.03401238051718838,0.5399298020746733,-0.8400392724690684,1602
FELDVR.NS,-0.0006245372139793075,-0.15738337792278548,0.03531842345640871,0.5606625909871664,-0.2807096111864328,1602
FELIX.NS,0.0021281663234743514,0.5362979135155366,0.03327755555145023,0.5282648173756452,1.0152065704087558,1602
FIBERWEB.NS,2.008009607700907e-05,0.005060184211406286,0.03236141345117729,0.5137215123981336,0.009850053169439106,1072
FIDEL.NS,0.0016340520777067178,0.4117811235820929,0.0387950235275377,0.6158519061645871,0.6686365982799183,985
FIEMIND.NS,0.0019073075697361535,0.48064150757351065,0.028814823255310474,0.4574211384349929,1.0507636556062172,1602
FILATEX.NS,0.0011487556218600637,0.28948641670873604,0.030985331336804197,0.4918768860487227,0.588534295714113,1602
FILATFASH.NS,-0.004063692885038584,-1.024050607029723,0.03811795633523932,0.6051037976943735,-1.6923552800885768,528
FINCABLES.NS,0.0010245843939238129,0.2581952672688008,0.025893603418926193,0.4110482111628633,0.6281386471391311,1602
FINEORG.NS,0.0009235663950769767,0.23273873155939812,0.023195577296188378,0.3682183742537427,0.6320671314436245,1602
FINOPB.NS,-0.0004961873446372072,-0.1250392108485762,0.03141418015452523,0.4986846499791263,-0.25073803826488344,1138
FINPIPE.NS,0.000654951380714089,0.16504774793995045,0.023439391114714617,0.3720887986338715,0.4435708587464208,1602
FIVESTAR.NS,0.00034070616861941333,0.08585795449209216,0.025374902607920764,0.402814091058256,0.2131453601003128,885
FLAIR.NS,-0.0004670795145247049,-0.11770403766022564,0.023949123135988612,0.38018054361533515,-0.3096003718152342,630
FLEXITUFF.NS,0.0006139182069533585,0.15470738815224636,0.0359202914985048,0.5702169499559481,0.2713132048498352,1602
FLFL.NS,-0.0027360818513048157,-0.6894926265288136,0.03409775106830719,0.5412850175599667,-1.273806967052118,1602
FLUOROCHEM.NS,0.0015270953375559604,0.384828025064102,0.025667382857806075,0.40745707108582335,0.9444627480352281,1602
FMGOETZE.NS,9.739243749228717e-05,0.024542894248056366,0.023177996489661398,0.36793928760223277,0.06670365213781926,1602
FMNL.NS,0.0001463600935816425,0.03688274358257391,0.03421156031444569,0.54309168333306,0.06791255457313816,1602
FOCUS.NS,0.0021244128025571934,0.5353520262444127,0.031133360523947284,0.4942267765444806,1.083211294190635,1602
FONEBOX.NS,-0.0007707586216150684,-0.19423117264699724,0.03622805858066931,0.5751026009227838,-0.3377330798632151,588
FOODSIN.NS,0.00010672481859575939,0.026894654286131366,0.0324350263513636,0.5148900809612087,0.0522337781996573,1136
FORCEMOT.NS,0.0022639866696433308,0.5705246407501193,0.03128671124154093,0.4966611437172371,1.1487201041741546,1564
FORTIS.NS,0.001455154850083808,0.3666990222211196,0.02029440766631181,0.3221637341425425,1.1382380552457598,1602
FOSECOIND.NS,0.001188274525576606,0.2994451804453047,0.02541899265713729,0.4035139988913731,0.7420936603637288,1602
FROG.NS,0.0006939455626628441,0.17487428179103673,0.03828412890656634,0.6077417054850822,0.28774441545270785,910
FSL.NS,0.0015314196392396337,0.38591774908838766,0.028337918998309623,0.44985051805571913,0.8578799703429203,1602
FUSION.NS,-0.00018854499352820243,-0.04751333836910701,0.027179198293996006,0.43145639712014655,-0.11012315192507412,889
GABRIEL.NS,0.0018423765406880357,0.46427888825338504,0.029794397954735482,0.4729714047067294,0.9816214757026712,1602
GAEL.NS,0.0014447097170725523,0.3640668487022832,0.029090322634544794,0.46179455549783294,0.788374060213431,1602
GAIL.NS,0.0007445955591540734,0.18763808090682652,0.02152408150007382,0.34168420108968844,0.5491564441914993,1602
GALAXYSURF.NS,0.00033440363576989045,0.08426971621401239,0.019108517966396395,0.3033383187725673,0.2778076853428958,1602
GALLANTT.NS,0.0025598372401772554,0.6450789845246684,0.03403376336176372,0.5402692442090903,1.1939953855211782,1602
GANDHAR.NS,-0.0005256696187356658,-0.13246874392138777,0.024204144199380214,0.38422887749223966,-0.344765195125302,631
GANDHITUBE.NS,0.0010835012816399617,0.27304232297327036,0.027024849427331386,0.429006184822111,0.6364531156735849,1602
GANECOS.NS,0.0012557095166539339,0.3164387981967913,0.0277282545872832,0.44017239556702364,0.7188974169749093,1602
GANESHBE.NS,0.0004755515812097729,0.11983899846486278,0.027219564026252557,0.4320971832543856,0.27734269768268954,1177
GANESHHOU.NS,0.00250760928318736,0.6319175393632147,0.03340820407895707,0.5303387984532844,1.1915355640699519,1602
GANGAFORGE.NS,0.0011296429583018196,0.28467002549205855,0.03160696080229946,0.5017449478887055,0.5673600236333672,1602
GANGESSECU.NS,0.0012824975240345472,0.3231893760567059,0.0340462582077389,0.5404675937398127,0.5979810441924349,1602
GARFIBRES.NS,0.0009981848818253543,0.2515425902199893,0.02296676395333284,0.36458607504264806,0.6899402018866593,1602
GATECH.NS,0.0009046075775658893,0.2279611095466041,0.03740442965456073,0.5937769127890639,0.3839170985544635,1602
GATECHDVR.NS,0.002286455893455659,0.5761868851508261,0.04483263375452558,0.711695997207088,0.8095969169588687,1602
GATEWAY.NS,2.5835253790910382e-05,0.006510483955309416,0.019518658993462275,0.30984910573305285,0.02101178875409908,1050
GAYAHWS.NS,0.0028262549190339313,0.7122162395965507,0.0538129374295526,0.8542538985388535,0.8337289894898354,1602
GAYAPROJ.NS,-9.243338209566503e-05,-0.023293212288107587,0.035685175337368064,0.5664845966064681,-0.04111888024430994,1602
GEECEE.NS,0.0014038081849519722,0.353759662607897,0.030513189113994265,0.4843818606186727,0.7303321849337223,1602
GEEKAYWIRE.NS,0.0018556960884089653,0.46763541427905925,0.03248672675496803,0.5157107994249227,0.9067784013841225,1602
GENCON.NS,0.00035523512905594315,0.08951925252209768,0.03340963027526899,0.530361438617857,0.16878914265597517,1320
GENESYS.NS,0.0018406108078511255,0.46383392357848363,0.03733342628526522,0.5926497692446422,0.7826442321401054,1602
GENUSPAPER.NS,0.0011782184641966884,0.2969110529775655,0.03454718788658093,0.5484196058670974,0.541393943252857,1602
GENUSPOWER.NS,0.002101452672779861,0.529566073540525,0.032765291119696706,0.5201328716241033,1.0181361387273347,1602
GEOJITFSL.NS,0.0011171120384288484,0.2815122336840698,0.03039921020633648,0.48257250155245696,0.583357387290889,1602
GESHIP.NS,0.0012919872433867655,0.3255807853334649,0.025189607965563895,0.39987262980056243,0.8142112289502015,1602
GFLLIMITED.NS,0.00017195052595318756,0.04333153254020326,0.030086708674064374,0.47761169352014526,0.09072544313317901,1602
GHCL.NS,0.000921345380926565,0.23217903599349438,0.02552314137181201,0.40516730848175114,0.5730448413114055,1602
GHCLTEXTIL.NS,0.000783935573608577,0.1975517645493614,0.02648520782512056,0.42043963996278527,0.46986950271113226,747
GICHSGFIN.NS,0.0003899147780845041,0.09825852407729503,0.027119333002226763,0.4305060650750321,0.22823958138701192,1602
GICL.NS,0.002120004298851588,0.5342410833106002,0.027797162139836892,0.44126626905209076,1.2107000257650191,1602
GICRE.NS,0.0007026427367017109,0.17706596964883115,0.028128327134069285,0.4465233503581051,0.39654358390625455,1602
GILLANDERS.NS,0.0012575689045851695,0.3169073639554627,0.032192289514144934,0.511036753129319,0.6201263647181725,1602
GILLETTE.NS,0.00022355480359513425,0.05633581050597383,0.015379225156823205,0.2441376307309352,0.23075430992472315,1602
GINNIFILA.NS,0.001774794019786977,0.44724809298631824,0.03678979846253639,0.5840199450963462,0.7658096213007509,1602
GIPCL.NS,0.0008615163374060704,0.21710211702632976,0.02593718860146001,0.4117401044858543,0.5272795014647121,1602
GIRIRAJ.NS,0.002496379929602608,0.6290877422598572,0.03215308086704127,0.5104143351524415,1.232504063726918,1602
GKWLIMITED.NS,0.0011203396315859402,0.28232558715965694,0.031130374469931655,0.49417937440652004,0.5713018425722707,1602
GLAND.NS,0.0005291435111866119,0.1333441648190262,0.023532224620945574,0.37356248485879917,0.35695277289267474,1379
GLAXO.NS,0.00039854557125262044,0.10043348395566035,0.018863115427732707,0.2994426742421191,0.3354013725994621,1602
GLENMARK.NS,0.0014483412042241273,0.3649819834644801,0.022511079814110716,0.35735231358997843,1.0213505540172767,1602
GLFL.NS,0.002196888309634132,0.5536158540278012,0.03563100944335765,0.5656247396959099,0.9787688111475378,1602
GLOBAL.NS,0.0027066252685389713,0.6820695676718208,0.03447219901230839,0.5472291943925666,1.246405664502109,1602
GLOBALPET.NS,0.00205543867949916,0.5179705472337883,0.03326712585696502,0.5280992511084958,0.9808204540085088,728
GLOBALVECT.NS,0.0012978449984806057,0.32705693961711263,0.03512606073182662,0.5576089274025883,0.5865346186987797,1602
GLOBE.NS,0.0001991671081102405,0.0501901112437806,0.031447396897895295,0.49921194943305014,0.10053868161765958,1602
GLOBUSSPR.NS,0.001737672947103669,0.43789358267012457,0.030911223877896087,0.4907004666093279,0.8923846877422156,1602
GLOSTERLTD.NS,-0.0003635605010040476,-0.09161724625302001,0.0204202283355376,0.3241610753459215,-0.2826287707592673,533
GMBREW.NS,0.0009780394064787688,0.24646593043264975,0.02728478474397579,0.43313253005093455,0.5690312163892802,1602
GMDCLTD.NS,0.002054396410568916,0.5177078954633668,0.033711212290686896,0.5351489046939696,0.9674090536715635,1602
GMMPFAUDLR.NS,0.0004925769891842695,0.12412940127443592,0.025342834820607188,0.402305030716289,0.3085454861288416,1602
GMRAIRPORT.NS,0.0014025195213087074,0.35343491936979426,0.024365199947763174,0.3867855582368719,0.9137748601082636,1602
GMRP&UI.NS,0.0013217094763420282,0.3330707880381911,0.033936303830537175,0.5387221221139802,0.6182608331196795,1049
GNA.NS,0.0010903209067684894,0.27476086850565934,0.02834705027681969,0.4499954726082574,0.6105858508155522,1602
GNFC.NS,0.0011450481489836688,0.28855213354388454,0.026319949055616604,0.4178162383263052,0.6906197200467152,1602
GOACARBON.NS,0.0009253412591864779,0.23318599731499243,0.03254672649533356,0.5166632657753365,0.4513307075645474,1602
GOCLCORP.NS,0.000857451800603117,0.2160778537519855,0.032115145624849,0.5098121318518469,0.4238381949976397,1602
GOCOLORS.NS,-0.0008981491064167624,-0.22633357481702412,0.02370082510570806,0.376238934580438,-0.6015687214015197,1127
GODFRYPHLP.NS,0.0015229853754141467,0.38379231460436497,0.030467466896006247,0.4836560429095533,0.7935232490750386,1602
GODIGIT.NS,0.0001601505430365713,0.040357936845215964,0.02116269199901003,0.33594732061222143,0.12013174199951569,516
GODREJAGRO.NS,0.0002636765557781107,0.0664464920560839,0.020355272486900344,0.32312993321576144,0.20563397328998306,1602
GODREJCP.NS,0.00039158857896589644,0.0986803218994059,0.018436462949972286,0.29266977612769757,0.33717291619599876,1602
GODREJIND.NS,0.0008381805697789935,0.21122150358430636,0.022524549258905173,0.3575661343973239,0.5907201025631783,1602
GODREJPROP.NS,0.0007737876185478288,0.19499447987405286,0.025975651242284473,0.41235067998018426,0.47288506928962365,1602
GOKEX.NS,0.002202712301218013,0.5550834999069393,0.03548393698125149,0.5632900367392767,0.9854310634005837,1602
GOKUL.NS,0.0012743399160909373,0.3211336588549162,0.034791671581457156,0.5523006642046137,0.5814471712022858,1602
GOKULAGRO.NS,0.002800008908553781,0.7056022449555528,0.03481651694160784,0.5526950720697689,1.2766573841759925,1602
GOODLUCK.NS,0.0026583663924951476,0.6699083309087772,0.03324014152379633,0.52767088809934,1.2695571160307395,1602
GOODYEAR.NS,0.0005264870050783441,0.1326747252797427,0.017207487238349046,0.2731603915259352,0.48570264721979617,1026
GOPAL.NS,-0.00017003467058273542,-0.04284873698684933,0.0235847265950614,0.3743959278599017,-0.11444765767560178,560
GOYALALUM.NS,-0.0004345548580018196,-0.10950782421645854,0.02773006341001985,0.44020110973778553,-0.24876771501482364,895
GOYALSALT.NS,0.0006182917308641304,0.15580951617776084,0.030616553420968324,0.48602271812283615,0.32058072671899657,664
GPIL.NS,0.0024079163302594153,0.6067949152253727,0.03078000962088838,0.48861750485427685,1.2418607790286607,1602
GPPL.NS,0.0006490802669042379,0.16356822725986794,0.023410848530238573,0.3716356991520795,0.4401305569757256,1602
GPTHEALTH.NS,-0.0002542643837385473,-0.06407462470211392,0.022734659766521694,0.36090153530329305,-0.17754046030385304,569
GPTINFRA.NS,0.0022573311069749146,0.5688474389576785,0.03657150145704982,0.5805545875655409,0.9798345429377203,1602
GRANULES.NS,0.0015234686291099426,0.3839140945357055,0.024597526992980394,0.3904736357437472,0.9832010650461778,1602
GRAPHISAD.NS,-0.0014558110889001225,-0.36686439440283086,0.03215008179495195,0.5103667263589677,-0.7188250633423854,622
GRAPHITE.NS,0.0009051810849882072,0.22810563341702822,0.029273037828049384,0.4646950692744301,0.4908716457292949,1602
GRASIM.NS,0.001105154698388777,0.2784989839939718,0.017949314644035912,0.28493653651301326,0.9774070654545651,1602
GRAUWEIL.NS,0.0012733403772703844,0.3208817750721369,0.028129629133062297,0.4465440189513617,0.7185893471951034,630
GRAVITA.NS,0.0027550219642533654,0.6942655349918481,0.03256702563053091,0.5169855045567078,1.3429110272388587,1602
GRCL.NS,0.003908132313491146,0.9848493429997688,0.033507696538218626,0.5319181922804782,1.8515052827530702,830
GREAVESCOT.NS,0.0007321527581670882,0.1845024950581062,0.030163425534755737,0.4788295359286749,0.3853197875529324,1602
GREENCHEF.NS,-0.0003888889092460412,-0.09800000513000239,0.033293838454813485,0.5285233004531728,-0.1854222984038245,730
GREENLAM.NS,0.0009649491795317664,0.24316719324200514,0.026473195146687268,0.4202489446044996,0.5786265411584844,1602
GREENPANEL.NS,0.001251138679334845,0.31528694719238093,0.02677377344489698,0.42502047716389507,0.7418158986038712,1602
GREENPLY.NS,0.0007590221100997512,0.1912735717451373,0.02707306626847346,0.4297716034461132,0.4450586549027781,1602
GREENPOWER.NS,0.0016042224770469223,0.40426406421582445,0.033757794192113104,0.5358883694545912,0.7543811122963362,1602
GRETEX.NS,0.0025922601243239113,0.6532495513296257,0.019119155035024014,0.3035071770021717,2.1523364217675534,1602
GRINDWELL.NS,0.0010147945660738693,0.25572823065061506,0.021072852475074143,0.33452116238278873,0.764460546618537,1602
GRINFRA.NS,-0.00034102302022005954,-0.085937801095455,0.020519615708136256,0.32573880097405844,-0.26382426913365786,1217
GRMOVER.NS,0.00013573410183577572,0.03420499366261548,0.030970035906071447,0.4916340786132359,0.06957409006124704,935
GROBTEA.NS,0.00092693590239468,0.23358784740345936,0.033455955032613394,0.5310968213427293,0.4398215881106161,1602
GRPLTD.NS,0.0019313063748699116,0.48668920646721775,0.03310726177357436,0.5255614874591579,0.9260366637976666,1602
GRSE.NS,0.0022885408221605427,0.5767122871844568,0.03484413971251092,0.5531335699637613,1.0426275288665634,1602
GRWRHITECH.NS,0.002582299552773684,0.6507394872989685,0.03471608210087914,0.5511007184005617,1.1807995627143881,1081
GSFC.NS,0.0009200892543643995,0.23186249209982868,0.02724916008713909,0.43256700615574295,0.5360152041192622,1602
GSLSU.NS,-0.0010740872621370179,-0.2706699900585285,0.03379673178982578,0.5365064846557793,-0.5045046011553606,799
GSMFOILS.NS,0.004206520362569254,1.060043131367452,0.0332283383686472,0.527483518820077,2.0096232271648082,510
GSS.NS,0.00011738742202384617,0.029581630350009235,0.03453681437032025,0.5482549314016152,0.053955976783252486,1602
GSTL.NS,-0.00047286906351423993,-0.11916300400558846,0.03403580857491924,0.5403017109614161,-0.22054900361790286,991
GTECJAINX.NS,0.0004503581379384409,0.1134902507604871,0.03411169330467669,0.5415063437008895,0.20958249534963055,1602
GTL.NS,0.0017286526906747633,0.43562047805004034,0.036155638205746805,0.5739529631113897,0.7589828889262089,1602
GTLINFRA.NS,0.002103394111176556,0.5300553160164921,0.045471657983287735,0.7218401923533851,0.7343111697457233,1602
GTPL.NS,0.0003896832395282332,0.09820017636111476,0.02972261339676658,0.47183186017656686,0.20812536127671988,1602
GUFICBIO.NS,0.0015391006383886022,0.38785336087392774,0.02982748336802303,0.47349661936022525,0.8191259346222658,1602
GUJALKALI.NS,0.0006832528991170986,0.17217973057750885,0.027390808936778088,0.434815611933602,0.39598332224511146,1602
GUJAPOLLO.NS,0.0012046681876082294,0.3035763832772738,0.031074818991327583,0.49329745852439877,0.6154022852365025,1602
GUJGASLTD.NS,0.0005066159227659315,0.12766721253701474,0.020885615285061138,0.331548864137047,0.38506303699548494,1602
GUJRAFFIA.NS,0.001515510955916214,0.38190876089088593,0.032027342209324704,0.5084182958414108,0.7511703729285412,1593
GULFOILLUB.NS,0.00038908178777190717,0.09804861051852061,0.022184508494896744,0.35216815461417966,0.27841418718264993,1602
GULFPETRO.NS,0.00040512776099817124,0.10209219577153915,0.032601335796510596,0.5175301615564493,0.1972681079388713,1602
GULPOLY.NS,0.0016015020222254431,0.40357850960081165,0.03123490122854678,0.49583868525840386,0.8139310658878678,1602
GVKPIL.NS,-0.00021636678865315264,-0.054524430740594466,0.028180581252011918,0.44735285876443653,-0.1218823791384454,1602
GVPIL.NS,0.00090855618268509,0.22895615803664268,0.03343569057800479,0.5307751330986369,0.4313618776750313,1602
GVPTECH.NS,0.0007213253539548406,0.18177398919661983,0.02315431097995308,0.36756329179204866,0.49453792926487244,1602
GVT&D.NS,0.002700353003035876,0.6804889567650408,0.029769847186250177,0.4725816733392835,1.4399393695415124,1602
HAL.NS,0.0018760356666457558,0.4727609879947305,0.023465855672410958,0.3725089104632025,1.2691266563445902,1602
HALEOSLABS.NS,0.0015893713356361931,0.40052157658032067,0.03406000399472749,0.5406858013434928,0.7407658488258931,1602
HAPPSTMNDS.NS,0.00019681754670493735,0.049598021769644215,0.022504313397520345,0.3572449000565873,0.13883479305593424,1424
HAPPYFORGE.NS,0.000751140881054803,0.18928750202581035,0.018949153078442957,0.30080847960512447,0.6292625203727326,613
HARDWYN.NS,0.002239590985892357,0.564376928444874,0.03270999328132071,0.5192550456538093,1.0868973410441305,1035
HARIOMPIPE.NS,0.0010283256135298943,0.2591380546095334,0.030703701597375788,0.4874061525347578,0.5316675902876581,1034
HARRMALAYA.NS,0.001225750428052986,0.3088891078693525,0.03014601249570966,0.4785531125033602,0.6454646303594642,1602
HARSHA.NS,0.000144446029446418,0.03640039942049733,0.022698388627553582,0.3603257488224209,0.10102081113952396,922
HATHWAY.NS,0.00014084568714563551,0.03549311316070015,0.029581288647607732,0.4695883993343295,0.07558345395885806,1602
HATSUN.NS,0.0008062974311882454,0.20318695265943784,0.023334847022737058,0.3704292126233894,0.5485176269454088,1602
HAVELLS.NS,0.0005350087511839548,0.13482220529835662,0.018103405197786897,0.2873826482206693,0.4691382939544499,1602
HAVISHA.NS,0.0012237321544751056,0.3083805029277266,0.037806280184152025,0.6001560921821728,0.5138338291401032,1602
HBLENGINE.NS,0.003100449333082285,0.7813132319367359,0.03533510739631442,0.560927440322442,1.392895365374901,1602
HBSL.NS,0.0018301721102369666,0.4612033717797156,0.03591994736348814,0.570211486981919,0.8088286229041541,1602
HCC.NS,0.0014227198672539512,0.3585254065479957,0.03815264076932475,0.6056543960161039,0.5919636824339384,1602
HCG.NS,0.0013621196206951229,0.34325414441517094,0.021654897468952168,0.3437608402166969,0.9985260223322513,1602
HCL-INSYS.NS,0.0008137215360997925,0.2050578270971477,0.030770290508817424,0.4884632187332522,0.41980198146532083,1602
HCLTECH.NS,0.0005794304291214897,0.1460164681386154,0.017515437321486034,0.278048947543148,0.5251466312993556,1602
HDFCAMC.NS,0.0005648582348065398,0.14234427517124804,0.019609068138492777,0.3112843064170329,0.4572806024488333,1602
HDFCBANK.NS,0.0002558015597459245,0.06446199305597299,0.01621431686846534,0.2573943006765533,0.2504406386875566,1602
HDFCLIFE.NS,0.00016999751871060766,0.04283937471507313,0.017974768451557356,0.2853406031807419,0.15013417031272483,1602
HDIL.NS,7.526655616956486e-05,0.018967172154730347,0.02918819107824829,0.4633481688772752,0.040935032074668865,1602
HEADSUP.NS,0.00022474800838628335,0.056636498113343405,0.034770229976966306,0.5519602892854556,0.10260973336807004,1602
HECPROJECT.NS,0.001548315707520252,0.39017555829510353,0.03286211005500539,0.5216698245742762,0.7479358397114834,1602
HEG.NS,0.0011278207817826827,0.28421083700923605,0.031602912100519034,0.5016806767404435,0.5665174087545719,1602
HEIDELBERG.NS,0.00010758509900571138,0.02711144494943927,0.01832809819334015,0.29094953894610154,0.09318263588814853,1602
HEMIPROP.NS,0.0007902844996163102,0.19915169390331017,0.02902641405985934,0.46078003832625913,0.43220555870152333,1400
HERANBA.NS,-0.0007258001550113432,-0.1829016390628585,0.02568770695224884,0.40777970608293224,-0.44853050883719275,1307
HERITGFOOD.NS,0.0007814752339380239,0.19693175895238202,0.027575430051903733,0.4377463812779653,0.44987638362070664,1602
HEROMOTOCO.NS,0.0006173507499475007,0.15557238898677017,0.018491625868258723,0.2935454603079685,0.5299771586436863,1602
HESTERBIO.NS,0.0005807037044944338,0.1463373335325973,0.02690171394109658,0.4270514695772451,0.3426690784543192,1602
HEXATRADEX.NS,0.0022185623356789563,0.559077708591097,0.02723444139344174,0.4323333541368614,1.293163488871397,1602
HFCL.NS,0.0021740047019061016,0.5478491848803376,0.034006747389405984,0.5398403789433793,1.014835507400602,1602
HGINFRA.NS,0.0009172307935988847,0.23114215998691895,0.028137770953344347,0.4466732663414758,0.51747480183919,1602
HGM.NS,0.0007624174235532749,0.19212919073542525,0.036145657239473016,0.5737945201837623,0.334839709995652,1602
HGS.NS,0.0006722687981784701,0.16941173714097446,0.025338964928654614,0.40224359808604576,0.4211670190577771,1602
HIGREEN.NS,0.0015908251003284653,0.4008879252827732,0.03729060237161527,0.5919699606905366,0.6772099125015313,672
HIKAL.NS,0.0008380420836984084,0.21118660509199894,0.02960977050869772,0.4700405348622519,0.4492944531983574,1602
HILTON.NS,0.0012463185258865697,0.3140722685234156,0.03543900031477441,0.5625766892737971,0.5582745864014312,1602
HIMATSEIDE.NS,0.0003594359190144757,0.09057785159164787,0.033371834901648426,0.5297614556620044,0.17097856143282322,1602
HINDALCO.NS,0.0012927853859587587,0.3257819172616072,0.024329389340408198,0.3862170824687152,0.8435202171255503,1602
HINDCOMPOS.NS,0.0010139324080587328,0.25551096683080066,0.030103356182061433,0.4778759645168003,0.5346805150352312,1602
HINDCON.NS,0.0019779730801714026,0.49844921620319343,0.035148796815265615,0.5579698515379915,0.8933264312207281,1602
HINDCOPPER.NS,0.002193315577180095,0.552715525449384,0.033739835278145044,0.5356032805335335,1.03194947741695,1602
HINDOILEXP.NS,0.0009217453798981741,0.23227983573433986,0.03192585746803694,0.5068072755175199,0.45831985244716583,1602
HINDPETRO.NS,0.0007966038890347597,0.20074418003675942,0.023840166214141072,0.37845090610236903,0.5304365158065156,1602
HINDUNILVR.NS,0.00018374194636410602,0.046302970483754716,0.014597298921455698,0.2317249365566589,0.199818678005909,1602
HINDWAREAP.NS,0.0008596292682876491,0.21662657560848758,0.03147364236651236,0.49962858333106874,0.4335752253488355,1602
HINDZINC.NS,0.0008833627235919062,0.22260740634516035,0.024472689029029444,0.38849189450298405,0.5730039918334782,1602
HIRECT.NS,0.0021541653934617133,0.5428496791523517,0.03651530661991995,0.5796625221814725,0.9364926286926724,1602
HISARMETAL.NS,0.001099553172389711,0.27708739944220717,0.035423868159489,0.5623364737556834,0.49274306820544683,1602
HITECH.NS,0.0016358773161971234,0.4122410836816751,0.031026195923786717,0.4925255912562334,0.8369942415179179,1602
HITECHCORP.NS,0.0014250192722762291,0.35910485661360975,0.03468068908294687,0.5505388716589807,0.6522788400599066,1602
HITECHGEAR.NS,0.001351632549877093,0.34061140256902744,0.03210224649656241,0.509607364538392,0.6683800633013949,1602
HLEGLAS.NS,0.0004328203149520394,0.10907071936791392,0.02985206457108509,0.4738868338615992,0.23016195339110965,1316
HLVLTD.NS,0.0007795597170990507,0.19644904870896077,0.034995592707827324,0.5555378117292994,0.35361958189208875,1602
HMAAGRO.NS,-0.001004017984232358,-0.2530125320265542,0.024883272171106523,0.39500969982169276,-0.6405223267701122,732
HMT.NS,0.0013235426395030129,0.3335327451547592,0.026902253302676486,0.42706003167688816,0.780997331558081,1602
HMVL.NS,0.0004958429572884359,0.12495242523668586,0.027876193657036072,0.4425208554935617,0.282365053952816,1602
HNDFDS.NS,0.0011711492925202515,0.2951296217151034,0.024575347178392843,0.39012154210260214,0.7565068571309096,1602
HOACFOODS.NS,0.003664268865414996,0.9233957540845791,0.03515224955534008,0.5580246620874642,1.6547579646934083,515
HOLMARC.NS,0.001756000522547945,0.44251213168208214,0.04174113853941483,0.662620032095913,0.6678218439644598,675
HOMEFIRST.NS,0.0008840718504427799,0.22278610631158055,0.024204117329341624,0.3842284509436007,0.5798271985441349,1329
HOMESFY.NS,-0.0005791388695024427,-0.14594299511461556,0.034968644593151944,0.5551100236709008,-0.26290823240680383,855
HONASA.NS,0.0008591139827794572,0.21649672366042322,0.028869978588405728,0.4582967022040867,0.4723942428981604,646
HONAUT.NS,0.0004413737464069483,0.11122618409455097,0.019752078387450998,0.31355452373909426,0.3547267721358127,1602
HPAL.NS,-0.00021519504515203448,-0.05422915137831269,0.024836539683839528,0.394267844584957,-0.1375439364967725,1108
HPIL.NS,0.0011514626856316977,0.2901685967791878,0.028904004603674968,0.4588368484511401,0.6324003788246028,1573
HPL.NS,0.002076773445295646,0.5233469082145028,0.035018525669448373,0.5559018612089524,0.9414375894988903,1602
HRHNEXT.NS,-0.00028849396646975987,-0.07270047955037949,0.03834921923341223,0.608774982390623,-0.1194209382009902,608
HSCL.NS,0.001954342385742096,0.4924942812070081,0.030477032156268524,0.4838078867088308,1.0179542226094487,1602
HTMEDIA.NS,0.0007937069439812437,0.2000141498832734,0.031264825761160873,0.49631372248678424,0.4029994352787603,1602
HUBTOWN.NS,0.0022221633025579376,0.5599851522446002,0.034839990151761265,0.5530676977289988,1.0125074281937019,1602
HUDCO.NS,0.0015336253437615206,0.3864735866279032,0.02884538695274623,0.45790632209036264,0.844001421215663,1602
HUHTAMAKI.NS,0.00013466380781041031,0.0339352795682234,0.024223419865918916,0.38453486921233815,0.0882502011787246,1602
HYBRIDFIN.NS,0.0015169491746107905,0.3822711920019192,0.03702285635743687,0.5877196244822678,0.6504312193738101,874
IBLFL.NS,0.0003419139184023357,0.08616230743738859,0.02832036677702162,0.44957188518081015,0.19165412757680694,599
IBULLSLTD.NS,0.00017564667179183964,0.04426296129154359,0.03818841577602832,0.6062223066414398,0.0730144054526249,1602
ICDSLTD.NS,0.001214723202652749,0.30611024706849277,0.032251678833395366,0.5119795293449394,0.5978954812122089,1226
ICEMAKE.NS,0.002259662449982734,0.569434937395649,0.03314689291829871,0.5261906123778385,1.0821837638311158,1602
ICICIBANK.NS,0.0007768722954571145,0.19577181845519284,0.0181779237235476,0.2885655931440491,0.6784309117458278,1602
ICICIGI.NS,0.00037768634256403016,0.0951769583261356,0.017611730618062243,0.27957755623712743,0.34043132648820346,1602
ICICIPRULI.NS,0.0002632738806529503,0.06634501792454348,0.02019777308356353,0.3206297076985399,0.20692099431697672,1602
ICIL.NS,0.001915634468971674,0.48273988618086183,0.03644510612457503,0.5785481238658952,0.8343988447411486,1602
ICRA.NS,0.0005229592918123275,0.13178574153670652,0.018761272971078356,0.29782597536282734,0.4424924366525054,1602
IDBI.NS,0.0010379112291904078,0.2615536297559828,0.030654617158671838,0.4866269612264347,0.5374828166051367,1602
IDEA.NS,0.001695110166053832,0.42716776184556565,0.04080544093793167,0.6477662931606086,0.6594473444447235,1602
IDEAFORGE.NS,6.326724066995203e-05,0.01594334464882791,0.032569550170378936,0.5170255803843842,0.030836665058186837,729
IDFCFIRSTB.NS,0.0006797973634148209,0.17130893558053487,0.02360458129351603,0.3747111114267045,0.457176022691934,1602
IEML.NS,-0.0032165106305311456,-0.8105606788938488,0.04180269534827996,0.6635972161424722,-1.2214648572603775,517
IEX.NS,0.0010230328316076138,0.2578042735651187,0.024480529744537346,0.3886163620029924,0.6633901677128397,1602
IFBAGRO.NS,0.00099654036842614,0.2511281728433873,0.03221164742832293,0.5113440504902145,0.491113903843481,1602
IFBIND.NS,0.0009751319002976753,0.2457332388750142,0.030832645810606206,0.4894530784620092,0.502056784783483,1602
IFCI.NS,0.00230248348883125,0.580225839185475,0.03850261938094232,0.6112101342392944,0.9493066405183511,1602
IFGLEXPOR.NS,0.0012888341869115667,0.3247862151017148,0.03341856127025768,0.5305032137680596,0.6122228983210534,1602
IGARASHI.NS,0.0005662263386509728,0.14268903734004515,0.03186663371076622,0.5058671275168489,0.2820682143164019,1602
IGL.NS,0.00012810173290460838,0.03228163669196131,0.021122923497317408,0.3353160152192675,0.09627227816974959,1602
IGPL.NS,0.0010474272183075696,0.26395165901350753,0.0286595452296528,0.45495617619521295,0.580169415922493,1602
IIFL.NS,0.001410648432227969,0.3554834049214482,0.030813909063038204,0.48915564181535043,0.726728620776367,1602
IIFLCAPS.NS,0.0019902545632778396,0.5015441499460156,0.033792678732070154,0.5364421443585548,0.934945464707535,1602
IITL.NS,0.0009689177306523038,0.24416726812438055,0.032332307180707696,0.5132594646786028,0.4757189782701334,1602
IKIO.NS,-0.0008757222572528208,-0.22068200882771086,0.02687348021381427,0.42660327305140466,-0.5173003180430807,743
IL&FSENGG.NS,0.0022014137757329307,0.5547562714846985,0.030114560487969424,0.47805382735907415,1.16044729638366,1602
IL&FSTRANS.NS,0.0005835814509721932,0.1470625256449927,0.030381083613204355,0.48228475080719024,0.3049288317718052,1602
IMAGICAA.NS,0.0021197717761989193,0.5341824876021276,0.03516294726283857,0.5581944829293013,0.9569827433600505,1602
IMFA.NS,0.002198776059772584,0.5540915670626911,0.03049674925465954,0.4841208859423414,1.1445314241796278,1602
IMPAL.NS,0.0005797579975629509,0.14609901538586365,0.020032458436816822,0.3180054190383302,0.45942303696483194,1602
IMPEXFERRO.NS,0.001958267609631663,0.49348343762717906,0.039193673389349426,0.6221802765318516,0.7931518504217899,1602
INCREDIBLE.NS,0.00037928890509681773,0.09558080408439806,0.035555033195913736,0.5644186541582029,0.16934380779273,1602
INDBANK.NS,0.001677487746986929,0.42272691224070613,0.03813934002204244,0.6054432531987419,0.6982106250376241,1602
INDGN.NS,0.00012209597661238188,0.030768186106320233,0.022699093768769423,0.3603369425921987,0.08538726527726932,523
INDHOTEL.NS,0.0013339710606926987,0.33616070729456005,0.023353084946747288,0.37071873069155636,0.9067810160750979,1602
INDIACEM.NS,0.0014062793022426073,0.35438238416513707,0.0276228492719819,0.43849913806011415,0.8081712218019332,1602
INDIAGLYCO.NS,0.0018432998184586573,0.46451155425158164,0.030173623601908697,0.4789914252259165,0.9697700831126457,1602
INDIAMART.NS,0.0008530545192750907,0.21496973885732285,0.02508343050971862,0.3981871149425135,0.5398711580317161,1602
INDIANB.NS,0.001716920319429565,0.4326639204962504,0.026994896523511464,0.4285306972148005,1.0096451043258123,1602
INDIANCARD.NS,0.0008762848900201242,0.2208237922850713,0.028467800737750612,0.45191232675017523,0.4886429938149185,1602
INDIANHUME.NS,0.000642916140328588,0.16201486736280418,0.02988205436774777,0.47436290712463225,0.34154202390077903,1602
INDIASHLTR.NS,0.0007811164119340413,0.19684133580737842,0.020586568877806112,0.3268016495926621,0.6023266285611742,617
INDIFRA.NS,-0.0022137703374676336,-0.5578701250418436,0.03244216719951248,0.5150034384113208,-1.0832357289938834,611
INDIGO.NS,0.001072522991339484,0.27027579381754996,0.022473640377896016,0.35675798096527506,0.7575886405856108,1602
INDIGOPNTS.NS,-0.0006544616622702531,-0.16492433889210378,0.019159274750053794,0.3041440577340092,-0.5422573109626203,1330
INDIGRID.NS,0.000394861845718393,0.09950518512103503,0.007936949318724828,0.12599516439521655,0.7897540004702972,1602
INDNIPPON.NS,0.0008810391323391915,0.22202186134947627,0.026638241151509846,0.4228689687063715,0.5250370156710225,1602
INDOAMIN.NS,0.0008280100758071155,0.2086585391033931,0.035343435826760014,0.5610596500570652,0.3719008114060074,1024
INDOBORAX.NS,0.0013051720339847365,0.3289033525641536,0.029068316478201708,0.4614452185958557,0.712767928476933,1045
INDOCO.NS,0.0005552475670773432,0.1399223869034905,0.02809874079813952,0.4460536818356504,0.3136895683220596,1602
INDORAMA.NS,0.0009872580570884362,0.24878903038628591,0.032753705287948284,0.5199489522468743,0.4784874155649027,1602
INDOSTAR.NS,0.0005903854539943073,0.14877713440656545,0.029309322761888554,0.46527107474209134,0.31976441795578087,1602
INDOTECH.NS,0.0025861316880272543,0.651705185382868,0.035974828459843865,0.571082697377734,1.1411748042364651,1602
INDOTHAI.NS,0.003390264942887884,0.8543467656077468,0.033363461157746105,0.5296285265985559,1.6131056442420795,1602
INDOWIND.NS,0.001369666488156614,0.3451559550154667,0.035346623320028706,0.5611102499440331,0.6151303688533467,1602
INDRAMEDCO.NS,0.001850207919327207,0.4662523956704562,0.030278317975749213,0.48065339688701425,0.9700386987591741,1602
INDSWFTLAB.NS,0.001900186749286366,0.4788470608201642,0.03355616072932673,0.532687537463462,0.8989267199685692,1602
INDTERRAIN.NS,0.0001849173080939159,0.046599161639666806,0.03339627187264183,0.5301493805502698,0.08789817238171455,1602
INDUSINDBK.NS,0.0002976895258230166,0.07501776050740018,0.02597066724829242,0.41227156152835137,0.18196200637584192,1602
INDUSTOWER.NS,0.0008026144546861506,0.20225884258090995,0.025808070715576344,0.4096904215907027,0.4936870181040618,1602
INFINIUM.NS,0.0016547758642920286,0.41700351780159123,0.0281462317272623,0.4468075769635921,0.9332955377244433,786
INFOBEAN.NS,0.0020652417799711382,0.5204409285527268,0.03448283020891388,0.5473979594067094,0.9507542357607623,1602
INFOLLION.NS,0.0005566552560102782,0.1402771245145901,0.03331368107746778,0.5288382923225882,0.26525523312336446,749
INFOMEDIA.NS,0.0006747664150569885,0.1700411365943611,0.030552826698779362,0.4850110877701484,0.3505922666142125,1602
INFY.NS,0.0003772257253192752,0.09506088278045735,0.01762425986848986,0.2797764519216006,0.33977442392862806,1602
INGERRAND.NS,0.0014565687291171485,0.3670553197375214,0.0218256603735937,0.3464716172897161,1.059409491053905,1602
INM.NS,0.0005763757771556721,0.14524669584322938,0.033888906824578034,0.5379697179700386,0.2699904678488217,573
INNOVACAP.NS,0.001293882896171237,0.32605848983515173,0.02556620542448827,0.40585092912471893,0.8033947108076059,611
INNOVANA.NS,0.001692468151793848,0.4265019742520497,0.03458131449291546,0.548961348947808,0.7769253246508598,1602
INOXGREEN.NS,0.0019312596603134335,0.48667743439898525,0.03361983990221661,0.5336984129944274,0.9118959744856255,883
INOXINDIA.NS,0.0014339414836570144,0.36135325388156764,0.023336859836950438,0.3704611650584533,0.9754146668100865,616
INOXWIND.NS,0.002067773151065538,0.5210788340685155,0.03505589710851433,0.5564951144123831,0.9363583265573419,1602
INSECTICID.NS,0.0008760966355854801,0.220776352167541,0.025355704961494304,0.402509337869043,0.5484999511722406,1602
INSPIRE.NS,-0.0018169574119282455,-0.45787326780591786,0.03810158355265403,0.6048438878284287,-0.7570106551788437,668
INSPIRISYS.NS,0.0013248659916745844,0.33386622990199527,0.03405167118477912,0.5405535220864183,0.6176376922184221,1602
INTELLECT.NS,0.0015718908268268661,0.3961164883603703,0.03049696061584896,0.48412424119720543,0.8182124641823385,1602
INTENTECH.NS,0.001647673052650836,0.4152136092680107,0.03799885744433536,0.6032131614138405,0.6883364552172779,1602
INTLCONV.NS,0.0005746744661963869,0.1448179654814895,0.028218612942728327,0.4479565931378862,0.3232857104905092,1177
INVENTURE.NS,0.0004752254365294187,0.11975681000541351,0.03538503829140053,0.5617200687092622,0.2131966021448983,1602
IOB.NS,0.001213706884594926,0.30585413491792135,0.03101426122497754,0.4923361337861042,0.6212303219872948,1602
IOC.NS,0.0005066655719636399,0.12767972413483725,0.0185373336351292,0.29427104861270886,0.43388476282924104,1602
IOLCP.NS,0.0013167117816251682,0.3318113689695424,0.03149662586326754,0.49999343503110594,0.6636314513787556,1602
IONEXCHANG.NS,0.0009849717940060144,0.24821289208951564,0.026204953485721966,0.41599074024741306,0.5966788874720853,1068
IPCALAB.NS,0.0008367878413909872,0.21087053603052877,0.019727248750872593,0.3131603654779108,0.6733627855770362,1602
IPL.NS,-0.00021908518461912255,-0.05520946652401888,0.025761676766954993,0.40895394048836026,-0.1350016739246709,1227
IPSL.NS,0.002520087215525581,0.6350619783124465,0.04438544621291103,0.7045971150599774,0.9013122034403848,890
IRB.NS,0.001612834717114337,0.4064343487128129,0.030965693923107697,0.4915651517705221,0.8268168466558612,1602
IRBINVIT.NS,2.2411881340490283e-05,0.005647794097803551,0.007350004553491501,0.11667770510238511,0.04840508384054684,1602
IRCON.NS,0.0012292057800568584,0.3097598565743283,0.030128681979921444,0.4782779990941516,0.6476565034582542,1602
IRCTC.NS,0.0009453076390443264,0.23821752503917026,0.023007224921765747,0.3652283730043179,0.6522426586949585,1602
IREDA.NS,0.0017008617944372503,0.42861717219818707,0.03242910709847739,0.5147961157347035,0.8325959716818684,632
IRFC.NS,0.0013226392457677003,0.3333050899334605,0.02494936052965194,0.39605881998929865,0.8415545194586659,1332
IRIS.NS,0.000984653665491326,0.24813272370381415,0.03274830321786302,0.519863197042811,0.47730388516688993,1142
IRISDOREME.NS,0.001957959916753169,0.4934058990217986,0.02935741436732864,0.46603450531095725,1.0587325474807452,1602
IRMENERGY.NS,-0.0003542675875804465,-0.08927543207027251,0.0305593526601329,0.4851146841949909,-0.18402953977453387,654
ISFT.NS,0.0006363814224882825,0.16036811846704718,0.032978689967149206,0.5235204733066661,0.3063263552122961,1602
ISGEC.NS,0.000785251867152242,0.197883470522365,0.027248915817373175,0.43256312849342243,0.45746726312891,1269
ISHAN.NS,-0.0006550103899259604,-0.16506261826134203,0.040287042912506996,0.6395369796280849,-0.2580970663452991,923
IT.NS,0.000241625054304113,0.06088951368463647,0.013154571724264165,0.20882235231579063,0.2915852302657552,1308
ITALIANE.NS,-0.000112905647502376,-0.02845222317059875,0.03857599532747321,0.6123749412797026,-0.04646209577279744,582
ITC.NS,0.00027463389692853495,0.06920774202599081,0.015607892659511902,0.24776761480115408,0.27932521399753346,1602
ITDC.NS,0.0009515823431307692,0.23979875046895385,0.03262840456692209,0.51795986496528,0.46296782181188517,1602
ITI.NS,0.0013599987769473073,0.3427196917907214,0.034143710196361365,0.5420145960997951,0.6323071265180842,1602
IVC.NS,0.001142264699180459,0.2878507041934757,0.031894889450962235,0.5063156734868611,0.568520232074043,1602
IVP.NS,0.0012725804554750081,0.320690274779702,0.03514319357073347,0.5578809027885886,0.5748364447980199,1602
IZMO.NS,0.00307368753400832,0.7745692585700966,0.03742121148986669,0.5940433161656408,1.3038935671723284,1602
J&KBANK.NS,0.0015850765367181924,0.3994392872529845,0.030921780577118353,0.49086804901417486,0.8137406540417338,1602
JAGRAN.NS,0.0003100196562077451,0.07812495336435177,0.023186407951555483,0.36807281542023823,0.21225407063858953,1602
JAGSNPHARM.NS,0.0025461932042135866,0.6416406874618238,0.03603722002804972,0.572073132818014,1.121606051137417,1602
JAIBALAJI.NS,0.002121639887993759,0.5346532517744272,0.0326858165644968,0.5188712521724048,1.0304160223484082,1602
JAICORPLTD.NS,0.0008257679034105432,0.2080935116594569,0.03506259960495235,0.5566015132448129,0.37386443749737,1602
JAINAM.NS,0.0016491897956915028,0.4155958285142587,0.03289826300099242,0.5222437347997404,0.7957890173131958,1151
JAIPURKURT.NS,0.0013810494551934618,0.34802446270875237,0.03354133582773568,0.5324521994465364,0.6536257396823798,1602
JAKHARIA.NS,0.00013390157795136427,0.0337431976437438,0.017324592628787765,0.275019381967651,0.12269388943544647,1602
JALAN.NS,0.00012062792245518458,0.030398236458706516,0.03158319202439996,0.5013676302369655,0.060630632345249624,1602
JAMNAAUTO.NS,0.0010210562174218917,0.2573061667903167,0.026456376026679995,0.4199819493516384,0.6126600611943964,1602
JASH.NS,0.0022695426791088176,0.5719247551354221,0.028985112763242664,0.4601244005682257,1.242978538910629,1602
JAYAGROGN.NS,0.0007953427974600228,0.20042638495992574,0.030011946882671833,0.4764248868745791,0.42068831935870055,1602
JAYBARMARU.NS,0.0013046670764964906,0.32877610327711565,0.0320058814009048,0.5080776160693301,0.647098185156522,1602
JAYNECOIND.NS,0.002709102146064436,0.6826937408082379,0.03443497801759642,0.5466383294192165,1.248894751916821,1602
JAYSREETEA.NS,0.0007537045244186102,0.18993354015348976,0.027417630296873472,0.4352413878254234,0.43638667062993713,1602
JBCHEPHARM.NS,0.0016565169222664644,0.417442264411149,0.02031955802739075,0.32256298374733267,1.2941418744381916,1602
JBMA.NS,0.0021348818132883836,0.5379902169486727,0.03320316422258601,0.5270838916403991,1.0206918205645228,1602
JETFREIGHT.NS,0.0012473911784156363,0.31434257696074036,0.032058262499575156,0.5089091402322227,0.6176791731767703,1602
JETKNIT.NS,0.0009415569647638418,0.23727235512048814,0.018569820519468323,0.29478676191370473,0.8048948792006704,1602
JFLLIFE.NS,-0.00041935992218442594,-0.10567870039047533,0.03469541666315112,0.5507726647467859,-0.1918735390382172,934
JGCHEM.NS,0.0020783169854141294,0.5237358803243606,0.03378519649204733,0.5363233674804542,0.9765300415396271,561
JHS.NS,0.00017749648484656437,0.04472911418133422,0.03466055359179347,0.5502192306462725,0.08129325855949568,1602
JINDALPHOT.NS,0.0034405895821282844,0.8670285746963277,0.03827938818968039,0.6076664489375838,1.4268165968553976,1602
JINDALPOLY.NS,0.0011904824291749958,0.30000157215209894,0.03026137897471411,0.4803844985818338,0.6245030242186166,1602
JINDALSAW.NS,0.0016518656493386646,0.41627014363334347,0.031305350912446,0.4969570393196466,0.8376380867916338,1602
JINDALSTEL.NS,0.0015735939333084272,0.39654567119372364,0.02664306334117935,0.4229455185942132,0.9375809738137494,1602
JINDRILL.NS,0.0018611436472630181,0.4690081991102806,0.03397943188843295,0.5394067588083087,0.869488918059616,1602
JINDWORLD.NS,0.0012296316068664227,0.3098671649303385,0.034915697286744714,0.5542695112388352,0.5590550420818953,1602
JIOFIN.NS,0.00019190508036017267,0.048360080250763514,0.020961006583717013,0.33274566390061683,0.1453364701551979,699
JISLDVREQS.NS,0.0012362297253142903,0.3115298907792012,0.03272082608420738,0.5194270110684488,0.5997568169171482,1602
JISLJALEQS.NS,0.001484117191443248,0.3739975322436985,0.03434144078754477,0.5451534719249616,0.6860408151177986,1602
JITFINFRA.NS,0.0029906309584020667,0.7536390015173208,0.03491951169629494,0.5543300631132458,1.359549213846909,1602
JIWANRAM.NS,-0.0016174578901146787,-0.407599388308899,0.034491620992332106,0.5475375087672337,-0.744422768819251,679
JKCEMENT.NS,0.0011747994009595098,0.2960494490417965,0.020591642705576882,0.3268821941115219,0.9056762784111566,1602
JKIL.NS,0.0012058403357387486,0.30387176460616466,0.026741620436062024,0.4245100639722165,0.7158175751189083,1602
JKLAKSHMI.NS,0.0007542438287236008,0.19006944483834742,0.023159276486061316,0.36764211675782443,0.5169958396348566,1602
JKPAPER.NS,0.0010435147705054352,0.2629657221673697,0.02765844773845545,0.4390642461961798,0.5989231062323236,1602
JKTYRE.NS,0.0014900125215573964,0.3754831554324639,0.028147853883444856,0.44683332789467256,0.8403203879209581,1602
JLHL.NS,0.0004865875606401107,0.1226200652813079,0.0181702682127251,0.28844406567727615,0.4251086427914263,679
JMA.NS,0.001315489309904606,0.33150330609596074,0.02982740128311158,0.4734953163026527,0.7001195042108246,1602
JMFINANCIL.NS,0.0006294042864194836,0.15860988017770986,0.02824379952978965,0.4483564178123186,0.353758469548893,1602
JNKINDIA.NS,-0.00014316407600268807,-0.036077347152677394,0.03333359250004018,0.5291543763568447,-0.06817924742693235,531
JOCIL.NS,0.0006730200174351363,0.16960104439365437,0.030189861101197354,0.47924918753610474,0.3538890598137473,1602
JPOLYINVST.NS,0.003287774188363101,0.8285190954675015,0.03323921511059522,0.5276561817456916,1.5701874139452672,1602
JPPOWER.NS,0.0022301093110313154,0.5619875463798915,0.037990948319232255,0.6030876079451751,0.9318505951310809,1602
JSFB.NS,0.0008094965556743085,0.20399313202992575,0.029661186396834616,0.4708567367829383,0.43323821471405466,580
JSL.NS,0.0023337296212554166,0.588099864556365,0.029459919832559404,0.46766172912511067,1.2575325880451387,1602
JSLL.NS,0.003876237755887837,0.9768119144837349,0.036700120251801985,0.5825963476345994,1.6766530007434666,1022
JSWDULUX.NS,0.00047050245108572105,0.1185666176736017,0.017868092765763538,0.28364717916745563,0.4180073922173716,1602
JSWENERGY.NS,0.00173376823994694,0.4369095964666289,0.02816679240957628,0.4471339676767236,0.9771335394999853,1602
JSWHL.NS,0.0014740675707944437,0.3714650278401998,0.027580745345091303,0.43783075894148354,0.8484214967862649,1602
JSWINFRA.NS,0.0012844882176426852,0.3236910308459567,0.023797901090831,0.37777996806990943,0.8568242315750755,670
JSWSTEEL.NS,0.0012445265740939314,0.3136206966716707,0.020907467259528956,0.33189575347763245,0.944937358750529,1602
JTEKTINDIA.NS,0.0007469305807329084,0.18822650634469293,0.029801089870478078,0.4730776355758264,0.3978765686430835,1602
JTLIND.NS,0.0008871131227757045,0.22355250693947754,0.030814606254446805,0.4891667093858506,0.4570067885857318,1110
JUBLFOOD.NS,0.0003841753556412425,0.0968121896215931,0.02195919219981239,0.3485913693154378,0.27772400048719637,1602
JUBLINGREA.NS,0.001054438086834865,0.265718397882386,0.0281321497304615,0.4465840321946033,0.5950020124467787,1298
JUBLPHARMA.NS,0.0009180833867894342,0.23135701347093743,0.026994296520279678,0.4285211724587777,0.539896341978746,1602
JUNIPER.NS,-0.0008813085395953925,-0.2220897519780389,0.025630644717564086,0.4068738711895554,-0.5458442227531765,570
JUSTDIAL.NS,0.00045130055655482693,0.11372774025181638,0.02921931388763375,0.4638422281596888,0.24518625805812336,1602
JWL.NS,0.0025271556876224088,0.636843233280847,0.035555584824092774,0.5644274109840703,1.1282996199113025,1602
JYOTHYLAB.NS,0.0004149639329384018,0.10457091110047725,0.021269702981371312,0.3376460672935055,0.3097056984513222,1602
JYOTICNC.NS,0.0014396520373326385,0.3627923134078249,0.032431786677706444,0.5148386527362537,0.704671864631111,599
JYOTISTRUC.NS,0.0017054210609380523,0.42976610735638915,0.035139539683860216,0.5578228991326762,0.770434681015436,1602
K2INFRA.NS,-0.0008283441500708253,-0.20874272581784797,0.04163417835511655,0.6609220918088796,-0.31583560060239385,545
KABRAEXTRU.NS,0.0014614529687062016,0.3682861481139628,0.03537260990804237,0.5615227742398766,0.6558703671681085,1602
KAJARIACER.NS,0.0007390381783380728,0.18623762094119437,0.02003623671222192,0.3180653973009698,0.5855324801803787,1602
KAKATCEM.NS,0.00020121684837184735,0.05070664578970553,0.02797283646996877,0.44405501258769164,0.11419000878791347,1602
KALAMANDIR.NS,-0.0008016574073043252,-0.20201766664068996,0.028336791026819654,0.44983261206342856,-0.4490951994654503,673
KALYANIFRG.NS,0.0011689629030858949,0.2945786515776455,0.026903399903573433,0.42707823340184636,0.6897533719553219,1602
KALYANKJIL.NS,0.0016483162425218086,0.41537569311549577,0.028055992202184063,0.44537506891287854,0.932642444781185,1293
KAMATHOTEL.NS,0.0016751999885907204,0.4221503971248615,0.035320072698535945,0.5606887718942888,0.7529139484969979,1602
KAMDHENU.NS,0.0016412581711123962,0.41359705912032385,0.03273152540327698,0.5195968574931842,0.7959960749488352,1602
KAMOPAINTS.NS,-0.0007430358842494285,-0.187245042830856,0.033789472026159235,0.5363912394803466,-0.34908296230240105,839
KANANIIND.NS,0.0003092263717906769,0.07792504569125058,0.03420981340830522,0.5430639520577913,0.14349147166917464,1602
KANDARP.NS,0.0025844617630842717,0.6512843642972365,0.03905278602405825,0.6199437589432621,1.0505539492927496,920
KANORICHEM.NS,0.0011735597352685709,0.29573705328767985,0.031947695926883936,0.5071539503042763,0.5831307300480396,1602
KANPRPLA.NS,0.00108565226484439,0.2735843707407863,0.031644757308249304,0.5023449488197284,0.5446145549658246,1350
KANSAINER.NS,-8.532696057009199e-05,-0.02150239406366318,0.0184133154749543,0.29230232135343753,-0.07356217345145045,1602
KAPSTON.NS,0.0019216781353192487,0.48426289010045065,0.028824202495998232,0.45757002926507145,1.0583361215293146,1602
KARMAENG.NS,0.001309457673820901,0.32998333380286704,0.035182748036957076,0.5585088104738061,0.5908292360203388,1602
KARNIKA.NS,0.003493150933162261,0.8802740351568897,0.03490537308943067,0.5541056196873593,1.5886394288034167,663
KARURVYSYA.NS,0.0014532548908735838,0.36622023250014313,0.025713187934504993,0.4081842041362008,0.8971935434766227,1602
KAUSHALYA.NS,0.0027400513947195434,0.6904929514693249,0.04092894109996911,0.6497267974543721,1.0627435318578122,1602
KAVDEFENCE.NS,0.002710981802467276,0.6831674142217535,0.03016783125421668,0.47889947455691473,1.4265361532372336,1602
KAYA.NS,0.0002874520466711927,0.07243791576114056,0.03278461072621155,0.5204395608696987,0.13918602890235834,1602
KAYNES.NS,0.002408336100169997,0.6069006972428392,0.03060875236012413,0.48589888012109883,1.2490267462472513,884
KCEIL.NS,-0.0011078391570292188,-0.27917546757136313,0.03900458970332575,0.6191786660706633,-0.4508803078488212,606
KCK.NS,0.0016770781123707375,0.42262368431742586,0.03973145721651864,0.6307173301266653,0.6700682922927637,965
KCP.NS,0.0010427846117769658,0.2627817221677954,0.027951933167143513,0.4437231829425586,0.5922199521448338,1602
KCPSUGIND.NS,0.0008623569721823807,0.21731395698995995,0.032860097687701914,0.5216378792336872,0.4165992648179716,1602
KDDL.NS,0.00197152331871424,0.4968238763159885,0.03332279063272167,0.5289829020291253,0.9392059259575725,1602
KDL.NS,0.0018382285845778723,0.46323360331362384,0.04202815116986935,0.6671762163558158,0.6943197193746695,745
KEC.NS,0.0007115915908773282,0.1793210809010867,0.024877880737758123,0.3949241134705925,0.4540646539032862,1602
KECL.NS,0.002021506057014782,0.509419526367725,0.034514170801518584,0.5478954758905501,0.929775018747351,1602
KEEPLEARN.NS,0.0014047455136524294,0.3539958694404122,0.03193197380298297,0.5069043693247341,0.698348427952955,1294
KEI.NS,0.0019588451325846866,0.49362897341134104,0.025996799401108276,0.4126863965937923,1.196135800660327,1602
KEL.NS,0.0007753429524004729,0.19538642400491915,0.039926750478739864,0.6338175145540487,0.3082692092256116,674
KELLTONTEC.NS,0.0016520325893617895,0.41631221251917094,0.03560059414664245,0.5651419118289459,0.7366507487860466,1602
KENNAMET.NS,0.0014335723684049853,0.3612602368380563,0.024181918333879216,0.3838760528155068,0.9410856295630408,1026
KERNEX.NS,0.0034361856108532664,0.8659187739350231,0.033653870803761025,0.5342386368086945,1.6208464050964924,1602
KESORAMIND.NS,0.001473384753322367,0.3712929578372365,0.032168713028107004,0.5106624880162481,0.7270809322211714,1602
KEYFINSERV.NS,0.002386609732791524,0.601425652663464,0.043165232190354,0.6852268179602194,0.8777030275227488,1602
KFINTECH.NS,0.0014554241075725993,0.36676687510829503,0.02764511599297436,0.4388526112976676,0.8357404414748307,857
KHADIM.NS,0.00023691984907794046,0.059703801967640996,0.03340358299977429,0.5302654410954463,0.11259229310569852,1602
KHAICHEM.NS,0.0011924769195614758,0.3005041837294919,0.03448915089025627,0.5474982971124001,0.5488677961454903,1394
KHAITANLTD.NS,0.0015824134168934498,0.39876818105714934,0.030711775247369726,0.487534317755097,0.8179284340296686,1602
KHANDSE.NS,0.0008366848883402906,0.21084459186175325,0.0347979075282905,0.5523996567916738,0.3816884917820812,1602
KHFM.NS,0.0010586839497837787,0.2667883553455122,0.03227523761970985,0.5123535134836112,0.5207114781580316,1602
KICL.NS,0.0010056978328077467,0.25343585386755213,0.024416873813517,0.38760585542526765,0.6538493944821632,1602
KILITCH.NS,0.0011679705710671347,0.294328583908918,0.030616312006700026,0.48601888579013497,0.6055908371346918,1602
KIMS.NS,0.0013285910667398461,0.33480494881844125,0.01989998806910664,0.31590251714405165,1.0598362806516355,1232
KINGFA.NS,0.0018821136364786369,0.4742926363926165,0.03230818544904838,0.5128765440596261,0.9247695997917894,1602
KIOCL.NS,0.0014936106474486347,0.37638988315705596,0.03702848749889159,0.5878090160815873,0.6403268287140621,1602
KIRIINDUS.NS,0.0005110026448937328,0.12877266651322067,0.0310112830411769,0.49228885658393334,0.2615794869028595,1602
KIRLFER.NS,0.002448727794549951,0.6170794042265877,0.028046475206519154,0.4452239912903315,1.385997646798393,1027
KIRLOSBROS.NS,0.002177853065234789,0.5488189724391668,0.032954811010624516,0.5231414066234737,1.0490834131854032,1602
KIRLOSENG.NS,0.002007481527229763,0.5058853448619003,0.027737287180932917,0.44031578354597,1.1489148555790634,1602
KIRLOSIND.NS,0.0014628024901727054,0.36862622752352175,0.02747240232925125,0.4361108668842625,0.8452580651271637,1602
KIRLPNU.NS,0.0018652672438619904,0.4700473454532216,0.02762616499271739,0.4385517734950124,1.0718172262928207,779
KITEX.NS,0.001487729112641956,0.3749077363857729,0.033718839750794115,0.5352699868694422,0.7004086640060705,1602
KKCL.NS,0.0008733133264022276,0.22007495825336137,0.023263430472319477,0.36929551003199523,0.5959318547747694,1602
KLL.NS,-0.0009756729517407866,-0.2458695838386782,0.03818999509025423,0.6062473774775425,-0.40555983080980185,605
KMSUGAR.NS,0.0013299252308080964,0.3351411581636403,0.03404694160111029,0.5404784422732627,0.6200823787791242,1602
KNAGRI.NS,0.0005281701303835677,0.13309887285665906,0.033689735819636815,0.5348079762853428,0.24887226585724134,1036
KNRCON.NS,0.00034867260553488104,0.08786549659479002,0.023952209660682382,0.38022954067586623,0.23108540288218324,1602
KODYTECH.NS,0.004531600772283158,1.1419633946153558,0.04153653878165866,0.6593721116319516,1.7318951991903124,673
KOHINOOR.NS,0.0010524573422202171,0.2652192502394947,0.030063648456585768,0.47724562391638053,0.5557290354242503,1602
KOKUYOCMLN.NS,0.0004565342768193987,0.11504663775848847,0.0279615945038179,0.44387655190759595,0.2591861121387604,1602
KOLTEPATIL.NS,0.0007290855220924752,0.18372955156730375,0.02926562269295521,0.4645773576540473,0.39547676730324,1602
KONSTELEC.NS,-0.001627239339235243,-0.41006431348728123,0.03878520728682674,0.6156960781742026,-0.6660174199960703,591
KONTOR.NS,-0.00018621726796162755,-0.04692675152633014,0.03878239238761593,0.6156513930345375,-0.07622292754837898,665
KOPRAN.NS,0.001805797755191985,0.4550610343083802,0.03457223501949051,0.5488172167755011,0.8291668344189851,1602
KORE.NS,0.0020012536036667105,0.5043159081240111,0.04136916906843163,0.6567151998027342,0.7679370117754223,934
KOTAKBANK.NS,0.00026739868123502154,0.06738446767122543,0.017649480728863003,0.2801768206679911,0.24050693240992932,1602
KOTARISUG.NS,0.0011118757960659293,0.2801927006086142,0.03395185368603977,0.5389689684174773,0.5198679646275685,1602
KOTHARIPET.NS,0.0018477762644938482,0.46563961865244974,0.03526360888522566,0.5597924366457284,0.8318076275602407,1602
KOTHARIPRO.NS,0.0011698363820464874,0.29479876827571483,0.036279203843485486,0.5759145067996876,0.5118793932000234,1602
KOTYARK.NS,0.0026269417898790283,0.6619893310495152,0.04299276485895189,0.6824889839511817,0.9699633937195785,1135
KOVAI.NS,0.0010237575174627121,0.25798689440060346,0.017402574900376295,0.2762573121514219,0.9338644917358637,1027
KPIGREEN.NS,0.0033559101182560115,0.8456893498005149,0.034161491071989666,0.5422968587498278,1.559458322790411,1212
KPIL.NS,0.001052346997379705,0.2651914433396857,0.02342004577375411,0.371781700866616,0.7132988060507807,1602
KPITTECH.NS,0.0017630141087213468,0.4442795553977794,0.027917037308505876,0.4431692283601111,1.0025054244893694,1602
KPRMILL.NS,0.0017318603834516576,0.4364288166298177,0.026225633256926253,0.4163190214380706,1.0483038106745226,1602
KRBL.NS,0.0007494358331543344,0.18885782995489225,0.028868488920168578,0.45827305445393773,0.41210764656440185,1602
KREBSBIO.NS,0.0006045078910032227,0.15233598853281213,0.037522058742292835,0.5956442166675832,0.25574996662450217,1602
KRIDHANINF.NS,0.0006972332827773348,0.17570278725988836,0.03727421288547138,0.5917097856638194,0.2969408171317858,1602
KRISHANA.NS,0.0022846456826320282,0.5757307120232711,0.02709952887712132,0.43019168433525884,1.338312043183499,1602
KRISHCA.NS,0.0014314515103098402,0.36072578059807975,0.038265065718943385,0.6074390867632031,0.5938468374174625,758
KRISHIVAL.NS,0.0020100557506495214,0.5065340491636794,0.027179358925847243,0.4314589470717326,1.174002886257137,1033
KRISHNADEF.NS,0.0031979469508349842,0.8058826316104161,0.037717637439451335,0.5987489322341236,1.3459441649497568,1029
KRITI.NS,0.00027554790122224354,0.06943807110800537,0.030879600887627978,0.49019846720155813,0.1416529747724692,1602
KRITIKA.NS,0.000985171157681752,0.2482631317358015,0.027459094508300468,0.4358996117758948,0.5695419886343895,1602
KRITINUT.NS,0.0010398321123135127,0.2620376923030052,0.03392952520081922,0.5386145147031991,0.48650321361539955,914
KRSNAA.NS,-0.0002303057168981997,-0.05803704065834633,0.023409587375154545,0.37161567893577735,-0.15617489774530285,1198
KRYSTAL.NS,0.00016781676111372757,0.04228982380065935,0.029828402763901057,0.4735112143173233,0.08931113460877581,555
KSB.NS,0.0014809222301892136,0.37319240200768183,0.022708823900094325,0.36049140363845683,1.0352324583638701,1602
KSCL.NS,0.0006552506077982317,0.16512315316515438,0.02443419989106851,0.3878808983796527,0.42570581293109727,1602
KSHITIJPOL.NS,0.0007080358500587681,0.17842503421480957,0.03416934693246026,0.5424215666686655,0.32894162986664444,1602
KSL.NS,0.001139244235354416,0.28708954730931285,0.02690094048170047,0.42703919128997725,0.6722791564916748,1602
KSOLVES.NS,0.003062197813423028,0.771673848982603,0.03156337824867761,0.5010530962983982,1.540103942443335,1453
KTKBANK.NS,0.0011894881644932815,0.2997510174523069,0.024572083190744755,0.39006972790500677,0.7684549607635919,1602
KUANTUM.NS,0.0007939929922386266,0.20008623404413392,0.03127828552867082,0.4965273896720006,0.4029711919342621,1602
LAGNAM.NS,0.001839187445151915,0.46347523617828257,0.033144425194024274,0.5261514384694318,0.8808780177937486,1602
LAKPRE.NS,0.0008231934909257327,0.20744475971328466,0.030734072119664068,0.48788826962972937,0.42518907017526714,1602
LAL.NS,0.00048281592072869613,0.12166961202363143,0.0318426929218924,0.5054870792755439,0.24069776857206002,790
LALPATHLAB.NS,0.0007023236333596871,0.17698555560664114,0.021477779731677332,0.3409491833030508,0.5190965817604805,1602
LAMBODHARA.NS,0.0015697928029670017,0.39558778634768443,0.03904310685260613,0.6197901068599054,0.6382608918233368,1602
LANCORHOL.NS,-0.0005992984448050182,-0.15102320809086459,0.036261358480936215,0.5756312204515206,-0.2623610442331519,562
LANDMARK.NS,0.0002374327824137162,0.059833061168256485,0.026044858623995238,0.4134493131055639,0.1447167990649911,861
LANDSMILL.NS,0.002672227763580934,0.6734013964223953,0.04808246916280696,0.7632855349603156,0.8822404795833141,1602
LAOPALA.NS,0.00046682831675141315,0.11764073582135612,0.02501772706381135,0.3971441050736098,0.2962167493322145,1602
LASA.NS,7.456618712873947e-05,0.018790679156442346,0.037253059057967185,0.5913739790626998,0.0317746127183761,1602
LATENTVIEW.NS,-9.115447247147835e-05,-0.022970927062812545,0.026456053956984634,0.41997683665372587,-0.054695699995836324,1132
LATTEYS.NS,0.00170369491885847,0.42933111955233444,0.029742839630282587,0.4721529416796241,0.9093051883252988,1602
LAURUSLABS.NS,0.002125611370220406,0.5356540652955423,0.02373778780581631,0.37682569925406934,1.4214902708490302,1602
LAXMICOT.NS,0.0012869215085114163,0.3243042201448769,0.04083258696020245,0.6481972229046873,0.5003172008229407,1602
LCCINFOTEC.NS,0.00042730650332120266,0.10768123883694307,0.030514875099298146,0.48440862480564184,0.22229422294069964,1602
LEMERITE.NS,0.00115332480023387,0.2906378496589352,0.029120893137969638,0.4622798471949301,0.6287054290220477,1009
LEMONTREE.NS,0.0007862344682094882,0.19813108598879103,0.027515047778061807,0.4367878423968713,0.4536094340482272,1602
LEXUS.NS,0.000977025713820687,0.24621047988281314,0.03655359638482519,0.5802703533556628,0.42430304849971257,1602
LFIC.NS,0.0014576394009873093,0.36732512904880193,0.039230581843876185,0.6227661800835729,0.5898283188716322,1602
LGBBROSLTD.NS,0.001353030509341251,0.34096368835399526,0.02699066033016411,0.4284634497301844,0.7957824373787538,1602
LGHL.NS,0.002713290649289411,0.6837492436209316,0.02547638904851797,0.404425138357848,1.6906694929926163,1520
LIBAS.NS,-9.151750670680854e-05,-0.02306241169011575,0.03073427925946342,0.4878915578721036,-0.04726954446742314,1602
LIBERTSHOE.NS,0.0008877788632253797,0.2237202735327957,0.031544598654339395,0.5007549794803486,0.4467659488178395,1602
LICHSGFIN.NS,0.0004620393234381553,0.11643390950641513,0.023517660499249953,0.373331286594375,0.31187825314228423,1602
LICI.NS,0.000172896277873624,0.04356986202415325,0.018133720139379562,0.2878638829994511,0.15135577818991738,1013
LICNFNHGP.NS,0.0005940450276439149,0.14969934696626655,0.01566168939929456,0.24862161157001988,0.6021171933563241,1602
LIKHITHA.NS,0.0013358969752198455,0.33664603775540103,0.02979987690932749,0.4730583804144998,0.7116374039509192,1405
LINC.NS,0.0010154755447789102,0.2558998372842854,0.030003682936666737,0.47629370079871386,0.5372731926858529,1602
LINCOLN.NS,0.001051382880924577,0.2649484859929934,0.026931976764703908,0.42753187700865874,0.6197163305032982,1602
LINDEINDIA.NS,0.001811082177893798,0.4563927088292371,0.024637068876965346,0.39110134369211813,1.1669423186347259,1602
LLOYDS.NS,0.0015030616502894744,0.37877153587294754,0.040811598423786614,0.6478640402182502,0.5846466424426772,912
LLOYDSENGG.NS,0.0042569773639104195,1.0727582957054258,0.043480378740503874,0.6902296143496385,1.5542049680325887,1602
LLOYDSME.NS,0.0018988707422976422,0.47851542705900585,0.025271704506816817,0.4011758719904851,1.1927821697870082,723
LMW.NS,0.0012590116874408297,0.3172709452350891,0.021176481975377415,0.33616622970054283,0.9437918422612358,1602
LODHA.NS,0.001477331208663403,0.3722874645831776,0.02855970476956476,0.4533712580261617,0.8211536527569085,1280
LOKESHMACH.NS,0.0020177930894481363,0.5084838585409304,0.03797769212811852,0.6028771724350618,0.8434286149650178,1602
LORDSCHLO.NS,0.0002177728384010364,0.054878755277061174,0.03244716704354344,0.515082808474721,0.10654355838349532,694
LOTUSEYE.NS,0.001652759530166411,0.41649540160193554,0.033087905111180455,0.5252542099697187,0.7929406251231129,1602
LOVABLE.NS,0.0005206801213981027,0.13121139059232187,0.03226610323893141,0.5122085096840893,0.2561679240222855,1602
LOYALTEX.NS,-0.0011014356102798187,-0.2775617737905143,0.030802982001408238,0.488982180089549,-0.5676316747160058,952
LPDC.NS,0.0016207550850309365,0.40843028142779597,0.0379011136985585,0.6016615275526157,0.6788372909419216,1602
LRRPL.NS,0.0023588865248176374,0.5944394042540446,0.037374962709159736,0.5933091395324973,1.0019050182210878,820
LT.NS,0.0009076430786828298,0.2287260558280731,0.017485355825194948,0.2775714185936425,0.8240259641534716,1602
LTF.NS,0.0010014866294533913,0.2523746306222546,0.025347694658475136,0.40238217825075306,0.627201313237541,1602
LTFOODS.NS,0.002263397923758986,0.5703762767872644,0.03001843449881276,0.47652787458804235,1.196942103922785,1602
LTM.NS,0.0007175379605523697,0.18081956605919716,0.021359159073688037,0.33906613873468366,0.533287006287251,1602
LTTS.NS,0.0007921873349617272,0.19963120841035525,0.022751493303326372,0.361168759415718,0.5527366451442515,1602
LUMAXIND.NS,0.0012299256187775847,0.3099412559319513,0.026183999882887853,0.41565811211439374,0.7456639168073111,1602
LUMAXTECH.NS,0.0022961844010831365,0.5786384690729504,0.03048043311768995,0.4838618752976685,1.1958753078385769,1602
LUPIN.NS,0.0008693031204751956,0.21906438635974929,0.018674830500170755,0.2964537436784147,0.7389496372742205,1602
LUXIND.NS,0.00035989175790511317,0.09069272299208851,0.025658664358825693,0.4073186692051762,0.22265790853402895,1602
LXCHEM.NS,0.00028218674062639346,0.07111105863785115,0.0263813235880013,0.41879052882344187,0.169801019229427,1294
LYKALABS.NS,0.0012971752418466725,0.32688816094536144,0.032891383586349514,0.5221345274778755,0.6260611848911155,1602
LYPSAGEMS.NS,0.0007993117228450623,0.20142655415695568,0.03708866192830471,0.5887642555346614,0.3421174982405117,1602
M&M.NS,0.0013038688020570992,0.328574938118389,0.02073579741749397,0.32917057921982656,0.9981904789217515,1602
M&MFIN.NS,0.0007400983585030464,0.18650478634276768,0.025995257518704098,0.41266191996943813,0.45195540784713134,1602
MAANALU.NS,0.0025960418305970823,0.6542025413104647,0.03879618351679956,0.6158703204232494,1.0622407341546707,1602
MACPOWER.NS,0.0024700566694041567,0.6224542806898474,0.03417735792686319,0.5425487372623324,1.1472780930810262,1602
MADHAV.NS,0.0006686365316736479,0.16849640598175927,0.033266977604201164,0.5280968976688296,0.3190634270444505,1602
MADHAVBAUG.NS,0.0006167123893486529,0.1554115221158605,0.03258898008155907,0.5173340206622564,0.30040847094670686,1057
MADHUCON.NS,0.0008468844252299539,0.21341487515794838,0.0328071186085482,0.5207968624249076,0.4097852551650503,1602
MADHUSUDAN.NS,0.0011070214566337357,0.2789694070717014,0.0353340137429724,0.560910079113861,0.49735138921451344,674
MADRASFERT.NS,0.0014005313896538897,0.3529339101927802,0.03472404523165135,0.5512271291826463,0.6402694851323933,1602
MAFANG.NS,0.0012256103553850187,0.30885380955702474,0.016521492791979245,0.2622705672907396,1.1776152114493479,1263
MAGADSUGAR.NS,0.0014311999917070446,0.36066239791017524,0.033080629803889594,0.5251387180468996,0.6867945278374329,1602
MAGNUM.NS,0.0016686955937925295,0.42051128963571743,0.03587171792817246,0.5694458684316088,0.7384570034618161,1602
MAGSON.NS,0.0013374686897966244,0.3370421098287493,0.03272665469365701,0.519519537375007,0.6487573336158498,730
MAHABANK.NS,0.00161398967285055,0.4067253975583386,0.02856990357367864,0.4535331590222952,0.8967930777876032,1602
MAHAPEXLTD.NS,0.0004141541199073175,0.10436683821664401,0.03280224057829764,0.5207194260953226,0.20042816339549943,1602
MAHASTEEL.NS,0.0017911408816456463,0.4513675021747029,0.029590273786174404,0.46973103398718674,0.9609062836308474,1602
MAHEPC.NS,0.00026952942893619257,0.06792141609192053,0.02854775562204838,0.45318157118991625,0.14987682732459676,1570
MAHESHWARI.NS,0.0001953649144166867,0.04923195843300505,0.030246963841370687,0.4801556654341786,0.10253332820406746,1602
MAHICKRA.NS,0.0010339203070491019,0.26054791737637367,0.026770073502069214,0.4249617423923705,0.6131091140336292,1602
MAHKTECH.NS,0.00040884397778348573,0.1030286824014384,0.02267171166787479,0.35990226521614865,0.28626850219895633,1119
MAHLIFE.NS,0.000878953681059323,0.2214963276269494,0.023667444908576217,0.375709040378487,0.5895421824394094,1602
MAHLOG.NS,0.00024130492078862356,0.06080884003873314,0.025241529781805806,0.4006968630809317,0.15175771422610596,1602
MAHSCOOTER.NS,0.0009196122616860468,0.2317422899448838,0.022489689712432308,0.3570127562526217,0.6491148730296441,1602
MAHSEAMLES.NS,0.0010705314932724934,0.26977393630466834,0.024215796280530732,0.3844138485461233,0.7017799627275912,1602
MAITHANALL.NS,0.0009464471878669236,0.23850469134246474,0.028035361353737066,0.4450475643469164,0.5359083173333566,1602
MAITREYA.NS,0.00046215081319072183,0.1164620049240619,0.034258423728781774,0.543835616972584,0.214149278365365,646
MAKEINDIA.NS,0.0007672652920385836,0.19335085359372306,0.0103358394099351,0.16407636401873313,1.1784199067919836,693
MAKS.NS,0.000628986262714612,0.15850453820408222,0.0309077558343531,0.4906454131248238,0.32305313361557403,920
MAL.NS,-0.0005186848411498323,-0.13070857996975774,0.03349093708354532,0.5316521441854305,-0.24585357437055494,669
MALLCOM.NS,0.000527444438335822,0.13291599846062715,0.028031215323422058,0.44498174815606656,0.29869988827948535,1082
MALUPAPER.NS,0.0006215734832663753,0.15663651778312657,0.0343604296974735,0.5454549115249993,0.28716675654307977,1602
MANAKALUCO.NS,0.0021819603066068876,0.5498539972649357,0.04052104280724817,0.6432516127978876,0.8548039154900684,1602
MANAKCOAT.NS,0.0027001983745139303,0.6804499903775104,0.03518680816580215,0.5585732630210957,1.2181929129533215,1602
MANAKSIA.NS,0.0008303290401559379,0.20924291811929635,0.030211818028349567,0.4795977429489042,0.4362883712352851,1602
MANAKSTEEL.NS,0.0017861067123814925,0.4500988915201361,0.03624775314247314,0.5754152423990636,0.7822157954029001,1602
MANALIPETC.NS,0.0012615730505560216,0.31791640874011745,0.031190095229655747,0.49512741207654676,0.6420900983986876,1602
MANAPPURAM.NS,0.0008125562068118669,0.20476416411659046,0.02653614194349101,0.4212481940255245,0.4860891204299935,1602
MANAV.NS,0.0015746641769955891,0.39681537260288846,0.02267029675062543,0.35987980410114334,1.1026330682656604,1602
MANDEEP.NS,-0.0019367800698979578,-0.48806857761428535,0.027485450036983442,0.4363179928232955,-1.1186074964640487,518
MANGALAM.NS,0.0005764392771509779,0.14526269784204643,0.03156605441954028,0.5010955791938095,0.289890200340129,1602
MANGLMCEM.NS,0.0010429812001154547,0.2628312624290946,0.02495218865393605,0.39610371507049386,0.6635415231647575,1602
MANINDS.NS,0.0022360593452744257,0.5634869550091552,0.034726411672544824,0.5512646952672251,1.022171308714057,1602
MANINFRA.NS,0.001558384509759295,0.3927128964593423,0.029948334474674376,0.4754150712034237,0.8260421687206163,1602
MANKIND.NS,0.000866209836551753,0.21828487881104175,0.019350092048546583,0.3071731884399758,0.7106247778969043,771
MANOMAY.NS,0.0010261280392841992,0.2585842658996182,0.02989827191471775,0.4746203527015807,0.544823382368105,843
MANORAMA.NS,0.0025747625457280287,0.6488401615234632,0.02949349138303279,0.46819466096718726,1.385834174578373,980
MANORG.NS,5.0587288965013486e-05,0.0127479968191834,0.032344241455565186,0.5134489154187076,0.024828169728993692,1145
MANUGRAPH.NS,0.0007430355585621585,0.18724496075766395,0.037418959057230784,0.5940075599060435,0.31522319478102473,1602
MANYAVAR.NS,-0.0005825978468231409,-0.1468146573994315,0.020251025336396687,0.3214750610050427,-0.45669065880394544,1072
MAPMYINDIA.NS,-0.00010679986515489542,-0.026913566019033646,0.024953805131941363,0.39612937586330504,-0.0679413536559351,1112
MARALOVER.NS,0.001403517601107233,0.35368643547902273,0.033335163933602925,0.529179322091298,0.6683678305517804,1602
MARATHON.NS,0.001638549640125006,0.4129145093115015,0.033823053966853936,0.5369243362620733,0.7690366806356819,1602
MARCO.NS,0.00046648645472888655,0.11755458659167942,0.0384298632421046,0.610055166340987,0.19269501034923278,672
MARICO.NS,0.0006512850852913524,0.1641238414934208,0.015158921784799653,0.2406404231187556,0.6820293920960485,1602
MARINE.NS,0.0018898531802276405,0.4762430014173654,0.03257918154276816,0.5171784736811411,0.9208484607404331,1602
MARINETRAN.NS,-0.0003278637670601178,-0.08262166929914969,0.03825001159933336,0.6072001100230322,-0.13606991819552816,625
MARKSANS.NS,0.002209991941716272,0.5569179693125005,0.03181022883438401,0.5049717278630168,1.1028696035505083,1602
MARUTI.NS,0.0005658423542155514,0.14259227326231896,0.017799039220962192,0.2825509881273047,0.5046603241680164,1602
MASFIN.NS,0.00045163491453847427,0.11381199846369551,0.024529466649969082,0.3893932112932251,0.2922803869274227,1602
MASKINVEST.NS,0.0013918786525337794,0.35075342043851243,0.03463617367866767,0.5498322115235751,0.6379281044058533,1602
MASTEK.NS,0.001259134262623324,0.31730183418107766,0.02859457695012109,0.4539248367307212,0.6990184464599114,1602
MASTER.NS,0.0016839466524733219,0.42435455642327713,0.027561969068143607,0.4375326947853759,0.9698807917233179,671
MATRIMONY.NS,0.00022573729307059763,0.0568857978537906,0.025709370216378022,0.40812359973976253,0.13938375014349447,1602
MAWANASUG.NS,0.0012524676918310525,0.3156218583414252,0.03191827278874115,0.5066868724663749,0.6229130366158652,1602
MAXESTATES.NS,0.0011131908401003177,0.28052409170528003,0.02829768121985934,0.4492117631251842,0.6244807343281991,652
MAXHEALTH.NS,0.001852711958655114,0.4668834135810887,0.023387548521161768,0.37126582297470284,1.2575448228449,1443
MAXIND.NS,0.0008815740203635876,0.22215665313162408,0.026252560650598424,0.41674648056074076,0.5330738554353425,1438
MAXPOSURE.NS,-0.0015294195582166604,-0.3854137286705984,0.03971232013998925,0.6304135384547599,-0.6113665160416867,595
MAYURUNIQ.NS,0.0012095773983390398,0.304813504381438,0.026339339967916042,0.41812405951613907,0.729002547076994,1602
MAZDA.NS,0.0011011067968816133,0.2774789128141666,0.02972453948254072,0.4718624358403398,0.5880504395735685,1602
MAZDOCK.NS,0.002933638815534831,0.7392769815147775,0.031724719113999496,0.5036143031341203,1.46794278262962,1408
MBAPL.NS,0.0025051555687947615,0.6312992033362799,0.02775744535662269,0.4406357846645293,1.4327007140759322,1602
MBLINFRA.NS,0.0018465561769866034,0.46533215660062405,0.036606652280109966,0.5811125895827192,0.8007607560778647,1602
MCL.NS,0.00032957362741972457,0.0830525541097706,0.03514403287029025,0.5578942262560049,0.14886792191260226,1602
MCLEODRUSS.NS,0.0023114235160853033,0.5824787260534965,0.03722320618625652,0.5909000794158946,0.9857482615830367,1602
MCON.NS,0.0008390550486874731,0.21144187226924321,0.03878925893548849,0.6157603961027555,0.3433833575648777,802
MCX.NS,0.0018918025230465548,0.47673423580773183,0.025395134939293188,0.4031352693617829,1.1825664287881978,1602
MDL.NS,0.0013172325884480505,0.3319426122889087,0.03255265538100094,0.5167573839175023,0.6423567860268866,1602
MEDANTA.NS,0.0014451384374011692,0.36417488622509464,0.020536922632486236,0.3260135398807951,1.1170544829464844,886
MEDIASSIST.NS,-1.742648489936299e-05,-0.004391474194639474,0.025366582731194767,0.40268201710972173,-0.010905563218739159,595
MEDICAMEQ.NS,-0.00029057447772733907,-0.07322476838728945,0.03183397463709065,0.5053486807948772,-0.14489949448786954,1149
MEDICO.NS,0.0013586218196725995,0.3423726985574951,0.030881319447034185,0.4902257484863708,0.6983980331808575,1006
MEDPLUS.NS,-5.574593917381483e-05,-0.014047976671801337,0.021008038617580403,0.33349227429215345,-0.04212384440274833,1110
MEGAFLEX.NS,0.0013986832400523733,0.35246817649319806,0.03266193496117338,0.5184921434725852,0.679794633208043,927
MEGASTAR.NS,0.0014580222617066691,0.3674216099500806,0.030969502629732183,0.49162561311379327,0.7473605934055271,1072
MEGATHERM.NS,0.0005768145419370854,0.14535726456814552,0.036314023654387385,0.5764672541617559,0.2521518152483965,587
MENONBE.NS,0.0011747259810140826,0.29603094721554885,0.029351439099997493,0.46593965088270517,0.635341823033797,1602
MEP.NS,-0.001832187324236121,-0.46171120570750246,0.034124156180918686,0.5417041857278309,-0.8523308807133357,1602
METROBRAND.NS,0.0008995441846583932,0.2266851345339151,0.021885694366107405,0.34742462737612556,0.6524728435226999,1111
METROPOLIS.NS,0.0006070602738905437,0.15297918902041702,0.02317701560540287,0.36792371654735473,0.4157905080324643,1602
MFSL.NS,0.001078231274783658,0.27171428124548186,0.021950014196113636,0.3484456730235242,0.7797895117702838,1602
MGEL.NS,0.0015849082201829698,0.3993968714861084,0.032956593289357884,0.5231696994212467,0.7634174378369749,1602
MGL.NS,0.00035581735412468636,0.08966597323942097,0.0220042114668218,0.34930602802371763,0.25669746882619704,1602
MHHL.NS,0.0011189164071122952,0.2819669345922984,0.03859550339924587,0.6126846223185157,0.4602154588526828,1602
MHLXMIRU.NS,0.0016724444206478056,0.421455994003247,0.03749404900083473,0.595199575806471,0.708091892424808,1086
MHRIL.NS,0.0005651611405524529,0.14242060741921814,0.02358873017202362,0.3744594826738822,0.3803364956930538,1602
MICEL.NS,0.0020249150210447857,0.510278585303286,0.038945678790293446,0.6182434843183159,0.8253683188686193,1602
MICROPRO.NS,-0.001576079187015215,-0.39717195512783415,0.03741382170273502,0.5939260069316882,-0.6687229562141667,643
MIDHANI.NS,0.0010756843208356538,0.27107244885058474,0.027892281355836226,0.4427762397947168,0.612210919394097,1602
MILTON.NS,0.0010940846297361779,0.27570932669351683,0.02445272226923248,0.3881749320175209,0.7102708185212544,1602
MINDACORP.NS,0.0015582836132348038,0.39268747053517056,0.02751025591264811,0.4367117738916669,0.8991913981063921,1602
MINDPOOL.NS,0.001146679487733201,0.2889632309087667,0.01961375758039603,0.31135874899941507,0.9280716595804075,1602
MINDSPACE.NS,0.00034094066749234555,0.08591704820807108,0.010040309906084335,0.15938497858510456,0.5390536107654283,1453
MINDTECK.NS,0.0021513515158718107,0.5421405819996963,0.03869380130696175,0.6142450532278009,0.882612858094335,1602
MIRCELECTR.NS,0.0017093849734909625,0.43076501331972256,0.037600237270732986,0.5968852623322889,0.7216881375769563,1602
MIRZAINT.NS,0.0014113262067670495,0.35565420410529647,0.03485864672519472,0.5533638616507279,0.6427131020886546,1602
MITCON.NS,0.0009951680674664437,0.25078235300154383,0.031355887562399355,0.49775928376687195,0.5038225527482055,1602
MITTAL.NS,-0.0007526586614045403,-0.18966998267394417,0.03503764784671927,0.5562054163624617,-0.3410070759727053,1602
MKPL.NS,0.0016713899314658468,0.4211902627293934,0.02620989152382229,0.41606912917208116,1.0123083718503765,1602
MMFL.NS,0.000994140200961353,0.25052333064226096,0.026825989595739466,0.42584938286119656,0.5882909327214354,1602
MMP.NS,0.0011217895198844992,0.2826909590108938,0.0321762841832134,0.5107826763775423,0.5534466458724303,1602
MMTC.NS,0.0014557524797332072,0.36684962489276823,0.03500787024640466,0.5557327116120252,0.6601188255207077,1602
MNC.NS,0.000631683913873452,0.15918434629610992,0.010550904133199257,0.16749041065997247,0.9504087169460408,953
MODIRUBBER.NS,0.0013465150210573388,0.33932178530644935,0.030195104442735966,0.4793324230026056,0.7079049299041572,1602
MODISONLTD.NS,0.0018215722552066714,0.4590362083120812,0.032833002769784965,0.5212077607460754,0.8807163724020539,1271
MODTHREAD.NS,0.0015510585505219179,0.3908667547315233,0.03436375611179264,0.5455077167152753,0.716519203587241,578
MOHITIND.NS,0.0016111217301079076,0.4060026759871927,0.03365943358765344,0.5343269432653537,0.7598394224817642,1602
MOIL.NS,0.0007837128081968775,0.19749562766561313,0.026624885847755207,0.4226569598318604,0.46727167995572577,1602
MOKSH.NS,0.0010535981937586395,0.2655067448271772,0.03397165600491872,0.539283320484294,0.4923325731430809,1602
MOL.NS,-9.200305138881629e-05,-0.023184768949981706,0.028137038884111665,0.44666164510268286,-0.051906782693758646,1196
MOLDTECH.NS,0.0012021721022370745,0.30294736976374276,0.034592335539724454,0.5491363026420732,0.5516797347146136,1602
MOLDTKPAC.NS,0.0008866042262059295,0.22342426500389423,0.022823120889498262,0.36230581209585405,0.6166731461232634,1602
MONARCH.NS,0.0019069215325224905,0.4805442261956676,0.030904449126243613,0.4905929207609279,0.9795172450721987,1100
MONOPHARMA.NS,-0.0008893786947414246,-0.22412343107483898,0.032344308697208786,0.513449982846708,-0.43650489543740373,686
MONTECARLO.NS,0.0007829147143021459,0.19729450800414075,0.027424383803360902,0.4353485964172838,0.4531874218219208,1602
MOREALTY.NS,8.423006673160287e-05,0.02122597681636392,0.01709763077896316,0.2714164742972405,0.07820445266383644,558
MOREPENLAB.NS,0.0013538679875507115,0.3411747328627793,0.03573188830136032,0.5672261419208255,0.6014792119901996,1602
MOS.NS,0.0011386689579607851,0.28694457740611784,0.03762063804818082,0.597209114634365,0.48047588419978593,785
MOTHERSON.NS,0.001265573669036093,0.31892456459709545,0.02619420501964059,0.41582011363805266,0.7669772436133304,1602
MOTILALOFS.NS,0.0012908224473379651,0.3252872567291672,0.027365437059957247,0.43441284587542456,0.7487975086778372,1602
MOTISONS.NS,0.001146572719691116,0.28893632536216124,0.03574198409642077,0.56738640769893,0.5092408303081493,614
MOTOGENFIN.NS,0.0009455840158664933,0.2382871719983563,0.03583552483594983,0.5688713209044118,0.41887710496552877,1602
MOXSH.NS,0.0019139982312070798,0.4823275542641841,0.0346495971839043,0.5500453030630484,0.8768869610889083,856
MPHASIS.NS,0.0007967799836923895,0.20078855589048217,0.02177646828809047,0.345690717141431,0.5808329409329622,1602
MPSLTD.NS,0.0014089958123046393,0.3550669447007691,0.03041793749663096,0.48286978806955283,0.7353264865053538,1602
MPTODAY.NS,0.0008866182699137723,0.22342780401827061,0.026001361262825852,0.4127588139035134,0.5413035324558791,1602
MRF.NS,0.0005308516604447866,0.1337746184320862,0.016120932154013896,0.2559118642923935,0.5227370712255892,1602
MRPL.NS,0.0013820152044023274,0.3482678315093865,0.03190456429761207,0.50646925691611,0.6876386409512563,1602
MSPL.NS,0.0016360067393805843,0.41227369832390726,0.03138750823143386,0.4982612463262006,0.827424772373328,1602
MSTCLTD.NS,0.0016648245530019186,0.4195357873564835,0.034630901249826346,0.5497485143104586,0.7631412844884193,1602
MSUMI.NS,0.0004093340699101987,0.10315218561737007,0.01830611945385473,0.290600637273247,0.35496200760350627,1046
MTARTECH.NS,0.0019668172351078273,0.4956379432471725,0.028289179998699305,0.4490768104230053,1.103681890811305,1302
MTEDUCARE.NS,-0.000637525000525212,-0.16065630013235344,0.03305157655366005,0.5246775119975865,-0.30620008759417244,1602
MTNL.NS,0.0014603604088359121,0.36801082302664984,0.03804646068055045,0.6039688393616025,0.6093208772420093,1602
MUFIN.NS,0.0004336909052848827,0.10929010813179044,0.03125472453038703,0.49615337041940466,0.22027484775404454,647
MUFTI.NS,-0.0014832254010438818,-0.3737728010630582,0.028666166439170093,0.45506128463778023,-0.8213680523505179,613
MUKANDLTD.NS,0.0014659230804660614,0.3694126162774475,0.030843898464515757,0.4896317088050141,0.7544703695335192,1602
MUKKA.NS,-0.0006413099652342084,-0.1616101112390205,0.02675918851971349,0.4247889486543391,-0.3804480124800198,564
MUKTAARTS.NS,0.0008921380467266856,0.22481878777512476,0.03207060884599658,0.5091051324056106,0.44159599553203627,1602
MUNJALAU.NS,0.0009229880111478593,0.23259297880926055,0.030025667376190692,0.476642692956875,0.4879818410020287,1602
MUNJALSHOW.NS,0.0003221983971641561,0.08119399608536734,0.024305950835722873,0.38584500774171165,0.2104316356471285,1602
MURUDCERA.NS,0.001056522056141719,0.26624355814771317,0.03440502721469869,0.5461628751630119,0.4874801460429695,1602
MUTHOOTCAP.NS,-0.00019269966414415417,-0.04856031536432685,0.027411765562110963,0.43514828804730166,-0.11159486707907772,1602
MUTHOOTFIN.NS,0.001177617814122119,0.296759689158774,0.02256307874529135,0.3581777710320491,0.8285262603083776,1602
MUTHOOTMF.NS,-0.00014674248726197372,-0.036979106790017376,0.0240589562994792,0.3819240910331567,-0.09682318465426952,614
MVGJL.NS,1.441983915916008e-05,0.00363379946810834,0.032048344285571774,0.5087516934660055,0.007142579601754483,670
MVKAGRO.NS,0.0030564478608012626,0.7702248609219182,0.03208820105904515,0.5093844001300373,1.5120699823655628,564
MWL.NS,0.0016565010058653623,0.4174382534780713,0.026707207449218808,0.42396377474186797,0.9846083046416648,964
NACLIND.NS,0.0018535171157025852,0.46708631315705146,0.03288482077906267,0.522030346141975,0.894749350510017,1602
NAGAFERT.NS,0.000546473849614499,0.13771141010285376,0.03199546756780003,0.5079123015937891,0.27113225978328565,1602
NAGREEKCAP.NS,0.0014024592960266869,0.3534197425987251,0.035651017862268,0.5659423634992963,0.6244800979617151,1602
NAGREEKEXP.NS,0.001518433606446226,0.38264526882444894,0.039228240421099805,0.6227290111492907,0.6144651396893327,1602
NAHARCAP.NS,0.0012680409532204436,0.31954632021155177,0.032608168694563205,0.5176386304503356,0.6173154425000171,1602
NAHARINDUS.NS,0.0013899720539232116,0.3502729575886493,0.030790837142700915,0.48878938643446346,0.7166132639330819,1602
NAHARPOLY.NS,0.0018770599609382109,0.47301911015642917,0.03664154524578569,0.5816664982408201,0.8132136053683996,1602
NAHARSPING.NS,0.0015801489224931268,0.39819752846826795,0.030857375995940666,0.48984565798363827,0.8129040688190983,1602
NAM-INDIA.NS,0.0011056038305821438,0.27861216530670024,0.024389453650317035,0.38717057382885217,0.7196109005687505,1602
NAMAN.NS,-0.001031618525069543,-0.25996786831752483,0.03822439363836793,0.6067934375001657,-0.42842893850092745,549
NARMADA.NS,0.0012164424552065238,0.306543498712044,0.027158918681729823,0.4311344682556997,0.7110159852267656,1602
NATCOPHARM.NS,0.0005239295921321259,0.13203025721729572,0.02186033317625933,0.34702203096838136,0.3804664990544233,1602
NATHBIOGEN.NS,-4.1830133681967234e-05,-0.010541193687855744,0.027419090370013787,0.43526456576797484,-0.024217899909350547,1602
NATIONALUM.NS,0.0017908616939433157,0.4512971468737156,0.027946213003163762,0.443632378154465,1.0172772978183793,1602
NAUKRI.NS,0.0006869368171531561,0.17310807792259533,0.023598472621224206,0.37461413926035475,0.4620970213894841,1602
NAVA.NS,0.002327597562062719,0.5865545856398052,0.03272056450912035,0.5194228586926721,1.1292429199517633,1602
NAVINFLUOR.NS,0.0015357633000045382,0.3870123516011436,0.023395928490713196,0.3713988508672671,1.0420397120169242,1602
NAVKARCORP.NS,0.0015715828227937114,0.3960388713440153,0.03690723502450356,0.5858841927230957,0.6759678384618814,1602
NAVNETEDUL.NS,0.0005529870307060861,0.1393527317379337,0.02408432144715486,0.38232675026946605,0.36448595773044157,1602
NAZARA.NS,0.0006998225562409924,0.17635528417273008,0.027642954861304716,0.4388183043959775,0.4018868000856955,1292
NBCC.NS,0.0014447397000741894,0.3640744044186957,0.030628986157282868,0.4862200816932621,0.7487852067952564,1602
NBIFIN.NS,0.0005019251692382546,0.12648514264804014,0.02634502022955274,0.418214230874174,0.30244102976518533,1602
NCC.NS,0.001167045169703853,0.29409538276537095,0.03029064077935096,0.4808490153297261,0.6116168971744798,1602
NCLIND.NS,0.0007769907362845215,0.1958016655436994,0.02410269110201924,0.38261835950011347,0.5117414276709358,1602
NDGL.NS,0.0015185447024413563,0.3826732650152218,0.033628007857553405,0.5338280752656737,0.7168473947811275,1602
NDL.NS,0.0012302028357898413,0.31001111461904,0.03543054227223798,0.5624424220110182,0.5511872904440464,1602
NDLVENTURE.NS,0.0011665549171891209,0.2939718391316585,0.03160989425959477,0.5017915150796156,0.5858445794664665,1602
NDRAUTO.NS,0.002941472799355214,0.7412511454375139,0.035910268132582995,0.5700578339547747,1.300308672709725,1459
NDTV.NS,0.001447252954397836,0.36470774450825466,0.035472245119208504,0.5631044341833026,0.6476733663751162,1602
NECCLTD.NS,0.001498877217895306,0.3777170589096171,0.03879720050522001,0.6158864646139298,0.6132900796032108,1602
NECLIFE.NS,0.0006926605596839357,0.1745504610403518,0.0377456104557421,0.5991929901012779,0.2913092508155821,1602
NELCAST.NS,0.0011614048715941014,0.2926740276417135,0.03338353811880498,0.5299472384748181,0.552270125010984,1602
NELCO.NS,0.001327372418379685,0.3344978494316806,0.031388659209521996,0.4982795175369148,0.6713056380185234,1602
NEOGEN.NS,0.0014584016507007795,0.3675172159765964,0.029128003681616874,0.4623927235759924,0.7948161751645653,1602
NESCO.NS,0.0006017126145039129,0.15163157885498607,0.021077981784433507,0.3346025876445631,0.45316917577475263,1602
NESTLEIND.NS,0.0005002563113617776,0.12606459046316798,0.01381358921059574,0.2192839305866482,0.5748920594678716,1602
NETWEB.NS,0.0029766450870139507,0.7501145619275156,0.03418450713710259,0.5426622274565162,1.38228629887018,715
NETWORK18.NS,0.0007769781145215438,0.19579848485942905,0.03246897629295166,0.5154290195760118,0.3798747789181359,1602
NEULANDLAB.NS,0.0029597133720743363,0.7458477697627327,0.03475132498332872,0.5516601818152417,1.3520058078299495,1602
NEWGEN.NS,0.0015177822647106471,0.38248113070708306,0.030645768330939186,0.4864864904409844,0.7862112067292478,1602
NEWJAISA.NS,-0.0010442390980524888,-0.2631482527092272,0.041325479955824015,0.6560216566409691,-0.40112738664242653,668
NEXTMEDIA.NS,0.00017395980573956627,0.0438378710463707,0.035152203503493074,0.5580239310370566,0.07855912373668356,1602
NFL.NS,0.0011780069032447335,0.2968577396176728,0.03133813173278866,0.49747741871004275,0.5967260592197811,1602
NGIL.NS,0.0001569457945013313,0.03955034021433549,0.03430502818528294,0.5445754397839205,0.072626007941211,1195
NGLFINE.NS,0.0011017912508892581,0.27765139522409304,0.030942903200649203,0.4912033602675741,0.5652473449547403,975
NH.NS,0.0013393864978168265,0.3375253974498403,0.02118637784404236,0.3363233217455092,1.0035741669596159,1602
NHPC.NS,0.0010009198727630657,0.2522318079362926,0.022035330178715784,0.3498000222604706,0.7210743049881053,1602
NIACL.NS,0.0007968360425778697,0.20080268272962318,0.03054104874221369,0.48482411850599666,0.4141763478030013,1602
NIBL.NS,0.0015947374786045019,0.4018738446083345,0.035527638929717234,0.5639837836639726,0.7125627655418104,1602
NIDAN.NS,-0.0008170961449406856,-0.20590822852505275,0.034929223434032576,0.5544842321703582,-0.3713509178053418,1128
NIITLTD.NS,0.00138896846066348,0.35002005208719694,0.034250108293165556,0.5437036135244819,0.6437699573454025,1602
NIITMTS.NS,-0.000427836944706209,-0.10781491006596466,0.025323227984738007,0.40199378184604867,-0.26820044223284645,707
NILAINFRA.NS,0.0010821851212055684,0.2727106505438032,0.03619678139279355,0.5746060909578116,0.47460452444773343,1602
NILASPACES.NS,0.0022285973067982276,0.5616065213131534,0.036614716975695794,0.5812406126562364,0.9662203725693627,1602
NILKAMAL.NS,0.00018068829377256628,0.0455334500306867,0.019304745103749334,0.30645332800807523,0.1485820053795822,1602
NINSYS.NS,0.002371187429567895,0.5975392322511095,0.030514826866976257,0.48440785914126855,1.2335457011585114,820
NIPPOBATRY.NS,0.0006736226046617798,0.1697528963747685,0.030764418840687816,0.4883700088913399,0.347590747351846,1602
NIRAJ.NS,0.00047556029596049757,0.11984119458204538,0.03246208610147874,0.515319641177274,0.23255700929283823,1414
NIRAJISPAT.NS,0.0009969604392499195,0.2512340306909797,0.03068213743186886,0.4870638320197859,0.5158133578696393,563
NIRMAN.NS,-0.00010727865863827472,-0.02703422197684523,0.041373103326122644,0.6567776542073986,-0.04116190891036056,796
NITCO.NS,0.0014012810134144786,0.3531228153804486,0.03274886247229423,0.5198720749316785,0.679249439252639,1602
NITINSPIN.NS,0.0019366261232582685,0.4880297830610837,0.028435402305812357,0.45139801758751275,1.081151808484558,1602
NITIRAJ.NS,0.001113939267308033,0.2807126953616243,0.029612927679380847,0.4700906533930967,0.5971458767270751,1602
NKIND.NS,0.0012700141593879946,0.3200435681657747,0.034696054591122356,0.5507827915393835,0.5810703839734799,1602
NLCINDIA.NS,0.0015037634758579808,0.37894839591621116,0.027121098501624915,0.43053409150911615,0.880182088688759,1602
NMDC.NS,0.0009198156989775004,0.2317935561423301,0.02449579034647659,0.3888586165485227,0.5960869742316905,1602
NOCIL.NS,0.000645834169989957,0.16275021083746916,0.02655924960093048,0.42161501671532114,0.3860161625774345,1602
NOIDATOLL.NS,0.0008404633229404525,0.21179675738099404,0.035822547116432915,0.5686653059938528,0.3724453648721161,1602
NORBTEAEXP.NS,0.0023304995342328166,0.5872858826266698,0.031194659493222386,0.4951998675144397,1.185957269282882,1602
NOVAAGRI.NS,-0.0009120513250962612,-0.22983693392425783,0.03189060554527128,0.5062476685922712,-0.4540009726135985,590
NOVARTIND.NS,0.0008472849637988148,0.21351581087730132,0.022899031946840988,0.36351086277278694,0.5873711977921269,835
NPBET.NS,0.00046328997345391673,0.11674907331038702,0.015955697801298564,0.2532888502604165,0.46093254081398605,1602
NPST.NS,0.0042109465025030835,1.061158518630777,0.0382908166912744,0.6078478707760389,1.7457633227800846,1177
NRAIL.NS,0.0009910128571667433,0.24973524000601932,0.030025539291511073,0.4766406596756208,0.5239486706316188,1602
NRBBEARING.NS,0.001359430109186754,0.34257638751506203,0.02839525422715136,0.4507606865969884,0.7599961525068607,1602
NRL.NS,0.00124248795768755,0.31310696533726257,0.03489002794672474,0.5538620230987631,0.5653158228568963,1100
NSIL.NS,0.001755520605934314,0.44239119269544713,0.029079304755832175,0.46161965209553857,0.9583456655001511,1602
NSLNISP.NS,0.0008356764646607605,0.21059046909451165,0.027067734603580838,0.42968696588983435,0.4901020645539061,821
NTPC.NS,0.0008597715490123401,0.2166624303511097,0.017465556896258023,0.2772571203404872,0.7814494721904208,1602
NUCLEUS.NS,0.0011082585669858896,0.2792811588804442,0.030638618548182072,0.48637299115836363,0.5742118990104652,1602
NURECA.NS,-0.00020003723462092766,-0.050409383124473774,0.03349555638609531,0.5317254733400976,-0.09480340072447754,1313
NUVAMA.NS,0.002202303939127313,0.5549805926600828,0.02900154552456359,0.4603852625670812,1.2054699352571445,674
NUVOCO.NS,-0.000248384864490386,-0.06259298585157727,0.019848885916372492,0.3150912956184841,-0.19865031729523092,1194
NXST.NS,0.0005625849285022735,0.14177140198257293,0.010875620392812839,0.1726451214775522,0.8211723607898556,763
NYKAA.NS,0.0001166307380292507,0.029390945983371174,0.023951315026431646,0.38021533879741537,0.07730078980067431,1140
OAL.NS,0.0010044639481179396,0.25312491492572076,0.03220351451421762,0.5112149444812731,0.4951438091907997,1533
OBCL.NS,-0.0005120092579167133,-0.12902633299501173,0.03077092468484132,0.4884732859655322,-0.26414204563914706,1038
OBEROIRLTY.NS,0.0009943840839643297,0.25058478915901106,0.023583315769965023,0.37437353170581117,0.6693442990406829,1602
OFSS.NS,0.0009853457728211076,0.24830713475091912,0.02099002875156104,0.33320637653235646,0.7452052308693046,1602
OIL.NS,0.0012549508192897336,0.31624760646101285,0.02648422498031882,0.4204240377852486,0.7522110489375757,1602
OILCOUNTUB.NS,0.001968710998835866,0.4961151717066382,0.03450252716685961,0.5477106389205628,0.9057979459453083,1602
OLECTRA.NS,0.0018786232182610347,0.47341305100178077,0.03275707555634082,0.5200024535989834,0.9104054177537947,1602
OLIL.NS,0.0026053278459063243,0.6565426171683937,0.036718266627527606,0.5828844124188022,1.1263684586176035,664
OMAXAUTO.NS,0.0016225710398833446,0.4088879020506028,0.036024827726784746,0.5718764111341006,0.7149934742713523,1602
OMAXE.NS,0.00014374006139355002,0.03622249547117461,0.03059002617910905,0.4856016112132675,0.07459302983092109,1602
OMFURN.NS,0.0016909558238818478,0.42612086761822565,0.030024155697820167,0.47661869580669064,0.8940498376737069,1602
OMINFRAL.NS,0.001460029543393236,0.3679274449350955,0.034798106975883085,0.5524028229240513,0.666049175830662,1602
ONDOOR.NS,0.0005284373875408899,0.13316622166030426,0.036529935311771455,0.5798947454653441,0.22963860718110712,650
ONELIFECAP.NS,0.0016774970263841514,0.4227292506488062,0.036626566596484306,0.5814287195546574,0.7270525800180523,1602
ONEPOINT.NS,0.0025793711680473334,0.6500015343479281,0.03236097167601927,0.5137144994349124,1.2652972323400096,1602
ONGC.NS,0.0007498450203286978,0.18896094512283185,0.022604771955828742,0.3588396302306999,0.5265888413755968,1602
ONMOBILE.NS,0.001021055678742738,0.25730603104317,0.03566673358541081,0.5661918428699527,0.45445026148543444,1602
ONWARDTEC.NS,0.0015116495254017936,0.380935680401252,0.034801159115632585,0.5524512741405141,0.6895371560033045,1602
OPTIEMUS.NS,0.002375914842501983,0.5987305403104997,0.03659281321664849,0.5808929012609366,1.0307072766956578,1602
ORBTEXP.NS,0.0012194352843774314,0.3072976916631127,0.03584314979383081,0.5689923633582743,0.5400734903530124,1602
ORCHPHARMA.NS,0.003046555568513257,0.7677320032653407,0.029123396428728,0.4623195857037656,1.6606088666926395,1602
ORIANA.NS,0.003265393789365474,0.8228792349200995,0.04032483453428198,0.6401369030252353,1.2854738276003754,704
ORICONENT.NS,0.0011917878470616842,0.3003305374595444,0.03223356477579417,0.511691977595057,0.5869361854588623,1602
ORIENTALTL.NS,0.00041735414984234317,0.10517324576027048,0.03628933970830045,0.5760754086654254,0.18256853908053777,1602
ORIENTBELL.NS,0.0011728999214973643,0.2955707802173358,0.032796736909764014,0.5206320580658915,0.5677152907474786,1602
ORIENTCEM.NS,0.000835345735468436,0.21050712533804586,0.027118415715199466,0.4304915035949015,0.4889925203637375,1602
ORIENTCER.NS,0.0011530845365685237,0.290577303215268,0.03311550483565795,0.5256923420130469,0.5527516381588383,1602
ORIENTELEC.NS,0.00022050313865660474,0.0555667909414644,0.02281982264855869,0.3622534541441136,0.15339202512989294,1602
ORIENTHOT.NS,0.0012430395545138745,0.31324596773749636,0.029840497276276596,0.47370320874916894,0.661270521186956,1602
ORIENTLTD.NS,0.0003925530188424821,0.09892336074830549,0.03419217442149409,0.5427839418229029,0.18225181904991167,1602
ORIENTPPR.NS,0.0001990081513144544,0.05015005413124251,0.03053316206922924,0.48469892145366533,0.10346640339292892,1602
ORISSAMINE.NS,0.0013026348729411406,0.3282639879811674,0.03255058933102319,0.5167245863908781,0.6352784377340446,1602
ORTEL.NS,0.0013770849071014668,0.34702539658956966,0.035837973172418075,0.5689101870409365,0.6099827433123448,1602
ORTINGLOBE.NS,0.0009214218432810227,0.23219830450681772,0.03666328887742505,0.5820116676923229,0.3989581608002539,1602
OSIAHYPER.NS,-0.0001527631675981747,-0.03849631823474002,0.03657858273443011,0.5806669993590184,-0.06629672131744183,1602
OSWALAGRO.NS,0.0020927534722239845,0.5273738750004441,0.038595318282275436,0.6126816836777124,0.8607632463154512,1602
OSWALGREEN.NS,0.0012277161333375218,0.3093844656010555,0.03667644435513426,0.5822205044267038,0.531387100331854,1602
OSWALSEEDS.NS,0.0011430596511120502,0.28805103208023664,0.029516194611252433,0.4685550635421524,0.6147645271457468,1602
OWAIS.NS,-0.0006666987434653851,-0.16800808335327705,0.04246705022132425,0.6741435228006867,-0.24921708459839245,567
PAGEIND.NS,0.00047654590869592725,0.12008956899137367,0.017612081567389002,0.27958312738497576,0.4295308165217521,1602
PAISALO.NS,0.001387551953188453,0.3496630922034901,0.03253500537584021,0.5164771987717365,0.6770155449941326,1602
PAKKA.NS,9.715545941171416e-05,0.024483175771751967,0.0351256632652194,0.5576026178158054,0.04390792831578773,727
PALASHSECU.NS,0.0013092507400020586,0.3299311864805188,0.0346037819766618,0.5493180091952773,0.6006196428255667,1602
PALREDTEC.NS,0.0014069971236935254,0.3545632751707684,0.03578317519787279,0.5680402961629553,0.6241868359794213,1602
PANACEABIO.NS,0.0015785418813806396,0.3977925541079212,0.03497508036697784,0.5552121884131264,0.71646941909699,1602
PANACHE.NS,0.002012216999225717,0.5070786838048807,0.03578244316002527,0.5680286754223863,0.8926990938051091,1602
PANAMAPET.NS,0.0017561983246877787,0.44256197782132023,0.03094331316270447,0.49120986821344537,0.9009631248471047,1602
PANSARI.NS,0.0020987438158565235,0.5288834415958439,0.029953260893408617,0.4754932756763735,1.1122837454294692,1602
PAR.NS,0.0015595537216776232,0.39300753786276105,0.032896751617407495,0.5222197423291325,0.7525711994531709,1602
PARACABLES.NS,0.002041653787617012,0.5144967544794871,0.03745390409240296,0.5945622951417755,0.8653370028397167,1602
PARADEEP.NS,0.0015212876922004344,0.3833644984345095,0.028276075050689246,0.448868775822731,0.8540680909066156,1005
PARAGMILK.NS,0.0008350852773058608,0.21044148988107694,0.031132386597284085,0.4942113159380044,0.425812770963495,1602
PARAGON.NS,-0.001740184924692656,-0.4385266010225493,0.03414508883788653,0.5420364813555312,-0.8090352146148482,648
PARAS.NS,0.0018794081936235338,0.4736108647931305,0.03206353501509825,0.5089928388213697,0.9304863028914707,1166
PARASPETRO.NS,0.0006302427560587032,0.1588211745267932,0.02504027889117328,0.3975021042344682,0.3995480095197481,1602
PARIN.NS,0.0019951993935656428,0.5027902471785419,0.024472832574653734,0.38849417321912605,1.294202801067362,1602
PARKHOTELS.NS,-0.0005685289174576976,-0.1432692871993398,0.025583678004557873,0.40612829773447995,-0.35276854136622343,582
PARSVNATH.NS,0.0008924366698356491,0.22489404079858358,0.03682051176305413,0.5845075036270179,0.3847581757343726,1602
PARTYCRUS.NS,0.001964178289776779,0.4949729290237483,0.036184207361508784,0.5744064843992693,0.8617119452288305,1297
PASHUPATI.NS,0.002362824810980611,0.595431852367114,0.030137217959986678,0.4784135035768445,1.2445966677683329,1602
PASUPTAC.NS,0.0010881396888903088,0.27421120160035783,0.03424032103491133,0.5435482456163347,0.5044836476096561,1159
PATANJALI.NS,0.0030042564912519396,0.7570726357954888,0.027532348760390655,0.43706248697694683,1.732183974497498,1602
PATELENG.NS,0.0011621837162575973,0.29287029649691454,0.03547861724187048,0.5632055884946257,0.5200060199681581,1602
PATINTLOG.NS,0.0009102071840322909,0.2293722103761373,0.03563349115814382,0.5656641356968051,0.4054918738901283,1602
PATTECH.NS,0.0014358865412673542,0.3618434083993733,0.032192342940072935,0.5110376012396334,0.708056329948409,782
PAVNAIND.NS,0.0010762711452463494,0.27122032860208006,0.03206042619772584,0.5089434878755361,0.5329085351582452,1295
PAYTM.NS,0.0004054275208359873,0.10216773525066879,0.0318634305507259,0.5058162789275915,0.20198585831851862,1134
PCBL.NS,0.0013975683340831833,0.3521872201889622,0.027972413133950567,0.44404829233674054,0.7931281940881416,1602
PCJEWELLER.NS,0.001451402038381438,0.3657533136721224,0.03554442440241232,0.5642502447823117,0.6482111741275901,1602
PDMJEPAPER.NS,0.0015792945970268153,0.3979822384507575,0.0321011040456118,0.5095892286917895,0.7809863632173939,1602
PDSL.NS,0.0013822414220829439,0.34832483836490186,0.025942015212149894,0.41181672455521884,0.8458248963567685,1602
PEARLPOLY.NS,0.000873000314124453,0.21999607915936215,0.03875922691360422,0.61528365253511,0.3575522903183398,1602
PENIND.NS,0.001796823804080534,0.4527995986282946,0.034620750253132444,0.5495873722335896,0.8238901064776329,1602
PENINLAND.NS,0.0015299984521988674,0.3855596099541146,0.03673522370318487,0.5831535976497144,0.6611630477939887,1602
PENTAGON.NS,-0.0002890375132622128,-0.07283745334207763,0.03717052967359107,0.5900638657012132,-0.12343994875117444,729
PERSISTENT.NS,0.0018929341795849576,0.4770194132554093,0.02282531874786448,0.3623407020157778,1.3164941465357043,1602
PETRONET.NS,0.00022202897250928625,0.055951301072340136,0.01852649908224546,0.29409905541772713,0.19024644942456218,1602
PFC.NS,0.0013039686934139152,0.32860011074030665,0.023646372767922558,0.37537453051591885,0.875392665263344,1602
PFIZER.NS,0.00015868694586543432,0.03998911035808945,0.015722029576978578,0.24957948219532408,0.16022595289621389,1602
PFOCUS.NS,0.0018034319470167507,0.4544648506482212,0.038436353797368525,0.6101582007115814,0.7448311767640149,1602
PFS.NS,0.0010620681370776986,0.26764117054358005,0.03176659348464511,0.5042790381603341,0.5307402257289232,1602
PGEL.NS,0.003551187722437289,0.8948993060541969,0.034986548523861544,0.5553942397597896,1.611286617666839,1602
PGHH.NS,-3.696597322887596e-05,-0.009315425253676742,0.013788033403296308,0.21887824472264147,-0.042559849954393957,1602
PGHL.NS,0.0003603627526109427,0.09081141365795756,0.016450160299302432,0.26113819907461255,0.34775231651195876,1602
PGIL.NS,0.0026286247087172468,0.6624134265967462,0.0351881465850883,0.5585945097685823,1.1858573885217285,1602
PGINVIT.NS,-4.328607155236722e-05,-0.010908090031196539,0.007754266801910332,0.12309516934499334,-0.08861509423351067,1263
PHANTOMFX.NS,0.00013406057383320147,0.03378326460596677,0.03621950814457351,0.5749668669577199,0.05875688939211695,904
PHOENIXLTD.NS,0.0012385165549613833,0.3121061718502686,0.02502805817934774,0.3973081064484608,0.7855519854356542,1602
PIDILITIND.NS,0.0006356736266766557,0.16018975392251722,0.014903263922986704,0.23658198038030212,0.6771004015817879,1602
PIGL.NS,0.002146415462447089,0.5408966965366664,0.029851796240060305,0.47388257423863545,1.1414150381150845,1602
PIIND.NS,0.0006029173296773166,0.1519351670786838,0.019640810020950993,0.3117881931798098,0.48730250343720366,1602
PILANIINVS.NS,0.0010895393690574496,0.2745639210024773,0.023723192213103848,0.37659400140274074,0.7290714137234771,1602
PILITA.NS,0.0007368856784462798,0.18569519096846251,0.033072510847719866,0.5250098336133164,0.35369850063652697,1602
PIONEEREMB.NS,0.0003718503009529936,0.09370627584015438,0.03185242616544652,0.5056415897269092,0.18532153553817435,1602
PITTIENG.NS,0.002504868626966305,0.6312268939955089,0.03115429787167746,0.4945591466357246,1.2763425735616798,1602
PIXTRANS.NS,0.0009236295329138769,0.232754642294297,0.027101809531361824,0.4302278885989402,0.5410031484762059,1025
PKTEA.NS,0.001562801938662683,0.3938260885429961,0.03142279529945067,0.4988214111650152,0.7895131999711104,1602
PLADAINFO.NS,-0.001689489311718642,-0.4257513065530978,0.03568471446288969,0.5664772804509358,-0.7515770203779131,662
PLASTIBLEN.NS,0.0003437516878599083,0.0866254253406969,0.02676007964232971,0.42480309478732015,0.20391900719100542,1602
PLATIND.NS,0.0006001912829367585,0.15124820330006314,0.03323013916832096,0.5275121056286639,0.2867198718023972,566
PLAZACABLE.NS,-0.0003951956332054154,-0.09958929956776467,0.028241239320595787,0.4483157757513311,-0.22214096615463344,663
PNB.NS,0.0006483663055274677,0.16338830899292187,0.023865777281223053,0.3788574691882285,0.43126590414862676,1602
PNBHOUSING.NS,0.0011414501245648428,0.2876454313903404,0.02903420969421189,0.4609037901851122,0.624089967398215,1602
PNC.NS,0.0010460644031570392,0.2636082295955739,0.03826572075318695,0.6074494851094554,0.43395909628283696,1602
PNCINFRA.NS,0.0005290633066950559,0.1333239532871541,0.025647023298604153,0.4071338731031163,0.32746956737099264,1602
POCL.NS,0.0018305206861957935,0.46129121292133995,0.027949921814209,0.4436912537045776,1.0396671312986505,1602
PODDARMENT.NS,0.0006518192049063519,0.16425843963640066,0.02643735224607882,0.4196799561968367,0.39138976548920723,1602
POKARNA.NS,0.002114639150412777,0.5328890659040199,0.034571306749578194,0.5488024809474759,0.9710033835561706,1602
POLICYBZR.NS,0.0006956338368659459,0.17529972689021836,0.028904923711283254,0.45885143883209784,0.3820402684938812,1137
POLYCAB.NS,0.0018484149920559442,0.46580057799809793,0.021835162415282307,0.3466224575252486,1.343826886820131,1602
POLYMED.NS,0.001597657490222146,0.4026096875359808,0.027261530709497005,0.4327633836976758,0.9303229032362865,1602
POLYPLEX.NS,0.0007754379978166878,0.19541037544980533,0.02591041287728819,0.4113150530418605,0.47508685618155083,1602
POLYSIL.NS,0.002568747451698862,0.6473243578281133,0.03229354787319404,0.5126441797465815,1.2627166822572902,578
PONNIERODE.NS,0.0008541437511801128,0.21524422529738843,0.030103562813722652,0.4778792446927318,0.4504155133077328,1602
POONAWALLA.NS,0.0018073577374825586,0.4554541498456048,0.02973292413316512,0.4719955380426337,0.9649543547262627,1602
POWERGRID.NS,0.0007620461274167123,0.1920356241090115,0.01740582827202743,0.27630895782529014,0.6950032515067261,1602
POWERINDIA.NS,0.0029405097827059504,0.7410084652418994,0.027701184166460367,0.4397426659587252,1.6850956766416008,1541
POWERMECH.NS,0.001845225603417928,0.46499685206131786,0.029388671553639473,0.46653069776092965,0.9967122298554557,1602
PPAP.NS,0.0006267161428031913,0.1579324679864042,0.031099973091416145,0.49369676748412655,0.31989771533491373,1602
PPL.NS,0.001332003354303975,0.3356648452846017,0.03102439579024814,0.4924970150222147,0.6815571161775694,1602
PPLPHARMA.NS,0.00014856724430637204,0.03743894556520575,0.025459853563851175,0.40416264567643045,0.09263336423024875,906
PRAENG.NS,0.001509581225850237,0.38041446891425973,0.037346371238974635,0.5928552640141324,0.6416649931359831,1602
PRAJIND.NS,0.001158286685526643,0.291888244752714,0.028949871300348543,0.45956495968829,0.6351403400091549,1602
PRAKASH.NS,0.0012252897106678942,0.30877300708830935,0.032760578000981304,0.5200580531839805,0.5937279601726982,1602
PRAKASHSTL.NS,0.0029622117872804507,0.7464773703946735,0.0418395916527371,0.6641829268178178,1.1239032806385714,1602
PRAMARA.NS,0.0010148734502780628,0.2557481094700718,0.034837022377164815,0.5530205857678218,0.46245676210224157,682
PRATHAM.NS,0.0004307117062808194,0.10853934998276649,0.03541040002525426,0.5621226737528284,0.19308836851952435,558
PRAXIS.NS,-0.0002045632592175992,-0.051549941322835004,0.033542766835263804,0.5324749159867985,-0.09681196198191065,1602
PRECAM.NS,0.0014534978931685385,0.3662814690784717,0.03667719775060035,0.5822324642089568,0.6290983268617899,1602
PRECISION.NS,-0.0009267759276742774,-0.2335475337739179,0.039752562045549104,0.6310523589011282,-0.37009216506313636,1073
PRECOT.NS,0.0027191974189051116,0.6852377495640881,0.0344316321627662,0.5465852156203944,1.2536704798835767,1602
PRECWIRE.NS,0.0023856989149554147,0.6011961265687645,0.03362524327288713,0.5337841888446416,1.1262906229388956,1602
PREMEXPLN.NS,0.0027100737515830114,0.6829385853989189,0.03604622148277719,0.5722160264818942,1.1934978291289229,1602
PREMIER.NS,0.0005905385503550743,0.1488157146894787,0.030822543195002796,0.48929270441114175,0.30414456080757785,1602
PREMIERPOL.NS,0.0026579490906866025,0.6698031708530239,0.04069778893794131,0.6460573706399293,1.0367549404932475,1602
PRESSTONIC.NS,-0.0013183009865554366,-0.33221184861197,0.04268228884156494,0.6775603299708479,-0.4903059313201873,619
PRESTIGE.NS,0.0014658283470324416,0.36938874345217526,0.02815606414810731,0.4469636618056418,0.8264402120743335,1602
PRICOLLTD.NS,0.0020311043943896773,0.5118383073861987,0.02901441727366908,0.4605895952495105,1.1112676288506382,1602
PRIMESECU.NS,0.0017433101939833516,0.4393141688838046,0.028981400027643805,0.4600654627177558,0.954894910582145,1602
PRINCEPIPE.NS,0.0007182739499769911,0.18100503539420176,0.025236702180921944,0.4006202272927251,0.4518120231157101,1602
PRITI.NS,0.000959753820392328,0.24185796273886664,0.032496796591030275,0.515870653116706,0.46883450585461167,1602
PRITIKA.NS,0.002083221751366927,0.5249718813444656,0.03907179367578064,0.6202454960600509,0.846393701653964,872
PRITIKAUTO.NS,0.0005260484802473733,0.1325642170223381,0.030408726087274778,0.4827235614792676,0.27461725012159277,1202
PRIVISCL.NS,0.001875642124521768,0.47266181537948554,0.028297336851869786,0.44920629645282506,1.0522154722938613,1602
PRLIND.NS,-0.0005284572221166924,-0.1331712199734065,0.03509518111364094,0.5571187286607887,-0.2390356186616194,519
PROLIFE.NS,0.0008615343292103869,0.2171066509610175,0.0287526755080539,0.4564345735322901,0.47565776904421647,1602
PROPEQUITY.NS,0.0007309725477189299,0.18420508202517033,0.03303731133642424,0.524451058694361,0.35123407412648805,1031
PROV.NS,0.0012355564787661104,0.3113602326490598,0.02989483637191053,0.4745658151502622,0.6560949455461168,752
PROZONER.NS,0.0011567874675574464,0.2915104418244765,0.03481820080787239,0.5527218026180314,0.5274089794245554,1602
PRSMJOHNSN.NS,0.0008144215721058172,0.20523423617066594,0.026887230625227937,0.426821554065557,0.48084318660988545,1602
PRUDENT.NS,0.0021665429756446346,0.5459688298624479,0.02973700274465921,0.47206028399288064,1.1565659056178552,1010
PRUDMOULI.NS,-0.00046164905849292677,-0.11633556274021754,0.032959311632891904,0.523212851787061,-0.2223484425943807,615
PSB.NS,0.000645933207449439,0.16277516827725863,0.030226398704648858,0.47982920400951456,0.3392356424266976,1602
PSPPROJECT.NS,0.0007566345542266554,0.19067190766511716,0.0234121264852041,0.3716559860582327,0.5130333287171698,1602
PTC.NS,0.0011128697290909396,0.28044317173091676,0.025080187310691948,0.3981356307540524,0.7043910418159988,1602
PTCIL.NS,0.0029299192195836776,0.7383396433350867,0.03135386904337425,0.4977272407707294,1.483422209706203,748
PTL.NS,0.0007902340692390448,0.1991389854482393,0.022900734000372278,0.3635378820349584,0.5477805623268988,1602
PULZ.NS,0.0016161458663332274,0.4072687583159733,0.032499578269550425,0.515914810894256,0.7894108672903535,1602
PUNJABCHEM.NS,0.0008784046827554292,0.22135798005436816,0.029280618414358077,0.4648154073514193,0.4762277165374007,1602
PURVA.NS,0.0014029256686928474,0.3535372685105975,0.03365448218757491,0.5342483422258575,0.6617470576279991,1602
PURVFLEXI.NS,-0.0019772318615900496,-0.4982624291206925,0.03748319925209858,0.5950273413848106,-0.8373773681745169,566
PVP.NS,0.001671487527951919,0.4212148570438836,0.033332779098839,0.529141464013078,0.7960344930244836,1602
PVRINOX.NS,-0.00013138964540819261,-0.03311019064286454,0.023586799878464338,0.3744288402135909,-0.08842852656322363,1602
PVSL.NS,-0.0015650712375433343,-0.39439795186092025,0.02534407814282919,0.4023247678446826,-0.9802974695636375,557
PYRAMID.NS,0.000420192346489361,0.10588847131531898,0.02670191733705608,0.4238797968147267,0.24980778067514667,693
QFIL.NS,-0.00011212117971322715,-0.02825453728773324,0.032079456581311686,0.50924558584947,-0.05548312655592682,798
QMSMEDI.NS,0.00028828854264740416,0.07264871274714585,0.035653846036752083,0.5659872593773914,0.1283575054800038,912
QUADPRO.NS,-0.0006918526201522067,-0.17434686027835608,0.034520350178992194,0.5479935704668643,-0.3181549377118073,1157
QUESS.NS,0.00031063503749913766,0.07828002944978268,0.025011196258224823,0.39704043174895265,0.19715883620456792,1602
QUESTLAB.NS,0.0002720313934698027,0.06855191115439027,0.03651858415420363,0.579714551425241,0.11825114788968794,516
QUICKHEAL.NS,0.0007523691831460497,0.18959703415280452,0.03266242968610815,0.5184999969874539,0.36566448457933587,1602
QUICKTOUCH.NS,-0.0008451456776566384,-0.2129767107694729,0.03816337822690699,0.6058248478709581,-0.3515483254243103,776
RACE.NS,-0.0007079777096370188,-0.17841038282852872,0.027812084319620102,0.441503151312443,-0.40409764301381224,771
RADAAN.NS,0.0011301341612555559,0.2847938086364001,0.029785826766148778,0.47283534130608545,0.6023107491282923,1602
RADHIKAJWE.NS,0.00117923128478756,0.29716628376646514,0.03545399017172164,0.5628146458758219,0.5280002678395672,969
RADIANTCMS.NS,-0.0008873773070266763,-0.22361908137072242,0.022438430069513106,0.3561990346478726,-0.6277924969442585,853
RADICO.NS,0.0018564481450251758,0.46782493254634433,0.023269435026218876,0.3693908293701054,1.266476846065971,1602
RADIOCITY.NS,-0.000388512725321391,-0.09790520678099053,0.02446085598026003,0.38830405067721063,-0.2521354248307267,1602
RADIOWALLA.NS,-0.002279807988933466,-0.5745116132112335,0.03527768721825392,0.5600159232541311,-1.0258844246300554,546
RAILTEL.NS,0.001261767368446422,0.31796537684849835,0.029942781059992832,0.4753269134783762,0.6689404025572042,1312
RAIN.NS,0.0008667222016438212,0.21841399481424295,0.029343896093701947,0.4658199093699303,0.46888076361886405,1602
RAINBOW.NS,0.0013991717478460124,0.3525912804571951,0.021885627599756086,0.34742356749315634,1.0148743880598732,1018
RAJESHEXPO.NS,-0.0008767510987266408,-0.2209412768791135,0.025996091188075252,0.41267515406042854,-0.5353878824668974,1602
RAJMET.NS,0.0015814773295225522,0.3985322870396832,0.028268372844590568,0.448746507091429,0.8881011456173519,1602
RAJRATAN.NS,0.0021666925638699087,0.5460065260952169,0.030495028904048968,0.4840935762230409,1.1278945908665607,1507
RAJRILTD.NS,0.005735323053027585,1.4453014093629515,0.055613365224519574,0.8828348037329194,1.637114218030073,1602
RAJSREESUG.NS,0.0009678200694840687,0.24389065750998531,0.03620164901645397,0.5746833620878995,0.42439136679353096,1602
RAJTV.NS,-0.00015115357961962604,-0.03809070206414576,0.03290107519788758,0.5222883770414746,-0.07293040346773982,1602
RALLIS.NS,0.0005015820473037039,0.1263986759205334,0.023695820170603114,0.3761594836987438,0.33602416368096344,1602
RAMANEWS.NS,0.0010299960065103247,0.2595589936406018,0.03313125066180616,0.5259422992540994,0.493512299749826,1602
RAMAPHO.NS,0.00045794267296611526,0.11540155358746104,0.032830615921448716,0.5211698707033858,0.221427906858299,955
RAMASTEEL.NS,0.0018803178550437947,0.4738400994710363,0.03371524090644645,0.5352128569865353,0.8853301883272153,1602
RAMCOCEM.NS,0.00028497308862423783,0.07181321833330793,0.018634433580645843,0.29581246246163867,0.24276603404638764,1602
RAMCOIND.NS,0.0005781100442088015,0.14568373114061797,0.024469074240872406,0.38843451151994984,0.3750535207866969,1602
RAMCOSYS.NS,0.0013845394406828428,0.3489039390520764,0.03598189350469653,0.5711948514878239,0.6108317295635042,1602
RAMKY.NS,0.0023303520951314547,0.5872487279731265,0.03542158413599743,0.5623002160067994,1.0443686686508857,1602
RAMRAT.NS,0.002441656294313954,0.6152973861671164,0.029656961905294058,0.47078967505874625,1.3069474943143944,960
RANASUG.NS,0.0013491500595892566,0.33998581501649267,0.031250527820348484,0.4960867497128848,0.6853354079972159,1602
RANEHOLDIN.NS,0.0008624184107623465,0.21732943951211134,0.027382861216960284,0.4346894457928344,0.4999648406823451,1602
RATEGAIN.NS,0.0012445462295871145,0.31362564985595287,0.02836731451766881,0.4503171574590231,0.6964550309955522,1114
RATNAMANI.NS,0.0010691628376859484,0.269429035096859,0.021486419200352453,0.3410863306164954,0.7899144905921042,1602
RATNAVEER.NS,0.0010058966503966279,0.2534859558999502,0.031587172566449044,0.5014308193830362,0.505525281058394,684
RAYMOND.NS,0.0011498932406670468,0.2897730966480958,0.030140374119318,0.47846360605297716,0.6056324723180955,1602
RBA.NS,-0.00016550813905733065,-0.041708051042447326,0.02408224067249643,0.3822937189957827,-0.10909949332154063,1364
RBLBANK.NS,0.000810194132419801,0.20416892136978987,0.029596626943183307,0.46983188722810093,0.4345573957832856,1602
RBMINFRA.NS,0.0028339757971121604,0.7141619008722644,0.039690068211429425,0.6300603000397946,1.133481828369694,853
RBS.NS,-1.1113072795058943e-06,-0.00028004943443548535,0.03102009072797508,0.49242867427729575,-0.00056871065610973,536
RBZJEWEL.NS,0.0008555281085434626,0.21559308335295257,0.03086737943214675,0.49000445761038264,0.4399818818064246,613
RCDL.NS,-0.0005133693231102854,-0.12936906942379192,0.039455741931526504,0.6263404856661744,-0.20654751270979274,651
RCF.NS,0.0011536257633737786,0.29071369237019223,0.029999002525504494,0.4762194015749009,0.6104616725164401,1602
RCOM.NS,0.0005701386784883741,0.14367494697907027,0.032671184142213185,0.5186389696697592,0.2770230456661492,1602
RECLTD.NS,0.00111114376206631,0.2800082280407101,0.023321208927694827,0.37021271457635896,0.7563441692193866,1602
REDINGTON.NS,0.0014264593007168457,0.3594677437806451,0.0298130444081354,0.4732674079779066,0.7595446838744198,1602
REDTAPE.NS,0.0002820179588222633,0.07106852562321035,0.026819525427809788,0.42574676737654726,0.1669267533401012,704
REFEX.NS,0.002914640585833568,0.7344894276300591,0.03797970010968007,0.6029090481541561,1.218242502544529,1602
REFRACTORY.NS,-0.0011680220454242508,-0.2943415554469112,0.03572795826669941,0.5671637545546857,-0.5189710257102315,522
REGENCERAM.NS,0.0024441547742389846,0.6159270031082241,0.027025288449299058,0.42901315407979035,1.4356832587787518,1602
RELAXO.NS,-0.00016954379824537567,-0.04272503715783467,0.01858428440558093,0.2950163689875778,-0.1448225985034535,1602
RELCHEMQ.NS,-0.00016240360278190833,-0.0409257079010409,0.026281216722250575,0.4172013815956026,-0.09809581105536844,1007
RELIABLE.NS,0.001320573086984583,0.3327844179201149,0.02832183692336062,0.44959522303043337,0.7401867299145849,1602
RELIANCE.NS,0.0005571379798863025,0.14039877093134823,0.017620525323127793,0.27971716785187306,0.5019311900286998,1602
RELIGARE.NS,0.0015691943839041742,0.3954369847438519,0.03069576517869685,0.487280165794008,0.8115187370688474,1602
REMSONSIND.NS,0.0017149178435060977,0.43215929656353663,0.03464077681478792,0.5499052840441261,0.7858795125323051,1602
REMUS.NS,0.0021664677215402057,0.5459498658281319,0.036087861327532375,0.5728770385250155,0.9529965928356757,757
RENUKA.NS,0.001067637948869552,0.2690447631151271,0.03215679935323776,0.5104733642908187,0.5270495621037952,1602
REPCOHOME.NS,0.0006241181472472503,0.15727777310630708,0.02936340078687795,0.4661295367751842,0.33741215841930794,1602
REPL.NS,0.0009909210387728101,0.24971210177074815,0.030049036013620967,0.47701365857558864,0.5234904646471003,1602
REPRO.NS,0.000149688668253256,0.037721544399820506,0.030477281388317852,0.48381184314495845,0.07796738532611422,1602
RESPONIND.NS,0.0008791441408000251,0.22154432348160633,0.030162481454941034,0.4788145491262299,0.4626933828261776,1602
REXPIPES.NS,0.0012630377220698887,0.318285505961612,0.028256149974085307,0.4485524750374434,0.7095836578207327,1177
RGL.NS,0.0009234879818411208,0.23271897142396245,0.032367757706293444,0.5138222243258813,0.45291729397124164,1602
RHFL.NS,0.0004643924352464239,0.11702689368209883,0.03524707165616507,0.5595299162729179,0.20915216555644803,1602
RHIM.NS,0.0006845173354255851,0.17249836852724745,0.026474374858685874,0.42026767195190157,0.4104488164081043,1602
RHL.NS,0.001337421231266482,0.33703015027915345,0.0315474653221658,0.5008004864213093,0.6729828732546788,780
RICOAUTO.NS,0.0013666969583514363,0.34440763350456194,0.03434332472695059,0.5451833785358791,0.6317280516318898,1602
RIIL.NS,0.0011531845057018684,0.29060249543687083,0.031773417247749625,0.5043873620414151,0.5761494385202489,1602
RILINFRA.NS,-0.0009692736324706645,-0.24425695538260744,0.03466006595052099,0.5502114895810566,-0.44393285129067406,985
RISHABH.NS,0.0008834598419040012,0.2226318801598083,0.03084101717697344,0.48958596978325825,0.4547350085591063,684
RITCO.NS,0.0013221955528364242,0.3331932793147789,0.03139832210005612,0.4984329111687108,0.6684816990385267,1035
RITES.NS,0.0005759217955796112,0.14513229248606202,0.024559096989293566,0.38986357834791535,0.3722643010179975,1602
RITEZONE.NS,-0.0009700196709961621,-0.24444495709103284,0.03810494138270057,0.6048971917279165,-0.40410992220473807,890
RKDL.NS,0.0013821379085902736,0.34829875296474894,0.034673145486583117,0.5504191207791634,0.6327882513814264,1602
RKEC.NS,0.0004882923241417977,0.12304966568373302,0.04253948792246166,0.6752934356572156,0.18221658791037623,1602
RKFORGE.NS,0.001726621619579306,0.43510864813398514,0.028674303010512044,0.45519044870355346,0.955882640712774,1602
RKSWAMY.NS,-0.0013951441861458649,-0.35157633490875795,0.027525873742213297,0.4369596992499553,-0.8045967065435129,562
RMDRIP.NS,0.0025031178795610898,0.6307857056493946,0.03140873539759592,0.49859821714242136,1.2651182534598089,1602
RML.NS,0.0012821954871970484,0.3231132627736562,0.03240021193389784,0.5143374192172848,0.6282126298828652,1602
ROCKINGDCE.NS,9.627369002552927e-06,0.0024260969886433378,0.04046257833322958,0.6423235180451752,0.0037770639257096424,631
ROHLTD.NS,0.001479249034507281,0.3727707566958348,0.03227287960058279,0.5123160810904296,0.7276186917701624,1602
ROLEXRINGS.NS,0.0004342267353814314,0.1094251373161207,0.0231623737725623,0.3676912846567488,0.29760057385714883,1203
ROLLT.NS,0.0010865651215263492,0.27381441062463996,0.03621590559134661,0.5749096781981804,0.4762737887502597,1602
ROML.NS,0.002072263443790051,0.5222103878350929,0.032373452233620106,0.5139126221447238,1.0161462578127383,1602
ROSSARI.NS,2.1362321586427975e-05,0.00538330503977985,0.020757262917594776,0.32951133347003275,0.01633723788219695,1464
ROSSELLIND.NS,0.0010673347380430935,0.2689683539868596,0.033693615490399426,0.5348695641493829,0.5028671885913101,1602
ROTO.NS,0.00090399897538349,0.22780774179663946,0.02786958995896086,0.44241602503651944,0.5149174733845479,1030
ROUTE.NS,0.00022437511984142313,0.056542530200038625,0.026149287251097306,0.4151070661679717,0.13621191930555784,1422
ROXHITECH.NS,-0.0015926381713019452,-0.40134481916809017,0.03604406717261473,0.5721818278682735,-0.7014288109486884,640
RPGLIFE.NS,0.0016445914426143357,0.4144370435388126,0.028047814533982314,0.44524525245468116,0.930806204566989,1602
RPOWER.NS,0.0018841428201938218,0.4748039906888431,0.03652033122295665,0.579742285281904,0.8189914773216278,1602
RPPINFRA.NS,0.0008541453797084887,0.21524463568653915,0.03707345213631992,0.5885228075721527,0.3657371182851741,1602
RPPL.NS,0.0006997246422656735,0.17633060985094973,0.03442266756117244,0.5464429069818753,0.3226880751822045,1602
RPSGVENT.NS,0.0011341782094796116,0.2858129087888621,0.03165351020566681,0.5024838967586363,0.5688001359497294,1602
RPTECH.NS,0.001806037622472281,0.45512148086301485,0.026445547694154865,0.4198100549017884,1.0841128637795188,580
RRKABEL.NS,0.0014105130448288162,0.3554492872968617,0.022805536597046035,0.3620266701069963,0.9818317727580936,678
RSSOFTWARE.NS,0.000979340554607513,0.24679381976109324,0.03664921899042601,0.5817883151604775,0.4241986532387109,1602
RSWM.NS,0.0011647897246714596,0.2935270106172078,0.029575548915461145,0.46949728391121753,0.6251942677323648,1602
RSYSTEMS.NS,0.0013240297693488795,0.33365550187591764,0.029644403775461875,0.4705903209279382,0.7090147991526807,1602
RTNINDIA.NS,0.0024259033830937578,0.611327652539627,0.035326667508215275,0.5607934612524207,1.0901119481214139,1602
RTNPOWER.NS,0.001596980054855702,0.4024389738236369,0.035540884350942145,0.564194048207401,0.7132988642866682,1602
RUBYMILLS.NS,0.001326670028092855,0.33432084707939946,0.03378094228486966,0.536255834035147,0.6234353565232963,1602
RUCHINFRA.NS,0.0011164467905052772,0.28134459120732985,0.031179939923369118,0.4949662015870141,0.5684117224676198,1602
RUCHIRA.NS,0.0007123707246654889,0.1795174226157032,0.029010486116909696,0.4605271900706096,0.3898085205092428,1602
RULKA.NS,-0.0026972014713831146,-0.6796947707885449,0.03692874760977042,0.5862256944271408,-1.1594421350854334,515
RUPA.NS,0.000269158215126924,0.06782787021198484,0.02714030344780499,0.43083896057832527,0.1574320718835128,1602
RUSHIL.NS,0.0009868352118246341,0.2486824733798078,0.034381161246605896,0.5457840146647839,0.45564264745376715,1602
RUSTOMJEE.NS,-0.0002248809142514741,-0.05666999039137147,0.0206393877680326,0.32764012348105637,-0.17296413451830495,882
RVHL.NS,0.0009135734764106956,0.2302205160554953,0.03392405805549627,0.5385277264617633,0.4274998384356009,1360
RVNL.NS,0.002033608785264706,0.5124694138867059,0.032132862274197004,0.5100933749412879,1.0046580470598965,1602
S&SPOWER.NS,0.0026850293351367797,0.6766273924544685,0.03260422445480298,0.5175760175852351,1.3073005113553984,1541
SAAKSHI.NS,0.001617656288729971,0.4076493847599527,0.03613622641723026,0.5736448105218831,0.7106303016828249,670
SABAR.NS,-0.00047971731855240326,-0.12088876427520562,0.04085224624326404,0.648509304348296,-0.18641022336092758,925
SADBHAV.NS,-0.0009919694963451608,-0.24997631307898052,0.035620582916290076,0.5654592237099566,-0.442076638946475,1602
SADBHIN.NS,-0.0010569192007272299,-0.26634363858326193,0.03451123486413169,0.5478488693294066,-0.48616261435253005,1602
SADHAV.NS,0.0003541679001100601,0.08925031082773516,0.03627136896850322,0.5757901320151494,0.1550049329872623,568
SADHNANIQ.NS,-0.0023746547394167465,-0.5984129943330201,0.035967940749104345,0.570973358359418,-1.0480576467743514,773
SAFARI.NS,0.0013990346139128595,0.3525567227060406,0.025134369294099363,0.3989957430758699,0.8836102360094634,1602
SAGARDEEP.NS,3.3703772823453025e-05,0.008493350751510162,0.029685861489265664,0.47124844173183883,0.018023085063787338,1602
SAGCEM.NS,0.0006593038871328521,0.16614457955747872,0.02681782953652992,0.42571984593708445,0.3902674050625129,1602
SAHANA.NS,0.0030966148604199854,0.7803469448258363,0.03670467668079216,0.5826686787024465,1.3392635872647256,747
SAHYADRI.NS,1.273157113725505e-06,0.0003208355926588273,0.02531357918589703,0.4018406119129464,0.0007984150510111512,791
SAIFL.NS,-0.002579633120933421,-0.650067546475222,0.03857910839719127,0.6124243597294305,-1.061465854758655,610
SAIL.NS,0.0013662474762579995,0.34429436401701585,0.028293284798533547,0.4491419721002639,0.7665602090293123,1602
SAKAR.NS,0.0020651390845124328,0.520415049297133,0.033157400035531547,0.5263574076930042,0.988710411767707,1602
SAKHTISUG.NS,0.0009930859017190559,0.2502576472332021,0.03441653234742836,0.5463455134830328,0.4580574765550336,1602
SAKSOFT.NS,0.0019759202053936126,0.4979318917591904,0.033596012462952796,0.5333201641223981,0.93364535087204,1602
SAKUMA.NS,0.0009095537048962019,0.22920753363384286,0.037166515159707356,0.5900001372689864,0.3884872547569342,1602
SALASAR.NS,0.0016881592070881462,0.42541612018621283,0.033159117002470276,0.5263846636981794,0.808184868452284,1602
SALONA.NS,0.0014859036518370182,0.3744477202629286,0.035310921007287104,0.5605434932995683,0.668008325382192,1602
SALSTEEL.NS,0.002527998799486559,0.6370556974706129,0.03441802277612927,0.5463691733051698,1.1659803089124703,1602
SALZERELEC.NS,0.0017434683866847567,0.4393540334445587,0.03464165514498123,0.549919227103689,0.7989428479497719,1602
SAMBHAAV.NS,0.001273491796643421,0.3209199327541421,0.03718741275489438,0.5903318763081713,0.5436262984155917,1602
SAMHI.NS,0.0006202401581664908,0.1563005198579557,0.02540063231944898,0.40322253756631055,0.3876284316876803,676
SAMMAANCAP.NS,0.0005633853997260716,0.14197312073097004,0.034230435664589255,0.5433913202273949,0.2612723380851171,1602
SAMPANN.NS,0.002115548972178916,0.5331183409890868,0.03703150061801186,0.5878568478647644,0.9068846317355989,1602
SANCO.NS,-0.00021091596920960916,-0.05315082424082151,0.03498311077309785,0.5553396671582487,-0.0957086759402615,1602
SANDESH.NS,0.0006791289443612927,0.17114049397904577,0.025608649692688053,0.40652471099413945,0.4209842338010123,1602
SANDHAR.NS,0.0009788689129487235,0.24667496606307832,0.025482804183329166,0.40452697546587224,0.6097861972715067,1602
SANDUMA.NS,0.0018383395519860513,0.46326156710048494,0.03410344653925796,0.5413754303583775,0.8557122121220332,686
SANGAMIND.NS,0.0018788826043480188,0.47347841629570075,0.033599429253975445,0.533374403998365,0.8877036707167376,1602
SANGANI.NS,0.0005754636374248615,0.1450168366310651,0.030649843275346925,0.48655117817804017,0.2980505302116443,701
SANGHVIMOV.NS,0.002084606337053562,0.5253207969374976,0.035093469438712346,0.55709155666367,0.9429703082982582,1602
SANGINITA.NS,-8.510885741237836e-05,-0.021447432067919346,0.03403481097797505,0.5402858746008781,-0.039696451593821645,1602
SANOFI.NS,-0.0001772125870921196,-0.04465757194721414,0.014680968871727967,0.2330531558404363,-0.1916196834416166,1602
SANSERA.NS,0.0012981476584366949,0.3271332099260471,0.020319873390336536,0.3225679899788963,1.0141527370631211,1171
SANWARIA.NS,-0.00037805113059369804,-0.09526888490961191,0.04169509717753208,0.661889148134526,-0.14393480415582963,1602
SAPPHIRE.NS,4.038912306480934e-05,0.010178059012331955,0.02312975071285078,0.36717340963873263,0.027720032946683962,1134
SARDAEN.NS,0.0025074750608322077,0.6318837153297163,0.03081779704260607,0.48921736157758483,1.29162160821945,1602
SAREGAMA.NS,0.0019359337992608738,0.48785531741374016,0.02956297573530114,0.4692976908638621,1.0395434005134738,1602
SARLAPOLY.NS,0.0015555380690138096,0.39199559339148005,0.034666218820471134,0.5503091633634809,0.7123188554513779,1602
SAROJA.NS,-0.00042018784501275235,-0.10588733694321359,0.03617928110917635,0.5743282825678663,-0.18436726895945835,682
SARTELE.NS,0.0013859192529497237,0.34925165174333034,0.04171909909217218,0.6622701667172888,0.5273552536338536,645
SARVESHWAR.NS,0.0018719815045755456,0.4717393391530375,0.03623305134970841,0.57518185867417,0.8201568461154635,1602
SASKEN.NS,0.0013548569999030317,0.34142396397556396,0.029409365076227097,0.46685919724803016,0.7313210620849658,1602
SATIA.NS,0.00015506144061675064,0.03907548303542116,0.026063307521153312,0.4137421802686259,0.09444404003007632,1602
SATIN.NS,0.0005101902435499842,0.128567941374596,0.029125521513628672,0.462353320380738,0.2780729275799795,1602
SAURASHCEM.NS,-0.000736956272419653,-0.18571298064975256,0.03045158020729865,0.4834038495446937,-0.3841777032282037,571
SBC.NS,0.003191315311972967,0.8042114586171877,0.029248047146177934,0.4642983544984754,1.7321006004552368,1132
SBCL.NS,0.0023056019430667293,0.5810116896528158,0.03160336805027863,0.5016879147184888,1.1581137846998721,1234
SBFC.NS,0.0002930706387528617,0.07385380096572114,0.0221440907224932,0.35152654236821773,0.21009452221778635,702
SBGLP.NS,0.0008808229356187173,0.22196737977591677,0.03070402240429283,0.48741124518668594,0.4554006128662458,827
SBICARD.NS,0.00017909645007802645,0.04513230541966266,0.018613696476439637,0.2954832711377911,0.15274064499785628,1551
SBILIFE.NS,0.0005380053334064032,0.13557734401841362,0.016579657941691833,0.26319391041740176,0.5151234076935907,1602
SBIN.NS,0.0009134610175679408,0.2301921764271211,0.019380692913194872,0.3076589621065533,0.7482056587950047,1602
SCHAEFFLER.NS,0.0011517309372313914,0.2902361961823106,0.019628306414829613,0.3115897045860778,0.9314691464785922,1602
SCHAND.NS,0.0007379807269826664,0.18597114319963193,0.029288163053829846,0.4649351747900629,0.39999370510868626,1602
SCHNEIDER.NS,0.002370559139752665,0.5973809032176716,0.03191613382179031,0.5066529174186878,1.1790732524767207,1602
SCI.NS,0.0016486744086493797,0.4154659509796437,0.03168381005051806,0.5029648918840777,0.8260337007287567,1602
SCILAL.NS,0.0005081679973964158,0.12805833534389677,0.029593427699339446,0.46978110080653507,0.2725915008586811,557
SCML.NS,0.0014233644523226866,0.358687841985317,0.040342791193964986,0.6404219561606274,0.5600804883949868,663
SCPL.NS,0.0001961601079243673,0.049432347196940556,0.03115085598594884,0.4945045083936504,0.09996339033898136,884
SDBL.NS,0.0013058795849323823,0.32908165540296036,0.03223538626429946,0.5117208928286628,0.643088175633949,1602
SEAMECLTD.NS,0.0012214385679932423,0.30780251913429707,0.030068436672127503,0.47732163448166376,0.6448534843147179,1602
SECMARK.NS,0.0012804747904372126,0.32267964719017755,0.03924449970458338,0.6229871192728526,0.5179555679526852,661
SECURKLOUD.NS,0.0003015403630038432,0.07598817147696849,0.03604677988465747,0.5722248908369354,0.13279424347624635,1602
SEJALLTD.NS,0.003604635526558564,0.9083681526927581,0.029222951304308114,0.4638999703592993,1.9581121162590498,1602
SEL.NS,0.00026953280326243634,0.06792226642213396,0.04168492094099469,0.6617276053875631,0.10264384600118502,691
SELMC.NS,0.0019534815117791277,0.4922773409683402,0.0339679988705115,0.5392252652753781,0.9129344870681051,1602
SEMAC.NS,0.0005760184649577133,0.14515665316934373,0.03261693276611999,0.5177777557732054,0.2803454794085912,1602
SENCO.NS,0.0012462439989503176,0.31405348773548003,0.02887744767364207,0.4584152702564257,0.6850851359288416,724
SEPC.NS,0.0009480102360509907,0.23889857948484966,0.038500911920777384,0.6111830291494745,0.3908789480252784,1602
SERVICE.NS,0.000205905119158551,0.05188809002795485,0.03618823814613873,0.5744704711215851,0.09032333711887669,716
SERVOTECH.NS,0.0035935588575591888,0.9055768321049156,0.03333092211549976,0.5291119853164515,1.7115031547873703,1602
SESHAPAPER.NS,0.0005567326547456321,0.1402966289958993,0.026292182259507097,0.41737545410304044,0.33614010507015407,1602
SETCO.NS,0.0010114870413620196,0.25489473442322896,0.03238610686379997,0.5141135081710602,0.4957946647424371,1602
SEYAIND.NS,-0.000859742306292863,-0.21665506118580147,0.03029490337951259,0.4809166820095232,-0.45050435821960366,1602
SFL.NS,0.00024590814022770784,0.06196885133738238,0.020213839979567303,0.3208847617655402,0.1931187102697664,1602
SGIL.NS,0.0014959328866985101,0.37697508744802455,0.02957733583074696,0.4695256503119788,0.8028849695379613,1211
SGL.NS,0.0010017032156063811,0.252429210332808,0.03742873256312401,0.5941627095022277,0.42484862529371104,1602
SHAH.NS,0.0012900892610357639,0.32510249378101247,0.03624708362972553,0.575404614213685,0.5649980652749524,1602
SHAHALLOYS.NS,0.0019339211323460355,0.4873481253512009,0.03483827742023215,0.5530405089588668,0.8812159642132981,1602
SHAILY.NS,0.002373384776120054,0.5980929635822536,0.031372682413742414,0.49802589376663214,1.20092744387004,1041
SHAIVAL.NS,1.9603538740536393e-05,0.004940091762615171,0.0021649294192928295,0.03436718909673784,0.14374442287699604,1602
SHAKTIPUMP.NS,0.002346328030906795,0.5912746637885123,0.03336560186581047,0.5296625092855631,1.1163234199567098,1602
SHALBY.NS,0.0008213762706561728,0.20698682020535555,0.029018310177276088,0.460651393178443,0.44933505742199037,1602
SHALPAINTS.NS,0.00017672645037687893,0.04453506549497349,0.029629323704062023,0.47035093221587554,0.09468476077035469,1602
SHANKARA.NS,0.0007159870160076157,0.18042872803391916,0.03154024063402412,0.500685798052572,0.3603631833291468,1602
SHANTHALA.NS,-0.0013816954836746913,-0.3481872618860222,0.042644718884838465,0.6769639253972537,-0.5143365086724527,648
SHANTI.NS,-0.0001956483629071869,-0.0493033874526111,0.03175195782554703,0.5040467042748519,-0.09781511719939037,1602
SHANTIGEAR.NS,0.0013478456003221241,0.33965709128117527,0.02860100684141664,0.4540269080906724,0.7480990338426007,1602
SHARDACROP.NS,0.00137633597725795,0.3468366662690034,0.03140205568046483,0.4984921799202786,0.6957715291029666,1602
SHARDAMOTR.NS,0.001821903051887647,0.4591195690756871,0.032456981812631146,0.5152386131038106,0.891081447312225,1602
SHAREINDIA.NS,0.001680326414488385,0.42344225645107303,0.027783541439366368,0.44105004713532575,0.9600775676170596,1422
SHEETAL.NS,0.0024036173166192823,0.6057115637880591,0.021689316166696955,0.34430722010479736,1.759218303942908,624
SHEKHAWATI.NS,0.003107894865082874,0.7831895060008843,0.053387817270178196,0.8475053252247046,0.9241116046005166,1602
SHEMAROO.NS,0.0007244285262988704,0.18255598862731534,0.03688187145780015,0.5854815585839427,0.3118048484205871,1602
SHERA.NS,0.0016676498016403314,0.4202477500133635,0.03238009524400059,0.5140180766652652,0.817573873548875,822
SHIGAN.NS,0.00026562595658259077,0.06693774105881288,0.0397909095985145,0.6316611074323341,0.1059709712553159,1046
SHILPAMED.NS,0.0012900518140260251,0.3250930571345583,0.029990551192573718,0.4760852408238098,0.6828463251077114,1602
SHIVALIK.NS,-0.0009048275762241037,-0.2280165492084741,0.02894844262260283,0.45954228013217713,-0.4961818728472388,1120
SHIVAMAUTO.NS,0.000444631445818019,0.1120471243461408,0.034222270827618424,0.5432617074586736,0.20624889037419283,1602
SHIVAMILLS.NS,0.0010444079861410402,0.2631908125075421,0.03411414482772176,0.541545260422753,0.48599966012459295,1602
SHIVATEX.NS,0.0009896345047784787,0.24938789520417662,0.03576980498796574,0.5678280506606106,0.43919615262761147,1602
SHIVAUM.NS,0.0014811761251513219,0.3732563835381331,0.01732207549410225,0.2749794236932851,1.3573975046018976,1602
SHK.NS,0.000600634965855542,0.15136001139559657,0.029898993788931908,0.4746318120994719,0.31889984517909853,1602
SHOPERSTOP.NS,0.0003621060280940334,0.09125071907969641,0.02648724773232825,0.4204720224858004,0.21701971641354093,1602
SHRADHA.NS,0.001715388239318265,0.43227783630820277,0.0369465028427517,0.5865075500127717,0.737037121344456,1602
SHREDIGCEM.NS,0.001035472363553441,0.2609390356154671,0.02584193612387123,0.41022801828107824,0.6360829197109547,1602
SHREECEM.NS,0.00028261327500703415,0.0712185453017726,0.017398144763963917,0.2761869859160945,0.25786350890338033,1602
SHREEKARNI.NS,0.0014864267693867966,0.3745795458854727,0.03302440652432085,0.5242462011531115,0.7145107490746946,560
SHREEOSFM.NS,0.0007545464691733606,0.19014571023168686,0.040282461485327416,0.6394642517262833,0.29735158723630567,616
SHREEPUSHK.NS,0.001400790707357996,0.352999258254215,0.03285253924430363,0.5215178926645035,0.6768689305187505,1602
SHREERAMA.NS,0.0020857498670403345,0.5256089664941643,0.035984187859006804,0.5712312732333706,0.9201333875140134,1602
SHREMINVIT.NS,4.9804274889962816e-05,0.01255067727227063,0.008664883685098747,0.13755076422043314,0.09124396613425888,1173
SHRENIK.NS,-0.0010559464417438376,-0.26609850331944707,0.03739523672633238,0.5936309795775878,-0.44825575563592684,1602
SHREYANIND.NS,0.0006366576872200932,0.1604377371794635,0.031191456774106344,0.4951490259246382,0.32401909077749486,1602
SHRIPISTON.NS,0.0018247337251980516,0.459832898749909,0.02574087073314671,0.40862365494100233,1.125321290604922,1602
SHRIRAMFIN.NS,0.0014898693538679952,0.3754470771747348,0.028142884277988365,0.4467544378537606,0.8403880193746002,1602
SHRIRAMPPS.NS,0.0003677458618571774,0.0926719571880087,0.0288658806498815,0.4582316494467479,0.20223822885192988,1113
SHRITECH.NS,0.00021846365265546655,0.05505284046917757,0.03149372283925882,0.4999473509536432,0.11011727607750092,709
SHUBHLAXMI.NS,0.0005031883539237521,0.12680346518878552,0.034441734625479205,0.5467455872442019,0.23192407610991697,1602
SHYAMCENT.NS,0.0008963027130404714,0.2258682836861988,0.03362639822668632,0.5338025231678121,0.42313079066355846,1602
SHYAMMETL.NS,0.0009956925682617647,0.2509145272019647,0.021382876999051316,0.3394426491274374,0.7391956427601517,1234
SHYAMTEL.NS,0.0009993734545572248,0.25184211054842065,0.032887770321583513,0.5220771686779243,0.48238483821495187,1602
SICALLOG.NS,-7.10187875324013e-05,-0.01789673445816513,0.03279646087423375,0.5206276761376949,-0.03437530365449075,1602
SIDDHIKA.NS,0.0020331282044069032,0.5123483075105396,0.028636940085244783,0.4545973306524871,1.1270376506064435,1260
SIEMENS.NS,0.0011195850978601317,0.2821354446607532,0.019449887667879043,0.30875739478409997,0.9137771254289722,1602
SIGACHI.NS,-0.0002899882324839365,-0.073077034585952,0.030847066628324996,0.4896820018463258,-0.14923365431120206,1137
SIGIND.NS,0.0010612610989761944,0.267437796942001,0.035221577837936995,0.559125214454912,0.47831467805064837,1602
SIGMA.NS,0.0025628514334699376,0.6458385612344243,0.03384750198986364,0.5373124365956584,1.201979550904076,1385
SIGMAADV.NS,0.003447289932880142,0.8687170630857958,0.03708482938030319,0.588703415721263,1.4756446792846751,1602
SIGNATURE.NS,0.0011254964557498891,0.2836251068489721,0.02246099964241429,0.35655731551043346,0.7954544599455083,673
SIGNORIA.NS,-0.0002132382435518896,-0.05373603737507618,0.03525287211915755,0.5596219957683206,-0.0960220251909514,557
SIGNPOST.NS,0.00016896469496466393,0.04257910313109531,0.03545017986066465,0.5627541590629743,0.07566199635377648,580
SIKKO.NS,0.0022745479059222344,0.573186072292403,0.03681757894018309,0.5844609465072809,0.9807089348189026,1602
SIL.NS,0.0005196397393103881,0.1309492143062178,0.026780343056864494,0.4251247665207525,0.30802537188767976,1602
SILGO.NS,0.001268506307738043,0.3196635895499868,0.03527007552139426,0.559895091312456,0.5709347956608443,1602
SILINV.NS,0.0011284996274632236,0.28438190612073233,0.029355553016365728,0.4660049572804543,0.6102551092596717,1602
SILKFLEX.NS,0.0031922948279957163,0.8044582966549205,0.03676734149837775,0.5836634518421548,1.3782913665673162,521
SILLYMONKS.NS,0.00032359094049434284,0.08154491700457439,0.03654439035494966,0.5801242121619855,0.14056458133453145,1602
SIMPLEXINF.NS,0.0019266979944457426,0.48552789460032714,0.035677084997991076,0.5663561664503863,0.8572836729991888,1602
SINCLAIR.NS,-0.0006240899640069441,-0.15727067092974992,0.026152445018706352,0.41515719417472174,-0.3788219814963907,543
SINDHUTRAD.NS,0.0010589791391222958,0.2668627430588185,0.039492300281599196,0.6269208314819855,0.4256721577236133,741
SINTERCOM.NS,0.00041394890114004727,0.1043151230872919,0.024070073245722922,0.3821005670837529,0.2730043660584963,1602
SIRCA.NS,0.0011244598595199664,0.28336388459903156,0.026382362417608954,0.41880701973222045,0.676597743705945,1602
SIS.NS,0.0001326900560829157,0.033437894132894753,0.02067463136889639,0.32819959830020845,0.10188280030223765,1602
SITINET.NS,-0.0004715020808953774,-0.11881852438563512,0.03566224668935744,0.5661206156032579,-0.209881995304167,1602
SIYSIL.NS,0.0011076907000254967,0.2791380564064252,0.03045526641274466,0.4834623662420435,0.5773728751136668,1602
SJLOGISTIC.NS,0.0015709023410817795,0.39586738995260845,0.03689459103743473,0.5856834756509091,0.6759067079921534,618
SJS.NS,0.0016623002043368938,0.4188996514928972,0.025962353550746966,0.4121395856712673,1.0164023696258624,1137
SJVN.NS,0.0010220561653867817,0.257558153677469,0.025001559852287653,0.39688745854709934,0.6489450551557403,1602
SKFINDIA.NS,0.00046292451202167655,0.1166569770294625,0.019285949163926425,0.3061549517135003,0.38103900125264034,1602
SKIPPER.NS,0.002239169930686437,0.5642708225329821,0.03722773961312045,0.5909720453363079,0.9548181288539109,1602
SKMEGGPROD.NS,0.0021308420572643386,0.5369721984306134,0.03348827316413172,0.5316098557757439,1.0100869887881303,1602
SKP.NS,0.0011374411960459428,0.2866351814035776,0.03426189023347628,0.5438906460286258,0.5270088454297328,962
SKYGOLD.NS,0.004443135164407155,1.1196700614306032,0.037378605495546884,0.5933669669736557,1.8869774081648776,851
SLONE.NS,0.0005129146748589461,0.12925449806445444,0.03577148918134887,0.5678547864017196,0.22761892857061428,524
SMARTLINK.NS,0.0009577080859347035,0.24134243765554528,0.03257472506283493,0.5171077292553846,0.4667159742575675,1602
SMCGLOBAL.NS,0.0006145309321099298,0.1548617948917023,0.024428607123181813,0.3877921159418405,0.39934229842601504,1314
SMLMAH.NS,0.001771761054806824,0.44648378581131964,0.03304582056473785,0.5245861385061623,0.8511162477200582,1602
SMLT.NS,0.00037920501859100116,0.0955596646849323,0.03438225825053072,0.545801429062218,0.17508137501420704,1130
SMSPHARMA.NS,0.0018491580470892859,0.46598782786650006,0.03081372913928553,0.48915278561432324,0.95264269482033,1602
SMVD.NS,0.0011165582316489822,0.28137267437554353,0.02937089568604668,0.466248514610996,0.6034821893433817,1602
SNOWMAN.NS,0.0004886354920317954,0.12313614399201243,0.0300851041987173,0.4775862232636267,0.25783018436032545,1602
SOBHA.NS,0.0012657287290083596,0.3189636397101066,0.029925554363561344,0.47505344815036266,0.6714268488145971,1602
SOFTTECH.NS,0.0016373322656237034,0.41260773093717323,0.02914537100694873,0.4626684213185911,0.8918000709044581,1602
SOLARA.NS,0.000853857286693212,0.21517203624668943,0.03207691000611798,0.5092051602215252,0.4225645241950823,1602
SOLARINDS.NS,0.0020166968079903744,0.5082075956135743,0.022137481309230846,0.35142162118539233,1.4461477751406469,1602
SOLEX.NS,0.0033278478989307676,0.8386176705305535,0.039783787513281446,0.6315480478342769,1.3278762770407824,1602
SOMANYCERA.NS,0.0008894330057661987,0.22413711745308207,0.026361690858795084,0.41847886890921915,0.5355996063488315,1602
SOMATEX.NS,0.002760302723702006,0.6955962863729055,0.03679532197829606,0.5841076281907234,1.1908700602447513,1602
SOMICONVEY.NS,0.002105476244069102,0.5305800135054137,0.040518429086763987,0.6432101212715008,0.8248937570456146,1602
SONACOMS.NS,0.0007140384870204574,0.17993769872915527,0.024023403962620028,0.38135971518201733,0.47183195173951104,1234
SONAMAC.NS,-0.0014920652301759864,-0.37600043800434857,0.03832556278132738,0.6083994478559112,-0.6180157449672731,561
SONAMLTD.NS,0.0015637443449683347,0.3940635749320203,0.028560808323471798,0.4533887764013399,0.8691515878707926,1602
SONATSOFTW.NS,0.0009606770057760374,0.2420906054555614,0.02704651084934528,0.42935004923626774,0.5638536804320732,1602
SONUINFRA.NS,0.001415919454358746,0.356811702498404,0.038895416643242434,0.6174455974695731,0.5778836288746674,1005
SOTAC.NS,0.00026086259212434917,0.06573737321533599,0.031072692859172215,0.4932637072227734,0.13327024115651573,787
SOTL.NS,0.0011556277424879702,0.2912181911069685,0.025124159124072055,0.39883366165145423,0.7301745542267386,1602
SOUTHBANK.NS,0.00136550908497584,0.34410828941391164,0.027855443930341093,0.44219146379391683,0.7781884490974326,1602
SOUTHWEST.NS,0.00221197256726243,0.5574170869501324,0.03435694181908149,0.5453995431720283,1.0220343854859326,1602
SPAL.NS,0.001572300857562434,0.39621981610573337,0.03377077885520228,0.5360944945909427,0.739085777047686,1602
SPANDANA.NS,-0.00036565043708936,-0.09214391014651872,0.032251106243868476,0.5119704397679906,-0.17997896555956538,1602
SPARC.NS,0.000857424038126395,0.21607085760785155,0.03176510770237478,0.5042554520979959,0.42849483671197036,1602
SPCENET.NS,0.001341927459853916,0.33816571988318683,0.0317668253972352,0.5042827196585699,0.6705875626913126,1602
SPECIALITY.NS,0.0009102696003640814,0.2293879392917485,0.031514395347094624,0.5002755168419006,0.45852321684620984,1602
SPECTRUM.NS,0.0026137596454406313,0.658667430651039,0.028952462571420173,0.4596060948413005,1.4331129156989821,1602
SPECTSTM.NS,-0.0005428516398096105,-0.13679861323202183,0.03854630464484845,0.6119036163048175,-0.2235623545716653,739
SPENCERS.NS,0.00033167506432707413,0.08358211621042268,0.03286974154825765,0.5217909707739415,0.1601831401690418,1602
SPIC.NS,0.0014159627914665375,0.35682262344956744,0.033416618519986556,0.5304723735635983,0.6726507189290754,1602
SPLIL.NS,0.0005210498321691536,0.1313045577066267,0.03402361388594773,0.5401081262754097,0.2431079099144537,1602
SPLPETRO.NS,0.0017403706535838658,0.43857340470313416,0.0255079474840495,0.40492611299094416,1.083094892210477,1602
SPMLINFRA.NS,0.0024298496224620003,0.612322104860424,0.036525484969671576,0.5798240984746714,1.0560480436588342,1602
SPORTKING.NS,0.0010761989516374461,0.2712021358126364,0.029561592024136312,0.4692757251300912,0.577916396032321,944
SPRL.NS,0.0004995135251767958,0.12587740834455252,0.02664846038428849,0.42303119399750444,0.2975605821288326,1040
SREEL.NS,0.0005299341567418225,0.13354340749893925,0.02584845898593461,0.41033156550621475,0.32545243584707023,1602
SRF.NS,0.0010821712670872395,0.2727071593059844,0.019972834673192132,0.3170589211336464,0.8601150799697356,1602
SRGHFL.NS,0.000582065721558922,0.14668056183284833,0.027478779747326015,0.4362121052576576,0.3362597233430935,699
SRHHYPOLTD.NS,0.0015302826924922916,0.3856312385080575,0.033800714196837146,0.5365697034072084,0.7186973771707678,1602
SRIVASAVI.NS,0.0016816207605644471,0.42376843166224065,0.04118607964672316,0.6538087453375707,0.6481535077103366,809
SRM.NS,0.001890949891303203,0.47651937260840715,0.03152153937256812,0.5003889247304774,0.952298000730278,548
SSFL.NS,0.0017300370640479918,0.4359693401400939,0.0415229620493635,0.6591565876883324,0.6614048137924889,700
SSWL.NS,0.0010661597647124326,0.26867226070753303,0.024976799058513695,0.39649439313155665,0.6776193191170492,1602
STAR.NS,0.0015405209290606243,0.38821127412327733,0.029122058459914772,0.46229834610731496,0.8397418623538845,1602
STARCEMENT.NS,0.0007906230743179804,0.19923701472813107,0.022055474549506484,0.35011980423305095,0.5690538276307059,1602
STARHEALTH.NS,-0.0002208119436469579,-0.05564460979903339,0.018943066083828924,0.30071185156124136,-0.1850429556072921,1119
STARPAPER.NS,0.00045133329912262315,0.11373599137890103,0.025346614736634566,0.40236503502299986,0.2826686751556325,1602
STARTECK.NS,0.0010254423805861742,0.2584114799077159,0.03301792862719502,0.5241433677242299,0.493016788573914,1022
STCINDIA.NS,0.0012709660588599645,0.32028344683271104,0.035033625910474174,0.5561415701039008,0.5759027270212409,1602
STEELCAS.NS,0.0017483055571896832,0.44057300041180014,0.027354244233594987,0.43423516526528977,1.0145953981931388,1132
STEELCITY.NS,0.0010304935128202133,0.25968436523069377,0.0299192800382969,0.474953846324596,0.5467570527962808,1602
STEELXIND.NS,0.0015043401038605604,0.3790937061728612,0.03177620894358782,0.5044316788389591,0.7515263653651056,1602
STEL.NS,0.0019807370547761647,0.4991457378035935,0.03257403642665285,0.5170967974948951,0.9652849142012355,1602
STERTOOLS.NS,0.0006180121700692215,0.15573906685744382,0.03173071535166425,0.5037094904560981,0.3091843012853012,1602
STLTECH.NS,0.0016578934860445088,0.41778915848321624,0.031588216286189054,0.5014473879202592,0.8331664867494605,1602
STOVEKRAFT.NS,0.0007251040865108394,0.18272622980073153,0.027995448078126973,0.4444139607392707,0.41116221798426705,1326
STYLAMIND.NS,0.0011301067789786282,0.28478690830261433,0.026145408922045574,0.4150454996029315,0.6861582852363564,1208
STYRENIX.NS,0.0012041634835808456,0.30344919786237307,0.025136058406985986,0.3990225569116758,0.7604813126630883,1602
SUBEXLTD.NS,0.001156912138531102,0.2915418589098377,0.03676906031444731,0.5836907372013719,0.49948001626288696,1602
SUBROS.NS,0.0010773635239175415,0.27149560802722045,0.0289274917337361,0.4592096950820544,0.5912235977045475,1602
SUDARCOLOR.NS,0.0004819748506112696,0.12145766235403994,0.02615890247724861,0.4152597031511477,0.2924860308678479,1602
SUDARSCHEM.NS,0.0008898403421033358,0.22423976621004063,0.02591602997929722,0.4114042217718891,0.5450594678981555,1602
SUKHJITS.NS,9.070714249444636e-05,0.022858199908600482,0.024707714159783022,0.3922228027899305,0.05827861038676795,894
SULA.NS,-0.0006109848860704443,-0.15396819128975198,0.02287790876642739,0.36317554267914814,-0.4239497796407977,862
SUMEETINDS.NS,0.001671623151883452,0.4212490342746299,0.033780892939603124,0.5362550507033252,0.7855385860182403,1602
SUMICHEM.NS,0.0008157072803303922,0.20555823464325884,0.02250957794085446,0.35732847209115765,0.5752640796863764,1584
SUMIT.NS,0.0010017055475533766,0.2524297979834509,0.03504777332681194,0.5563661533758437,0.45371163657564595,1602
SUMMITSEC.NS,0.001160207481768383,0.2923722854056325,0.027891207663459514,0.4427591954566366,0.6603415319338458,1602
SUNCLAY.NS,1.1367293282295601e-05,0.0028645579071384917,0.026706531073770873,0.4239530376144991,0.006756781183257465,611
SUNDARAM.NS,0.0005846504975007136,0.14733192537017983,0.031755411264373555,0.5041015259166697,0.29226637452102155,1602
SUNDARMFIN.NS,0.0008469397415969083,0.2134288148824209,0.021197639188542748,0.33650209004736675,0.6342570260184066,1602
SUNDRMBRAK.NS,0.0010642523889489665,0.26819160201513953,0.029701572870017744,0.47149785216917955,0.5688076855096869,1602
SUNDRMFAST.NS,0.0005530936542624857,0.1393796008741464,0.01960141018413425,0.3111627401603281,0.447931525485122,1602
SUNDROP.NS,0.0003584565607976965,0.09033105332101951,0.023769436851825757,0.37732811228390994,0.23939656331000445,1602
SUNFLAG.NS,0.0019998139842589183,0.5039531240332474,0.03367686106171192,0.5346035958393863,0.9426669179843165,1602
SUNPHARMA.NS,0.0010208000806089731,0.2572416203134612,0.015517103039988149,0.24632637427183796,1.044312128873287,1602
SUNREST.NS,-0.0008039281430805837,-0.2025898920563071,0.036447418213658704,0.5785848271422418,-0.3501472602676833,638
SUNTECK.NS,0.0002631039505995148,0.06630219555107772,0.027148456624624926,0.4309683882478894,0.15384468410926988,1602
SUNTV.NS,0.0003364930846154661,0.08479625732309745,0.02139694790124225,0.3396660177749546,0.24964598424820683,1602
SUPERHOUSE.NS,0.0008219508966059421,0.2071316259446974,0.030357595517831546,0.48191188885242814,0.4298122348422194,1602
SUPERSPIN.NS,0.0008217826902535019,0.20708923794388248,0.03428246682956571,0.5442172893651109,0.38052675280764187,1602
SUPRAJIT.NS,0.0007833142059767379,0.19739517990613795,0.02381963495176397,0.3781249824162568,0.5220368636971904,1602
SUPREMEENG.NS,0.00046025957613556945,0.1159854131861635,0.036122202008124826,0.5734221799292175,0.20226879469587414,1602
SUPREMEIND.NS,0.0009361778364036792,0.23591681477372717,0.02156016476188527,0.34225700511315926,0.6892972568836884,1602
SUPREMEINF.NS,0.0018759051267359854,0.47272809193746834,0.031612354342753494,0.5018305676890708,0.9420073673757673,1602
SUPREMEPWR.NS,0.0022971170412029664,0.5788734943831475,0.039308549547043665,0.6240038790008292,0.927676115267191,611
SUPRIYA.NS,0.0012967135012603398,0.3267718023176056,0.030232538885828785,0.47992667636395636,0.6808785975251676,1107
SURAJEST.NS,-0.0002857129428461544,-0.07199966159723091,0.031457791391343644,0.49937695690106304,-0.1441789826347465,614
SURANASOL.NS,0.0014735618601169175,0.3713375887494632,0.03577674423489257,0.5679382077905373,0.6538344905409449,1602
SURANAT&P.NS,0.0017305511381559412,0.4360988868152972,0.03697221100782323,0.58691565448143,0.7430350229806237,1602
SURANI.NS,0.0015816467950725095,0.3985749923582724,0.03460117015766353,0.5492765478540437,0.7256362826984989,1602
SURYALAXMI.NS,0.0012780770092030672,0.3220754063191729,0.03333683189520283,0.5292058001608365,0.608601429200677,1602
SURYAROSNI.NS,0.0017071146057904705,0.4301928806591986,0.03215432614678842,0.5104341033555835,0.8427980768352257,1602
SURYODAY.NS,3.698027496228537e-05,0.009319029290495913,0.028298194714011363,0.4492199145921398,0.0207449157701678,1293
SUTLEJTEX.NS,0.0006561239815353426,0.16534324334690634,0.03270439463996213,0.5191661699775215,0.3184784620193285,1602
SUVEN.NS,0.002431760515210992,0.61280364983317,0.03511303290856809,0.5574021171197889,1.0993923973587545,1602
SUVIDHAA.NS,-0.002184573686745828,-0.5505125690599487,0.03461843188121642,0.5495505692203714,-1.001750521050214,1291
SUZLON.NS,0.0027922030094541055,0.7036351583824346,0.03468872490575834,0.5506664363914143,1.2777883522254296,1602
SVLL.NS,0.0017959018854274693,0.45256727512772227,0.025569089043248942,0.4058967051534189,1.1149813964532258,1602
SVPGLOB.NS,-0.0020311847319797586,-0.5118585524588992,0.034256031332536574,0.54379763885957,-0.9412665960307365,1220
SWANCORP.NS,0.001207564914564757,0.3043063584703188,0.030891689284354863,0.49039036455049106,0.620539024557011,1602
SWANDEF.NS,0.0023435146993605496,0.5905657042388585,0.028148444129783214,0.44684269776481395,1.3216411663275967,1602
SWARAJ.NS,0.0027700960986048084,0.6980642168484117,0.03552810422259955,0.563991169959493,1.2377218900404914,1036
SWARAJENG.NS,0.0009454185672667402,0.23824547895121853,0.02016302124029147,0.3200780392891461,0.7443355985319469,1602
SWASTIK.NS,-0.000615217580726805,-0.15503483034315485,0.03419586644214623,0.5428425508337882,-0.28559815383857895,911
SWELECTES.NS,0.0018128887374143933,0.45684796182842713,0.036841376404017,0.5848387195341124,0.7811520451182784,1602
SWSOLAR.NS,0.0003212850308012853,0.08096382776192389,0.031590610698341064,0.5014853980348017,0.16144802636168723,1602
SYMPHONY.NS,-3.2160409802141904e-05,-0.00810442327013976,0.021503917280012236,0.3413641040197013,-0.02374128730791222,1602
SYNCOMF.NS,0.0011197266784658214,0.282171122973387,0.03235033664667674,0.5135456735779552,0.5494567231137504,886
SYNGENE.NS,0.0003769841557303257,0.09500000724404208,0.019087586875687592,0.3030060480084583,0.31352511894874846,1602
SYNOPTICS.NS,-0.0009207674087498207,-0.23203338700495482,0.03310388049585896,0.5255078113394662,-0.44154127112501945,725
SYRMA.NS,0.0020015314030833843,0.5043859135770129,0.02850519734340622,0.4525059794608314,1.114650273081468,942
SYSTANGO.NS,0.0018080909514807209,0.45563891977314164,0.03554009210532909,0.5641814716981844,0.807610569701394,805
TAC.NS,0.0026098765301046023,0.6576888855863597,0.042152211768679296,0.6691456173075331,0.9828785671984639,546
TAINWALCHM.NS,0.0015103229195197714,0.3806013757189824,0.03876995228231923,0.6154539124851462,0.6184075980314254,1602
TAJGVK.NS,0.000850632504488098,0.2143593911310007,0.0284485204530852,0.45160626171958795,0.47465991794440854,1602
TAKE.NS,-0.00022154714561280076,-0.05582988069442579,0.03314304013147898,0.5261294512831611,-0.1061143423130258,1602
TALBROAUTO.NS,0.0022259445899865484,0.5609380366766102,0.03304150389632975,0.5245176135195614,1.0694360345931273,1602
TANLA.NS,0.001850030498610536,0.4662076856498551,0.03155835094746556,0.5009732903657609,0.9306038757265415,1602
TAPIFRUIT.NS,0.0003465452342163026,0.08732939902250826,0.03049040943770467,0.48402024446821984,0.18042509589336445,923
TARACHAND.NS,0.002012050601895919,0.5070367516777716,0.0377902720249879,0.5999019705335956,0.8451993435307055,1602
TARAPUR.NS,0.0016334533508046475,0.4116302444027712,0.031268221843023206,0.49636763361502273,0.8292850228869416,1602
TARC.NS,0.001751490141640072,0.44137551569329814,0.030851326989010167,0.48974963297553625,0.9012268432171454,1360
TARIL.NS,0.0037823545888559145,0.9531533563916904,0.040010588665168295,0.6351484045040104,1.5006781873852162,1602
TARMAT.NS,0.0011775541285246939,0.2967436403882229,0.0370361321892139,0.587930371778245,0.5047258223634488,1602
TARSONS.NS,-0.0006856545627515603,-0.17278494981339318,0.025587465240674217,0.4061884182440007,-0.42538128132841013,1129
TASTYBITE.NS,0.0003059708677443143,0.07710465867156721,0.02539202510060606,0.4030859022030809,0.19128592255434598,1602
TATACHEM.NS,0.000795068926553956,0.2003573694915969,0.02159222545632919,0.3427659528593111,0.5845311292450156,1602
TATACOMM.NS,0.0012849974810010879,0.32381936521227417,0.022904425059476746,0.3635964757817476,0.8906009457766306,1602
TATACONSUM.NS,0.0009326553305496149,0.23502914329850297,0.017466388097111235,0.2772703152449701,0.8476534644210045,1602
TATAELXSI.NS,0.0012890803067116961,0.32484823729134743,0.023763738066919216,0.37723764687808226,0.8611235914010822,1602
TATAINVEST.NS,0.0016876946448624083,0.4252990505053269,0.025095322232045546,0.39837589018213726,1.0675823035146037,1602
TATAPOWER.NS,0.0014787485133318453,0.372644625359625,0.02305293025756941,0.365953922717069,1.018282910025612,1602
TATASTEEL.NS,0.00115939288026062,0.29216700582567623,0.022572654323473558,0.3583297786232278,0.8153578721484949,1602
TATATECH.NS,-0.0007489660089357492,-0.18873943425180878,0.017601410044706386,0.27941372221420424,-0.675483769215591,631
TATSILV.NS,0.0025516365210840656,0.6430124033131845,0.025913227692787363,0.41135973685264454,1.563138892087345,597
TATVA.NS,-0.00024609734941490676,-0.0620165320525565,0.024681035803626124,0.39179929701525557,-0.15828648117799393,1210
TBOTEK.NS,0.0004520888421995144,0.11392638823427763,0.026310699908422913,0.4176694126664216,0.2727668935749115,521
TBZ.NS,0.0015593312460607908,0.3929514740073193,0.033275404906082176,0.5282306769388322,0.7439012748834012,1602
TCI.NS,0.0011198322663139083,0.2821977311111049,0.026063384320447865,0.4137433994196314,0.6820597778887857,1602
TCIEXP.NS,9.456919938941304e-05,0.023831438246132087,0.024247085855114973,0.3849105551439968,0.061914223779123534,1602
TCIFINANCE.NS,0.001121285625727377,0.28256397768329905,0.032882737719094744,0.5219972785901279,0.5413131241727568,1602
TCL.NS,-0.0002489504434857169,-0.06273551175840066,0.0385326150038604,0.6116862999912646,-0.10256157733023705,573
TCPLPACK.NS,0.0020372495602716356,0.5133868891884522,0.03102582529217755,0.4925197076618381,1.0423682163413883,1602
TCS.NS,0.00010575452649446732,0.026650140676605764,0.015365135270723487,0.2439139607232087,0.10926041542512648,1602
TDPOWERSYS.NS,0.0029323701106631385,0.7389572678871109,0.03231142199170193,0.5129279225814397,1.44066492650297,1602
TEAMGTY.NS,0.001989073144138752,0.5012464323229655,0.03924539183762696,0.6230012814458706,0.8045672573251621,1602
TEAMLEASE.NS,-2.715502041380786e-05,-0.006843065144279581,0.022618693605991867,0.35906062957572754,-0.019058244153265895,1602
TECHLABS.NS,0.0011255929570933854,0.2836494251875331,0.04016986609154308,0.6376768552619348,0.4448168736985445,611
TECHM.NS,0.0005839481930425015,0.1471549446467104,0.01895915811210645,0.3009673045907191,0.488939969232951,1602
TECHNOE.NS,0.0012828071282880381,0.3232673963285856,0.02805827157390433,0.4454112528171823,0.725772854376604,1602
TECILCHEM.NS,-0.00025364678507227206,-0.06391898983821256,0.03554858432601781,0.5643162815223107,-0.11326802350232291,783
TEGA.NS,0.0011039403180812244,0.27819296015646855,0.024019880371179334,0.3813037799019741,0.7295835363289255,1118
TEJASNET.NS,0.0017754294015491078,0.44740820919037516,0.03383544062535429,0.5371209683698753,0.8329747590160702,1602
TEMBO.NS,0.0018276678691542588,0.46057230302687324,0.029553534867077114,0.4691478217269742,0.9817210731821503,1602
TERASOFT.NS,0.0026241091880462785,0.6612755153876622,0.04089626561286137,0.6492080901772422,1.018587915635995,1602
TEXINFRA.NS,0.0009946893628790879,0.2506617194455302,0.030772899888030086,0.48850464134409,0.5131204460122428,1602
TEXMOPIPES.NS,0.0013229955294408761,0.3333948734191008,0.034576418105725495,0.5488836212108441,0.6074053962179223,1602
TEXRAIL.NS,0.001437370518455184,0.36221737065070636,0.034780886998702826,0.5521294642608443,0.6560370240983604,1602
TFCILTD.NS,0.0017364400073202225,0.43758288184469607,0.03261601965415147,0.5177632605700783,0.8451408494355116,1602
TFL.NS,0.0012529062107600104,0.31573236511152264,0.03401172523172349,0.5399193997404063,0.5847768486617207,1602
TGBHOTELS.NS,0.0011322891322769354,0.2853368613337877,0.03161849223283702,0.5019280036734847,0.5684816532360798,1602
TGL.NS,-0.002830875978485977,-0.7133807465784663,0.03772013261370077,0.5987885418973742,-1.191373409247253,540
THANGAMAYL.NS,0.002635697593475033,0.6641957935557082,0.03157955141134,0.5013098372963067,1.3249207259484224,1602
THEINVEST.NS,0.00043167180576425394,0.10878129505259199,0.03165064127594215,0.502438353911154,0.21650674994414887,1602
THEJO.NS,0.0020044295555346836,0.5051162479947403,0.03154222954404582,0.500717371020357,1.0087851495254085,1602
THEMISMED.NS,0.001226590224269552,0.3091007365159271,0.03275770817054021,0.5200124960380681,0.5944102091217806,1602
THERMAX.NS,0.0011569822111167085,0.29155951720141055,0.0228290638945178,0.3624001543757867,0.8045237113753578,1602
THOMASCOOK.NS,0.0008523477637727725,0.21479163647073868,0.032211040968250025,0.5113344232350164,0.42006097518691293,1602
THOMASCOTT.NS,0.0032279137867561518,0.8134342742625502,0.03254344458600055,0.5166111670798129,1.57455805467883,1602
THYROCARE.NS,0.0010591017790692772,0.26689364832545787,0.026152357595611124,0.4151558063761088,0.6428758654616203,1602
TI.NS,0.0027123451080647296,0.6835109672323119,0.031051224946254213,0.49292291467028165,1.3866487981990356,1602
TICL.NS,0.0017457957106660333,0.4399405190878404,0.03270382287713232,0.5191570935239819,0.8474130943710544,1602
TIIL.NS,0.0019989426812313184,0.5037335556702922,0.03306036936371988,0.524817093530049,0.9598268842237135,1602
TIINDIA.NS,0.0015070076108921477,0.37976591794482123,0.025381632112922166,0.4029209186383376,0.9425321455838823,1602
TIJARIA.NS,0.00029143211689531856,0.07344089345762028,0.033086546574250295,0.5252326438645342,0.13982545509216646,1602
TIL.NS,0.001532158465582035,0.3861039333266728,0.034192301957241614,0.5427859663901302,0.7113373543802322,1602
TIMESCAN.NS,0.0002406548322334042,0.060645017722817864,0.03824995116629457,0.6071991506782827,0.09987665110379891,1086
TIMETECHNO.NS,0.0016196996517583752,0.40816431224311056,0.030394144656478515,0.48249208844138913,0.8459502694886,1602
TIMKEN.NS,0.0011306143825864777,0.2849148244117924,0.023251428700895024,0.36910498781710716,0.771907272499305,1602
TIPSFILMS.NS,0.0004532279158813383,0.11421343480209725,0.037435082442879054,0.5942635107183498,0.19219324885695113,915
TIPSMUSIC.NS,0.0031940020982818866,0.8048885287670354,0.0307790317972068,0.48860198238455166,1.6473296420921029,1602
TIRUMALCHM.NS,0.0010195767578467828,0.2569333429773893,0.03151120359715396,0.50022484938236,0.5136357046128981,1602
TIRUPATI.NS,0.0019788530464589856,0.49867096770766434,0.025659501331872166,0.4073319557403864,1.2242372852904597,1602
TIRUPATIFL.NS,0.002194102549770496,0.552913842542165,0.032349106919475144,0.5135261522638199,1.0767004564513591,1602
TITAGARH.NS,0.002431567504712913,0.6127550111876541,0.03189799838475449,0.5063650262808023,1.2101053180711847,1602
TITAN.NS,0.0009908971793456782,0.2497060891951109,0.017496988218683816,0.2777560771155864,0.8990121540750207,1602
TMB.NS,0.0005965423084215529,0.15032866172223133,0.01700123164783389,0.2698861855318159,0.5570076194378227,929
TMPV.NS,0.000985354970944086,0.24830945267790966,0.025595757174753108,0.40632004861676363,0.6111178946823573,1602
TNPETRO.NS,0.0009296202076898585,0.23426429233784435,0.02704464760220274,0.42932047110484645,0.5456629909469971,1602
TNPL.NS,0.0002324878871366681,0.058586947558440364,0.02455401547468287,0.38978291180425473,0.15030660858694125,1602
TNTELE.NS,0.0019193889285555382,0.48368600999599565,0.032105487027726046,0.5096588063758404,0.9490388549066069,1602
TOKYOPLAST.NS,0.000541849693452421,0.1365461227500101,0.03073443189256296,0.48789398084744295,0.2798684306636404,1602
TORNTPHARM.NS,0.0011355126063783984,0.2861491768073564,0.01666668230352441,0.2645753793338803,1.0815412134258007,1602
TORNTPOWER.NS,0.0012615822393398468,0.3179187243136414,0.022472227831006785,0.35673555747857033,0.8911887745665478,1602
TOTAL.NS,0.0007805986600472063,0.196710862331896,0.033676102390245134,0.5345915523032188,0.36796477887537243,1602
TOUCHWOOD.NS,0.0005020937434694798,0.1265276233543089,0.03321921722966521,0.5273387252275571,0.23993614976732408,1602
TPHQ.NS,0.0007521801624767657,0.18954940094414496,0.027173326116865508,0.43136317919809564,0.4394195195253276,1602
TPLPLASTEH.NS,0.001703527925951658,0.4292890373398178,0.03595215615133049,0.5707227856378891,0.7521848577676942,1602
TRACXN.NS,-0.0008190426110093617,-0.20639873797435915,0.028854531604744448,0.45805148894044373,-0.45060160911559727,905
TRANSTEEL.NS,0.0009341103383123304,0.23539580525470727,0.029683554761633153,0.4712118235658909,0.499554114481576,647
TRANSWIND.NS,0.0011969842851085966,0.3016400398473663,0.028327286386997563,0.4496817305838056,0.6707856231022726,1602
TRANSWORLD.NS,0.001351726811660167,0.34063515653836207,0.03674846111768259,0.583363735090289,0.5839155505366491,1602
TREEHOUSE.NS,0.0007515807470534139,0.1893983482574603,0.03385809395223827,0.537480578785695,0.3523817524446357,1602
TREJHARA.NS,0.002197531811955671,0.5537780166128291,0.03612170107314858,0.5734142278329964,0.9657556260953359,1602
TREL.NS,1.8988923536157795e-05,0.004785208731111764,0.028940414181569025,0.45941483258183113,0.010415877746523174,705
TRENT.NS,0.0016468842469873105,0.41501483024080227,0.024116561625634785,0.3828385472363594,1.0840466124341905,1602
TRF.NS,0.000977777425627665,0.2463999112581716,0.033778847817210036,0.5362225853918084,0.4595105054706554,1602
TRIDENT.NS,0.0012533671844872215,0.3158485304907798,0.029016794541797754,0.4606273332111196,0.6856921153352764,1602
TRIDHYA.NS,-0.0010566006937184024,-0.2662633748170374,0.03586442629680327,0.5693301173720797,-0.467678358640254,725
TRIGYN.NS,0.0007827681993785388,0.1972575862433918,0.03449042308883709,0.5475184926387789,0.36027565990091764,1602
TRITURBINE.NS,0.0017303939235871698,0.4360592687439668,0.03035531573968724,0.4818756984963427,0.9049206467656645,1602
TRIVENI.NS,0.0015536615446538709,0.39152270925277544,0.029719589880374105,0.4717838633418104,0.8298772799889401,1602
TRU.NS,-0.0019118518236427087,-0.4817866595579626,0.03697406236427714,0.586945043854021,-0.8208377676970174,1018
TRUST.NS,-0.002255325552451255,-0.5683420392177163,0.037769041002681504,0.5995649385029812,-0.9479240741407869,547
TSFINV.NS,0.0015053592373400803,0.37935052780970024,0.027818557770277058,0.4416059141558195,0.859025016761545,1602
TTKHLTCARE.NS,0.0007025252042992639,0.1770363514834145,0.024811616849423453,0.39387220685396634,0.44947662821269646,1602
TTKPRESTIG.NS,0.00018108652071094166,0.0456338032191573,0.021097557355284614,0.334913340198028,0.136255555518257,1602
TTL.NS,0.00081316926440801,0.20491865463081851,0.031827245037140184,0.5052418517075258,0.4055852735442862,1602
TTML.NS,0.0025352150534208606,0.6388741934620569,0.03726360791133299,0.5915414369184367,1.0800159609953859,1602
TVSELECT.NS,0.001528137197063397,0.38509057365997607,0.03463958484784481,0.5498863621555112,0.7003093732866029,1602
TVSHLTD.NS,0.0015953310520607413,0.40202342511930683,0.023044570986987034,0.36582122341045187,1.0989614581990397,1602
TVSMOTOR.NS,0.0014348918523262122,0.36159274678620545,0.019486981300175697,0.30934623794178606,1.1688933060639042,1602
TVSSCS.NS,-0.00021695118772859336,-0.05467169930760553,0.02487018531116038,0.39480195236053145,-0.13847879672509716,697
TVSSRICHAK.NS,0.0008674039002589548,0.21858578286525662,0.02468038663505216,0.39178899178362153,0.5579171121427983,1602
TVTODAY.NS,-0.0001132145028378042,-0.02853005471512666,0.024134949153842757,0.3831304401975403,-0.0744656433469935,1602
TVVISION.NS,0.0014945459535939483,0.37662558030567495,0.031706943454312124,0.5033321232845829,0.7482645412097644,1602
UBL.NS,0.0001705485071531974,0.04297822380260574,0.016627906721466988,0.26395983605148604,0.16282107325685233,1602
UCAL.NS,0.0003961089802929596,0.09981946303382581,0.028649683873739465,0.4547996320231935,0.21948008750529355,1602
UCL.NS,0.0020589817710733004,0.5188634063104717,0.040968500101482494,0.6503547771350827,0.7978159376273799,1602
UCOBANK.NS,0.0006860615351179268,0.17288750684971757,0.027505038255015508,0.436628946144534,0.39595979235075246,1602
UDS.NS,-0.00031788798691494564,-0.0801077727025663,0.026555165023687866,0.42155017606175244,-0.1900314061091304,669
UEL.NS,0.0016924162226296304,0.4264888881026669,0.03377220091077629,0.5361170690233388,0.7955144738808914,1602
UFBL.NS,0.0004091582589959792,0.10310788126698675,0.029669630204115116,0.4709907780680349,0.21891698535994,1287
UFLEX.NS,0.0008297154702718365,0.2090882985085028,0.02520780268173164,0.40016146196549396,0.5225098326098493,1602
UFO.NS,0.00019323064453867988,0.04869412242374733,0.02853130786512532,0.45292047114325673,0.10751141872840098,1602
UGARSUGAR.NS,0.0011692166964661454,0.29464260750946863,0.032185956633572654,0.5109362217668575,0.5766719894913135,1602
UGROCAP.NS,0.0002428196298272657,0.06119054671647096,0.026422078006608368,0.41943748516220986,0.14588716764980275,1201
UJJIVANSFB.NS,0.0004543805353258409,0.11450389490211191,0.02675680023531897,0.42475103581493107,0.26957884795365766,1602
ULTRACEMCO.NS,0.0007949293049858908,0.20032218485644449,0.016766850338184074,0.26616549758804575,0.7526226602310815,1602
UMA.NS,-0.00022754698836894034,-0.057341841068972964,0.03263820794606663,0.5181154887846272,-0.11067385999882567,857
UMAEXPORTS.NS,-0.0006304580165614131,-0.1588754201734761,0.035060992590361814,0.556576002679054,-0.28545143773489384,1038
UMESLTD.NS,0.0016593154394382874,0.4181474907384484,0.03387182328961209,0.5376985252598359,0.7776615911981236,1602
UMIYA-MRO.NS,0.0012763080199521097,0.32162962102793163,0.036796557047703134,0.5841272343097414,0.550615691473449,1602
UNICHEMLAB.NS,0.0010579571438096432,0.2666052002400301,0.029692678374796066,0.47135665643481545,0.5656124647873713,1602
UNIDT.NS,0.00034129041585096175,0.08600518479444236,0.030188235573624905,0.47922338308586887,0.17946783865308938,1418
UNIENTER.NS,0.0006698809102726745,0.16880998938871397,0.027213258824284912,0.4319970912761511,0.3907664954179133,1602
UNIHEALTH.NS,0.0027048238071112614,0.6816155993920379,0.031599959609115956,0.5016338073924399,1.3587911925935925,677
UNIINFO.NS,0.00022967051364288003,0.05787696943800577,0.03713920026528534,0.5895665267626145,0.09816868294035559,1602
UNIONBANK.NS,0.001104048315629471,0.27822017553862666,0.02587920566156133,0.4108196538503164,0.6772319019576342,1602
UNIPARTS.NS,0.0004565145292405645,0.11504166136862225,0.021169037284182325,0.33604804889160356,0.3423369418393212,870
UNITDSPR.NS,0.0006665085475252897,0.16796015397637298,0.01826561776293006,0.2899576928620613,0.5792574506939362,1602
UNITECH.NS,0.0015024625825987934,0.3786205708148959,0.032568135264675856,0.5170031194526704,0.7323371108780266,1602
UNITEDPOLY.NS,0.003470254331745026,0.8745040915997465,0.03369908192948533,0.5349563411796532,1.6347204889119424,1602
UNITEDTEA.NS,0.0006190681389236351,0.15600517100875605,0.025035116057941148,0.39742014679771187,0.3925446967542971,1602
UNIVASTU.NS,0.0017632707471901838,0.4443442282919263,0.03567831708455183,0.5663757252181871,0.7845396765914533,1602
UNIVCABLES.NS,0.001865727102782625,0.4701632299012215,0.032323381663939325,0.5131177764924517,0.9162871594805055,1602
UNIVPHOTO.NS,0.0017770460027097513,0.4478155926828573,0.0358879246714621,0.5697031425054487,0.7860507679726804,1570
UNOMINDA.NS,0.0014985441012165077,0.3776331135065599,0.024686848865047538,0.39189157650451756,0.9636163065173888,1602
UPL.NS,0.00029389525478638645,0.07406160420616939,0.021601593491710716,0.34291466581066776,0.21597677670356846,1602
URAVIDEF.NS,0.0008633445099062891,0.21756281649638487,0.026646940519354487,0.4230070668896538,0.5143243069107841,1602
URBAN.NS,0.0011664445811675854,0.2939440344542315,0.037699639527468166,0.5984632242387682,0.49116474087129036,739
URJA.NS,0.001652533757725198,0.4164385069467499,0.033511489480239715,0.5319784033684288,0.7828109267404597,1602
USASEEDS.NS,0.00039269983208657595,0.09896035768581714,0.0363498664395382,0.5770362407365858,0.17149764728727335,952
USHAMART.NS,0.0023284944185544398,0.5867805934757189,0.03096593382628713,0.4915689601154312,1.193689270652748,1602
USK.NS,0.00020606750739930954,0.05192901186462601,0.033776093442944966,0.5361788610558706,0.09685016630899017,793
UTIAMC.NS,0.0006758928495538931,0.1703249980875811,0.022019589283285027,0.349550143292131,0.48726914108352876,1407
UTKARSHBNK.NS,-0.001199734795096912,-0.3023331683644218,0.02695261053307434,0.4278594279269684,-0.706617988597945,719
UTTAMSUGAR.NS,0.0009974615094053326,0.25136030037014384,0.03295207816774691,0.5230980240877156,0.4805223663547897,1602
UWCSL.NS,0.0011543707438166264,0.2909014274417899,0.020770662694675913,0.3297240483367151,0.8822572357376873,1602
V2RETAIL.NS,0.0025248932120103965,0.6362730894266199,0.03191226098193029,0.5065914379918647,1.255988636422311,1602
VADILALIND.NS,0.0018080922324632545,0.4556392425807401,0.028892860334420848,0.4586599386612004,0.9934140834508514,1602
VAIBHAVGBL.NS,0.0007206880106106274,0.1816133786738781,0.027935312349825818,0.44345933564730305,0.4095378405074797,1602
VAISHALI.NS,0.0010757007855192978,0.27107659795086303,0.03552795264337096,0.5639887637138364,0.48064184145414146,1602
VAKRANGEE.NS,-0.0006270861161627805,-0.15802570127302068,0.034720854458450655,0.5511764772283719,-0.2867061781512585,1602
VALIANTLAB.NS,-0.0010285141034932076,-0.2591855540802883,0.029233724532185635,0.4640709900499874,-0.5585041074262586,667
VALIANTORG.NS,-0.0007097299975511839,-0.17885195938289833,0.03024530220823995,0.4801292878259737,-0.3725079138428325,1413
VARDHACRLC.NS,0.0005861363484695941,0.14770635981433772,0.027227625879413474,0.4322251612058063,0.3417347555664548,1602
VARDMNPOLY.NS,0.0027008747876652002,0.6806204464916304,0.036248238731154736,0.5754229508804095,1.1828176916653508,1602
VARROC.NS,0.0007732157696500533,0.19485037395181343,0.02860349219367391,0.4540663618346312,0.42912312016360504,1602
VASA.NS,-0.0003060709815428638,-0.07712988734880168,0.024543381255352777,0.38961409880584624,-0.1979648261836574,1602
VASCONEQ.NS,0.0012916260341427638,0.3254897606039765,0.036589896383916284,0.5808465979767842,0.5603712955154228,1602
VASWANI.NS,0.0023246692671587458,0.585816655324004,0.03999458658236482,0.6348943793146681,0.9226993881350144,1602
VBL.NS,0.0016001121292570266,0.4032282565727707,0.022952371732334234,0.3643576056171909,1.1066826940245593,1602
VCL.NS,-0.0013328711574625675,-0.335883531680567,0.03527074768023513,0.5599057615032628,-0.5998929726652039,1032
VEDL.NS,0.0014438740375320937,0.3638562574580876,0.026594454010110933,0.42217386938578777,0.8618635207987996,1602
VEEDOL.NS,0.0005522754651682754,0.1391734172224054,0.021988563606461828,0.34905762594134115,0.39871186554678906,1602
VEEKAYEM.NS,0.0017873812390503353,0.4504200722406845,0.034423948129729966,0.5464632353775152,0.8242458834939173,946
VELS.NS,6.573803978645015e-05,0.016565986026185437,0.03199106105109232,0.5078423503096492,0.03262033191222547,800
VENKEYS.NS,0.0002129827370462498,0.053671649735654955,0.026394424663985724,0.4189985019572148,0.12809508741665032,1602
VENUSPIPES.NS,0.001787428040994351,0.4504318663305764,0.0247919562703454,0.39356010483673404,1.1445059110283429,1008
VENUSREM.NS,0.001765771713752718,0.4449744718656849,0.02318281164710966,0.3680157258570231,1.2091180908898467,1602
VERA.NS,9.04641089218277e-05,0.02279695544830058,0.018686367098417186,0.296636881498029,0.0768513858869301,1602
VERANDA.NS,0.0012301444161693582,0.3099963928746783,0.03598589769635588,0.5712584160598188,0.5426552750204336,1036
VERITAAS.NS,-0.0027244925287356614,-0.6865721172413867,0.03124315131087589,0.4959696512552357,-1.3843026796171107,518
VERTEXPLUS.NS,-0.000616927959685839,-0.15546584584083142,0.03231433171360855,0.5129741129847354,-0.30306762447768515,805
VERTOZ.NS,0.0007278154656746478,0.18340949735001125,0.03550108730791396,0.5635622897347912,0.32544671758701704,1602
VESUVIUS.NS,0.001196976934873453,0.3016381875881101,0.024021412217106998,0.3813280972022029,0.7910200947719925,1602
VETO.NS,0.0013270920075743272,0.33442718590873044,0.032395993208240735,0.514270449023655,0.6502943860446232,1602
VGL.NS,0.0020386525359663535,0.5137404390635211,0.03507677854698279,0.5568265969716121,0.922621947043439,1602
VGUARD.NS,0.00039588276846585244,0.09976245765339481,0.01808857422673459,0.28714721385403325,0.34742617319667773,1602
VHL.NS,0.0010033456720568525,0.2528431093583268,0.02733586748058795,0.4339434433551209,0.5826637393191599,1602
VHLTD.NS,0.0015494181072089983,0.39045336301666755,0.026970976347803037,0.4281509761973517,0.911952523113464,1602
VIAZ.NS,0.0005319515544107155,0.1340517917115003,0.029732990728402704,0.47199659520925663,0.28401008200508165,814
VIDHIING.NS,0.0013401061423537533,0.33770674787314586,0.028492693331927946,0.4523074844322581,0.7466309081686754,1602
VIJAYA.NS,0.0010075699351447197,0.25390762365646935,0.026424692102053695,0.4194789826409202,0.6052928374574079,1179
VIJIFIN.NS,0.0029831634132197514,0.7517571801313774,0.04752782872551065,0.7544808909754388,0.9963899538389368,1602
VIKASECO.NS,0.00032256079237586116,0.08128531967871701,0.034156044897475,0.542210403409653,0.14991471791680838,1602
VIKASLIFE.NS,0.00014765386326502043,0.03720877354278515,0.03261614654111064,0.5177652748381097,0.07186417349911939,1602
VILAS.NS,0.001694979811571797,0.42713491251609287,0.03650537571604766,0.5795048739698314,0.7370687145218544,509
VILINBIO.NS,0.0014437607864053585,0.3638277181741503,0.03743025179396594,0.5941868265441788,0.6123119899681908,734
VIMTALABS.NS,0.0021833213595031497,0.5501969825947938,0.0347736384674954,0.5520143973951722,0.9967076677547644,1602
VINATIORGA.NS,0.00039251402334624676,0.09891353388325419,0.020131939660217566,0.31958463450176317,0.3095065381896778,1602
VINDHYATEL.NS,0.0010280553643520385,0.2590699518167137,0.028618290531947862,0.4543012781719705,0.5702602309620748,1602
VINEETLAB.NS,0.0003520302392322025,0.08871162028651502,0.0354576981844919,0.562873508753712,0.15760489507302647,1241
VINNY.NS,0.0005445352461771569,0.13722288203664354,0.03001259666594462,0.4764352018642545,0.28802003189458064,1602
VINSYS.NS,0.0014604680936208946,0.36803795959246544,0.03114144918820499,0.49435518010886814,0.7444808396898263,704
VINYAS.NS,0.003050377906689634,0.7686952324857877,0.035969423352229156,0.5709968939543856,1.3462336496478304,667
VINYLINDIA.NS,0.0013914772097293597,0.3506522568517986,0.03386272206885152,0.5375540478592785,0.6523106992649653,1602
VIPCLOTHNG.NS,0.0011926392731104044,0.3005450968238219,0.03152398560574108,0.5004277574782244,0.6005763915621722,1602
VIPIND.NS,0.00011440171276577718,0.02882923161697585,0.025334200945273656,0.40216797219438943,0.07168455374422787,1602
VIPULLTD.NS,0.0002521618309708744,0.06354478140466036,0.033749994075800545,0.5357645464468288,0.11860579768871804,1602
VIRINCHI.NS,-0.0005416683020077861,-0.1365004121059621,0.03020964269115122,0.479563210541437,-0.28463487003485993,775
VISAKAIND.NS,0.0007443021573319704,0.18756414364765656,0.028533942096612065,0.4529622882717149,0.4140833541867484,1602
VISASTEEL.NS,0.001862278133521774,0.46929408964748703,0.032147543594051524,0.5103264336688075,0.9195958874277133,1602
VISHNU.NS,0.0023817199683855276,0.600193432033153,0.029559251045369935,0.4692385632442493,1.2790795110348565,1602
VISHNUINFR.NS,0.0019808158413430876,0.49916559201845806,0.03675056305202302,0.5833971022635108,0.8556189087702962,665
VISHWARAJ.NS,-0.0003520138376751239,-0.08870748709413122,0.027484813150825006,0.43630788256896336,-0.20331396850275793,1602
VISHWAS.NS,-0.00039280117026135197,-0.0989858949058607,0.031210847360215257,0.49545684193635803,-0.19978711873066746,550
VITAL.NS,-0.0006539378925769015,-0.1647923489293792,0.031682051781886746,0.5029369802348587,-0.32766003576119096,890
VIVIANA.NS,0.003479841199819653,0.8769199823545526,0.039769747625594536,0.6313251715267478,1.3890147611790566,928
VIVIDHA.NS,0.0018670691375397485,0.47050142266001665,0.049838988742789164,0.7911694188502069,0.594691113496005,1602
VIVIMEDLAB.NS,-0.0008088797326003603,-0.2038376926152908,0.0307909665547298,0.488791440786734,-0.41702385845219375,1602
VIVO.NS,-0.0008391319716398084,-0.21146125685323172,0.027675155136923667,0.4393294679245904,-0.4813272777994679,1094
VIYASH.NS,0.0013257572371027555,0.3340908237498944,0.032076426588994685,0.5091974862125987,0.6561124765851765,1602
VLEGOV.NS,-0.0004628879852908299,-0.11664777229328914,0.038950219232856485,0.6183155616094997,-0.18865411051543066,703
VLSFINANCE.NS,0.0014538458289923067,0.3663691489060613,0.030073973653889276,0.4774095313421971,0.7674106293522146,1602
VMARCIND.NS,0.0037652494774393377,0.9488428683147131,0.040446003482926915,0.6420604004536613,1.477809358191672,1260
VMART.NS,0.0007223213839623081,0.18202498875850162,0.023955188258924755,0.3802768244570956,0.4786644282579425,1602
VOLTAMP.NS,0.0018667488957696042,0.4704207217339403,0.028246332590091225,0.448396628898002,1.0491174362529567,1602
VOLTAS.NS,0.0006668986038226897,0.1680584481633178,0.020182814542486566,0.3203922482205439,0.5245396825195152,1602
VPRPL.NS,-0.0015386838974064017,-0.38774834214641324,0.03408813910797481,0.541132432420059,-0.7165498109442828,688
VR.NS,0.00167021641525654,0.4208945366446481,0.03976942801728116,0.6313200979020629,0.6666895890742603,562
VRLLOG.NS,0.0006423960417788234,0.1618838025282635,0.024515219384506567,0.3891670429655659,0.4159751074876791,1602
VSCL.NS,0.0006395334886134838,0.16116243913059794,0.02832043002380098,0.44957288919230665,0.358478998633879,1602
VSSL.NS,0.0017027970228131015,0.42910484974890156,0.028618135884687406,0.4542988232228179,0.9445431680954199,1602
VSTIND.NS,-5.127003115961046e-05,-0.012920047852221835,0.01860059000116443,0.29527521229293424,-0.04375595144574553,1602
VSTL.NS,-0.0018481622814133746,-0.4657368949161704,0.030062810481939862,0.47723232148127226,-0.9759123050814718,576
VSTTILLERS.NS,0.0012151929753502848,0.30622862978827176,0.025132878332913836,0.39897207480080177,0.7675440190674125,1602
VTL.NS,0.0010553977780691922,0.26596024007343644,0.02464426298835289,0.39121554666993136,0.6798304472747019,1602
WAAREEINDO.NS,0.0017200265947740813,0.4334467018830685,0.02869302800948302,0.45548769884701634,0.9516101158829523,1602
WABAG.NS,0.0019634828400639354,0.4947976756961117,0.029963703095628888,0.4756590404976616,1.040236037936809,1602
WALCHANNAG.NS,0.0016971766371319647,0.4276885125572551,0.03603519483329546,0.5720409838479565,0.7476536203408303,1602
WALPAR.NS,0.0006664396572332916,0.16794279362278947,0.031122833712766165,0.49405966859757794,0.33992411098745734,1211
WANBURY.NS,0.002148329059854698,0.5413789230833839,0.03139559774239217,0.49838966333154355,1.0862563229431237,1602
WEALTH.NS,0.0019760740515463193,0.49797066098967246,0.031103950965750724,0.4937599142815423,1.0085279233618167,1602
WEBELSOLAR.NS,0.003101382294130119,0.7815483381207899,0.037519301037952986,0.5956004394683471,1.3122024201634677,1602
WEIZMANIND.NS,0.001858009551271947,0.4682184069205306,0.03795359689700559,0.6024946724992171,0.777132858251355,1602
WEL.NS,0.0023691800097754784,0.5970333624634205,0.0320589675471096,0.5089203325148544,1.173137177509005,1602
WELCORP.NS,0.0019067284110123792,0.4804955595751196,0.029148376252692315,0.46271612811578805,1.0384240582486948,1602
WELENT.NS,0.0017296041509408736,0.43586024603710016,0.029129153206021132,0.4624109717101904,0.9425819729689923,1602
WELINV.NS,0.002053713709559008,0.51753585480887,0.034374820549887296,0.5456833592248461,0.9484178801861207,1602
WELSPUNLIV.NS,0.001366961257102586,0.3444742367898517,0.031025833752930235,0.4925198419721232,0.6994118966060845,1602
WENDT.NS,0.0010408931430817732,0.26230507205660686,0.02779545511515485,0.4412391708753476,0.5944736763425508,1602
WESTLIFE.NS,0.00042192334578399784,0.10632468313756746,0.022452743168446542,0.3564262480494838,0.29830766875173026,1602
WEWIN.NS,0.0010555057736416004,0.2659874549576833,0.03305848747478549,0.5247872194693565,0.5068481950201436,1602
WHEELS.NS,0.0009310859941569556,0.2346336705275528,0.02593768714815514,0.41174801866928784,0.5698477221234873,1602
WHIRLPOOL.NS,-0.00038457324262507984,-0.09691245714152012,0.020500642105402162,0.32543760436820235,-0.2977912074102927,1602
WILLAMAGOR.NS,0.0012508203328129278,0.3152067238688578,0.0388183615279283,0.6162223854353734,0.5115145624678303,1602
WINDLAS.NS,0.0009152215745004888,0.23063583677412317,0.026038453748000873,0.41334763885120807,0.5579706162471747,1198
WINDMACHIN.NS,0.0023848143720937762,0.6009732217676316,0.03610096969861371,0.5730851274648617,1.0486630920368454,1602
WINSOL.NS,-0.0014610776807019625,-0.3681915755368946,0.036029728646068994,0.5719542108158309,-0.6437430979163683,522
WINSOME.NS,-0.00034131935544085126,-0.08601247757109452,0.015654019624371886,0.2484998576676765,-0.3461268685558791,1602
WIPL.NS,0.0009663774217669913,0.2435271102852818,0.024960629200339177,0.3962377045907669,0.6145985287715006,1602
WIPRO.NS,0.00039985343511619685,0.10076306564928161,0.0181504629675576,0.2881296671570689,0.34971430274256476,1602
WOCKPHARMA.NS,0.0019881545022092328,0.5010149345567266,0.03316600306107691,0.5264939764896988,0.9516062043048452,1602
WOMANCART.NS,0.0007265140895271806,0.18308155056084952,0.04009918639286583,0.636554849829289,0.2876131579390971,653
WONDERLA.NS,0.0007241485971410571,0.18248544647954637,0.024885554144776816,0.3950459250306727,0.46193476483874013,1602
WORTHPERI.NS,0.0011600338369320722,0.2923285269068822,0.03313964307374037,0.526075524663367,0.5556778698152546,1602
WSI.NS,0.002992001608974447,0.7539844054615606,0.030791976431854905,0.4888074720891005,1.5424977082267746,1602
WSTCSTPAPR.NS,0.0009363436750039621,0.23595860610099845,0.026625795997414773,0.4226714080097908,0.5582554240232229,1602
WTICAB.NS,-1.9611215428002672e-05,-0.004942026287856674,0.036389314289807385,0.577662455945996,-0.008555214618826967,577
XCHANGING.NS,0.0005874009706707965,0.14802504460904073,0.029963386556326504,0.47565401559201587,0.3112031849974051,1602
XELPMOC.NS,0.0008832911701532771,0.22258937487862585,0.03634339394001353,0.5769334929919662,0.38581461742545325,1602
XPROINDIA.NS,0.0034556703342316173,0.8708289242263676,0.03431096255743024,0.5446696450212548,1.5988203715527143,1602
YASHO.NS,0.001185426766601954,0.29872754518369243,0.028899250215839042,0.45876137488403884,0.6511610644187337,699
YASHOPTICS.NS,0.0008602115298878804,0.21677330553174584,0.0270048945513438,0.4286894109862733,0.5056651738446765,545
YATHARTH.NS,0.0016232252934602692,0.4090527739519878,0.025361151471980453,0.40259579854259975,1.0160383576598722,708
YATRA.NS,0.0003187193420555944,0.08031727419800978,0.03190647797850593,0.5064996356585134,0.15857321218718587,672
YCCL.NS,-0.0010048831042195623,-0.2532305422633297,0.032362880016591954,0.5137447934023452,-0.4929111603959541,710
YESBANK.NS,0.0001315562879150644,0.033152184554596224,0.03005686589692317,0.47713795411966237,0.06948134028818408,1602
YUDIZ.NS,-0.0020186012666448742,-0.5086875191945083,0.03441722916367668,0.5463565750980482,-0.9310540814910483,701
YUKEN.NS,0.0004658052731151113,0.11738292882500806,0.026337484714657834,0.4180946082836975,0.2807568586135845,1186
ZAGGLE.NS,0.0011714862466203878,0.2952145341483377,0.035126591257809384,0.557617349241475,0.5294213577642751,676
ZEAL.NS,-0.00042978390534521106,-0.10830554414699319,0.03832649788402622,0.6084142921510598,-0.1780128204485088,706
ZEEL.NS,6.210325945217662e-06,0.0015650021381948508,0.03141804577321505,0.4987460147734263,0.0031378739715961653,1602
ZEELEARN.NS,0.00016194770510764226,0.04081082168712585,0.033862245031688214,0.537546475129077,0.07592054561854629,1602
ZEEMEDIA.NS,0.000817917836050828,0.20611529468480866,0.034536231662368286,0.5482456811996479,0.37595425144762823,1602
ZENITHDRUG.NS,-0.0004901318301505115,-0.12351322119792889,0.04063078185214548,0.6449936661293596,-0.19149524667294507,571
ZENITHEXPO.NS,0.0015453825519429168,0.389436403089615,0.03538612704502967,0.5617373521373126,0.693271333315966,1602
ZENITHSTL.NS,0.0022157055427490732,0.5583577967727664,0.03800504068868703,0.6033113173749409,0.925488683358749,1602
ZENSARTECH.NS,0.0010144837059313625,0.25564989389470333,0.02748706684185144,0.4363436588048909,0.585891163389213,1602
ZENTEC.NS,0.002909861340964792,0.7332850579231276,0.03473635413925899,0.5514225270332904,1.3298061322744215,1602
ZFCVINDIA.NS,0.0007499705756517009,0.1889925850642286,0.019728446854786034,0.3131793847879095,0.6034643218684961,1602
ZIMLAB.NS,0.0006449410451119456,0.1625251433682103,0.029988881988414234,0.4760587430292495,0.3413972450837325,881
ZODIAC.NS,0.0019102709170227535,0.48138827108973387,0.03414610839166871,0.5420526662700668,0.8880839465327746,1569
ZODIACLOTH.NS,-6.176148474786306e-05,-0.015563894156461491,0.02841328123666201,0.4510468565012727,-0.03450615813441009,1602
ZOTA.NS,0.0015704857781902474,0.39576241610394236,0.027839529685989496,0.44193883299676984,0.8955140090774395,1602
ZTECH.NS,0.0038940347457667376,0.9812967559332179,0.030560342159221408,0.4851303920060551,2.022748465367162,507
ZUARI.NS,0.0012154162202267103,0.306284887497131,0.03434845684982699,0.5452648484608518,0.5617176466843549,1602
ZUARIIND.NS,0.0017052433293631307,0.42972131899950894,0.03614746686744586,0.5738232471372524,0.7488740150270073,1602
ZYDUSLIFE.NS,0.001059799007915107,0.26706934999460696,0.0181042166193568,0.28739552913876365,0.9292745464584365,1602
ZYDUSWELL.NS,0.0005086002958630733,0.12816727455749446,0.018006564273504486,0.2858453462063599,0.4483797838883368,1602
