Metric,Value
Portfolio_Return,0.6717187981693311
Benchmark_Return,0.042451815975908386
Active_Return,0.6292669821934227
Allocation_Effect,0.06475852997233486
Selection_Effect,0.5608959393418241
Interaction_Effect,0.003612512879263716
Total_Attribution,0.6292669821934227
Residual,0.0
