Metric,Value
Historical_CVaR_95,0.029608107128528172
Historical_CVaR_99,0.03947703143821188
Parametric_CVaR_95,0.024324253104943707
Parametric_CVaR_99,0.031024986376783446
