Factor,Portfolio_Exposure,Weighted_Mean,Weighted_Exposure
Momentum_12M,0.902027606197304,0.691280060361967,0.902027606197304
Momentum_6M,0.35489077668797264,0.3631783284665756,0.35489077668797264
Volatility_20D,0.2523001798402944,0.28689544732918015,0.2523001798402944
Dollar_Volume,2774524489.740073,3253971589.802739,2774524489.740073
