Factor_Group,Exposure,Contribution,Contribution_%
Momentum,-0.09444875953794378,-0.31298770001463255,43.39860018244168
Volatility,0.0016576423314784913,0.005493154841995729,0.7616760362048445
Trend,-0.05086640087081566,-0.16856291066674076,23.372785464964
Liquidity,0.07065808659926685,0.2341493114396569,32.466938316389474
