Metric,Value
Portfolio_Return,0.04537298753070648
Top_Contribution,0.016400795749141727
Worst_Contribution,-0.004471038488543868
Average_Position_Return,0.0425779014127136
Run_Date,2026-06-12
Engine_Version,1.0.0
