Regime,Days,Sharpe,Information_Ratio,Alpha,Regime_Score,Raw_Score,Probability
BULL,68,2.728804341052255,3.173710532948795,0.3372852793818236,100.0,372.8804341052255,50.176150761353014
SIDEWAYS,223,1.1632371949426714,2.353857584729887,0.3043561938485901,100.0,216.32371949426715,29.10930842656643
BEAR,97,0.539386113342173,2.191285174100595,0.3210265840200499,100.0,153.93861133421728,20.714540812080564
