Scenario,Z_Score,Expected_Return
Worst_Case,-2.33,-0.056290582863324556
Bear_Case,-1.28,0.13559746503494408
Base_Case,0.0,0.3695181329490239
Bull_Case,1.28,0.6034388008631038
Best_Case,2.33,0.7953268487613724
