Scenario,Z_Score,Expected_Return
Worst_Case,-2.33,-0.14867011610058056
Bear_Case,-1.28,0.04321793179768807
Base_Case,0.0,0.2771385997117679
Bull_Case,1.28,0.5110592676258477
Best_Case,2.33,0.7029473155241164
