Scenario,Expected_Return,Expected_Volatility,Expected_Drawdown,Expected_Sharpe,Committee_Impact,Scenario_Score,Scenario_Rank
BULL,0.3464232496397099,0.1644754696270873,0.10864684291803961,1.366394947594469,STRONG_APPROVAL,93.66394947594469,1
BASE,0.2771385997117679,0.1827505218078748,0.1358085536475495,1.1881695196473645,APPROVE,89.59555516765043,2
BEAR,0.11085543988470717,0.2558507305310247,0.24445539656558912,0.5940847598236823,REVIEW_REQUIRED,42.02639158670755,3
CRISIS,-0.13856929985588395,0.45687630451968697,0.40742566094264854,-0.5940847598236823,REJECT,0.0,4
