Scenario,Expected_Return,Expected_Volatility,Expected_Drawdown,Expected_Sharpe,Committee_Impact,Scenario_Score,Scenario_Rank
BULL,0.4618976661862799,0.1644754696270873,0.10864684291803961,1.9477145639320381,STRONG_APPROVAL,99.47714563932038,1
BASE,0.3695181329490239,0.1827505218078748,0.1358085536475495,1.6936648382017725,APPROVE,96.93664838201772,2
BEAR,0.14780725317960958,0.2558507305310247,0.24445539656558912,0.8468324191008862,REVIEW_REQUIRED,48.24904950896982,3
CRISIS,-0.18475906647451196,0.45687630451968697,0.40742566094264854,-0.8468324191008862,REJECT,0.0,4
