Scenario,Return_Impact,Volatility_Impact,Drawdown_Impact,Stress_Score,Stress_Rank
RATE_HIKE_SHOCK,0.1695181329490239,0.29240083489259966,0.24445539656558912,56.78072531796096,1
VOLATILITY_SHOCK,0.26951813294902394,0.5117014610620494,0.20371283047132427,50.78072531796096,2
LIQUIDITY_SHOCK,-0.25,0.3472259914349621,0.271617107295099,32.0,3
MARKET_CRASH_30,-0.25,0.3655010436157496,0.40742566094264854,22.0,4
COVID_CRASH,-0.35,0.45687630451968697,0.38026395021313864,8.0,5
2008_GFC,-0.55,0.5482515654236244,0.4753299377664233,0.0,6
