Metric,Value
Worst_Day,-0.04336671960905838
Worst_Week,-0.08103442928498858
Skewness,-0.33372618590936803
Kurtosis,2.24022486080004
