Metric,Value
Historical_VaR_95,0.02131896570160609
Historical_VaR_99,0.03673659617330319
Parametric_VaR_95,0.019174615497881707
Parametric_VaR_99,0.02762498467959072
