AUM,Warning_Trades,Critical_Trades,Average_Capacity,Worst_Capacity,Average_Cost_bps,Worst_Cost_bps,Capacity_Deterioration,Cost_Expansion
100000.0,0,0,100.0,99.98,34.21,55.35,0.0,0.0
500000.0,0,0,99.99,99.89,34.23,55.38,0.010000000000005116,0.01999999999999602
1000000.0,0,0,99.97,99.79,34.25,55.41,0.030000000000001137,0.03999999999999915
5000000.0,0,0,99.87,98.95,34.33,55.51,0.12999999999999545,0.11999999999999744
10000000.0,0,0,99.74,97.93,34.39,55.59,0.2600000000000051,0.17999999999999972
