Factor_Group,Contribution_%,Rank
Liquidity,20.713977523353535,4.0
Momentum,21.321441036604615,3.0
Risk,33.69386560332248,1.0
Technical,24.27071583671937,2.0
