Factor,Exposure
Momentum_1M,-0.029288636990539366
Momentum_3M,-0.017328537522087545
Momentum_6M,-0.028231664943644843
Momentum_12M,-0.019599920081672023
Volatility_20D,-0.008175157197968245
Volatility_60D,-0.03737083043825111
ATR_14,0.029104985936725968
Max_Drawdown_252D,0.018098644030971875
Distance_SMA50,-0.018588296260540114
Distance_SMA200,-0.02070963430831816
Distance_52W_High,-0.011568470301957389
Dollar_Volume,0.07065808659926685
