Factor,Contribution
Momentum_1M,-0.024757122711575513
Momentum_3M,-0.01464748018096699
Momentum_6M,-0.02386368452678988
Momentum_12M,-0.016567436263960178
Volatility_20D,-0.006910303473729266
Volatility_60D,-0.03158884571146532
ATR_14,0.024601886000599954
Max_Drawdown_252D,0.015298436432280113
Distance_SMA50,-0.015712330064043625
Distance_SMA200,-0.017505456401009704
Distance_52W_High,-0.009778605912705596
Dollar_Volume,0.059725924462385324
