Overall_Rank,Strategy,Composite_Score,CAGR,Sharpe,Sortino,Calmar,Max_Drawdown,Win_Rate,Profit_Factor
1,optimized_portfolio_equity,0.7249999999999999,0.38538486086017887,1.8537980690966664,2.2451892515363374,2.093769200856436,-0.18406272319916683,0.6143896523848019,1.3974958637362687
2,live_portfolio_equity,0.575,0.38538486086017887,1.8537980690966662,2.245189251536338,2.093769200856438,-0.1840627231991666,0.6143896523848019,1.397495863736268
