Scenario,Description,Portfolio_NAV,Stress_NAV,Portfolio_PnL,Portfolio_Return,Scenario_Rank
MARKET_CRASH,Broad Market Selloff,10000000,7000000.0,-2999999.9999999995,-0.29999999999999993,1
FINANCIAL_CRISIS,Banking System Stress,10000000,8408233.446834484,-1591766.5531655164,-0.15917665531655165,2
COVID_EVENT,Pandemic Shock,10000000,9048716.754890485,-951283.2451095147,-0.09512832451095146,3
COMMODITY_SHOCK,Commodity Price Surge,10000000,9336035.160197295,-663964.839802704,-0.0663964839802704,4
RATE_SHOCK,Interest Rate Spike,10000000,9543922.535214115,-456077.4647858859,-0.04560774647858859,5
