Scenario,Portfolio_NAV,Stressed_NAV,Portfolio_Return,Total_Loss,Average_Days_To_Exit,Liquidity_Shock,Market_Shock,Loss_Pct
MARKET_CRASH_50,10000000,5000000.000000011,-0.4999999999999989,4999999.999999989,0.9164598141051341,1.0,-0.5,0.4999999999999989
COVID_STYLE_CRASH,10000000,6500000.000000007,-0.3499999999999992,3499999.999999992,1.8329196282102682,0.5,-0.35,0.3499999999999992
MARKET_CRASH_30,10000000,7000000.000000007,-0.29999999999999927,2999999.999999993,0.9164598141051341,1.0,-0.3,0.2999999999999993
SMALL_CAP_CRASH,10000000,7548601.34086233,-0.24513986591376702,2451398.6591376704,1.2219464188068452,0.75,-0.2,0.24513986591376705
LIQUIDITY_FREEZE,10000000,8500000.000000004,-0.14999999999999958,1499999.9999999965,3.6658392564205364,0.25,-0.15,0.14999999999999966
RATE_SHOCK,10000000,8800000.000000004,-0.11999999999999966,1199999.9999999972,1.1455747676314176,0.8,-0.12,0.11999999999999972
