Category,Score
Alpha,0.9879291045121854
Risk,0.35807902922174045
Liquidity,1.4493664395958794
Capacity,50.99999999999999
Diversification,82.11455449546341
Optimizer,72.3463040793812
