Sector,Weight,Holdings
Basic Materials,0.20035728174742512,14
Communication Services,0.011781690347803808,1
Consumer Cyclical,0.17301757511450097,9
Consumer Defensive,0.08634599707015529,3
Financial Services,0.1337245121623379,5
Healthcare,0.07729697234022828,3
Industrials,0.20042260865400147,10
Real Estate,0.010380397888564681,1
Technology,0.051572088194021516,2
Utilities,0.05510087648096071,2
