Strategy,Expected_Return,Volatility,Sharpe,Return_to_Risk
Minimum_Variance,0.23786687850952148,0.14524130769284319,1.2246301092639222,1.6377357260688066
Risk_Parity,0.26434019207954407,0.1630879647591504,1.2529446448198387,1.6208442632166251
Maximum_Sharpe,0.553989827632904,0.1504743640165298,3.282883638429192,3.681622655484675
Institutional,0.43568071722984314,0.15093480158105643,2.4890264756341933,2.886549110384392
