Constraint,Configured,Actual
Min Weight,0.01,0.009003228847686872
Max Weight,0.05,0.05000424270180268
Sector Cap,0.2,0.20042171356625096
Turnover Cap,0.3,0.0
