Metric,Value
Average_Alpha_Z,0.9879291045121854
Average_Risk_Z,-0.8256481451640929
Average_Liquidity_Z,1.4493664395958794
Average_Capacity_Z,2.842170943040401e-16
Average_Optimization_Score,1.6906264650134077
