Security_ID,Symbol,Company_Name,Sector,Industry,Last_Close,Market_Cap,Log_Market_Cap,Momentum_1M,Momentum_3M,Momentum_6M,Momentum_12M,Volatility_20D,Volatility_60D,ATR_14,Max_Drawdown_252D,SMA_50,SMA_200,Distance_SMA50,Distance_SMA200,Price_52W_High,Distance_52W_High,ADV_20D,Dollar_Volume,Turnover_Ratio,Factor_Date,Engine_Version,Momentum_1M_Rank,Momentum_3M_Rank,Momentum_6M_Rank,Momentum_12M_Rank,ADV_20D_Rank,Dollar_Volume_Rank,Market_Cap_Rank,Log_Market_Cap_Rank,Distance_SMA50_Rank,Distance_SMA200_Rank,Distance_52W_High_Rank,Volatility_20D_Rank,Volatility_60D_Rank,ATR_14_Rank,Max_Drawdown_252D_Rank,Alpha_Score,Liquidity_Penalty,Alpha_Adjusted,Rank,Percentile,Ranking_Date,Ranking_Method,Ranking_Model
SEC0D774BCE,RADICO,Radico Khaitan Limited,Consumer Defensive,Beverages - Wineries & Distilleries,4460.7998046875,473916081975.0,26.884296100720825,0.086224850253052,0.3093043160221602,0.62022369744297,0.6600795067434635,0.2064482263191429,0.2463390684609472,114.52858189174108,-0.4411427033645105,3859.589990234375,3258.929493408203,0.1557703838942272,0.3687929774824234,4460.7998046875,0.0,1946626066.743616,1946626066.743616,462036.8,2026-08-04,1.0.0,0.8555555555555555,0.9555555555555556,0.9444444444444444,0.9555555555555556,0.9111111111111111,0.9111111111111111,0.8666666666666667,0.8666666666666667,0.9111111111111111,0.9444444444444444,0.9611111111111111,0.8666666666666667,0.7333333333333334,0.0444444444444444,0.19999999999999996,0.925,0.0888888888888889,0.9161111111111111,1,1.0,2026-08-04,Sector Neutral Percentile,Institutional Composite Alpha
SEC2FE15581,NYKAA,FSN E-Commerce Ventures Limited,Consumer Cyclical,Internet Retail,335.3500061035156,771227796787.0096,27.371249623144813,0.0696969891659191,0.2427274356809683,0.4112869833960328,0.5682286375165564,0.1670379787291878,0.2656512937747209,7.135720389229911,-0.7209498261192084,300.9069982910156,268.8108995056152,0.1144639639759697,0.2475312821030548,335.3500061035156,0.0,1899194605.264896,1899194605.264896,5821032.0,2026-08-04,1.0.0,0.6926070038910506,0.8132295719844358,0.7859922178988327,0.9066147859922179,0.9221789883268483,0.9221789883268483,0.9416342412451362,0.9416342412451362,0.77431906614786,0.7859922178988327,0.9494163424124513,0.9727626459143969,0.8754863813229572,0.7237354085603113,0.8365758754863813,0.9025291828793773,0.0778210116731517,0.8947470817120622,2,0.9993333333333333,2026-08-04,Sector Neutral Percentile,Institutional Composite Alpha
SEC7FE71EB3,BHARATFORG,Bharat Forge Limited,Consumer Cyclical,Auto Parts,2186.0,921802679687.1144,27.54959702424434,0.0221162621723574,0.0968939601687803,0.5141650439383805,0.7912159589226004,0.2108787592264329,0.2296940479874578,46.371390206473215,-0.5862134171932474,2076.1180078125,1718.7305010986329,0.05292666012915,0.2718689745731997,2209.0,-0.010411951109099,1631148625.054895,1631148625.054895,755432.7,2026-08-04,1.0.0,0.5408560311284046,0.5758754863813229,0.8326848249027238,0.9494163424124513,0.9027237354085603,0.9027237354085603,0.9455252918287937,0.9455252918287937,0.5291828793774319,0.8132295719844358,0.8715953307392996,0.9027237354085603,0.9494163424124513,0.20622568093385218,0.4552529182879378,0.9038910505836576,0.09727626459143968,0.8941634241245137,3,0.9986666666666667,2026-08-04,Sector Neutral Percentile,Institutional Composite Alpha
SECE6819099,ADANIENSOL,Adani Energy Solutions Limited,Utilities,Utilities - Independent Power Producers,1644.300048828125,1792553899736.021,28.214662478555844,0.013248705541712,0.185422880664057,0.8588063466076636,0.9957519117656428,0.2475173729025072,0.3161207621273769,50.642857142857146,-0.8536683357796557,1583.3860083007812,1185.9502520751953,0.0384707457360407,0.3864831563979194,1741.5999755859375,-0.0558681259312013,3992105405.043268,3992105405.043268,2375617.65,2026-08-04,1.0.0,0.8461538461538461,0.9615384615384616,1.0,1.0,0.9230769230769231,0.9230769230769231,0.8461538461538461,0.8461538461538461,0.9615384615384616,1.0,0.9230769230769231,0.5384615384615384,0.46153846153846156,0.0,0.9230769230769231,0.8961538461538461,0.07692307692307687,0.8884615384615384,4,0.998,2026-08-04,Sector Neutral Percentile,Institutional Composite Alpha
SEC813579CA,SONACOMS,Sona BLW Precision Forgings Limited,Consumer Cyclical,Auto Parts,789.5,366032582500.76935,26.62598818961159,0.1827715355805244,0.3643825571414136,0.5805805805805806,0.7114676368782549,0.2825082279467156,0.2717387552418699,22.8964364188058,-0.5131275290510499,650.9319995117188,547.6594979858398,0.2128763074979025,0.4415891679110679,789.5,0.0,2163371887.2574525,2163371887.2574525,3021240.15,2026-08-04,1.0.0,0.9027237354085603,0.8871595330739299,0.8638132295719845,0.9377431906614786,0.933852140077821,0.933852140077821,0.8988326848249028,0.8988326848249028,0.9455252918287937,0.953307392996109,0.9494163424124513,0.6653696498054475,0.867704280155642,0.36575875486381326,0.2334630350194552,0.8787937743190662,0.06614785992217898,0.8721789883268484,5,0.9973333333333333,2026-08-04,Sector Neutral Percentile,Institutional Composite Alpha
SEC8084428B,TITAN,Titan Company Limited,Consumer Cyclical,Luxury Goods,4884.10009765625,3657287606980.0,28.927742897609075,0.0891312559131041,0.1338595699724318,0.2354801573364437,0.446497881728491,0.1409101642571139,0.21503576860887,64.79282924107143,-0.3976007619479212,4428.097998046875,4165.167010498047,0.102979224897576,0.1726060648579461,4884.10009765625,0.0,4348245035.991382,4348245035.991382,929248.6,2026-08-04,1.0.0,0.77431906614786,0.6342412451361867,0.6498054474708171,0.8404669260700389,0.9649805447470817,0.9649805447470817,0.9961089494163424,0.9961089494163424,0.7470817120622568,0.688715953307393,0.9494163424124513,0.9922178988326849,0.980544747081712,0.15953307392996108,0.06614785992217898,0.8702334630350194,0.035019455252918275,0.8667315175097275,6,0.9966666666666667,2026-08-04,Sector Neutral Percentile,Institutional Composite Alpha
SEC08B75179,HONASA,Honasa Consumer Limited,Consumer Defensive,Household & Personal Products,461.2999877929688,136475211224.11322,25.6394088323259,-0.0162081599540251,0.3009023684514686,0.6747139856586777,0.7391139973344723,0.1870001605149814,0.3096985896630536,14.521427699497767,-0.6291832037108473,436.9630017089844,332.98375091552737,0.0556957591118725,0.3853528483736528,474.3999938964844,-0.0276138412142856,402866120.8003159,402866120.8003159,873423.9,2026-08-04,1.0.0,0.4111111111111111,0.9444444444444444,0.9666666666666667,0.9666666666666667,0.7555555555555555,0.7555555555555555,0.7,0.7,0.7222222222222222,0.9555555555555556,0.8666666666666667,0.9111111111111111,0.5777777777777777,0.4444444444444444,0.5666666666666667,0.8899999999999999,0.24444444444444446,0.8655555555555554,7,0.996,2026-08-04,Sector Neutral Percentile,Institutional Composite Alpha
SEC0BDD67BA,MOTHERSON,Samvardhana Motherson International Limited,Consumer Cyclical,Auto Parts,150.6699981689453,1494697571482.7888,28.032945008984598,0.0367439363559518,0.155179074060642,0.3206240950584205,0.5231500299021059,0.2047125222484419,0.2916865092052083,3.8564300537109375,-0.6437625079660713,145.00120056152343,124.97659996032716,0.0390948322184177,0.2055856713718755,151.7100067138672,-0.0068552402537519,2274773377.17506,2274773377.17506,15695147.25,2026-08-04,1.0.0,0.5992217898832685,0.6731517509727627,0.7120622568093385,0.8832684824902723,0.9377431906614786,0.9377431906614786,0.9688715953307393,0.9688715953307393,0.4708171206225681,0.7315175097276264,0.8754863813229572,0.9221789883268483,0.8054474708171206,0.8599221789883269,0.6381322957198443,0.8708171206225681,0.0622568093385214,0.864591439688716,8,0.9953333333333333,2026-08-04,Sector Neutral Percentile,Institutional Composite Alpha
SECA722432A,LAURUSLABS,Laurus Labs Limited,Healthcare,Drug Manufacturers - Specialty & Generic,1831.9000244140625,755809166617.0,27.351054756151576,0.1979466929816593,0.5183589095848011,0.9203312552780742,1.078280105558378,0.3399461091352714,0.2763573652114554,43.80712890625,-0.5911528220556093,1503.4460083007812,1165.1552520751952,0.2184674503107067,0.5722368509701725,1831.9000244140625,0.0,3653052410.971948,3653052410.971948,2218091.55,2026-08-04,1.0.0,0.984,0.944,0.936,0.936,0.976,0.976,0.912,0.912,0.984,0.968,0.956,0.41600000000000004,0.704,0.32799999999999996,0.56,0.8636000000000001,0.02400000000000002,0.8612000000000002,9,0.9946666666666667,2026-08-04,Sector Neutral Percentile,Institutional Composite Alpha
SEC07F192C8,CUMMINSIND,Cummins India Limited,Industrials,Specialty Industrial Machinery,5473.5,1558695600000.0,28.074870433572222,-0.0188222640494756,0.0130483064963908,0.3375118966575769,0.5280996535996207,0.2244965135703181,0.3349171534136762,132.89285714285714,-0.5255679572135739,5628.11,4844.483986816406,-0.0274710337928717,0.1298416951930017,6027.5,-0.0919120696806304,2187702565.5,2187702565.5,396341.15,2026-08-04,1.0.0,0.47634069400630913,0.5678233438485805,0.7602523659305994,0.8706624605678234,0.9463722397476341,0.9463722397476341,0.9842271293375394,0.9842271293375394,0.305993690851735,0.6719242902208202,0.7539432176656151,0.8927444794952681,0.665615141955836,0.06309148264984232,0.26813880126182965,0.8629337539432176,0.05362776025236593,0.857570977917981,10,0.994,2026-08-04,Sector Neutral Percentile,Institutional Composite Alpha
SEC17154FBC,FEDERALBNK,The Federal Bank Limited,Financial Services,Banks - Regional,359.29998779296875,778449810214.7582,27.38057035628318,0.0877989738775804,0.2095606886319267,0.2772840504259335,0.7554231026483855,0.274687162229749,0.2222878046863274,7.157148088727679,-0.610937515894572,325.76299865722655,283.092300567627,0.1029490435500024,0.2691973150542706,359.29998779296875,0.0,2505984933.9200883,2505984933.9200883,7237308.15,2026-08-04,1.0.0,0.8588957055214724,0.9447852760736196,0.8466257668711656,0.9815950920245399,0.8588957055214724,0.8588957055214724,0.8282208588957055,0.8282208588957055,0.8773006134969326,0.9447852760736196,0.9723926380368099,0.6441717791411044,0.901840490797546,0.6503067484662577,0.5460122699386503,0.8693251533742331,0.14110429447852757,0.8552147239263803,11,0.9933333333333333,2026-08-04,Sector Neutral Percentile,Institutional Composite Alpha
SECFA20321F,SHAILY,Shaily Engineering Plastics Limited,Basic Materials,Specialty Chemicals,3102.699951171875,137019843792.0,25.64339159748256,0.0790873642687937,0.1604083680571884,0.6576022386121732,0.9176143085116656,0.266590610845801,0.3991632588676237,93.00001743861608,-0.5678406401469429,2896.5219921875,2436.8695043945318,0.0711812164866962,0.2732318844224599,3144.800048828125,-0.0133872096802905,622052135.1708374,622052135.1708374,217774.35,2026-08-04,1.0.0,0.77734375,0.8046875,0.91015625,0.94921875,0.859375,0.859375,0.76171875,0.76171875,0.75390625,0.84765625,0.9296875,0.6953125,0.3984375,0.08203125,0.4375,0.869140625,0.140625,0.855078125,12,0.9926666666666667,2026-08-04,Sector Neutral Percentile,Institutional Composite Alpha
SECCDFD81E7,WELCORP,Welspun Corp Limited,Basic Materials,Steel,1738.300048828125,366284755992.0,26.626676889681747,0.1261337628411667,0.3379773046174938,1.3023841706332782,0.8461130988734553,0.4127937170379201,0.3951262913491332,55.950003487723215,-0.7527288894871395,1500.254011230469,1055.278002319336,0.1586704890076695,0.6472437073525779,1738.300048828125,0.0,1807283789.470166,1807283789.470166,1106107.15,2026-08-04,1.0.0,0.87109375,0.953125,0.99609375,0.9453125,0.95703125,0.95703125,0.890625,0.890625,0.92578125,0.98828125,0.9765625,0.27734375,0.41796875,0.1328125,0.88671875,0.8546875,0.04296875,0.8503906250000001,13,0.992,2026-08-04,Sector Neutral Percentile,Institutional Composite Alpha
SEC2F1C961A,LLOYDSME,Lloyds Metals and Energy Limited,Basic Materials,Steel,2058.0,989873974323.3164,27.620843473308568,0.1723823466887228,0.1918689165441156,0.8739756797511553,0.3555526717093238,0.3185656399187719,0.3268203813051361,70.75001743861607,-0.3304591044460909,1824.201999511719,1468.1340020751952,0.1281645347120887,0.4017793996263517,2058.0,0.0,1131837547.412323,1131837547.412323,588677.15,2026-08-04,1.0.0,0.9296875,0.8515625,0.96875,0.84765625,0.90625,0.90625,0.953125,0.953125,0.88671875,0.921875,0.9765625,0.53515625,0.625,0.09375,0.01171875,0.8572265625000001,0.09375,0.8478515625,14,0.9913333333333333,2026-08-04,Sector Neutral Percentile,Institutional Composite Alpha
SECF93ABD36,GRWRHITECH,Garware Hi-Tech Films Limited,Basic Materials,Specialty Chemicals,7240.0,144505490680.0,25.696583341562462,0.031192137872098,0.3280992276657721,1.2227680549347897,1.0182309540472128,0.2786631840622443,0.4002227686331405,231.17857142857144,-0.5450012293956336,6602.186005859375,4508.415001220703,0.0966064866355735,0.6058858818541972,7240.0,0.0,317021579.075,317021579.075,45443.25,2026-08-04,1.0.0,0.62890625,0.94140625,0.98828125,0.96484375,0.74609375,0.74609375,0.78125,0.78125,0.828125,0.98046875,0.9765625,0.65234375,0.38671875,0.0078125,0.32421875,0.87265625,0.25390625,0.847265625,15,0.9906666666666667,2026-08-04,Sector Neutral Percentile,Institutional Composite Alpha
SECD1C4E177,BHEL,Bharat Heavy Electricals Limited,Industrials,Specialty Industrial Machinery,408.25,1296720372149.172,27.89085940214299,0.0535483870967741,0.0044285588360417,0.5808325266214909,0.6894268996956072,0.3451695493703647,0.3446965166607885,13.839290073939733,-0.5763073419856262,402.7900012207031,315.85390060424805,0.0135554476594494,0.2925279669460865,435.3999938964844,-0.0623564406914972,6070258312.864888,6070258312.864888,14714859.5,2026-08-04,1.0.0,0.8012618296529969,0.5457413249211357,0.861198738170347,0.917981072555205,0.9968454258675079,0.9968454258675079,0.9684542586750788,0.9684542586750788,0.5772870662460567,0.8454258675078864,0.8201892744479495,0.4542586750788643,0.6340694006309149,0.5488958990536277,0.3974763406940063,0.8441640378548896,0.003154574132492094,0.8438485804416404,16,0.99,2026-08-04,Sector Neutral Percentile,Institutional Composite Alpha
SEC98541475,ATHERENERG,Ather Energy Limited,Consumer Cyclical,Auto Manufacturers,1453.0,401338390830.5786,26.71807077580499,0.2910964710139418,0.601631371746953,1.395515669346525,1.860166662772768,0.6746680488645586,0.5374618350905971,68.69287109375,-0.2692130817820702,1109.8879992675782,831.7049990844727,0.3091411033895703,0.7470136666239096,1453.0,0.0,7095747645.864856,7095747645.864856,5520293.75,2026-08-04,1.0.0,0.9610894941634242,0.9766536964980544,0.9961089494163424,1.0,0.9844357976653697,0.9844357976653697,0.9066147859922179,0.9066147859922179,0.9688715953307393,0.9961089494163424,0.9494163424124513,0.06614785992217898,0.13618677042801552,0.14396887159533078,0.0038910505836575737,0.8424124513618677,0.015564202334630295,0.8408560311284047,17,0.9893333333333333,2026-08-04,Sector Neutral Percentile,Institutional Composite Alpha
SECF5E25039,CUPID,Cupid Limited,Consumer Defensive,Household & Personal Products,238.50999450683597,214594396188.70544,26.092015553981494,0.1192923112572472,0.7398817693539836,1.544158872262658,1.860166662772768,0.6211484589989036,0.495974621742032,9.102858407156807,-0.5792477794588076,183.84299896240236,109.51667984008787,0.2973569613908089,0.7569969092994189,238.50999450683597,0.0,8218628492.096025,8218628492.096025,46738485.05,2026-08-04,1.0.0,0.9111111111111111,1.0,1.0,1.0,1.0,1.0,0.7888888888888889,0.7888888888888889,0.9888888888888889,0.9944444444444445,0.9611111111111111,0.07777777777777772,0.12222222222222223,0.6222222222222222,0.4666666666666667,0.8366666666666667,0.0,0.8366666666666667,18,0.9886666666666667,2026-08-04,Sector Neutral Percentile,Institutional Composite Alpha
SEC3F823D9E,OBEROIRLTY,Oberoi Realty Limited,Real Estate,Real Estate - Development,1795.4000244140625,583181636801.3077,27.091764530178928,-0.0808846104357929,0.071880611590485,0.2042390468936179,0.0784478446392817,0.2117996461107484,0.2532866256457084,42.49285016741072,-0.482508844705858,1769.4239916992187,1656.9494982910155,0.0146805021502496,0.0835574809406354,1953.4000244140625,-0.0808846104357929,874422256.0710205,874422256.0710205,465678.6,2026-08-04,1.0.0,0.16666666666666666,0.7380952380952381,0.8333333333333334,0.7857142857142857,0.8571428571428571,0.8571428571428571,0.9047619047619048,0.9047619047619048,0.5476190476190477,0.7619047619047619,0.9047619047619048,0.9047619047619048,0.8809523809523809,0.11904761904761907,0.04761904761904767,0.8476190476190476,0.1428571428571429,0.8333333333333333,19,0.988,2026-08-04,Sector Neutral Percentile,Institutional Composite Alpha
SECD550768F,SANSERA,Sansera Engineering Limited,Consumer Cyclical,Auto Parts,3524.89990234375,182632900640.0,25.930743967628405,0.104776466638069,0.3833443613875151,1.0212740713322086,1.5956553036404637,0.3835604504863818,0.4423715383885556,123.914306640625,-0.4024930866339324,3097.7560009765625,2255.940997314453,0.1378881684782569,0.562496495493414,3524.89990234375,0.0,761718593.7828491,761718593.7828491,234211.95,2026-08-04,1.0.0,0.8015564202334631,0.9105058365758755,0.980544747081712,0.9961089494163424,0.8249027237354085,0.8249027237354085,0.8210116731517509,0.8210116731517509,0.8365758754863813,0.9766536964980544,0.9494163424124513,0.35408560311284043,0.2801556420233463,0.0778210116731517,0.07392996108949412,0.8488326848249028,0.17509727626459148,0.8313229571984436,20,0.9873333333333333,2026-08-04,Sector Neutral Percentile,Institutional Composite Alpha
SEC1AEFA865,SOLARINDS,Solar Industries India Limited,Basic Materials,Specialty Chemicals,18727.0,1555524045450.0,28.07283361150599,0.0101407842925724,0.1787625102284886,0.4188196075460262,0.2941054522838782,0.2951767570860242,0.3282719761927133,434.57142857142856,-0.3427324192621481,18191.28,14944.315,0.0294492745974994,0.2531186608419322,19045.0,-0.0166972958781832,2151092135.85,2151092135.85,117573.45,2026-08-04,1.0.0,0.5078125,0.83203125,0.8203125,0.8125,0.96875,0.96875,0.96875,0.96875,0.53515625,0.83203125,0.91796875,0.6171875,0.62109375,0.00390625,0.01953125,0.834375,0.03125,0.8312499999999999,21,0.9866666666666667,2026-08-04,Sector Neutral Percentile,Institutional Composite Alpha
SEC23029172,ADANIPOWER,Adani Power Limited,Utilities,Utilities - Independent Power Producers,210.25,4125910482947.3804,29.048307271942335,-0.043666162551733,-0.086624102827758,0.5620355903870087,0.7826860746798294,0.2902576135770844,0.3546200380195684,5.502141680036273,-0.6778034585059722,223.7964010620117,177.3199005126953,-0.0605300219204961,0.1857101170939752,248.91000366210935,-0.1553171953449874,5726361056.133331,5726361056.133331,26435110.7,2026-08-04,1.0.0,0.2692307692307692,0.5769230769230769,0.8846153846153846,0.9615384615384616,1.0,1.0,1.0,1.0,0.23076923076923078,0.8846153846153846,0.7307692307692307,0.2692307692307693,0.34615384615384615,0.5,0.7307692307692308,0.8288461538461538,0.0,0.8288461538461538,22,0.986,2026-08-04,Sector Neutral Percentile,Institutional Composite Alpha
SECA6E1B437,BELRISE,BELRISE INDUSTRIES LTD,Consumer Cyclical,Auto Parts,241.0,201700020917.55493,26.030047385612843,0.0841205429218472,0.0572957682666996,0.4302670623145401,0.8093093507625673,0.2829958022733171,0.3632712288843951,6.795717511858259,-0.2692130817820702,230.98920013427733,193.157000579834,0.0433388221609634,0.2476896994493966,247.5,-0.0262626262626262,1062421872.6652054,1062421872.6652054,4575375.65,2026-08-04,1.0.0,0.7587548638132295,0.46303501945525294,0.7898832684824902,0.953307392996109,0.8638132295719845,0.8638132295719845,0.8287937743190662,0.8287937743190662,0.47470817120622566,0.7898832684824902,0.8404669260700389,0.6614785992217899,0.5369649805447471,0.7509727626459144,0.0038910505836575737,0.8396887159533074,0.13618677042801552,0.8260700389105059,23,0.9853333333333333,2026-08-04,Sector Neutral Percentile,Institutional Composite Alpha
SECBC710BBF,PHOENIXLTD,The Phoenix Mills Limited,Real Estate,Real Estate - Diversified,1949.4000244140625,623331592608.9569,27.15834446551708,-0.0742710707510425,0.0655370453206136,0.1668163532576267,0.2920201228308208,0.3219842054755272,0.2951747441613221,51.499973842075896,-0.4812871375912912,1923.57599609375,1779.3720001220704,0.0134250106950564,0.0955550746444968,2154.0,-0.0949860610891074,1770576375.124225,1770576375.124225,867912.65,2026-08-04,1.0.0,0.19047619047619047,0.7142857142857143,0.7619047619047619,0.9523809523809523,0.9285714285714286,0.9285714285714286,0.9523809523809523,0.9523809523809523,0.5,0.8095238095238095,0.8333333333333334,0.5,0.7142857142857143,0.04761904761904767,0.023809523809523836,0.8309523809523809,0.0714285714285714,0.8238095238095238,24,0.9846666666666667,2026-08-04,Sector Neutral Percentile,Institutional Composite Alpha
SECD98B2F18,BSE,BSE Limited,Financial Services,Financial Data & Stock Exchanges,3592.300048828125,1613632028905.879,28.109508672736144,-0.0553290832948603,-0.0936774749419553,0.3296934849627055,0.4617701114254833,0.2760994656259605,0.3051116566366548,89.2071533203125,-0.5962975863032798,3855.657998046875,3186.121005859375,-0.0683042814876622,0.1274838721510496,4403.2998046875,-0.184179999507649,8218628492.096025,8218628492.096025,2519142.2,2026-08-04,1.0.0,0.294478527607362,0.17177914110429449,0.8895705521472392,0.8957055214723927,0.9846625766871165,0.9846625766871165,0.9386503067484663,0.9386503067484663,0.0736196319018405,0.754601226993865,0.4110429447852761,0.6319018404907976,0.5398773006134969,0.05521472392638038,0.47239263803680986,0.824079754601227,0.015337423312883458,0.8225460122699386,25,0.984,2026-08-04,Sector Neutral Percentile,Institutional Composite Alpha
SEC458C7E09,BAJAJ-AUTO,Bajaj Auto Limited,Consumer Cyclical,Auto Manufacturers,11579.0,2812545623043.0,28.66511110485392,0.1536890350221691,0.0918434700612917,0.2192913178539461,0.4395474606825387,0.2596694848557499,0.2385292505156369,243.8571428571429,-0.4231352571093831,10372.12,9667.4375,0.1163580830148511,0.1977320773990005,11579.0,0.0,5360020180.725,5360020180.725,498798.2,2026-08-04,1.0.0,0.8715953307392996,0.5642023346303502,0.6070038910505836,0.8326848249027238,0.9766536964980544,0.9766536964980544,0.9883268482490273,0.9883268482490273,0.7782101167315175,0.7120622568093385,0.9494163424124513,0.754863813229572,0.9221789883268483,0.03891050583657585,0.09727626459143968,0.8247081712062256,0.023346303501945553,0.8223735408560311,26,0.9833333333333333,2026-08-04,Sector Neutral Percentile,Institutional Composite Alpha
SECC88E203D,APOLLO,Apollo Micro Systems Limited,Industrials,Aerospace & Defense,397.5,143771355878.68195,25.69149006822385,-0.0621682333940565,0.2637101110352846,0.6115954179460685,1.3161636831918946,0.354649033513966,0.6341054687515898,12.260713849748884,-0.5181286791053308,407.6109985351562,295.1249494934082,-0.0248055095949137,0.3468871428265281,450.0499877929688,-0.1167647799540496,3369757304.102666,3369757304.102666,8472258.5,2026-08-04,1.0.0,0.2555205047318612,0.886435331230284,0.8675078864353313,0.9747634069400631,0.9652996845425867,0.9652996845425867,0.7854889589905363,0.7854889589905363,0.3186119873817035,0.8801261829652997,0.6845425867507886,0.43217665615141954,0.05362776025236593,0.5962145110410095,0.23974763406940058,0.8225552050473186,0.034700315457413256,0.8190851735015773,27,0.9826666666666667,2026-08-04,Sector Neutral Percentile,Institutional Composite Alpha
SECA8D30DA3,CGPOWER,CG Power and Industrial Solutions Limited,Industrials,Electrical Equipment & Parts,877.9500122070312,1425337215345.0,27.985429544001143,-0.0509161409734311,0.0219416100067251,0.4431660186415329,0.3295222907035231,0.2829508237641865,0.3548594485471208,30.257149832589285,-0.5950413271993424,915.277999267578,760.1087487792969,-0.0407832233380649,0.1550321103618166,976.5,-0.100921646485375,3897422126.771295,3897422126.771295,4408448.45,2026-08-04,1.0.0,0.3028391167192429,0.5772870662460567,0.8201892744479495,0.7981072555205048,0.9810725552050473,0.9810725552050473,0.9716088328075709,0.9716088328075709,0.24605678233438485,0.722397476340694,0.7318611987381703,0.6593059936908517,0.6025236593059937,0.32807570977917977,0.473186119873817,0.8198738170347004,0.018927444794952675,0.8179810725552051,28,0.982,2026-08-04,Sector Neutral Percentile,Institutional Composite Alpha
SEC0194116D,EICHERMOT,Eicher Motors Limited,Consumer Cyclical,Auto Manufacturers,7892.0,1992028575210.0,28.32017461997301,0.0562805326908919,0.0770385533947457,0.1297688068141149,0.4398832329866813,0.1832644650104467,0.256616697863756,154.32142857142858,-0.4256131329288911,7447.97,7255.9375,0.0596175870740618,0.0876609673112536,8190.0,-0.0363858363858363,4429020970.075,4429020970.075,582838.95,2026-08-04,1.0.0,0.642023346303502,0.5252918287937743,0.48638132295719844,0.8365758754863813,0.9688715953307393,0.9688715953307393,0.980544747081712,0.980544747081712,0.5642023346303502,0.5369649805447471,0.8210116731517509,0.9610894941634242,0.8949416342412452,0.054474708171206254,0.10505836575875482,0.8178988326848249,0.0311284046692607,0.8147859922178988,29,0.9813333333333333,2026-08-04,Sector Neutral Percentile,Institutional Composite Alpha
SEC8158ECE3,HFCL,HFCL Limited,Technology,Communication Equipment,205.8999938964844,262991114057.17883,26.295386081698556,-0.0846855003787394,0.4079594239765609,1.544158872262658,1.6740258947595374,0.5799032928634182,0.5969697991898801,11.62856946672712,-0.6233236407974818,199.37539916992188,110.51935010910034,0.0327251744885626,0.7569969092994189,226.0399932861328,-0.0890992744109411,5231433930.684849,5231433930.684849,25276584.25,2026-08-04,1.0.0,0.12264150943396226,0.8867924528301887,0.9952830188679245,0.9716981132075472,0.9622641509433962,0.9622641509433962,0.8207547169811321,0.8207547169811321,0.49056603773584906,0.9858490566037735,0.7735849056603774,0.160377358490566,0.160377358490566,0.7169811320754718,0.4528301886792453,0.8183962264150944,0.037735849056603765,0.814622641509434,30,0.9806666666666667,2026-08-04,Sector Neutral Percentile,Institutional Composite Alpha
SEC3F90165F,RRKABEL,R R Kabel Limited,Industrials,Electrical Equipment & Parts,2641.300048828125,243493536686.7297,26.218356235735783,0.1507930049752481,0.370679838520044,0.9485798958525452,0.8661155880095113,0.4673003712772733,0.3969197498066497,117.414306640625,-0.5306925216735248,2300.36,1679.4534967041016,0.148211605500063,0.5727140132261064,2641.300048828125,0.0,1867598779.1901977,1867598779.1901977,757526.4,2026-08-04,1.0.0,0.9463722397476341,0.943217665615142,0.9337539432176656,0.9400630914826499,0.9337539432176656,0.9337539432176656,0.8580441640378549,0.8580441640378549,0.9116719242902208,0.9558359621451105,0.9684542586750788,0.18296529968454256,0.4542586750788643,0.08517350157728709,0.27129337539432175,0.8189274447949527,0.06624605678233442,0.8123028391167193,31,0.98,2026-08-04,Sector Neutral Percentile,Institutional Composite Alpha
SEC0BE45679,POWERINDIA,Hitachi Energy India Limited,Industrials,Electrical Equipment & Parts,32290.0,1518803269225.0,28.048943817807007,-0.0021631644004944,-0.0741218637992832,0.7014437770049531,0.5505402160864346,0.3428140925873266,0.4365538593733633,450.9392857142856,-0.4030598547993059,33949.2,25948.295,-0.048873022044702,0.2443977533013248,38445.0,-0.160098842502276,3863967965.25,3863967965.25,120248.05,2026-08-04,1.0.0,0.5899053627760252,0.30914826498422715,0.8832807570977917,0.8738170347003155,0.9779179810725552,0.9779179810725552,0.9810725552050473,0.9810725552050473,0.2082018927444795,0.8201892744479495,0.6025236593059937,0.4637223974763407,0.35962145110410093,0.006309148264984188,0.03785488958990535,0.8134069400630914,0.02208201892744477,0.8111987381703469,32,0.9793333333333333,2026-08-04,Sector Neutral Percentile,Institutional Composite Alpha
SECD89D1EEC,GRANULES,Granules India Limited,Healthcare,Drug Manufacturers - Specialty & Generic,828.6500244140625,189713316667.87048,25.96877990998905,-0.0299110131442801,0.1145259238924849,0.499005142388685,0.689570810050808,0.2043837247572761,0.2740972258985858,26.678562709263392,-0.4547897053656177,814.67599609375,657.8282495117187,0.0171528661545399,0.2596753408342351,903.25,-0.0825906178643094,1016339794.6197326,1016339794.6197326,1171993.6,2026-08-04,1.0.0,0.288,0.568,0.816,0.92,0.84,0.84,0.712,0.712,0.424,0.784,0.6,0.856,0.712,0.44799999999999995,0.28,0.8248,0.16000000000000003,0.8088,33,0.9786666666666667,2026-08-04,Sector Neutral Percentile,Institutional Composite Alpha
SECDCF80729,DIVISLAB,Divi's Laboratories Limited,Healthcare,Drug Manufacturers - Specialty & Generic,8359.5,1764171448390.0,28.19870226175507,0.2190302588406854,0.2472211861245803,0.3815071888943977,0.2520781846776005,0.2691202738964738,0.2396838935684642,188.82142857142856,-0.4879424164139361,6937.86,6518.0575,0.2049104478902716,0.2825140005285318,8359.5,0.0,3908792668.825,3908792668.825,525075.45,2026-08-04,1.0.0,0.992,0.8,0.712,0.752,0.984,0.984,0.992,0.992,0.968,0.792,0.956,0.6639999999999999,0.848,0.016000000000000014,0.376,0.8099999999999999,0.016000000000000014,0.8083999999999999,34,0.978,2026-08-04,Sector Neutral Percentile,Institutional Composite Alpha
SEC1317061B,HINDALCO,Hindalco Industries Limited,Basic Materials,Aluminum,1007.0,2295858389466.432,28.4621279154221,0.027131757367953,-0.0461304853882164,0.0822138635142397,0.4619628598232088,0.2052846169267529,0.2800468329623798,18.142857142857142,-0.6007267591966869,1005.291004638672,939.1255029296876,0.0017000006500031,0.0722741495769967,1149.699951171875,-0.1241192982798883,4516366424.071396,4516366424.071396,4691329.75,2026-08-04,1.0.0,0.609375,0.37109375,0.46875,0.8984375,0.99609375,0.99609375,0.98046875,0.98046875,0.375,0.58203125,0.640625,0.890625,0.7578125,0.390625,0.5625,0.8083984375,0.00390625,0.8080078125,35,0.9773333333333334,2026-08-04,Sector Neutral Percentile,Institutional Composite Alpha
SECE88A6B48,OFSS,Oracle Financial Services Software Limited,Technology,Software - Infrastructure,11617.0,810394774332.0,27.420787341602445,0.0493180381176046,0.2230352160867506,0.501971685306096,0.3555425904317386,0.3961658685848009,0.3603682344253163,450.9392857142856,-0.5131880386607234,10607.93,8573.7775,0.0951241194087819,0.3549453551832899,11771.0,-0.0130830005946818,5218786939.25,5218786939.25,467357.65,2026-08-04,1.0.0,0.6320754716981132,0.7547169811320755,0.8207547169811321,0.8207547169811321,0.9528301886792453,0.9528301886792453,0.9339622641509434,0.9339622641509434,0.7075471698113207,0.8584905660377359,0.9339622641509434,0.4811320754716981,0.7547169811320755,0.004716981132075526,0.18867924528301883,0.8122641509433963,0.047169811320754707,0.8075471698113208,36,0.9766666666666667,2026-08-04,Sector Neutral Percentile,Institutional Composite Alpha
SEC48E6DC28,HSCL,Himadri Speciality Chemical Limited,Basic Materials,Specialty Chemicals,753.0,339051954528.0,26.549419190778718,0.1006357862004079,0.2245893155030085,0.6353566729007492,0.5723533297074193,0.474776431889278,0.4463566411287704,35.857142857142854,-0.6100758979992558,685.682001953125,534.5012512207031,0.098176702691807,0.4087899668715193,800.9000244140625,-0.0598077449792888,7636710228.354959,7636710228.354959,10398579.05,2026-08-04,1.0.0,0.81640625,0.88671875,0.8984375,0.921875,1.0,1.0,0.8828125,0.8828125,0.8359375,0.9375,0.80859375,0.18359375,0.26171875,0.2109375,0.58984375,0.8029296874999999,0.0,0.8029296874999999,37,0.976,2026-08-04,Sector Neutral Percentile,Institutional Composite Alpha
SEC721948F5,TVSMOTOR,TVS Motor Company Limited,Consumer Cyclical,Auto Manufacturers,4344.0,1560215354350.0137,28.07584497532256,0.1724696356275303,0.1719319225249516,0.1915080206870638,0.5549827635116746,0.3142471188098011,0.2989870883241762,108.22853306361608,-0.4820313427115544,3593.529990234375,3612.0619885253914,0.2088392226599111,0.2026371678558651,4344.0,0.0,5354810074.212817,5354810074.212817,1361743.2,2026-08-04,1.0.0,0.8832684824902723,0.7042801556420234,0.5758754863813229,0.8988326848249028,0.9727626459143969,0.9727626459143969,0.9727626459143969,0.9727626459143969,0.9416342412451362,0.7159533073929961,0.9494163424124513,0.5447470817120623,0.7704280155642024,0.08949416342412453,0.1867704280155642,0.804669260700389,0.027237354085603127,0.8019455252918287,38,0.9753333333333334,2026-08-04,Sector Neutral Percentile,Institutional Composite Alpha
SEC6E162A52,AETHER,Aether Industries Limited,Basic Materials,Specialty Chemicals,1582.5,153424754893.93665,25.75647608765756,0.1626625732020548,0.3026835169512729,0.5245664739884393,1.0601444375493134,0.4081443691074887,0.3856171129574576,55.6499982561384,-0.3732149591340048,1309.1979931640626,1059.13150390625,0.208755290080626,0.4941487380589489,1582.5,0.0,744491598.6117004,744491598.6117004,499767.05,2026-08-04,1.0.0,0.91015625,0.92578125,0.86328125,0.96875,0.87109375,0.87109375,0.79296875,0.79296875,0.95703125,0.9609375,0.9765625,0.28125,0.4375,0.13671875,0.03125,0.8130859375,0.12890625,0.8001953125,39,0.9746666666666667,2026-08-04,Sector Neutral Percentile,Institutional Composite Alpha
SEC94B9E8A5,SHRIRAMFIN,Shriram Finance Limited,Financial Services,Credit Services,1079.0,2187975834971.417,28.413997956081506,0.0157205595446385,0.0623738237218913,0.1215050695151178,0.7051201340304278,0.3496264191097898,0.3320600023842174,31.22857666015625,-0.6629761965641623,1002.6720043945312,951.9540005493164,0.0761245903654803,0.1334581286253042,1104.5999755859375,-0.0231757886581139,5791473855.823382,5791473855.823382,5589239.6,2026-08-04,1.0.0,0.6687116564417178,0.6809815950920245,0.656441717791411,0.9754601226993865,0.9570552147239264,0.9570552147239264,0.950920245398773,0.950920245398773,0.7852760736196319,0.7668711656441718,0.8834355828220859,0.35582822085889576,0.4233128834355828,0.2024539877300614,0.6993865030674846,0.8042944785276075,0.042944785276073594,0.8000000000000002,40,0.974,2026-08-04,Sector Neutral Percentile,Institutional Composite Alpha
SECBFFA5FDC,SBC,SBC Exports Limited,Industrials,Conglomerates,41.54999923706055,17833315863.30414,23.604334222551977,-0.0147023703771783,0.2224182755302164,0.4589185359866732,1.3199329754915814,0.12242968631298103,0.357485223606655,0.7333574485778809,-0.5312160598137089,40.536400146484375,32.359800052642825,0.0250046646202766,0.2840004934970901,44.09000015258789,-0.0576094558116769,331638058.20534647,331638058.20534647,7873881.9,2026-08-04,1.0.0,0.5078864353312302,0.8580441640378549,0.8264984227129337,0.9779179810725552,0.7192429022082019,0.7192429022082019,0.277602523659306,0.277602523659306,0.6466876971608833,0.8391167192429022,0.8359621451104101,0.9952681388012619,0.5993690851735016,0.9952681388012619,0.27444794952681384,0.8272082018927446,0.28075709779179814,0.7991324921135647,41,0.9733333333333334,2026-08-04,Sector Neutral Percentile,Institutional Composite Alpha
SEC9BFC6369,MARICO,Marico Limited,Consumer Defensive,Household & Personal Products,862.6500244140625,1061839224929.95,27.691023638332982,0.0292925063158024,0.0366520448298679,0.1941445117111624,0.227010937191129,0.1872238987932276,0.1705603871749731,18.3535635811942,-0.313125568877482,836.2920007324219,777.0520001220704,0.0315177278493112,0.1101573952303645,885.3499755859375,-0.0256395231240074,1548690677.9871948,1548690677.9871948,1803121.85,2026-08-04,1.0.0,0.6666666666666666,0.7555555555555555,0.6666666666666666,0.7666666666666667,0.8777777777777778,0.8777777777777778,0.9222222222222223,0.9222222222222223,0.6555555555555556,0.7,0.8777777777777778,0.9,0.9833333333333333,0.4,0.011111111111111072,0.81,0.12222222222222223,0.7977777777777778,42,0.9726666666666667,2026-08-04,Sector Neutral Percentile,Institutional Composite Alpha
SECFC1C7E1F,ASIANPAINT,Asian Paints Limited,Basic Materials,Specialty Chemicals,2752.199951171875,2621316866630.393,28.5946979282813,-0.0009800541825777,0.0875681043879128,0.1457951503629788,0.1392498946702702,0.1655806378082001,0.1880197210421142,56.5714111328125,-0.4068450577788548,2692.9799755859376,2594.417495117188,0.0219904997893838,0.0608161394037933,2968.5,-0.0728650998241957,2793864171.9119263,2793864171.9119263,1031977.8,2026-08-04,1.0.0,0.43359375,0.72265625,0.5546875,0.73046875,0.98046875,0.98046875,0.9921875,0.9921875,0.50390625,0.546875,0.7734375,0.97265625,0.98046875,0.12890625,0.0390625,0.7996093750000001,0.01953125,0.7976562500000001,43,0.972,2026-08-04,Sector Neutral Percentile,Institutional Composite Alpha
SECD8790F38,ASTERDM,Aster DM Healthcare Limited,Healthcare,Medical Care Facilities,832.2000122070312,419160299058.5592,26.761519259024027,0.0513549681523013,0.1268025536009007,0.491264278130886,0.4039645925044812,0.2152580582622556,0.2470718067605143,20.553584507533483,-0.529560809794905,786.0440026855468,687.0122494506836,0.0587193711341742,0.211332131082722,832.2000122070312,0.0,404051855.6050445,404051855.6050445,499609.1,2026-08-04,1.0.0,0.696,0.592,0.808,0.864,0.68,0.68,0.864,0.864,0.64,0.728,0.956,0.832,0.832,0.5680000000000001,0.46399999999999997,0.8296000000000001,0.31999999999999995,0.7976000000000001,44,0.9713333333333334,2026-08-04,Sector Neutral Percentile,Institutional Composite Alpha
SECE38F61AD,JSWSTEEL,JSW Steel Limited,Basic Materials,Steel,1286.199951171875,3165996605790.6978,28.783489005305523,0.0345881609466498,0.0021816477361302,0.0725483685310213,0.2392329905743937,0.1872267274932695,0.179110416546859,24.807146344866077,-0.5209397647247569,1261.6300048828125,1210.1400042724608,0.0194747637532168,0.0628521878715526,1312.9000244140625,-0.0203367147122291,2106699139.419098,2106699139.419098,1684169.45,2026-08-04,1.0.0,0.65234375,0.53515625,0.453125,0.78515625,0.96484375,0.96484375,0.99609375,0.99609375,0.484375,0.55078125,0.91015625,0.9296875,0.99609375,0.296875,0.23828125,0.8009765624999999,0.03515625,0.7974609374999999,45,0.9706666666666667,2026-08-04,Sector Neutral Percentile,Institutional Composite Alpha
SEC604401C1,ACUTAAS,Acutaas Chemicals Limited,Basic Materials,Specialty Chemicals,3217.800048828125,256395788769.78665,26.26998813740323,-0.0844998281193899,0.1805408175777669,0.6610572630262423,1.636892501904129,0.4413794560911,0.4476060622254521,160.54999651227678,-0.4214659713366344,3318.6600048828127,2361.585501098633,-0.0303917713493669,0.3625591990343659,3694.800048828125,-0.1291003555527421,1385233860.1087036,1385233860.1087036,411921.6,2026-08-04,1.0.0,0.0859375,0.8359375,0.9140625,0.98828125,0.9296875,0.9296875,0.87109375,0.87109375,0.18359375,0.90234375,0.6328125,0.234375,0.25390625,0.04296875,0.0625,0.8042968749999999,0.0703125,0.7972656249999999,46,0.97,2026-08-04,Sector Neutral Percentile,Institutional Composite Alpha
SEC41F2A0B4,SKYGOLD,Sky Gold and Diamonds Limited,Consumer Cyclical,Luxury Goods,679.7000122070312,78459110579.67517,25.08584344169205,0.2233622067571501,0.3674681197057787,1.237327319019604,1.3032870150758489,0.436353201059489,0.5231816870397725,31.067853655133927,-0.4702691756024778,567.5309991455078,413.46999923706056,0.1976438524598807,0.6438919715123739,679.7000122070312,0.0,726091687.9002197,726091687.9002197,1148352.85,2026-08-04,1.0.0,0.9416342412451362,0.8910505836575876,0.9883268482490273,0.9844357976653697,0.8210116731517509,0.8210116731517509,0.6848249027237354,0.6848249027237354,0.9182879377431906,0.9844357976653697,0.9494163424124513,0.2334630350194552,0.15953307392996108,0.2840466926070039,0.1712062256809338,0.814591439688716,0.17898832684824906,0.796692607003891,47,0.9693333333333334,2026-08-04,Sector Neutral Percentile,Institutional Composite Alpha
SEC39245F03,POLYCAB,Polycab India Limited,Industrials,Electrical Equipment & Parts,9138.5,1428950146682.0,27.98796112741117,-0.0464837228714524,0.0150505387093191,0.2987280608256946,0.3184966094358679,0.2784147146115465,0.2496388033150021,222.28571428571428,-0.501783446868329,9444.16,8152.115,-0.0323649747568868,0.1209974344081259,10083.0,-0.0936725180997718,3437896518.325,3437896518.325,377134.55,2026-08-04,1.0.0,0.3280757097791798,0.5709779179810726,0.7066246056782335,0.7917981072555205,0.9684542586750788,0.9684542586750788,0.9747634069400631,0.9747634069400631,0.28391167192429023,0.6529968454258676,0.7444794952681388,0.6782334384858044,0.9211356466876972,0.03785488958990535,0.19242902208201895,0.7977917981072555,0.03154574132492116,0.7946372239747634,48,0.9686666666666667,2026-08-04,Sector Neutral Percentile,Institutional Composite Alpha
SEC681E0717,CRAFTSMAN,Craftsman Automation Limited,Consumer Cyclical,Auto Parts,10196.5,210406242060.0,26.07230598495544,0.1208640211058591,0.1805603797614912,0.393535602022687,0.6351026298909557,0.3116376675846031,0.2948030861223188,337.7857142857143,-0.4044938466454307,9260.1,7849.61,0.1011220181207546,0.2989817328504218,10196.5,0.0,655958581.125,655958581.125,68118.15,2026-08-04,1.0.0,0.8326848249027238,0.7198443579766537,0.7704280155642024,0.9221789883268483,0.8054474708171206,0.8054474708171206,0.8404669260700389,0.8404669260700389,0.7431906614785992,0.8482490272373541,0.9494163424124513,0.556420233463035,0.7937743190661479,0.023346303501945553,0.08171206225680938,0.8140077821011674,0.19455252918287935,0.7945525291828794,49,0.968,2026-08-04,Sector Neutral Percentile,Institutional Composite Alpha
SEC39615199,SJS,S.J.S. Enterprises Limited,Consumer Cyclical,Auto Parts,2455.10009765625,68042957404.0,24.94340506919672,0.1170208866373907,0.2294556901398377,0.4716178300065399,0.9827977664937386,0.2493065601528217,0.2888741051443516,80.14998953683036,-0.3724000330917442,2178.12,1831.0719995117188,0.1271647556866701,0.3407993231893322,2455.10009765625,0.0,234029697.6091675,234029697.6091675,102384.65,2026-08-04,1.0.0,0.8249027237354085,0.7859922178988327,0.8171206225680934,0.9649805447470817,0.6614785992217899,0.6614785992217899,0.6303501945525292,0.6303501945525292,0.8054474708171206,0.8599221789883269,0.9494163424124513,0.7859922178988327,0.8093385214007782,0.13618677042801552,0.05058365758754868,0.8280155642023346,0.33852140077821014,0.7941634241245136,50,0.9673333333333334,2026-08-04,Sector Neutral Percentile,Institutional Composite Alpha
SECA932BA3C,JBCHEPHARM,J. B. Chemicals & Pharmaceuticals Limited,Healthcare,Drug Manufacturers - Specialty & Generic,2408.89990234375,362525486597.83887,26.61636061662577,0.0735326918226868,0.1787531469572827,0.2782022357794012,0.4297838512168124,0.2005905504661603,0.2064136380779813,39.885689871651785,-0.2692130817820702,2271.083984375,1990.987496337891,0.0606828804733421,0.2099020746109876,2506.0,-0.0387470461517358,1379320211.1444702,1379320211.1444702,572119.9,2026-08-04,1.0.0,0.768,0.68,0.568,0.88,0.912,0.912,0.824,0.824,0.664,0.72,0.76,0.864,0.9359999999999999,0.344,0.020000000000000018,0.8024,0.08799999999999997,0.7936,51,0.9666666666666667,2026-08-04,Sector Neutral Percentile,Institutional Composite Alpha
SEC6ACA80F1,ADANIPORTS,Adani Ports and Special Economic Zone Limited,Industrials,Marine Shipping,1692.0,4125469104629.799,29.048200851583797,-0.0924694390455416,-0.0235457338864444,0.205901239712742,0.2137733142037303,0.2294460207240672,0.2325155035973357,39.5142822265625,-0.5233702528141909,1805.857995605469,1581.441502075195,-0.0630492518694939,0.0699099510033902,1883.199951171875,-0.101529288513891,3550218213.35752,3550218213.35752,2015557.95,2026-08-04,1.0.0,0.11987381703470032,0.4952681388012618,0.5993690851735016,0.7539432176656151,0.9716088328075709,0.9716088328075709,0.9968454258675079,0.9968454258675079,0.12302839116719243,0.5488958990536278,0.7287066246056783,0.8769716088328076,0.9558359621451105,0.27444794952681384,0.26182965299684546,0.7958990536277603,0.028391167192429068,0.7930599369085174,52,0.966,2026-08-04,Sector Neutral Percentile,Institutional Composite Alpha
SEC06DCFAD7,SAIL,Steel Authority of India Limited,Basic Materials,Steel,171.3000030517578,754275225545.3625,27.34902315896774,0.0122319173697285,-0.0853267611688258,0.1522163527378015,0.3796713756382919,0.2261933303658089,0.4041889191772177,4.641429356166294,-0.6034985555680529,176.62499969482425,159.30769992828368,-0.030148601003635,0.0752776113701521,206.05999755859372,-0.1686887067779947,2273528848.0279093,2273528848.0279093,13673971.9,2026-08-04,1.0.0,0.5234375,0.2734375,0.56640625,0.86328125,0.97265625,0.97265625,0.94140625,0.94140625,0.1875,0.59765625,0.56640625,0.8359375,0.37109375,0.80078125,0.5703125,0.7943359375,0.02734375,0.7916015625,53,0.9653333333333334,2026-08-04,Sector Neutral Percentile,Institutional Composite Alpha
SECFB105546,PAISALO,Paisalo Digital Limited,Financial Services,Credit Services,71.45999908447266,54198408610.44202,24.71591738353,-0.0080511080466918,0.4421796202778685,1.1185887949684448,1.2772466856473592,0.2695803468919048,0.5124408527657763,3.2899998256138394,-0.6879132555007308,63.97459968566895,44.35619976997376,0.1170058028589824,0.6110487249822154,73.77999877929688,-0.0314448323828818,1276832967.8074317,1276832967.8074317,17746580.75,2026-08-04,1.0.0,0.5398773006134969,0.9877300613496932,1.0,1.0,0.6809815950920245,0.6809815950920245,0.34355828220858897,0.34355828220858897,0.9079754601226994,1.0,0.8466257668711656,0.6809815950920246,0.06748466257668717,0.7975460122699387,0.7791411042944785,0.8233128834355827,0.3190184049079755,0.7914110429447851,54,0.9646666666666667,2026-08-04,Sector Neutral Percentile,Institutional Composite Alpha
SEC9BD77AAE,AUROPHARMA,Aurobindo Pharma Limited,Healthcare,Drug Manufacturers - Specialty & Generic,1564.0,848394706177.5,27.466611819845543,-0.0191897504417642,0.0576858400248978,0.3356105892399659,0.3504878965295708,0.2154895949642637,0.2561889553175164,34.885707310267854,-0.6142945455028337,1514.7119946289065,1315.7189965820312,0.032539522725024,0.1887036700564117,1620.5,-0.0348657821659981,1331878664.9408507,1331878664.9408507,854897.9,2026-08-04,1.0.0,0.368,0.408,0.64,0.808,0.896,0.896,0.92,0.92,0.496,0.64,0.8,0.8240000000000001,0.784,0.376,0.624,0.8004,0.10399999999999998,0.79,55,0.964,2026-08-04,Sector Neutral Percentile,Institutional Composite Alpha
SECE496E96D,NAVINFLUOR,Navin Fluorine International Limited,Basic Materials,Chemicals,7578.0,371823202750.0,26.64168431682232,-0.0195368094190709,0.0695836273817924,0.2841891204880529,0.4717993100257929,0.3318209030648978,0.2845632683682296,203.82142857142856,-0.3970867423521701,7445.95,6452.731499023437,0.0177344731028277,0.1743863821308637,7882.0,-0.0385688911443795,924147565.925,924147565.925,120992.9,2026-08-04,1.0.0,0.3203125,0.68359375,0.734375,0.90234375,0.89453125,0.89453125,0.89453125,0.89453125,0.47265625,0.76171875,0.875,0.47265625,0.7421875,0.01953125,0.03515625,0.7996093750000001,0.10546875,0.7890625000000001,56,0.9633333333333334,2026-08-04,Sector Neutral Percentile,Institutional Composite Alpha
SEC8467BBC9,NESTLEIND,Nestlé India Limited,Consumer Defensive,Packaged Foods,1466.0,2739749080011.9727,28.63888745549717,-0.0052249110585584,-0.0067750677506774,0.1205380610610926,0.3139144073493165,0.2510168687325053,0.2117767588546468,38.985709054129465,-0.2692130817820702,1429.787998046875,1328.7380004882812,0.0253268330707709,0.1033025317717097,1520.699951171875,-0.0359702458921776,3622254834.6164174,3622254834.6164174,2464700.95,2026-08-04,1.0.0,0.5,0.6222222222222222,0.5333333333333333,0.8666666666666667,0.9555555555555556,0.9555555555555556,0.9777777777777777,0.9777777777777777,0.6333333333333333,0.6666666666666666,0.8444444444444444,0.6666666666666667,0.8777777777777778,0.16666666666666663,0.0,0.7922222222222222,0.0444444444444444,0.7877777777777777,57,0.9626666666666667,2026-08-04,Sector Neutral Percentile,Institutional Composite Alpha
SECC2E751BE,APOLLOHOSP,Apollo Hospitals Enterprise Limited,Healthcare,Medical Care Facilities,8858.5,1224398246683.5,27.83347061203649,-0.0033751476627102,0.1303432435881077,0.2776375567895002,0.1890604026845637,0.12242968631298103,0.1705603871749731,117.39285714285714,-0.3953184844163924,8624.98,7769.1075,0.0270748453909459,0.1402210614282271,8988.0,-0.0144080996884735,2307916637.7,2307916637.7,260017.2,2026-08-04,1.0.0,0.464,0.608,0.552,0.688,0.952,0.952,0.976,0.976,0.464,0.544,0.864,0.992,0.988,0.08799999999999997,0.20799999999999996,0.7924,0.04800000000000004,0.7876,58,0.962,2026-08-04,Sector Neutral Percentile,Institutional Composite Alpha
SEC910FE0F6,GRASIM,Grasim Industries Limited,Basic Materials,Building Materials,3126.800048828125,2101928744185.5864,28.37387648875334,-0.0268284939843993,0.0561372511280555,0.1269371941093002,0.1334734786258811,0.1726670121686496,0.198873651034696,54.007132393973215,-0.5132603540547371,3129.802001953125,2883.644501953125,-0.000959151129409,0.0843223034983362,3213.60009765625,-0.0270102209952726,1605931092.284204,1605931092.284204,512216.25,2026-08-04,1.0.0,0.2734375,0.6484375,0.52734375,0.71484375,0.94140625,0.94140625,0.9765625,0.9765625,0.34375,0.625,0.8984375,0.96484375,0.9609375,0.14453125,0.21484375,0.7933593750000001,0.05859375,0.7875000000000001,59,0.9613333333333334,2026-08-04,Sector Neutral Percentile,Institutional Composite Alpha
SEC8C0D3987,ABB,ABB India Limited,Industrials,Specialty Industrial Machinery,7784.0,1429321989375.0,27.98822131445943,0.1005231160752155,0.0829159710628826,0.4235552304316021,0.4015124234785741,0.4120245951201218,0.3302327870432922,286.10714285714283,-0.4798780487804878,7129.7,6110.73,0.0917710422598425,0.2738248948979911,7784.0,0.0,3262223995.75,3262223995.75,440679.55,2026-08-04,1.0.0,0.889589905362776,0.7097791798107256,0.807570977917981,0.8264984227129337,0.9621451104100947,0.9621451104100947,0.9779179810725552,0.9779179810725552,0.8454258675078864,0.8359621451104101,0.9684542586750788,0.28391167192429023,0.6782334384858044,0.025236593059936863,0.1451104100946372,0.7910094637223974,0.03785488958990535,0.7872239747634069,60,0.9606666666666667,2026-08-04,Sector Neutral Percentile,Institutional Composite Alpha
SEC47F7A3D4,BAJFINANCE,Bajaj Finance Limited,Financial Services,Credit Services,1146.0,4125910482947.3804,29.048307271942335,0.1135944292948829,0.1781033153430995,0.26811993418172,0.2951348043391559,0.3861166245793712,0.3100512808816323,29.728581019810267,-0.6252394986849575,984.9380041503906,972.185750732422,0.1635250088542799,0.1787870776100457,1146.0,0.0,8218628492.096025,8218628492.096025,10057041.35,2026-08-04,1.0.0,0.9263803680981595,0.9141104294478528,0.8343558282208589,0.7914110429447853,0.9846625766871165,0.9846625766871165,0.9846625766871165,0.9846625766871165,0.9754601226993865,0.852760736196319,0.9723926380368099,0.26993865030674846,0.5214723926380368,0.22085889570552142,0.6134969325153374,0.7881901840490797,0.015337423312883458,0.7866564417177914,61,0.96,2026-08-04,Sector Neutral Percentile,Institutional Composite Alpha
SEC64EECED6,SIEMENS,Siemens Limited,Industrials,Specialty Industrial Machinery,4009.5,1264192145922.107,27.86545441427911,0.1226060842116978,0.0356450987989152,0.2976148505518625,0.306877444589309,0.2962905950414771,0.3139187036974714,120.19283621651786,-0.4210710837387628,3650.76,3354.442003173828,0.0982644709594713,0.1952807638964644,4009.5,0.0,1378775809.8729126,1378775809.8729126,375378.35,2026-08-04,1.0.0,0.9211356466876972,0.6056782334384858,0.7034700315457413,0.7854889589905363,0.8927444794952681,0.8927444794952681,0.9652996845425867,0.9652996845425867,0.8517350157728707,0.7665615141955836,0.9684542586750788,0.6151419558359621,0.7476340694006309,0.07886435331230279,0.056782334384858024,0.7958990536277601,0.10725552050473186,0.7851735015772869,62,0.9593333333333334,2026-08-04,Sector Neutral Percentile,Institutional Composite Alpha
SECEE6FE955,DIACABS,Diamond Power Infrastructure Limited,Industrials,Specialty Industrial Machinery,316.95001220703125,105473254442.6239,25.381723245330644,0.39377560440293485,0.7398817693539836,1.544158872262658,0.9340371171801968,0.6448675086469574,0.6131904612670714,20.325001307896205,-0.8805128244253305,228.21420043945312,165.06765014648437,0.3443976562077457,0.7569969092994189,337.45001220703125,-0.0607497385047445,2633687297.2981424,2633687297.2981424,9801985.5,2026-08-04,1.0.0,0.998422712933754,0.9905362776025236,0.9936908517350158,0.9495268138801262,0.9558359621451105,0.9558359621451105,0.7097791798107256,0.7097791798107256,0.9952681388012619,0.9952681388012619,0.8264984227129337,0.056782334384858024,0.07886435331230279,0.444794952681388,0.9842271293375394,0.7891167192429022,0.04416403785488954,0.7847003154574133,63,0.9586666666666667,2026-08-04,Sector Neutral Percentile,Institutional Composite Alpha
SECA5C10BE1,PARAS,Paras Defence and Space Technologies Limited,Industrials,Aerospace & Defense,1302.0,84620729801.42822,25.16144510665669,-0.041519451855421,0.4974123059229443,0.982036766038104,0.9012850806206868,0.4102919605184776,0.7024815644099727,43.5,-0.7324564217048898,1155.4480078125,813.5980032348633,0.1268356440069968,0.6002989127594363,1408.6500244140625,-0.075710802942998,1506763738.2820008,1506763738.2820008,1217222.8,2026-08-04,1.0.0,0.3659305993690852,0.9652996845425867,0.943217665615142,0.943217665615142,0.9022082018927445,0.9022082018927445,0.6466876971608833,0.6466876971608833,0.8958990536277602,0.9652996845425867,0.7917981072555205,0.2902208201892744,0.018927444794952675,0.25552050473186116,0.8738170347003155,0.7943217665615142,0.09779179810725547,0.7845425867507887,64,0.958,2026-08-04,Sector Neutral Percentile,Institutional Composite Alpha
SECCC2F1317,NETWEB,Netweb Technologies India Limited,Technology,Computer Hardware,4729.5,259165536880.5,26.280732833018654,0.0720843250595035,0.0991934797484772,0.4807915540901564,1.337864557587741,0.4717002720434508,0.6274250835115625,177.93568638392858,-0.5472781312672236,4497.389995117188,3716.320501708985,0.0516099349033136,0.2726297416557843,5111.10009765625,-0.0746610495519813,4549210432.754956,4549210432.754956,1037944.3,2026-08-04,1.0.0,0.6886792452830188,0.5754716981132075,0.8018867924528302,0.9528301886792453,0.9150943396226415,0.9150943396226415,0.8113207547169812,0.8113207547169812,0.5660377358490566,0.8113207547169812,0.8018867924528302,0.3207547169811321,0.09433962264150941,0.018867924528301883,0.28301886792452835,0.7929245283018869,0.08490566037735847,0.784433962264151,65,0.9573333333333334,2026-08-04,Sector Neutral Percentile,Institutional Composite Alpha
SEC4EA6A337,SAILIFE,SAI LIFE SCIENCES LIMITED,Healthcare,Diagnostics & Research,1366.9000244140625,260286943277.89856,26.285050487404185,0.1089567187150748,0.2543820185951955,0.6273587767710496,0.6151483447125474,0.305173628147652,0.3048291592250581,34.064278738839285,-0.2692130817820702,1228.02400390625,1015.4494985961916,0.1130890113434741,0.3461034017976609,1366.9000244140625,0.0,479410128.8510071,479410128.8510071,375771.3,2026-08-04,1.0.0,0.88,0.824,0.888,0.912,0.744,0.744,0.76,0.76,0.888,0.872,0.956,0.504,0.56,0.384,0.020000000000000018,0.8100000000000002,0.256,0.7844000000000002,66,0.9566666666666667,2026-08-04,Sector Neutral Percentile,Institutional Composite Alpha
SEC810017B2,KIRLOSENG,Kirloskar Oil Engines Limited,Industrials,Specialty Industrial Machinery,2258.5,268952896400.0,26.317802094895647,-0.0031338706524576,0.3070779374320953,0.9599929743098308,1.4527585034110553,0.4717257506009173,0.6199213021556975,97.4500034877232,-0.5939955633317785,2156.862004394531,1515.639252319336,0.0471230868726813,0.4901303173191689,2563.60009765625,-0.1190123599757954,1138110188.6339233,1138110188.6339233,495791.3,2026-08-04,1.0.0,0.580441640378549,0.9116719242902208,0.9369085173501577,0.9842271293375394,0.8801261829652997,0.8801261829652997,0.8738170347003155,0.8738170347003155,0.7318611987381703,0.9305993690851735,0.6719242902208202,0.17665615141955837,0.0725552050473186,0.10094637223974767,0.4668769716088328,0.7957413249211357,0.11987381703470035,0.7837539432176657,67,0.956,2026-08-04,Sector Neutral Percentile,Institutional Composite Alpha
SEC3536398B,BHARTIARTL,Bharti Airtel Limited,Communication Services,Telecom Services,1952.5,4125910482947.3804,29.048307271942335,0.0139170428974753,0.0689258874941549,-0.0065635617450998,0.010297021973225,0.1988315117014811,0.2052983707532411,28.842851911272323,-0.3358383341448651,1880.487998046875,1951.1930047607425,0.0382943161710782,0.0006698441599928,2162.699951171875,-0.0971933027778433,8218628492.096025,8218628492.096025,6019737.2,2026-08-04,1.0.0,0.6666666666666666,0.6410256410256411,0.5128205128205128,0.717948717948718,1.0,1.0,1.0,1.0,0.6410256410256411,0.5384615384615384,0.7948717948717948,0.8974358974358975,0.9743589743589743,0.2564102564102564,0.02564102564102566,0.782051282051282,0.0,0.782051282051282,68,0.9553333333333334,2026-08-04,Sector Neutral Percentile,Institutional Composite Alpha
SECE8A11DAD,DATAPATTNS,Data Patterns (India) Limited,Industrials,Aerospace & Defense,4572.7001953125,251759908593.0,26.251741726630524,-0.0092730591891452,0.0759041176075241,0.787887089738095,0.7635467497913002,0.6750243673646561,0.5989804763167033,241.75711495535717,-0.5842365704857192,4390.618012695312,3393.000502929688,0.0414707410416264,0.3476862710053241,4866.2001953125,-0.0603140002917927,4882088021.099146,4882088021.099146,1083851.95,2026-08-04,1.0.0,0.5425867507886435,0.6908517350157729,0.9022082018927445,0.9274447949526814,0.9905362776025236,0.9905362776025236,0.8643533123028391,0.8643533123028391,0.7129337539432177,0.8832807570977917,0.8296529968454258,0.04100946372239744,0.09148264984227128,0.034700315457413256,0.42902208201892744,0.782807570977918,0.009463722397476393,0.7818611987381703,69,0.9546666666666667,2026-08-04,Sector Neutral Percentile,Institutional Composite Alpha
SEC1B18C36B,PIDILITIND,Pidilite Industries Limited,Basic Materials,Specialty Chemicals,1627.699951171875,1561674518819.231,28.07677977099745,0.0066794029282832,0.1222420875437027,0.1527620050792315,0.1326675452251784,0.225924571183469,0.1821655198477146,34.835719517299104,-0.2846594943879614,1559.287998046875,1472.305502319336,0.0438738406315517,0.1055449759630353,1629.9000244140625,-0.0013498209762763,1649582562.0773804,1649582562.0773804,1036671.3,2026-08-04,1.0.0,0.48046875,0.75390625,0.5703125,0.7109375,0.9453125,0.9453125,0.97265625,0.97265625,0.640625,0.66015625,0.94140625,0.83984375,0.98828125,0.22265625,0.0078125,0.7865234375000001,0.0546875,0.7810546875000001,70,0.954,2026-08-04,Sector Neutral Percentile,Institutional Composite Alpha
SECE827CE80,ANANDRATHI,Anand Rathi Wealth Limited,Financial Services,Asset Management,2040.199951171875,290821280902.0,26.39597476047154,-0.0263899063842162,0.1289911896049673,0.421197368101057,0.5274388154180194,0.1904294053025652,0.2140558747530363,42.6714128766741,-0.2692130817820702,1934.6160009765624,1668.5822454833983,0.054576179532277,0.2227146469371765,2146.800048828125,-0.0496553452728119,629896874.3714111,629896874.3714111,300906.85,2026-08-04,1.0.0,0.39263803680981596,0.8159509202453987,0.9447852760736196,0.9141104294478528,0.558282208588957,0.558282208588957,0.6319018404907976,0.6319018404907976,0.7300613496932515,0.8957055214723927,0.7791411042944786,0.9141104294478528,0.9202453987730062,0.13496932515337423,0.0030674846625766694,0.8251533742331288,0.44171779141104295,0.7809815950920246,71,0.9533333333333334,2026-08-04,Sector Neutral Percentile,Institutional Composite Alpha
SECC30DDEE8,ADANIGREEN,Adani Green Energy Limited,Utilities,Utilities - Renewable,1390.800048828125,2422666769202.5234,28.515890020117915,-0.1022462608677015,0.0189011346726191,0.647964960852379,0.3774388749268946,0.3826231862765461,0.3867377140982442,49.200003487723215,-0.8444032949984746,1486.3159985351565,1148.1152490234374,-0.0642635548572223,0.2113766888917381,1604.5,-0.1331878785739326,4065714160.883081,4065714160.883081,2762297.85,2026-08-04,1.0.0,0.11538461538461539,0.8076923076923077,0.9230769230769231,0.9230769230769231,0.9615384615384616,0.9615384615384616,0.8846153846153846,0.8846153846153846,0.15384615384615385,0.9230769230769231,0.7692307692307693,0.07692307692307687,0.15384615384615385,0.038461538461538436,0.8846153846153846,0.7826923076923077,0.038461538461538436,0.7788461538461539,72,0.9526666666666667,2026-08-04,Sector Neutral Percentile,Institutional Composite Alpha
SECACB85887,SYRMA,Syrma SGS Technology Limited,Technology,Electronic Components,1413.5999755859375,243709111494.88354,26.21924118503985,0.0161742508769169,0.2928479458773247,0.8373952303167862,0.8528081171356587,0.4466714253822854,0.4016984022858053,59.21429443359375,-0.4391991804984014,1316.60701171875,949.796252746582,0.073668879934468,0.4883191752948559,1451.9000244140625,-0.026379260406433,2024544762.4293883,2024544762.4293883,1465295.35,2026-08-04,1.0.0,0.4811320754716981,0.8018867924528302,0.9056603773584906,0.8867924528301887,0.8207547169811321,0.8207547169811321,0.7924528301886793,0.7924528301886793,0.6886792452830188,0.9245283018867925,0.8773584905660378,0.39622641509433965,0.5849056603773585,0.18867924528301883,0.06603773584905659,0.7966981132075472,0.17924528301886788,0.7787735849056605,73,0.952,2026-08-04,Sector Neutral Percentile,Institutional Composite Alpha
SEC3069B975,APARINDS,APAR Industries Limited,Industrials,Electrical Equipment & Parts,15255.0,612255341400.0,27.1404152569546,0.0650701668644837,0.1917037731427231,0.8689127105666157,0.5776410362479962,0.4824924719157588,0.4794448583755059,450.9392857142856,-0.5870649918834647,14418.58,10869.375,0.0580098733717189,0.4034845609798172,16665.0,-0.0846084608460846,1858059985.4,1858059985.4,133170.65,2026-08-04,1.0.0,0.8233438485804416,0.8422712933753943,0.9148264984227129,0.8832807570977917,0.9305993690851735,0.9305993690851735,0.9400630914826499,0.9400630914826499,0.7697160883280757,0.9085173501577287,0.7760252365930599,0.1577287066246057,0.25552050473186116,0.006309148264984188,0.43848580441640383,0.782807570977918,0.06940063091482651,0.7758675078864353,74,0.9513333333333334,2026-08-04,Sector Neutral Percentile,Institutional Composite Alpha
SECADD7662E,EXIDEIND,Exide Industries Limited,Consumer Cyclical,Auto Parts,451.9500122070313,331925000000.0,26.52817487672837,0.0870715867878082,0.2400877954979854,0.4070672323503037,0.1557346280913436,0.2760014365085955,0.3559720474972799,15.814283098493304,-0.5033210009996856,408.65100036621095,363.4990000915527,0.1059559668323779,0.2433322019956061,452.7000122070313,-0.0016567262641402,2856045607.771281,2856045607.771281,6522918.2,2026-08-04,1.0.0,0.7665369649805448,0.8093385214007782,0.7821011673151751,0.6614785992217899,0.9494163424124513,0.9494163424124513,0.8832684824902723,0.8832684824902723,0.7587548638132295,0.77431906614786,0.8949416342412452,0.7042801556420233,0.5642023346303502,0.5058365758754864,0.21400778210116733,0.7807392996108948,0.05058365758754868,0.77568093385214,75,0.9506666666666667,2026-08-04,Sector Neutral Percentile,Institutional Composite Alpha
SEC1BF23B46,RBLBANK,RBL Bank Limited,Financial Services,Banks - Regional,382.6000061035156,225810724737.83148,26.14296298415863,0.0379815511887655,0.1065799164237617,0.2884323636153612,0.461700118829095,0.3351907497562134,0.303839385618799,10.02500479561942,-0.7910972818337865,363.83599975585935,325.9977502441406,0.0515727040761422,0.1736277499368796,382.6000061035156,0.0,2535912003.6588163,2535912003.6588163,6876026.95,2026-08-04,1.0.0,0.754601226993865,0.7484662576687117,0.8650306748466258,0.8895705521472392,0.8773006134969326,0.8773006134969326,0.558282208588957,0.558282208588957,0.7177914110429447,0.8466257668711656,0.9723926380368099,0.4171779141104295,0.5521472392638036,0.5398773006134969,0.9447852760736196,0.7871165644171778,0.12269938650306744,0.774846625766871,76,0.95,2026-08-04,Sector Neutral Percentile,Institutional Composite Alpha
SEC812ED0E9,PRIVISCL,Privi Speciality Chemicals Limited,Basic Materials,Specialty Chemicals,3653.699951171875,133848362109.0,25.619973370072863,0.001397756229547,0.0458565768346572,0.3007119797692683,0.4265578716336176,0.2428013199011963,0.3253052808834912,100.48570033482144,-0.6068005780688897,3519.55,3132.2550073242187,0.0381156543228182,0.1664758912120343,3750.800048828125,-0.0258878362995081,262833608.05675048,262833608.05675048,72488.95,2026-08-04,1.0.0,0.453125,0.62890625,0.74609375,0.8828125,0.7109375,0.7109375,0.75390625,0.75390625,0.5859375,0.734375,0.90234375,0.78125,0.6328125,0.07421875,0.58203125,0.8035156250000001,0.2890625,0.774609375,77,0.9493333333333334,2026-08-04,Sector Neutral Percentile,Institutional Composite Alpha
SEC0B6F34F4,ASHIANA,Ashiana Housing Limited,Real Estate,Real Estate - Development,385.1499938964844,36063292448.75,24.30854135528872,0.0127531061246204,0.0311914160548443,0.323539497926063,0.2034057446851926,0.2774940832945946,0.319230083751724,14.960719517299108,-0.655098534254021,376.995,325.9835011291504,0.021631570435906,0.1815014948989488,396.0499877929688,-0.027521762990641,170893523.0534668,170893523.0534668,434568.4,2026-08-04,1.0.0,0.8095238095238095,0.6666666666666666,0.9761904761904762,0.9285714285714286,0.6428571428571429,0.6428571428571429,0.4523809523809524,0.4523809523809524,0.5714285714285714,0.9285714285714286,1.0,0.6190476190476191,0.6904761904761905,0.33333333333333337,0.6428571428571428,0.8083333333333332,0.3571428571428571,0.7726190476190475,78,0.9486666666666667,2026-08-04,Sector Neutral Percentile,Institutional Composite Alpha
SEC67231732,AGIIL,AGI Infra Limited,Real Estate,Real Estate - Development,308.3999938964844,46261534061.72351,24.557576654931893,-0.1337078823132461,-0.1682847787236837,0.2654903477983357,0.4365567561866048,0.2738971817767348,0.4578728192864849,11.4000004359654,-0.2746033825111813,350.8979998779297,309.61350006103515,-0.1211121351396403,-0.0039194226489205,419.1499938964844,-0.2642252215500483,765290962.7607422,765290962.7607422,2329966.6,2026-08-04,1.0.0,0.047619047619047616,0.11904761904761904,0.8809523809523809,0.9761904761904762,0.8333333333333334,0.8333333333333334,0.5476190476190477,0.5476190476190477,0.023809523809523808,0.5238095238095238,0.42857142857142855,0.6428571428571428,0.09523809523809523,0.5,0.0,0.7880952380952381,0.16666666666666663,0.7714285714285714,79,0.948,2026-08-04,Sector Neutral Percentile,Institutional Composite Alpha
SECD7E2F2AA,RAIN,Rain Industries Limited,Basic Materials,Specialty Chemicals,237.41000366210935,66404724941.50067,24.91903404965468,0.2058002153388767,0.7398817693539836,0.5214689430726083,0.5141910442514634,0.4361685149289356,0.5481649985872841,9.63142830984933,-0.6253487354057798,200.69700134277343,149.2163501739502,0.1829275080031378,0.5910455079845252,237.41000366210935,0.0,1114828202.09279,1114828202.09279,5211980.95,2026-08-04,1.0.0,0.9453125,0.998046875,0.859375,0.9140625,0.8984375,0.8984375,0.65625,0.65625,0.9453125,0.9765625,0.9765625,0.2421875,0.109375,0.61328125,0.6328125,0.78046875,0.1015625,0.7703125000000001,80,0.9473333333333334,2026-08-04,Sector Neutral Percentile,Institutional Composite Alpha
SEC85328E35,ABCAPITAL,Aditya Birla Capital Limited,Financial Services,Financial Conglomerates,418.2000122070313,908472086676.0,27.535029999683218,0.0206223604808573,0.1333333664147189,0.2556673998949179,0.6808681956488287,0.3468789046161587,0.3345463031515532,10.732145036969866,-0.643207133745563,382.9989990234375,350.556749420166,0.0919088908152463,0.1929595219568578,418.2000122070313,0.0,1425701050.622249,1425701050.622249,3560425.9,2026-08-04,1.0.0,0.6993865030674846,0.8343558282208589,0.8159509202453987,0.9631901840490797,0.7239263803680982,0.7239263803680982,0.8466257668711656,0.8466257668711656,0.852760736196319,0.8773006134969326,0.9723926380368099,0.3619631901840491,0.4049079754601227,0.5030674846625767,0.656441717791411,0.7969325153374234,0.2760736196319018,0.7693251533742332,81,0.9466666666666667,2026-08-04,Sector Neutral Percentile,Institutional Composite Alpha
SECDA51357C,SHRIPISTON,SPR Auto Technologies Limited,Consumer Cyclical,Auto Parts,4467.39990234375,156350444553.25928,25.775365764167358,0.0592530888781861,0.2390858221967673,0.6249226432189372,0.8864911608952737,0.3408823633448958,0.3420999190837998,141.10710797991072,-0.4496861776821391,3927.68998046875,3259.669995117188,0.1374115382219114,0.3705068025400355,4475.2998046875,-0.0017652230439345,214740858.3080078,214740858.3080078,50165.6,2026-08-04,1.0.0,0.6536964980544747,0.8054474708171206,0.914396887159533,0.9610894941634242,0.6459143968871596,0.6459143968871596,0.7859922178988327,0.7859922178988327,0.8326848249027238,0.9027237354085603,0.8832684824902723,0.45914396887159536,0.6108949416342413,0.06614785992217898,0.1400778210116731,0.8038910505836576,0.35408560311284043,0.7684824902723736,82,0.946,2026-08-04,Sector Neutral Percentile,Institutional Composite Alpha
SECCB975CED,HAPPYFORGE,HAPPY FORGINGS LIMITED,Industrials,Metal Fabrication,1662.4000244140625,126250349560.62196,25.56153267389505,0.0887418939245856,0.1771704304582122,0.5727530978373345,0.7567368127006273,0.2293664400839582,0.3219280705488315,52.27141462053572,-0.408263850326137,1506.2820043945312,1255.1507501220703,0.1036446160573263,0.324462439473812,1662.4000244140625,0.0,101262079.50690308,101262079.50690308,63137.9,2026-08-04,1.0.0,0.8706624605678234,0.8201892744479495,0.8548895899053628,0.9242902208201893,0.45741324921135645,0.45741324921135645,0.750788643533123,0.750788643533123,0.861198738170347,0.8675078864353313,0.9684542586750788,0.8801261829652997,0.7160883280757098,0.2334384858044164,0.04416403785488954,0.820820189274448,0.5425867507886435,0.7665615141955836,83,0.9453333333333334,2026-08-04,Sector Neutral Percentile,Institutional Composite Alpha
SECEF90913E,PAYTM,One97 Communications Limited,Technology,Software - Infrastructure,1416.5999755859375,674402903452.7446,27.237093548863143,0.1628632674161636,0.1830632593139778,0.2093221325435132,0.326156188297751,0.3966746118622732,0.381972467617466,48.214303152901785,-0.8236831166663048,1193.982001953125,1198.5895001220704,0.186450024597232,0.1818891917889018,1416.5999755859375,0.0,4944652586.775934,4944652586.775934,3740088.75,2026-08-04,1.0.0,0.8301886792452831,0.6886792452830188,0.6415094339622641,0.8113207547169812,0.9339622641509434,0.9339622641509434,0.9056603773584906,0.9056603773584906,0.9056603773584906,0.7641509433962265,0.9858490566037735,0.46226415094339623,0.6981132075471699,0.2547169811320755,0.9622641509433962,0.7702830188679245,0.06603773584905659,0.7636792452830188,84,0.9446666666666667,2026-08-04,Sector Neutral Percentile,Institutional Composite Alpha
SECE639E0FD,STLTECH,Sterlite Technologies Limited,Technology,Communication Equipment,607.75,286456762258.9224,26.380853444640252,0.0386225320738351,0.697388690741731,1.544158872262658,1.860166662772768,0.658800289011509,0.6050057854309787,35.34643118722098,-0.8066271799403718,572.122998046875,272.01219902038576,0.0622715780955305,0.7569969092994189,654.3499755859375,-0.0712156755934919,1355760460.062817,1355760460.062817,2483132.4,2026-08-04,1.0.0,0.5849056603773585,0.9811320754716981,0.9952830188679245,0.9952830188679245,0.7547169811320755,0.7547169811320755,0.8301886792452831,0.8301886792452831,0.6509433962264151,0.9858490566037735,0.8113207547169812,0.08490566037735847,0.14150943396226412,0.339622641509434,0.9245283018867925,0.7877358490566037,0.24528301886792447,0.7632075471698112,85,0.944,2026-08-04,Sector Neutral Percentile,Institutional Composite Alpha
SECF17A602B,CHOLAFIN,Cholamandalam Investment and Finance Company Limited,Financial Services,Credit Services,1874.5999755859373,1291434860067.0078,27.886775010786376,0.0130234939670021,0.1097561151866255,0.175813785468955,0.2682497845538645,0.3375303086505502,0.351686831895814,57.82856968470982,-0.6436597091812356,1698.5360083007813,1657.6705035400391,0.1036563054446464,0.1308640478205014,1874.5999755859373,0.0,2746332148.7509947,2746332148.7509947,1535496.9,2026-08-04,1.0.0,0.6625766871165644,0.754601226993865,0.7484662576687117,0.7668711656441718,0.9202453987730062,0.9202453987730062,0.9141104294478528,0.9141104294478528,0.8834355828220859,0.7607361963190185,0.9723926380368099,0.41104294478527603,0.3619631901840491,0.09815950920245398,0.6625766871165644,0.7680981595092025,0.07975460122699385,0.7601226993865031,86,0.9433333333333334,2026-08-04,Sector Neutral Percentile,Institutional Composite Alpha
SEC31D4BC12,GVT&D,GE Vernova T&D India Ltd,Industrials,Specialty Industrial Machinery,4394.0,1253219765557.5,27.856737167969573,-0.0352398726534196,-0.0784782894980724,0.3353999910072196,0.6919522525991528,0.4127983984065144,0.5111856381375051,185.5713936941964,-0.6623674258741659,4749.159990234375,3796.605992431641,-0.0747837493292887,0.1573494876105756,5533.5,-0.2059275323032439,3982929859.261035,3982929859.261035,916400.3,2026-08-04,1.0.0,0.3911671924290221,0.3028391167192429,0.7570977917981072,0.9211356466876972,0.9842271293375394,0.9842271293375394,0.9621451104100947,0.9621451104100947,0.08832807570977919,0.7255520504731862,0.47318611987381703,0.28075709779179814,0.20504731861198733,0.04416403785488954,0.6813880126182965,0.7610410094637224,0.01577287066246058,0.7594637223974764,87,0.9426666666666667,2026-08-04,Sector Neutral Percentile,Institutional Composite Alpha
SECD49300F9,UNITDSPR,UNITED SPIRITS LIMITED,Consumer Defensive,Beverages - Wineries & Distilleries,1524.0999755859375,923363145467.8192,27.55128843444873,0.0678203064851636,0.1908891369253429,0.1318974939368269,0.1583066720078998,0.2158183428578539,0.2317171350009316,35.435738699776785,-0.3862484302319068,1359.6560083007812,1361.7070025634766,0.1209452731288032,0.1192569126227216,1531.9000244140625,-0.0050917479625398,1555943749.071521,1555943749.071521,1077338.95,2026-08-04,1.0.0,0.7888888888888889,0.9111111111111111,0.5555555555555556,0.7444444444444445,0.8888888888888888,0.8888888888888888,0.9,0.9,0.8777777777777778,0.7111111111111111,0.9111111111111111,0.8111111111111111,0.8111111111111111,0.19999999999999996,0.07777777777777772,0.7705555555555555,0.11111111111111116,0.7594444444444445,88,0.942,2026-08-04,Sector Neutral Percentile,Institutional Composite Alpha
SEC262E8C48,KEI,KEI Industries Limited,Industrials,Electrical Equipment & Parts,5380.7998046875,507782560342.5,26.9533191620717,0.0247190639282994,0.0529528392299025,0.318888117135317,0.3791971957181335,0.3829730678048239,0.3457879742548017,146.39285714285714,-0.6164883984373217,5215.16400390625,4622.728009033203,0.0317604203160601,0.1639879729399955,5660.5,-0.0494126305648794,2131131337.872852,2131131337.872852,415820.55,2026-08-04,1.0.0,0.7287066246056783,0.6593059936908517,0.7318611987381703,0.8138801261829653,0.943217665615142,0.943217665615142,0.9274447949526814,0.9274447949526814,0.6750788643533123,0.7350157728706624,0.861198738170347,0.35962145110410093,0.6277602523659306,0.056782334384858024,0.5362776025236593,0.7648264984227129,0.056782334384858024,0.759148264984227,89,0.9413333333333334,2026-08-04,Sector Neutral Percentile,Institutional Composite Alpha
SEC5189EE84,SUNPHARMA,Sun Pharmaceutical Industries Limited,Healthcare,Drug Manufacturers - Specialty & Generic,1957.0,4125910482947.3804,29.048307271942335,0.0231074602904544,0.0668338279297058,0.2021622769521069,0.1287345396735544,0.1650623327319274,0.1705603871749731,33.25714111328125,-0.2861856673048326,1878.8880029296877,1777.718002319336,0.0415735248447566,0.100849514628732,2001.0999755859373,-0.0220378672350064,4926983647.285663,4926983647.285663,2520456.15,2026-08-04,1.0.0,0.584,0.448,0.472,0.616,1.0,1.0,1.0,1.0,0.544,0.488,0.832,0.976,0.988,0.4,0.07199999999999995,0.7587999999999999,0.0,0.7587999999999999,90,0.9406666666666667,2026-08-04,Sector Neutral Percentile,Institutional Composite Alpha
SECEFE69B0E,CEMPRO,Cemindia Projects Limited,Industrials,Engineering & Construction,1305.199951171875,193381274920.7344,25.9879295948063,-0.1421060009023286,0.3451509508318815,1.0635572350543478,0.6616167424212285,0.4063018923955878,0.5665681776227344,68.16429792131696,-0.5947565657369207,1312.9030041503906,869.7509985351562,-0.0058671912198878,0.5006593305096592,1639.5999755859375,-0.2039522013865359,1052133644.7282104,1052133644.7282104,708358.9,2026-08-04,1.0.0,0.04416403785488959,0.9337539432176656,0.9558359621451105,0.9053627760252366,0.8706624605678234,0.8706624605678234,0.832807570977918,0.832807570977918,0.4479495268138801,0.9369085173501577,0.4794952681388013,0.305993690851735,0.13249211356466872,0.1608832807570978,0.4700315457413249,0.7705047318611987,0.12933753943217663,0.7575709779179811,91,0.94,2026-08-04,Sector Neutral Percentile,Institutional Composite Alpha
SEC9942092A,MCX,Multi Commodity Exchange of India Limited,Financial Services,Financial Data & Stock Exchanges,2655.5,717933357499.4458,27.299642584833745,-0.02482468335058,-0.1272267420074159,0.1437246723034149,0.7050853720122892,0.309407391938942,0.3526343154270271,69.47141810825893,-0.4434046681896799,2834.39400390625,2503.402496948242,-0.0631154326673374,0.0607563119542988,3441.699951171875,-0.2284336119725309,5399221989.031702,5399221989.031702,1958812.2,2026-08-04,1.0.0,0.3987730061349693,0.08588957055214724,0.6871165644171779,0.9693251533742331,0.9447852760736196,0.9447852760736196,0.8159509202453987,0.8159509202453987,0.09202453987730061,0.5950920245398773,0.2822085889570552,0.5460122699386503,0.35582822085889576,0.07975460122699385,0.14110429447852757,0.7616564417177912,0.05521472392638038,0.7561349693251532,92,0.9393333333333334,2026-08-04,Sector Neutral Percentile,Institutional Composite Alpha
SEC0BD23E6D,FLUOROCHEM,Gujarat Fluorochemicals Limited,Basic Materials,Specialty Chemicals,4605.5,399864995727.5391,26.71439281640369,0.1700371061253793,0.2124842350480895,0.5169130963617652,0.2810848400556327,0.4395604216578826,0.3102782563792248,168.22147042410714,-0.6108990602579012,3964.244008789063,3582.2525036621096,0.1617599698175034,0.2856435986273531,4607.10009765625,-0.0003473112418512,828007384.4126343,828007384.4126343,192242.6,2026-08-04,1.0.0,0.92578125,0.875,0.85546875,0.8046875,0.8828125,0.8828125,0.8984375,0.8984375,0.9296875,0.86328125,0.94921875,0.23828125,0.6640625,0.03125,0.59375,0.7654296875000001,0.1171875,0.7537109375000001,93,0.9386666666666666,2026-08-04,Sector Neutral Percentile,Institutional Composite Alpha
SEC81BAA64C,LTF,L&T Finance Limited,Financial Services,Credit Services,318.20001220703125,684003192327.0,27.25122842170281,-0.0518474182956878,0.0479170709797776,0.1464601916840449,0.564405220036396,0.3107640556913229,0.3671902083950344,7.932146344866071,-0.6309388034090826,297.60300109863283,289.37714950561525,0.0692096888551607,0.099603105326935,335.6000061035156,-0.0518474182956878,2113171407.531775,2113171407.531775,6709970.95,2026-08-04,1.0.0,0.3067484662576687,0.6196319018404908,0.6932515337423313,0.9325153374233128,0.8098159509202454,0.8098159509202454,0.7791411042944786,0.7791411042944786,0.7607361963190185,0.6993865030674846,0.7668711656441718,0.5214723926380368,0.28220858895705525,0.6196319018404908,0.6319018404907976,0.7726993865030675,0.1901840490797546,0.753680981595092,94,0.938,2026-08-04,Sector Neutral Percentile,Institutional Composite Alpha
SEC828EA6BB,GMRAIRPORT,GMR Airports Limited,Industrials,Airports & Air Services,105.95999908447266,1080288803870.37,27.70824953230781,-0.0660202561943354,0.052652446150847,0.1271141014434333,0.1794301358378764,0.2341595037492205,0.2595947497882387,2.2992847987583707,-0.3796477838063578,107.05080047607422,99.79324989318847,-0.0101895678196759,0.0617952536658004,114.9800033569336,-0.0784484606811155,1758216269.813336,1758216269.813336,15903468.1,2026-08-04,1.0.0,0.23659305993690852,0.6561514195583596,0.4952681388012618,0.7381703470031545,0.9242902208201893,0.9242902208201893,0.9589905362776026,0.9589905362776026,0.4195583596214511,0.526813880126183,0.7823343848580442,0.8517350157728707,0.9085173501577287,0.9116719242902208,0.018927444794952675,0.7610410094637224,0.0757097791798107,0.7534700315457413,95,0.9373333333333334,2026-08-04,Sector Neutral Percentile,Institutional Composite Alpha
SEC60DAFEDC,GABRIEL,Gabriel India Limited,Consumer Cyclical,Auto Parts,1548.4000244140625,183362177468.8952,25.93472914577801,0.2143361728969819,0.3744009035760447,0.6793016050250524,0.4748774209856761,0.5951073832079161,0.5116291637591062,82.07856968470982,-0.6662821952521878,1229.414005126953,1071.6910009765625,0.2594618395079775,0.4448194703539603,1548.4000244140625,0.0,1207693861.3456664,1207693861.3456664,861500.15,2026-08-04,1.0.0,0.933852140077821,0.9027237354085603,0.9416342412451362,0.8482490272373541,0.8754863813229572,0.8754863813229572,0.8249027237354085,0.8249027237354085,0.9571984435797666,0.9571984435797666,0.9494163424124513,0.0933852140077821,0.1712062256809338,0.1245136186770428,0.7237354085603113,0.7655642023346303,0.1245136186770428,0.7531128404669261,96,0.9366666666666666,2026-08-04,Sector Neutral Percentile,Institutional Composite Alpha
SECFAF54D56,AIAENG,AIA Engineering Limited,Industrials,Specialty Industrial Machinery,4645.2998046875,402341434104.6826,26.720566903650397,-0.0348431737611676,0.1597303219791537,0.1645274015260716,0.4420574719133696,0.1876001307374664,0.2987200432449091,123.89285714285714,-0.3731185471397554,4642.712001953125,3990.7645068359375,0.0005573903212792,0.1640125085633048,5081.39990234375,-0.0858228256066016,309815769.3687012,309815769.3687012,66174.2,2026-08-04,1.0.0,0.3943217665615142,0.8107255520504731,0.555205047318612,0.8359621451104101,0.7066246056782335,0.7066246056782335,0.9116719242902208,0.9116719242902208,0.5110410094637224,0.7381703470031545,0.7728706624605678,0.9621451104100947,0.7981072555205048,0.0757097791798107,0.012618296529968487,0.7805993690851735,0.2933753943217665,0.7512618296529968,97,0.936,2026-08-04,Sector Neutral Percentile,Institutional Composite Alpha
SECB6205249,LODHA,Lodha Developers Limited,Real Estate,Real Estate - Development,1238.9000244140625,886037707892.0,27.51002534634337,0.1304863553374378,0.2807154139468948,0.2885745578910943,0.000565395953638,0.5133383612810443,0.4227536546324174,47.74644252232143,-0.5754953729168328,1035.8510021972656,1015.1340032958984,0.1960214565474045,0.220430032283077,1316.3499755859375,-0.0588368994631539,4517431614.841992,4517431614.841992,3731514.9,2026-08-04,1.0.0,0.9761904761904762,0.9761904761904762,0.9285714285714286,0.7380952380952381,1.0,1.0,0.9761904761904762,0.9761904761904762,1.0,0.9761904761904762,0.9285714285714286,0.023809523809523836,0.1428571428571429,0.0714285714285714,0.26190476190476186,0.7511904761904762,0.0,0.7511904761904762,98,0.9353333333333333,2026-08-04,Sector Neutral Percentile,Institutional Composite Alpha
SEC8B3F5EC1,AZAD,AZAD ENGINEERING LIMITED,Industrials,Specialty Industrial Machinery,2378.10009765625,136958499226.69458,25.64294379153079,0.0585800568245047,0.0594760733278934,0.6385998881323571,0.5782453016946449,0.5595526328449314,0.4869269450076353,94.09286063058036,-0.3963316449137433,2205.0560205078127,1822.2550073242187,0.0784760457507951,0.3050314517440831,2479.5,-0.040895302417322,1624596294.065332,1624596294.065332,682865.0,2026-08-04,1.0.0,0.8107255520504731,0.668769716088328,0.8769716088328076,0.886435331230284,0.9116719242902208,0.9116719242902208,0.7791798107255521,0.7791798107255521,0.8138801261829653,0.8517350157728707,0.886435331230284,0.09148264984227128,0.24605678233438488,0.10410094637223977,0.034700315457413256,0.7583596214511041,0.08832807570977919,0.7495268138801262,99,0.9346666666666666,2026-08-04,Sector Neutral Percentile,Institutional Composite Alpha
SEC6FB465DA,KTKBANK,The Karnataka Bank Limited,Financial Services,Banks - Regional,293.0,103243566426.0,25.360356756202098,0.113221832868033,0.0982009497967515,0.6331307843447771,0.6089176817198099,0.3087477368568902,0.3143767852399797,9.2892826625279,-0.5202642914477521,272.3760003662109,226.76479949951167,0.0757188577777043,0.2920876637232705,293.0,0.0,740102995.1063248,740102995.1063248,2641403.4,2026-08-04,1.0.0,0.9202453987730062,0.7423312883435583,0.9815950920245399,0.950920245398773,0.588957055214724,0.588957055214724,0.4049079754601227,0.4049079754601227,0.7791411042944786,0.9570552147239264,0.9723926380368099,0.5521472392638036,0.49693251533742333,0.5644171779141105,0.26993865030674846,0.7904907975460123,0.41104294478527603,0.7493865030674847,100,0.934,2026-08-04,Sector Neutral Percentile,Institutional Composite Alpha
SEC59D35B99,TATASTEEL,Tata Steel Limited,Basic Materials,Steel,190.13999938964844,2461693342554.2534,28.5318705797,-0.0038245703683854,-0.1241420489329953,0.0086467822943647,0.1783589406943184,0.1805079393844784,0.2085600018609124,3.3514295305524557,-0.494622575927368,194.38860107421877,191.733850479126,-0.021856228508729,-0.0083128309659178,221.1300048828125,-0.140143828557265,3931216742.323419,3931216742.323419,21010516.3,2026-08-04,1.0.0,0.4140625,0.15234375,0.34375,0.75390625,0.9921875,0.9921875,0.98828125,0.98828125,0.2421875,0.37890625,0.609375,0.953125,0.94140625,0.8515625,0.16796875,0.746484375,0.0078125,0.745703125,101,0.9333333333333333,2026-08-04,Sector Neutral Percentile,Institutional Composite Alpha
SECA1487C36,NEULANDLAB,Neuland Laboratories Limited,Healthcare,Drug Manufacturers - Specialty & Generic,19402.0,220661260911.0,26.11989460653307,0.0235281705001055,0.122476135377495,0.4791491957002363,0.3944228834267644,0.3137567918718223,0.2709837733295159,450.9392857142856,-0.6388461091126751,18088.24,15716.285,0.0726306152505715,0.2345156632117577,19697.0,-0.0149769000355384,644635521.2,644635521.2,33803.3,2026-08-04,1.0.0,0.592,0.584,0.8,0.856,0.784,0.784,0.752,0.752,0.712,0.752,0.856,0.48,0.744,0.0040000000000000036,0.6799999999999999,0.7672,0.21599999999999997,0.7456,102,0.9326666666666666,2026-08-04,Sector Neutral Percentile,Institutional Composite Alpha
SEC0399E28F,STYLAMIND,Stylam Industries Limited,Consumer Cyclical,"Furnishings, Fixtures & Appliances",3530.39990234375,53759193120.0,24.7077805241201,0.0821812370115775,0.3399118858806607,0.5965268504446875,0.9933374462250664,0.4450667374277071,0.3736628538046949,214.8428606305804,-0.4356087949652668,3214.6959912109373,2457.596005859375,0.0982064593342435,0.4365257324338936,3587.39990234375,-0.0158889450721009,601471769.3980103,601471769.3980103,172166.7,2026-08-04,1.0.0,0.7470817120622568,0.8715953307392996,0.8832684824902723,0.9688715953307393,0.8015564202334631,0.8015564202334631,0.5797665369649806,0.5797665369649806,0.7237354085603113,0.9455252918287937,0.8599221789883269,0.21400778210116733,0.4824902723735408,0.04280155642023342,0.1089494163424124,0.7636186770428016,0.19844357976653693,0.7437743190661479,103,0.932,2026-08-04,Sector Neutral Percentile,Institutional Composite Alpha
SEC080AB274,ARVIND,Arvind Limited,Consumer Cyclical,Textile Manufacturing,546.7999877929688,129288046180.0,25.585308668179746,0.0004574147023761,0.2208082055016538,0.6752450919664625,0.6522132274493133,0.3531111949648315,0.3799468507901303,15.67500523158482,-0.5623608251504257,520.3009948730469,394.7244987487793,0.0509301215662438,0.3852699529070205,587.0999755859375,-0.0686424620487312,239414067.6373703,239414067.6373703,450607.75,2026-08-04,1.0.0,0.45136186770428016,0.7704280155642024,0.933852140077821,0.9260700389105059,0.6653696498054474,0.6653696498054474,0.754863813229572,0.754863813229572,0.5214007782101168,0.914396887159533,0.7159533073929961,0.4357976653696498,0.4552529182879378,0.5136186770428015,0.36964980544747084,0.7768482490272373,0.33463035019455256,0.743385214007782,104,0.9313333333333333,2026-08-04,Sector Neutral Percentile,Institutional Composite Alpha
SECA2F56AF7,USHAMART,Usha Martin Limited,Basic Materials,Steel,504.2000122070313,147223193564.08813,25.715215595802555,-0.020114616327815,0.0561374500485603,0.2690662665455898,0.3335096642896964,0.2693833699678738,0.3169495105932997,13.49285670689174,-0.599647258245246,496.3429986572266,452.19049896240233,0.0158298063457336,0.1150168200436987,519.7999877929688,-0.0300114966377237,258335574.0881256,258335574.0881256,510611.4,2026-08-04,1.0.0,0.3125,0.65234375,0.71875,0.8359375,0.70703125,0.70703125,0.78515625,0.78515625,0.45703125,0.6796875,0.890625,0.69140625,0.65234375,0.47265625,0.5546875,0.7718750000000001,0.29296875,0.7425781250000001,105,0.9306666666666666,2026-08-04,Sector Neutral Percentile,Institutional Composite Alpha
SEC10D35CD2,SBIN,State Bank of India,Financial Services,Banks - Regional,1032.5,4125910482947.3804,29.048307271942335,-0.0050110353826293,-0.0544871794871795,0.0036940303378025,0.2879685256102486,0.1863112328173715,0.1726636166151901,17.471422467912948,-0.5554081593555493,1016.8739990234376,1026.4454977416992,0.0153667032410791,0.0058985131423163,1227.800048828125,-0.1590650277417152,8218628492.096025,8218628492.096025,9871638.35,2026-08-04,1.0.0,0.5521472392638037,0.3128834355828221,0.38650306748466257,0.7791411042944786,0.9846625766871165,0.9846625766871165,0.9846625766871165,0.9846625766871165,0.5337423312883436,0.44785276073619634,0.4601226993865031,0.9325153374233128,0.9754601226993865,0.3312883435582822,0.3803680981595092,0.7430981595092023,0.015337423312883458,0.741564417177914,106,0.93,2026-08-04,Sector Neutral Percentile,Institutional Composite Alpha
SECE04E6E2E,SSWL,Steel Strips Wheels Limited,Consumer Cyclical,Auto Parts,316.25,36179493350.0,24.311758313222363,0.2845769400212268,0.4787711544815753,0.5243167597207392,0.353230655240617,0.2963344511762832,0.3697501161703883,14.0278560093471,-0.5774510824845172,245.9983987426758,214.9652503967285,0.2855774737412426,0.4711680116500025,316.25,0.0,584092237.0540879,584092237.0540879,2155547.5,2026-08-04,1.0.0,0.9571984435797666,0.9610894941634242,0.8443579766536965,0.7976653696498055,0.7937743190661478,0.7937743190661478,0.47470817120622566,0.47470817120622566,0.9649805447470817,0.9649805447470817,0.9494163424124513,0.6108949416342413,0.4980544747081712,0.5447470817120623,0.4202334630350194,0.7612840466926071,0.20622568093385218,0.7406614785992218,107,0.9293333333333333,2026-08-04,Sector Neutral Percentile,Institutional Composite Alpha
SEC8FB26F3F,MTARTECH,MTAR Technologies Limited,Industrials,Specialty Industrial Machinery,6312.5,218700692010.0,26.110969928821657,-0.1042287498226195,-0.0545903849033997,1.081135468026488,1.860166662772768,0.7257267740807003,0.7863353583576128,334.0,-0.5634150501676883,7024.27,4426.549497070312,-0.1013301026298818,0.4260543125470288,8374.5,-0.2462236551435906,1248407602.5,1248407602.5,211385.85,2026-08-04,1.0.0,0.10410094637223975,0.38170347003154576,0.9652996845425867,0.998422712933754,0.886435331230284,0.886435331230284,0.8548895899053628,0.8548895899053628,0.04100946372239748,0.9148264984227129,0.3753943217665615,0.018927444794952675,0.004731861198738141,0.02208201892744477,0.33753943217665616,0.7514195583596215,0.11356466876971605,0.7400630914826499,108,0.9286666666666666,2026-08-04,Sector Neutral Percentile,Institutional Composite Alpha
SEC3772A45B,AEROFLEX,Aeroflex Industries Limited,Industrials,Metal Fabrication,461.2999877929688,57828545616.0,24.780748359500617,0.005120330152377,0.1153287741429935,1.544158872262658,1.389536288529825,0.5939979268761307,0.6265329300122249,21.67857360839844,-0.4041103382414107,438.7090002441406,279.5593502807617,0.0514942422796347,0.6500967945793434,510.8999938964844,-0.0970835911060223,691658533.6604111,691658533.6604111,1625847.35,2026-08-04,1.0.0,0.6182965299684543,0.7476340694006309,0.9936908517350158,0.9810725552050473,0.8233438485804416,0.8233438485804416,0.5583596214511041,0.5583596214511041,0.7444794952681388,0.9684542586750788,0.7381703470031545,0.0725552050473186,0.05993690851735012,0.42586750788643535,0.04100946372239744,0.7570977917981072,0.17665615141955837,0.7394321766561514,109,0.928,2026-08-04,Sector Neutral Percentile,Institutional Composite Alpha
SECB7FE80EC,NMDC,NMDC Limited,Basic Materials,Steel,84.38999938964844,796538656614.7511,27.40354149821957,-0.0079934208018711,-0.0637896609599968,0.0362229476891853,0.1711074416985494,0.1465329978955447,0.2751106234475765,1.5471436636788505,-0.5457492527220698,86.94599945068359,82.43369995117187,-0.0293975579921297,0.0237317922116238,96.04000091552734,-0.1213036382218045,1341672642.9202015,1341672642.9202015,15926065.9,2026-08-04,1.0.0,0.38671875,0.33203125,0.38671875,0.7421875,0.92578125,0.92578125,0.9453125,0.9453125,0.19921875,0.44140625,0.64453125,0.984375,0.78125,0.96875,0.328125,0.7455078125000001,0.07421875,0.7380859375000001,110,0.9273333333333333,2026-08-04,Sector Neutral Percentile,Institutional Composite Alpha
SECFF5B2699,ADANIENT,Adani Enterprises Limited,Energy,Thermal Coal,3036.89990234375,3787316140402.608,28.962678741797657,-0.0529221574703177,0.2081393807275851,0.5219504185560575,0.1989814123857154,0.2510745161949758,0.3428689800725232,63.61424037388393,-0.71346600341784,3042.356005859375,2450.070465698242,-0.0017933810195508,0.2395153302165407,3212.10009765625,-0.0545438155679945,4293298399.853723,4293298399.853723,1385450.95,2026-08-04,1.0.0,0.13793103448275862,0.6896551724137931,0.7241379310344828,0.5862068965517241,0.9655172413793104,0.9655172413793104,0.9655172413793104,0.9655172413793104,0.3793103448275862,0.6896551724137931,0.7586206896551724,0.6896551724137931,0.6551724137931034,0.06896551724137934,0.8620689655172413,0.7413793103448275,0.03448275862068961,0.7379310344827585,111,0.9266666666666666,2026-08-04,Sector Neutral Percentile,Institutional Composite Alpha
SECEE465B6F,HAL,Hindustan Aeronautics Limited,Industrials,Aerospace & Defense,4641.39990234375,2798488987500.0,28.660100740126257,0.0452190695562706,-0.0294222606050129,0.0697673711952451,0.0212100995255775,0.1699897314591491,0.2338017839962449,81.53571428571429,-0.489100157013603,4414.1019921875,4361.299498291016,0.0514935791149691,0.0642240699503651,4916.2001953125,-0.055896888257473,2943159178.7481446,2943159178.7481446,650680.95,2026-08-04,1.0.0,0.7760252365930599,0.4605678233438486,0.42902208201892744,0.6056782334384858,0.9589905362776026,0.9589905362776026,0.9905362776025236,0.9905362776025236,0.7413249211356467,0.5299684542586751,0.8454258675078864,0.9779179810725552,0.9526813880126183,0.13564668769716093,0.1577287066246057,0.7416403785488959,0.04100946372239744,0.7375394321766561,112,0.926,2026-08-04,Sector Neutral Percentile,Institutional Composite Alpha
SECDD3D9B16,WOCKPHARMA,Wockhardt Limited,Healthcare,Drug Manufacturers - Specialty & Generic,2026.800048828125,315316053944.5,26.476841318612585,0.0581049589288045,0.2377404878339695,0.5402386284859357,0.202991447108445,0.2749718489154161,0.5127088427067781,58.19288853236607,-0.7941144078346122,1920.1039868164064,1512.3824938964844,0.0555678560871197,0.3401372053747469,2152.89990234375,-0.0585720931002629,1108469354.0830932,1108469354.0830932,587955.95,2026-08-04,1.0.0,0.72,0.776,0.856,0.704,0.856,0.856,0.792,0.792,0.6,0.856,0.664,0.632,0.21599999999999997,0.19999999999999996,0.912,0.7512,0.14400000000000002,0.7368,113,0.9253333333333333,2026-08-04,Sector Neutral Percentile,Institutional Composite Alpha
SEC514DFAC0,GODREJPROP,Godrej Properties Limited,Real Estate,Real Estate - Development,2034.5999755859373,499492875480.1011,26.9368591716302,-0.0057662474039031,0.0830405631999136,0.3041471748128121,-0.0445195506271366,0.3746445597687222,0.3345539346744914,68.01423863002232,-0.5950735206827431,1909.4799975585936,1889.274503173828,0.0655256814354265,0.0769213114176761,2320.300048828125,-0.123130658634637,1710982141.187158,1710982141.187158,818293.6,2026-08-04,1.0.0,0.6904761904761905,0.7857142857142857,0.9523809523809523,0.6666666666666666,0.9047619047619048,0.9047619047619048,0.8809523809523809,0.8809523809523809,0.8809523809523809,0.7380952380952381,0.7380952380952381,0.38095238095238093,0.5476190476190477,0.0,0.40476190476190477,0.7452380952380951,0.09523809523809523,0.7357142857142857,114,0.9246666666666666,2026-08-04,Sector Neutral Percentile,Institutional Composite Alpha
SECC5FB8D64,ASTRAMICRO,Astra Microwave Products Limited,Technology,Communication Equipment,1839.0,135828326126.80664,25.63465761740963,-0.0059459459459459,0.5819354838709678,0.9430503209690146,0.901561417045641,0.479392792535263,0.4719425621175132,79.15001569475446,-0.5135270766286273,1638.8099926757814,1156.2289962768557,0.1221557155612389,0.5905153788062041,1861.5999755859373,-0.0121400815869823,1112596818.4762452,1112596818.4762452,616547.2,2026-08-04,1.0.0,0.39622641509433965,0.9622641509433962,0.9245283018867925,0.8962264150943396,0.6792452830188679,0.6792452830188679,0.7075471698113207,0.7075471698113207,0.8018867924528302,0.9528301886792453,0.9433962264150944,0.30188679245283023,0.4056603773584906,0.13207547169811318,0.19811320754716977,0.7660377358490567,0.3207547169811321,0.7339622641509435,115,0.924,2026-08-04,Sector Neutral Percentile,Institutional Composite Alpha
SEC15B650E3,TDPOWERSYS,TD Power Systems Limited,Industrials,Specialty Industrial Machinery,1135.4000244140625,183724633680.0,25.936703917509856,-0.0330437134826052,-0.0882518430136436,0.5145734508599635,1.1995350592101302,0.5635536305960988,0.6229994449903475,54.5571550641741,-0.5682646366957854,1196.5719946289062,930.268996887207,-0.0511226825376395,0.2205072169590181,1367.199951171875,-0.1695435452284274,1168198143.337152,1168198143.337152,1060789.9,2026-08-04,1.0.0,0.4037854889589905,0.2807570977917981,0.8422712933753943,0.9684542586750788,0.8832807570977917,0.8832807570977917,0.8264984227129337,0.8264984227129337,0.1892744479495268,0.8012618296529969,0.5678233438485805,0.08832807570977919,0.06940063091482651,0.21766561514195581,0.35646687697160884,0.7441640378548895,0.11671924290220825,0.7324921135646687,116,0.9233333333333333,2026-08-04,Sector Neutral Percentile,Institutional Composite Alpha
SEC5FCB8010,NAM-INDIA,Nippon Life India Asset Management Limited,Financial Services,Asset Management,1189.0,684325224097.5378,27.251699115393908,-0.0153209109730848,0.0736860879419909,0.378630625741797,0.4437496419451119,0.3579041267477583,0.3414083657645395,37.950003487723215,-0.5638216865243294,1147.5180004882814,971.3607495117188,0.0361493235784253,0.2240560477635973,1218.199951171875,-0.0239697523742186,1080511366.465393,1080511366.465393,929781.55,2026-08-04,1.0.0,0.4723926380368098,0.6932515337423313,0.9325153374233128,0.8834355828220859,0.6625766871165644,0.6625766871165644,0.7852760736196319,0.7852760736196319,0.6380368098159509,0.901840490797546,0.8773006134969326,0.32515337423312884,0.38650306748466257,0.17791411042944782,0.4233128834355828,0.7659509202453988,0.33742331288343563,0.7322085889570552,117,0.9226666666666666,2026-08-04,Sector Neutral Percentile,Institutional Composite Alpha
SEC6E506E3F,LLOYDSENGG,Lloyds Engineering Works Limited,Industrials,Specialty Industrial Machinery,92.12999725341795,99769134080.0,25.32612469467209,0.0193626914492279,0.5036722142172589,1.1063098700970917,0.3066230954782285,0.4928658685199556,0.5747930675942337,3.615715571812221,-0.6885246067426525,82.95220001220703,60.75945011138916,0.1106395880984514,0.5163072918618878,92.12999725341795,0.0,1014307504.3585752,1014307504.3585752,11400524.6,2026-08-04,1.0.0,0.6971608832807571,0.9684542586750788,0.9684542586750788,0.7823343848580442,0.861198738170347,0.861198738170347,0.694006309148265,0.694006309148265,0.8769716088328076,0.943217665615142,0.9684542586750788,0.1451104100946372,0.12618296529968454,0.8580441640378549,0.77602523659306,0.745583596214511,0.13880126182965302,0.7317034700315457,118,0.922,2026-08-04,Sector Neutral Percentile,Institutional Composite Alpha
SECC5626071,LT,Larsen & Toubro Limited,Industrials,Engineering & Construction,4003.699951171875,4125910482947.3804,29.048307271942335,-0.0092304006008723,-0.0047974270017711,0.021013414254891,0.0923848856766973,0.1996559931633531,0.2023114189766368,65.42143903459821,-0.4833600571882774,3991.1719921875,3971.5599975585938,0.0031389173428,0.0080925262700395,4418.10009765625,-0.0937960067279166,8218125715.930249,8218125715.930249,2124186.1,2026-08-04,1.0.0,0.5457413249211357,0.526813880126183,0.35331230283911674,0.6498422712933754,1.0,1.0,1.0,1.0,0.526813880126183,0.43217665615141954,0.7413249211356467,0.943217665615142,0.9842271293375394,0.16403785488958988,0.1482649842271293,0.7312302839116719,0.0,0.7312302839116719,119,0.9213333333333333,2026-08-04,Sector Neutral Percentile,Institutional Composite Alpha
SEC3A794A69,SIGMAADV,Sigma Advanced Systems Limited,Industrials,Aerospace & Defense,687.4000244140625,85476256925.0,25.17150447754061,0.2744971827750373,0.7398817693539836,1.544158872262658,1.860166662772768,0.6296881889788174,0.6241986901343682,33.38215201241629,-0.7522019964373461,522.9059973144531,280.0333502960205,0.3145766695054557,0.7569969092994189,687.4000244140625,0.0,222441548.2457916,222441548.2457916,387947.15,2026-08-04,1.0.0,0.9873817034700315,0.9905362776025236,0.9936908517350158,0.998422712933754,0.6435331230283912,0.6435331230283912,0.6498422712933754,0.6498422712933754,0.9873817034700315,0.9952681388012619,0.9684542586750788,0.06624605678233442,0.06309148264984232,0.3091482649842271,0.8958990536277602,0.7665615141955836,0.35646687697160884,0.7309148264984228,120,0.9206666666666666,2026-08-04,Sector Neutral Percentile,Institutional Composite Alpha
SECBFB674BF,TORNTPHARM,Torrent Pharmaceuticals Limited,Healthcare,Drug Manufacturers - Specialty & Generic,5016.0,1548083320155.3125,28.06803871403734,0.0400812401474552,0.1497466650102241,0.258025697589044,0.3445558003258786,0.3490839071122603,0.2729085805124019,163.77134486607142,-0.2692130817820702,4686.46599609375,4187.208500976562,0.0703160983523454,0.19793413650888,5122.7998046875,-0.0208479364330761,4532965232.88208,4532965232.88208,914721.5,2026-08-04,1.0.0,0.656,0.656,0.528,0.792,0.992,0.992,0.984,0.984,0.704,0.656,0.84,0.376,0.72,0.02400000000000002,0.020000000000000018,0.7308,0.008000000000000007,0.73,121,0.92,2026-08-04,Sector Neutral Percentile,Institutional Composite Alpha
SEC8F6F80AB,SOTL,Savita Oil Technologies Limited,Basic Materials,Specialty Chemicals,639.9500122070312,39511366327.58087,24.39985422258855,0.1054586028991118,0.5231465464800191,0.8874798267145154,0.5748738835849978,0.5672038321392028,0.652948737225939,35.607147216796875,-0.5513509380204479,558.5829998779296,417.2907501220704,0.1456668254259139,0.533583028187963,649.3499755859375,-0.0144759586237364,362321313.5690063,362321313.5690063,578640.2,2026-08-04,1.0.0,0.8203125,0.98046875,0.97265625,0.92578125,0.7734375,0.7734375,0.5390625,0.5390625,0.9140625,0.96875,0.92578125,0.1171875,0.046875,0.21484375,0.359375,0.7523437500000001,0.2265625,0.7296875,122,0.9193333333333333,2026-08-04,Sector Neutral Percentile,Institutional Composite Alpha
SEC3DA3820C,AEGISLOG,AEGIS LOGISTICS LIMITED,Energy,Oil & Gas Refining & Marketing,1356.699951171875,337065295715.33203,26.54354250436238,-0.0372551815349848,0.7398817693539836,0.9308331374544854,0.8711812620004733,0.6822687114067233,0.6070866633010658,74.89283970424107,-0.5566644699888172,1103.4209997558594,809.1637496948242,0.2295397237065957,0.6766692176751046,1409.199951171875,-0.0372551815349848,2322736383.2263794,2322736383.2263794,1768160.9,2026-08-04,1.0.0,0.20689655172413793,1.0,0.9655172413793104,0.9655172413793104,0.7586206896551724,0.7586206896551724,0.6896551724137931,0.6896551724137931,0.9655172413793104,1.0,0.8275862068965517,0.03448275862068961,0.06896551724137934,0.0,0.4137931034482759,0.7534482758620691,0.24137931034482762,0.7293103448275863,123,0.9186666666666666,2026-08-04,Sector Neutral Percentile,Institutional Composite Alpha
SEC401C3F7E,NAZARA,Nazara Technologies Limited,Communication Services,Electronic Gaming & Multimedia,352.6000061035156,105212066816.0,25.37924383424621,0.180646285985631,0.2852196036419088,0.2579380002112168,0.0362968584967395,0.414257955339877,0.4136122122038829,11.003568376813616,-0.6965258840524728,297.5379968261719,270.2565490722656,0.185058748343702,0.3046862594594577,355.17498779296875,-0.0072498959047028,1025795324.9252516,1025795324.9252516,3201355.65,2026-08-04,1.0.0,0.8974358974358975,0.8974358974358975,0.8205128205128205,0.7692307692307693,0.8461538461538461,0.8461538461538461,0.7435897435897436,0.7435897435897436,0.9230769230769231,0.9230769230769231,0.9743589743589743,0.33333333333333337,0.28205128205128205,0.41025641025641024,0.641025641025641,0.7435897435897436,0.15384615384615385,0.7282051282051283,124,0.918,2026-08-04,Sector Neutral Percentile,Institutional Composite Alpha
SECC70E5447,RPTECH,Rashi Peripherals Limited,Technology,Electronics & Computer Distribution,876.0999755859375,36389796369.63928,24.317554252776844,0.1510214116597632,0.7112998431410231,1.4846850834390906,1.860166662772768,0.418391501790877,0.5488105498582287,39.22858101981027,-0.4318558714881764,699.4760021972656,459.21500045776367,0.2525089822007367,0.7569969092994189,876.0999755859375,0.0,401811748.53384095,401811748.53384095,512152.85,2026-08-04,1.0.0,0.8113207547169812,0.9905660377358491,0.9811320754716981,0.9952830188679245,0.5,0.5,0.44339622641509435,0.44339622641509435,0.9433962264150944,0.9858490566037735,0.9858490566037735,0.4339622641509434,0.21698113207547165,0.30188679245283023,0.05660377358490565,0.7778301886792454,0.5,0.7278301886792453,125,0.9173333333333333,2026-08-04,Sector Neutral Percentile,Institutional Composite Alpha
SECFCD40526,CHENNPETRO,Chennai Petroleum Corporation Limited,Energy,Oil & Gas Refining & Marketing,1316.300048828125,168627272995.53223,25.85095663097152,0.1748482864560028,0.2230998964409958,0.5227023312400372,0.8820417541890764,0.5587044179253529,0.4519577300368073,74.70714460100446,-0.6854706348126802,1160.6980017089843,993.7054998779296,0.1340590290411769,0.3246379827723846,1316.300048828125,0.0,2608806037.0108643,2608806037.0108643,2129851.25,2026-08-04,1.0.0,0.896551724137931,0.7241379310344828,0.7586206896551724,1.0,0.7931034482758621,0.7931034482758621,0.5172413793103449,0.5172413793103449,0.8275862068965517,0.7586206896551724,0.9482758620689655,0.2068965517241379,0.4137931034482759,0.03448275862068961,0.7931034482758621,0.7482758620689655,0.2068965517241379,0.7275862068965516,126,0.9166666666666666,2026-08-04,Sector Neutral Percentile,Institutional Composite Alpha
SECB268518E,INOXINDIA,INOX India Limited,Industrials,Specialty Industrial Machinery,1908.699951171875,164599607250.0,25.82678173909905,0.0192235814271648,0.2278545842212125,0.7164567906221897,0.6234583911221436,0.5068257061471391,0.5335511701113669,92.87142508370536,-0.3903091011781446,1835.4000024414063,1376.8989978027344,0.0399367705312012,0.3862309103411308,2093.800048828125,-0.0884039035913903,674386222.064032,674386222.064032,346114.75,2026-08-04,1.0.0,0.694006309148265,0.861198738170347,0.889589905362776,0.8990536277602523,0.8107255520504731,0.8107255520504731,0.8170347003154574,0.8170347003154574,0.7097791798107256,0.9053627760252366,0.7602523659305994,0.12933753943217663,0.17034700315457418,0.10725552050473186,0.028391167192429068,0.746372239747634,0.18927444794952686,0.7274447949526813,127,0.916,2026-08-04,Sector Neutral Percentile,Institutional Composite Alpha
SEC5BE1B796,KAJARIACER,Kajaria Ceramics Limited,Industrials,Building Products & Equipment,1196.4000244140625,172603372896.0327,25.87426215709677,-0.0157136779810262,0.0888241456578275,0.3378061508942234,0.0234388574970594,0.1430395132547395,0.1720251491921556,31.414297921316965,-0.4964955992236327,1170.112001953125,1076.695997009277,0.0224662446133858,0.1111771825448271,1309.0999755859375,-0.0860896442393041,374684662.34422,374684662.34422,306974.15,2026-08-04,1.0.0,0.4921135646687697,0.722397476340694,0.7634069400630915,0.6088328075709779,0.7381703470031545,0.7381703470031545,0.8233438485804416,0.8233438485804416,0.6309148264984227,0.6246056782334385,0.7697160883280757,0.9873817034700315,0.9936908517350158,0.3186119873817035,0.16719242902208198,0.7534700315457414,0.26182965299684546,0.7272870662460569,128,0.9153333333333333,2026-08-04,Sector Neutral Percentile,Institutional Composite Alpha
SEC7B129D58,ZYDUSLIFE,Zydus Lifesciences Limited,Healthcare,Drug Manufacturers - Specialty & Generic,1115.800048828125,1113699829264.519,27.73870876804072,-0.0279640865085988,0.186642628218131,0.2684590665149617,0.1212380258796661,0.167849965688921,0.237988797918751,22.692853655133927,-0.5035716970545157,1110.2730029296874,972.1862515258788,0.0049780962734871,0.1477225141549156,1159.0,-0.0372734695184425,1274223553.648004,1274223553.648004,1121282.45,2026-08-04,1.0.0,0.304,0.704,0.544,0.6,0.888,0.888,0.96,0.96,0.344,0.56,0.776,0.952,0.856,0.512,0.42400000000000004,0.7384,0.11199999999999999,0.7272,129,0.9146666666666666,2026-08-04,Sector Neutral Percentile,Institutional Composite Alpha
SEC497B9DD5,SCHNEIDER,Schneider Electric Infrastructure Limited,Industrials,Electrical Equipment & Parts,1342.699951171875,260599493584.00085,26.286250558365893,-0.1054630571806295,-0.0005211204626059,0.924465999254491,0.4057477012530626,0.4048930592621376,0.5843592040670516,55.285714285714285,-0.4555655233829638,1317.410007324219,985.1435025024414,0.0191967145437299,0.3629485935411196,1501.0,-0.1054630571806295,405985883.2098144,405985883.2098144,294714.65,2026-08-04,1.0.0,0.09779179810725552,0.5331230283911672,0.9274447949526814,0.8296529968454258,0.7476340694006309,0.7476340694006309,0.8675078864353313,0.8675078864353313,0.6025236593059937,0.8927444794952681,0.7129337539432177,0.3123028391167192,0.10725552050473186,0.20820189274447953,0.10725552050473186,0.7514195583596215,0.25236593059936907,0.7261829652996846,130,0.914,2026-08-04,Sector Neutral Percentile,Institutional Composite Alpha
SECD04BF3BB,JINDALSAW,Jindal Saw Limited,Basic Materials,Steel,262.95001220703125,147386111986.3697,25.71632159236016,0.0123195850126323,0.0845088052700782,0.486181106042767,0.2325974309758494,0.3671701278037736,0.4209177912619242,8.835716247558594,-0.5867602605411528,254.99860107421875,204.51055038452148,0.0311821755073009,0.2857527971668536,275.79998779296875,-0.0465916466812298,493301456.0911087,493301456.0911087,1867659.2,2026-08-04,1.0.0,0.53125,0.71875,0.84375,0.78125,0.82421875,0.82421875,0.7890625,0.7890625,0.54296875,0.8671875,0.8359375,0.36328125,0.32421875,0.6328125,0.5,0.7437499999999999,0.17578125,0.7261718749999999,131,0.9133333333333333,2026-08-04,Sector Neutral Percentile,Institutional Composite Alpha
SECC773ACA3,E2E,E2E Networks Limited,Technology,Software - Infrastructure,570.1500244140625,78048348200.0,25.080594320327084,0.39377560440293485,0.7396413053113662,1.3375426011796394,1.7104825665347745,0.6624459207489866,0.6448340829916183,30.442855834960938,-0.6770020009168463,423.6342016601562,296.7784503173828,0.3443976562077457,0.7569969092994189,570.1500244140625,0.0,993481202.9361452,993481202.9361452,2114685.5,2026-08-04,1.0.0,1.0,1.0,0.9716981132075472,0.9811320754716981,0.660377358490566,0.660377358490566,0.6132075471698113,0.6132075471698113,1.0,0.9858490566037735,0.9858490566037735,0.07547169811320753,0.07547169811320753,0.3867924528301887,0.6226415094339622,0.7589622641509435,0.339622641509434,0.7250000000000001,132,0.9126666666666666,2026-08-04,Sector Neutral Percentile,Institutional Composite Alpha
SECF0A13008,TATACOMM,Tata Communications Limited,Communication Services,Telecom Services,1769.800048828125,558571506958.0078,27.04864848120453,-0.0645877120358747,0.110636993302871,0.1271176307879031,0.0063687441133142,0.2082273689653452,0.3653062777899692,57.028564453125,-0.524118936009344,1902.0879931640625,1738.418499755859,-0.0695488036365135,0.0180517804410575,2061.699951171875,-0.141582145441597,588717296.784552,588717296.784552,326701.35,2026-08-04,1.0.0,0.15384615384615385,0.7435897435897436,0.6666666666666666,0.6923076923076923,0.7692307692307693,0.7692307692307693,0.8974358974358975,0.8974358974358975,0.07692307692307693,0.5641025641025641,0.6923076923076923,0.8717948717948718,0.5641025641025641,0.05128205128205132,0.15384615384615385,0.7461538461538462,0.23076923076923073,0.7230769230769231,133,0.912,2026-08-04,Sector Neutral Percentile,Institutional Composite Alpha
SEC1270233D,INDIAGLYCO,India Glycols Limited,Basic Materials,Chemicals,1166.0999755859375,64308830497.447815,24.88696279153594,0.0867660536681615,0.0226255596361035,0.3488721522104541,0.350512431640732,0.3066964943458625,0.3368289123940673,43.825003487723215,-0.530412449798024,1042.5,993.055502319336,0.1185611276603717,0.1742545838197831,1184.449951171875,-0.0154924026699332,211440099.44213867,211440099.44213867,186516.15,2026-08-04,1.0.0,0.79296875,0.578125,0.7890625,0.84375,0.6796875,0.6796875,0.64453125,0.64453125,0.85546875,0.7578125,0.921875,0.5703125,0.58984375,0.1796875,0.265625,0.755078125,0.3203125,0.7230468750000001,134,0.9113333333333333,2026-08-04,Sector Neutral Percentile,Institutional Composite Alpha
SEC18BD04CB,TECHM,Tech Mahindra Limited,Technology,Information Technology Services,1646.300048828125,1270563231285.0,27.870481407287567,0.1704941690921613,0.1367905705948606,-0.0450695772458671,0.1251367576315221,0.2677549480013674,0.3372185664562564,44.37144252232143,-0.4656718892430714,1491.3380029296875,1495.0055029296875,0.1039080648344099,0.1011999926434739,1768.4000244140625,-0.0690454500680035,4345726145.056616,4345726145.056616,2781746.0,2026-08-04,1.0.0,0.8584905660377359,0.6226415094339622,0.3867924528301887,0.6886792452830188,0.9056603773584906,0.9056603773584906,0.9622641509433962,0.9622641509433962,0.7547169811320755,0.6320754716981132,0.8301886792452831,0.8867924528301887,0.8018867924528301,0.28301886792452835,0.07547169811320753,0.7320754716981132,0.09433962264150941,0.7226415094339622,135,0.9106666666666666,2026-08-04,Sector Neutral Percentile,Institutional Composite Alpha
SECA984521A,INDUSINDBK,IndusInd Bank Limited,Financial Services,Banks - Regional,1019.0,704141224620.0,27.28024477613974,0.0091107271917669,0.0760863687250437,0.119472672342763,0.2707319727849735,0.3105099059544674,0.2888187687666167,24.839285714285715,-0.804306184512527,961.0569995117188,889.495251159668,0.0602909094025849,0.1455935247225792,1069.300048828125,-0.0470401632200898,2539978243.489319,2539978243.489319,2485496.45,2026-08-04,1.0.0,0.6319018404907976,0.6993865030674846,0.6503067484662577,0.7730061349693251,0.8834355828220859,0.8834355828220859,0.803680981595092,0.803680981595092,0.7484662576687117,0.7852760736196319,0.7975460122699386,0.5276073619631902,0.6319018404907976,0.2638036809815951,0.9693251533742331,0.7337423312883435,0.1165644171779141,0.7220858895705521,136,0.91,2026-08-04,Sector Neutral Percentile,Institutional Composite Alpha
SECEEFB709D,KRISHANA,Krishana Phoschem Limited,Basic Materials,Agricultural Inputs,181.3699951171875,41436858274.731445,24.44743661818993,0.2329706838323022,0.3326229756319054,0.904946926386078,0.6416545040393045,0.7221552438045724,0.524489005307466,9.528568812779016,-0.4095968742269977,143.0803988647461,116.45174934387208,0.2676089566163186,0.557469047387321,182.9499969482422,-0.0086362495622324,330292647.26502454,330292647.26502454,2093814.9,2026-08-04,1.0.0,0.9609375,0.94921875,0.9765625,0.9296875,0.7578125,0.7578125,0.5546875,0.5546875,0.96875,0.97265625,0.9375,0.0546875,0.12890625,0.6171875,0.046875,0.7453124999999999,0.2421875,0.72109375,137,0.9093333333333333,2026-08-04,Sector Neutral Percentile,Institutional Composite Alpha
SEC1F5D2A19,UNIVCABLES,Universal Cables Limited,Industrials,Electrical Equipment & Parts,1431.199951171875,40524205008.0,24.425165287053087,0.2541184826569655,0.3299879041374247,1.0516055063932055,0.9721647059357844,0.383459118690132,0.6384047861567059,61.96429443359375,-0.6058570872194322,1214.2260009765623,905.8412481689452,0.1786932169306267,0.5799677416599016,1431.199951171875,0.0,153011322.81726685,153011322.81726685,122576.4,2026-08-04,1.0.0,0.9842271293375394,0.9242902208201893,0.9526813880126183,0.9526813880126183,0.5646687697160884,0.5646687697160884,0.5141955835962145,0.5141955835962145,0.9495268138801262,0.9589905362776026,0.9684542586750788,0.35646687697160884,0.04416403785488954,0.17665615141955837,0.5110410094637223,0.762776025236593,0.43533123028391163,0.7192429022082019,138,0.9086666666666666,2026-08-04,Sector Neutral Percentile,Institutional Composite Alpha
SEC87B93E73,GLAND,Gland Pharma Limited,Healthcare,Drug Manufacturers - Specialty & Generic,2629.0,372709889401.45605,26.64406617756163,0.0673108363570911,0.4054314307239874,0.3855072463768116,0.2506540496959304,0.3624801622507239,0.4577859641739213,82.19283621651786,-0.7929800202043513,2371.217998046875,1937.140502319336,0.1087129071074253,0.357155042110937,2629.0,0.0,1213142072.1515503,1213142072.1515503,485716.75,2026-08-04,1.0.0,0.752,0.904,0.72,0.744,0.88,0.88,0.832,0.832,0.864,0.88,0.956,0.352,0.29600000000000004,0.14400000000000002,0.904,0.7307999999999999,0.12,0.7187999999999999,139,0.908,2026-08-04,Sector Neutral Percentile,Institutional Composite Alpha
SEC63E170F8,AVALON,Avalon Technologies Limited,Technology,Electronic Components,1792.699951171875,110921010438.71802,25.4320841672695,0.0320073549981965,0.4278773008139187,1.103490702460399,1.176002918367356,0.5106436798436054,0.4930283230160203,83.29999651227679,-0.3974713697255745,1688.0960034179689,1185.143752441406,0.0619656391236691,0.512643464118929,1807.9000244140625,-0.0084075850638443,600236385.3946717,600236385.3946717,346950.2,2026-08-04,1.0.0,0.5377358490566038,0.9056603773584906,0.9622641509433962,0.9245283018867925,0.5849056603773585,0.5849056603773585,0.6886792452830188,0.6886792452830188,0.6415094339622641,0.9339622641509434,0.9622641509433962,0.24528301886792447,0.34905660377358494,0.12264150943396224,0.037735849056603765,0.759433962264151,0.41509433962264153,0.7179245283018869,140,0.9073333333333333,2026-08-04,Sector Neutral Percentile,Institutional Composite Alpha
SECE1A28FD8,IBULLSLTD,INDIABULLS LIMITED,Real Estate,Real Estate - Development,27.709999084472656,52090862102.04298,24.67625537880735,-0.0812334474580468,0.3854999542236328,1.544158872262658,0.8338848255517568,0.536789287083953,0.5245190324817174,1.7192856924874442,-0.9164592320112763,26.60939987182617,18.174649987220764,0.0413612940520238,0.5246510443918606,31.59000015258789,-0.1228237115977785,240401593.872579,240401593.872579,8195492.6,2026-08-04,1.0.0,0.14285714285714285,1.0,1.0,1.0,0.7142857142857143,0.7142857142857143,0.6190476190476191,0.6190476190476191,0.7142857142857143,1.0,0.7619047619047619,0.0,0.023809523809523836,0.9047619047619048,0.9642857142857143,0.7452380952380953,0.2857142857142857,0.7166666666666667,141,0.9066666666666666,2026-08-04,Sector Neutral Percentile,Institutional Composite Alpha
SECF4BF57EE,MBAPL,Madhya Bharat Agro Products Limited,Basic Materials,Agricultural Inputs,159.1300048828125,49290153750.0,24.62099017695281,0.3327470925393787,0.3796602213913571,0.9137703182517228,0.7402668485795509,0.7311116973452705,0.5004207850989266,8.492855072021484,-0.9066381202436092,124.13840072631837,99.0503500366211,0.2818757447474964,0.6065567140749994,165.85000610351562,-0.0405185467193098,310735063.20084685,310735063.20084685,2180367.35,2026-08-04,1.0.0,0.97265625,0.96484375,0.98046875,0.9375,0.73828125,0.73828125,0.60546875,0.60546875,0.9765625,0.984375,0.86328125,0.05078125,0.15234375,0.640625,0.9921875,0.742578125,0.26171875,0.71640625,142,0.906,2026-08-04,Sector Neutral Percentile,Institutional Composite Alpha
SEC799BB30A,PRICOLLTD,Pricol Limited,Consumer Cyclical,Auto Parts,759.0,67369998019.5,24.93346562252162,0.2151777612350718,0.2265675742933883,0.3720173233039436,0.7332724607879779,0.4256568853541788,0.4202484656419227,25.817853655133927,-0.5120967847984745,600.43099609375,591.0137480163575,0.2640919688321543,0.2842340851586979,759.0,0.0,395593973.41482544,395593973.41482544,602860.0,2026-08-04,1.0.0,0.9377431906614786,0.7782101167315175,0.7509727626459144,0.9416342412451362,0.754863813229572,0.754863813229572,0.622568093385214,0.622568093385214,0.9610894941634242,0.8249027237354085,0.9494163424124513,0.24513618677042803,0.3463035019455253,0.33463035019455256,0.22957198443579763,0.7398832684824903,0.24513618677042803,0.7153696498054475,143,0.9053333333333333,2026-08-04,Sector Neutral Percentile,Institutional Composite Alpha
SEC9F6FB5A7,GOKULAGRO,Gokul Agro Resources Limited,Consumer Defensive,Packaged Foods,232.0500030517578,68466021107.06647,24.949603416912336,0.1264563254939699,-0.0208860630727518,0.460444357373921,0.5043760327504558,0.291216113911009,0.3083405031027209,8.872858319963727,-0.5357143428077228,220.3463998413086,196.0857495880127,0.0531145651523148,0.1834108472405977,242.8300018310547,-0.0443931915249784,126635357.03571548,126635357.03571548,577422.2,2026-08-04,1.0.0,0.9333333333333333,0.5666666666666667,0.8888888888888888,0.9,0.5444444444444444,0.5444444444444444,0.5666666666666667,0.5666666666666667,0.6888888888888889,0.8444444444444444,0.8222222222222222,0.6111111111111112,0.6,0.6444444444444444,0.37777777777777777,0.76,0.4555555555555556,0.7144444444444444,144,0.9046666666666666,2026-08-04,Sector Neutral Percentile,Institutional Composite Alpha
SECBA173D93,WELENT,Welspun Enterprises Limited,Industrials,Engineering & Construction,608.0,75035119417.55798,25.04122209978451,-0.0095299760830869,0.1593097260907043,0.3052812707891998,0.2263009579860713,0.1808449203493872,0.2828208538572915,14.692862374441964,-0.6191256997363814,577.3939984130859,519.715499420166,0.053007134939109,0.1698708248615461,626.2999877929688,-0.0292192050928444,165777434.52748108,165777434.52748108,271407.05,2026-08-04,1.0.0,0.5394321766561514,0.804416403785489,0.7129337539432177,0.7602523659305994,0.5772870662460567,0.5772870662460567,0.6246056782334385,0.6246056782334385,0.7476340694006309,0.750788643533123,0.9022082018927445,0.9716088328075709,0.8359621451104101,0.5299684542586751,0.5457413249211356,0.755678233438486,0.42271293375394325,0.7134069400630916,145,0.904,2026-08-04,Sector Neutral Percentile,Institutional Composite Alpha
SEC39A09028,DEEPAKFERT,Deepak Fertilisers And Petrochemicals Corporation Limited,Basic Materials,Chemicals,1627.0,196788733021.88208,26.0053965690206,0.0135808930296876,0.2156305815313202,0.6780115934066417,0.039948865452221,0.3880013555362178,0.385641813909518,65.01429966517857,-0.5569095991794637,1542.5919995117188,1289.9760009765623,0.0547182926626088,0.2612637744952597,1664.300048828125,-0.0224118534722083,773346330.1717224,773346330.1717224,489861.3,2026-08-04,1.0.0,0.54296875,0.87890625,0.921875,0.62109375,0.875,0.875,0.84765625,0.84765625,0.69921875,0.83984375,0.90625,0.3203125,0.43359375,0.109375,0.39453125,0.725390625,0.125,0.712890625,146,0.9033333333333333,2026-08-04,Sector Neutral Percentile,Institutional Composite Alpha
SECE8164C1D,BAJAJCON,Bajaj Consumer Care Limited,Consumer Defensive,Household & Personal Products,543.4500122070312,76039458759.07385,25.05451823669641,-0.123043405676949,0.042390021398305,0.5609651636777437,1.376568927094323,0.589880196773888,0.4638275758027032,24.617863246372767,-0.5830530307822306,578.2530017089844,405.2148512268066,-0.0601864398439704,0.3411404112206433,670.25,-0.1891831224065181,740469707.5647339,740469707.5647339,1254550.1,2026-08-04,1.0.0,0.06666666666666667,0.7888888888888889,0.9222222222222223,0.9888888888888889,0.8222222222222222,0.8222222222222222,0.6,0.6,0.15555555555555556,0.9333333333333333,0.5111111111111111,0.09999999999999998,0.16666666666666663,0.30000000000000004,0.48888888888888893,0.7305555555555555,0.1777777777777778,0.7127777777777777,147,0.9026666666666666,2026-08-04,Sector Neutral Percentile,Institutional Composite Alpha
SEC88A8110F,AUBANK,AU Small Finance Bank Limited,Financial Services,Banks - Regional,1041.9000244140625,726431885617.5391,27.311410558668715,-0.0183719611376161,0.0092018595266807,0.0794654074150378,0.3960874198795996,0.3109277401245589,0.2784106291578778,27.978581019810267,-0.6777434103090816,1020.38,973.5042501831056,0.0210902060154671,0.0702572939132957,1072.0999755859375,-0.0281689691816006,1608523033.269403,1608523033.269403,1562377.3,2026-08-04,1.0.0,0.4233128834355828,0.5030674846625767,0.558282208588957,0.8711656441717791,0.7668711656441718,0.7668711656441718,0.8220858895705522,0.8220858895705522,0.5521472392638037,0.6441717791411042,0.8711656441717791,0.5153374233128835,0.6932515337423313,0.23926380368098155,0.7484662576687117,0.7346625766871165,0.2331288343558282,0.7113496932515337,148,0.902,2026-08-04,Sector Neutral Percentile,Institutional Composite Alpha
SEC44085741,DELHIVERY,Delhivery Limited,Industrials,Integrated Freight & Logistics,472.2000122070313,328557114405.0,26.51797652400501,-0.0913114788371924,-0.0198235345987934,0.0734258212291487,0.1541000103900738,0.2691738899236816,0.3207514804092652,13.342858450753347,-0.6563358279590767,472.22,442.8115003967285,-4.23272901799443e-05,0.066367995826605,520.2999877929688,-0.092446620631244,2279255387.291945,2279255387.291945,4606732.1,2026-08-04,1.0.0,0.13249211356466878,0.5078864353312302,0.43217665615141954,0.7129337539432177,0.9495268138801262,0.9495268138801262,0.8958990536277602,0.8958990536277602,0.501577287066246,0.5425867507886435,0.750788643533123,0.722397476340694,0.725552050473186,0.5615141955835963,0.6529968454258674,0.7157728706624605,0.050473186119873836,0.7107255520504732,149,0.9013333333333333,2026-08-04,Sector Neutral Percentile,Institutional Composite Alpha
SECF4975D0E,SCI,The Shipping Corporation of India Limited,Industrials,Marine Shipping,301.79998779296875,135873576903.02309,25.634990708758128,0.0274042137632979,-0.0556946745012939,0.397351577753027,0.4003339913237587,0.3682376251782063,0.3784732807175704,9.539284842354911,-0.5843772423003923,295.37099792480467,262.65834922790526,0.0217658128703643,0.1490211092855868,344.70001220703125,-0.1244561151575944,644852886.0788193,644852886.0788193,2261399.55,2026-08-04,1.0.0,0.7318611987381703,0.3722397476340694,0.7949526813880127,0.8233438485804416,0.807570977917981,0.807570977917981,0.7728706624605678,0.7728706624605678,0.6277602523659306,0.7097791798107256,0.6561514195583596,0.3974763406940063,0.526813880126183,0.6719242902208202,0.43217665615141954,0.7296529968454257,0.19242902208201895,0.7104100946372238,150,0.9006666666666666,2026-08-04,Sector Neutral Percentile,Institutional Composite Alpha
SECBC064557,AARTIIND,Aarti Industries Limited,Basic Materials,Specialty Chemicals,483.1499938964844,156210649260.5,25.77447124911191,-0.0109519060460913,-0.010242753380143,0.2953082946286445,0.0845117708114127,0.3104263090318601,0.4196064584135108,16.346426827566965,-0.7060222336728919,476.40700073242186,427.6377505493164,0.0141538498672268,0.1298113725363592,513.0999755859375,-0.0583706550662989,622342788.3595994,622342788.3595994,1268722.6,2026-08-04,1.0.0,0.37109375,0.5,0.73828125,0.671875,0.86328125,0.86328125,0.80078125,0.80078125,0.4453125,0.70703125,0.8125,0.5546875,0.33203125,0.42578125,0.828125,0.7232421875000001,0.13671875,0.7095703125000001,151,0.9,2026-08-04,Sector Neutral Percentile,Institutional Composite Alpha
SEC669FF839,ANANTRAJ,Anant Raj Limited,Real Estate,Real Estate - Development,627.9500122070312,190500844109.4421,25.972922462524043,0.1398620155715533,0.1296096143706988,0.1249552104526474,0.083045921745096,0.3761124795742272,0.4172712340822417,20.71786063058036,-0.6323155525980987,556.0440002441406,543.0504995727539,0.1293171258593186,0.1563381540042265,735.5999755859375,-0.1463430763346047,1995886308.2229855,1995886308.2229855,3377110.8,2026-08-04,1.0.0,1.0,0.8809523809523809,0.6428571428571429,0.8095238095238095,0.9523809523809523,0.9523809523809523,0.8571428571428571,0.8571428571428571,0.9761904761904762,0.9047619047619048,0.6428571428571429,0.33333333333333337,0.23809523809523814,0.2142857142857143,0.5238095238095238,0.7142857142857143,0.04761904761904767,0.7095238095238096,152,0.8993333333333333,2026-08-04,Sector Neutral Percentile,Institutional Composite Alpha
SEC175F1AE1,M&MFIN,Mahindra & Mahindra Financial Services Limited,Financial Services,Credit Services,398.5499877929688,392546507982.5,26.69592085882445,0.2011754142729191,0.2134266189089118,0.1271209867465164,0.5468658926228951,0.5254423562128039,0.439370266302087,17.728570120675222,-0.679562863951526,322.1839996337891,334.8259999084473,0.2370260107453541,0.190319712035343,404.3999938964844,-0.0144658906820188,2614452962.326437,2614452962.326437,7147422.8,2026-08-04,1.0.0,0.9754601226993865,0.950920245398773,0.6687116564417178,0.9202453987730062,0.9141104294478528,0.9141104294478528,0.6932515337423313,0.6932515337423313,0.9877300613496932,0.8711656441717791,0.8957055214723927,0.07975460122699385,0.14110429447852757,0.3190184049079755,0.754601226993865,0.717791411042945,0.08588957055214719,0.7092024539877303,153,0.8986666666666666,2026-08-04,Sector Neutral Percentile,Institutional Composite Alpha
SECE6F5BB68,TFCILTD,Tourism Finance Corporation of India Limited,Financial Services,Credit Services,108.7699966430664,34686253973.063354,24.2696093063106,0.3406877890469049,0.2996773027843962,0.6997967462105643,0.8869921215069994,0.5723639717486811,0.4249146024692891,4.482142312186105,-0.6392523216771548,80.2036001586914,71.72384977340698,0.3443976562077457,0.5165108535960796,108.7699966430664,0.0,1363173231.818182,1363173231.818182,15052716.6,2026-08-04,1.0.0,1.0,0.9754601226993865,0.9938650306748467,0.9877300613496932,0.7055214723926381,0.7055214723926381,0.294478527607362,0.294478527607362,1.0,0.9938650306748467,0.9723926380368099,0.06748466257668717,0.15337423312883436,0.7361963190184049,0.6441717791411044,0.7377300613496933,0.29447852760736193,0.7082822085889571,154,0.898,2026-08-04,Sector Neutral Percentile,Institutional Composite Alpha
SECB1A07177,IMFA,Indian Metals and Ferro Alloys Limited,Basic Materials,Other Industrial Metals & Mining,1522.0,74909882087.63892,25.039551655851284,0.1189531353009729,0.0371379897785348,0.31286115405456,1.063169275877495,0.3649330977416366,0.3742402546638809,54.51430838448661,-0.5735817631506355,1397.8459985351562,1340.8479974365234,0.0888180826750217,0.1351025641309147,1653.9000244140625,-0.0797509054156956,182193465.28317872,182193465.28317872,128068.5,2026-08-04,1.0.0,0.859375,0.62109375,0.76171875,0.97265625,0.65234375,0.65234375,0.69140625,0.69140625,0.796875,0.7109375,0.74609375,0.37890625,0.46875,0.140625,0.453125,0.742578125,0.34765625,0.7078125,155,0.8973333333333333,2026-08-04,Sector Neutral Percentile,Institutional Composite Alpha
SEC37709577,GAEL,Gujarat Ambuja Exports Limited,Consumer Defensive,Packaged Foods,179.02999877929688,72359880802.04681,25.004917850181474,0.0990178360170006,0.0978047385893816,0.3517819048553918,0.6314015150751457,0.5167352416244685,0.3486320309929114,6.919283185686384,-0.508596389973456,157.4436001586914,138.99784999847412,0.1371055959013132,0.2880055251305125,179.02999877929688,0.0,297135383.7951889,297135383.7951889,1871891.75,2026-08-04,1.0.0,0.8666666666666667,0.8444444444444444,0.8111111111111111,0.9333333333333333,0.7222222222222222,0.7222222222222222,0.5777777777777777,0.5777777777777777,0.8888888888888888,0.9111111111111111,0.9611111111111111,0.19999999999999996,0.5222222222222221,0.7,0.30000000000000004,0.7344444444444445,0.2777777777777778,0.7066666666666667,156,0.8966666666666666,2026-08-04,Sector Neutral Percentile,Institutional Composite Alpha
SEC6F471E07,ICIL,Indo Count Industries Limited,Consumer Cyclical,Textile Manufacturing,417.25,66625478767.17224,24.922352905405432,-0.033472346070033,0.4333562049175128,0.7486693723343403,0.4796099290780142,0.300302288991306,0.5624871486541406,16.40714590890067,-0.6675824159565708,383.95099975585936,302.89464988708494,0.0867272132780336,0.3775416639268643,441.0499877929688,-0.0539621096285816,135197259.47068328,135197259.47068328,333564.95,2026-08-04,1.0.0,0.28793774319066145,0.933852140077821,0.9571984435797666,0.8521400778210116,0.5252918287937743,0.5252918287937743,0.6186770428015564,0.6186770428015564,0.6653696498054474,0.9066147859922179,0.77431906614786,0.5914396887159533,0.10116731517509725,0.4708171206225681,0.727626459143969,0.7538910505836575,0.47470817120622566,0.706420233463035,157,0.896,2026-08-04,Sector Neutral Percentile,Institutional Composite Alpha
SEC7D5B6E0E,SAREGAMA,Saregama India Limited,Communication Services,Entertainment,520.2999877929688,88224582775.62775,25.20315147740195,0.0660792968069501,0.4872087429348777,0.5800182419687239,0.0823798098196892,0.4821258186329287,0.5513780045548201,20.714285714285715,-0.5735607292771837,476.2459985351563,392.3789985656738,0.0925025919237416,0.3260138531748771,530.4500122070312,-0.019134742540266,407007660.16570127,407007660.16570127,806485.6,2026-08-04,1.0.0,0.7692307692307693,0.9487179487179487,1.0,0.7948717948717948,0.6923076923076923,0.6923076923076923,0.6410256410256411,0.6410256410256411,0.7435897435897436,0.9487179487179487,0.9230769230769231,0.2564102564102564,0.15384615384615385,0.3076923076923077,0.23076923076923073,0.7371794871794871,0.3076923076923077,0.7064102564102563,158,0.8953333333333333,2026-08-04,Sector Neutral Percentile,Institutional Composite Alpha
SEC64A0DF52,TATVA,Tatva Chintan Pharma Chem Limited,Basic Materials,Specialty Chemicals,1784.300048828125,27845902843.095093,24.04995167734802,0.39377560440293485,0.3097702304004261,0.5561661318859779,0.5659310415460104,0.8683478131487721,0.6194722215152766,103.88571602957587,-0.7786618909961865,1332.8759936523438,1306.7829962158205,0.33868421167883,0.3654141919470162,1800.0999755859375,-0.0087772495817458,609087726.8144836,609087726.8144836,363382.8,2026-08-04,1.0.0,0.990234375,0.93359375,0.8828125,0.91796875,0.8515625,0.8515625,0.44921875,0.44921875,0.984375,0.90625,0.93359375,0.01953125,0.06640625,0.06640625,0.921875,0.7208984375,0.1484375,0.7060546875,159,0.8946666666666667,2026-08-04,Sector Neutral Percentile,Institutional Composite Alpha
SEC9FF36DC4,RPEL,Raghav Productivity Enhancers Limited,Basic Materials,Chemicals,1273.5,54970872489.78272,24.73006929080113,-0.0170577153460833,0.6653589377153282,0.7149206058014796,0.9859649122807016,0.3653834872231407,0.4860830841534608,52.7357177734375,-0.4630515831415323,1195.0769946289065,902.2772500610351,0.0656217178671785,0.4114286932468409,1316.4000244140625,-0.0325888967019409,83084154.6980896,83084154.6980896,64470.1,2026-08-04,1.0.0,0.328125,0.98828125,0.9296875,0.95703125,0.5078125,0.5078125,0.61328125,0.61328125,0.7421875,0.94140625,0.8828125,0.375,0.171875,0.15234375,0.10546875,0.7550781249999999,0.4921875,0.705859375,160,0.894,2026-08-04,Sector Neutral Percentile,Institutional Composite Alpha
SECA13403AD,JSWENERGY,JSW Energy Limited,Utilities,Utilities - Independent Power Producers,567.4000244140625,1013856805993.3586,27.64478279415641,0.0365363520423807,-0.0147595062331316,0.2566999433312569,0.0776828573866335,0.273869180756693,0.3029229640395393,13.185716901506696,-0.5097793230086782,565.1750061035157,519.2985021972656,0.0039368660795648,0.0926278855287832,602.0499877929688,-0.0575532996951435,1259516886.2352233,1259516886.2352233,2280592.5,2026-08-04,1.0.0,1.0,0.7307692307692307,0.8076923076923077,0.8076923076923077,0.7307692307692307,0.7307692307692307,0.7307692307692307,0.7307692307692307,0.7307692307692307,0.8461538461538461,0.8846153846153846,0.3846153846153846,0.5384615384615384,0.23076923076923073,0.42307692307692313,0.7326923076923076,0.2692307692307693,0.7057692307692307,161,0.8933333333333333,2026-08-04,Sector Neutral Percentile,Institutional Composite Alpha
SEC0E3587FA,AVL,Aditya Vision Limited,Consumer Cyclical,Specialty Retail,622.9500122070312,68314028450.0,24.9473809770153,-0.0411728482336489,0.1200107848526153,0.2267625584524619,0.602856096719641,0.1967169488358252,0.2875249104511427,20.867850167410715,-0.3600303240069292,604.6719995117187,532.8139994812012,0.0302279793178323,0.1691697530725451,668.5499877929688,-0.0682072790644617,123071779.94703063,123071779.94703063,194345.75,2026-08-04,1.0.0,0.2490272373540856,0.6070038910505836,0.6303501945525292,0.914396887159533,0.5136186770428015,0.5136186770428015,0.6342412451361867,0.6342412451361867,0.42412451361867703,0.6848249027237354,0.7237354085603113,0.933852140077821,0.8132295719844358,0.4046692607003891,0.046692607003890996,0.7533073929961089,0.4863813229571985,0.704669260700389,162,0.8926666666666667,2026-08-04,Sector Neutral Percentile,Institutional Composite Alpha
SEC8BB71EBA,KARURVYSYA,The Karur Vysya Bank Limited,Financial Services,Banks - Regional,343.3999938964844,276598005784.2761,26.34583104640515,0.1290481696125185,0.0952001507435076,0.1611157866322379,0.591964467422682,0.5276223164429331,0.4022131010209062,10.800003051757812,-0.66971714241211,303.09599853515624,283.3078494262695,0.1329743564946908,0.2121089994220359,343.3999938964844,0.0,2421865106.6953874,2421865106.6953874,7263986.65,2026-08-04,1.0.0,0.9447852760736196,0.7361963190184049,0.7177914110429447,0.9386503067484663,0.8466257668711656,0.8466257668711656,0.5950920245398773,0.5950920245398773,0.9263803680981595,0.8895705521472392,0.9723926380368099,0.07361963190184051,0.2024539877300614,0.49693251533742333,0.7239263803680982,0.7199386503067484,0.15337423312883436,0.704601226993865,163,0.892,2026-08-04,Sector Neutral Percentile,Institutional Composite Alpha
SECD3E0F146,NATIONALUM,National Aluminium Company Limited,Basic Materials,Aluminum,377.0,692685667257.1392,27.26384215063508,0.0739211312046397,-0.0656753407682775,0.0197457061182912,1.0146421747602203,0.3894615134437068,0.4142756227011629,10.721431187220984,-0.4838461655836839,367.0629992675781,347.0599494934082,0.0270716491508262,0.0862676622591982,441.5,-0.146092865232163,2388357914.611656,2388357914.611656,6789340.95,2026-08-04,1.0.0,0.76171875,0.328125,0.359375,0.9609375,0.9765625,0.9765625,0.9375,0.9375,0.52734375,0.6328125,0.59765625,0.30859375,0.3515625,0.578125,0.140625,0.7064453125,0.0234375,0.7041015625,164,0.8913333333333333,2026-08-04,Sector Neutral Percentile,Institutional Composite Alpha
SECD6356598,SMLMAH,SML MAHINDRA LIMITED,Consumer Cyclical,Auto Manufacturers,5396.0,55720179300.42334,24.743608203735526,0.3863268330571281,0.3877173478858329,0.5011823619418556,0.6054745611425172,0.9067621479985455,0.6828681788183574,318.90000697544644,-0.5617177316969524,4051.192021484375,3858.986505126953,0.3319536500328319,0.3982946021788387,5685.60009765625,-0.050935713501136,1320201277.0214722,1320201277.0214722,259087.95,2026-08-04,1.0.0,0.9844357976653697,0.914396887159533,0.8287937743190662,0.9182879377431906,0.8949416342412452,0.8949416342412452,0.5914396887159533,0.5914396887159533,0.980544747081712,0.9182879377431906,0.7859922178988327,0.005836575875486361,0.04280155642023342,0.027237354085603127,0.36575875486381326,0.7141050583657587,0.10505836575875482,0.7035992217898832,165,0.8906666666666667,2026-08-04,Sector Neutral Percentile,Institutional Composite Alpha
SECD2CDD23B,RATEGAIN,RateGain Travel Technologies Limited,Technology,Software - Application,957.2999877929688,92759914524.37347,25.25328042786257,0.0140352737369091,0.509460689635659,0.4999999521817964,1.151961278315026,0.3528768456081795,0.4284281814815163,38.32857404436384,-0.5374611851600698,865.9380053710937,676.6760008239746,0.1055063778875513,0.4147095310418633,977.2000122070312,-0.0203643309102277,317216851.1941315,317216851.1941315,337837.3,2026-08-04,1.0.0,0.4528301886792453,0.9339622641509434,0.8113207547169812,0.9150943396226415,0.4716981132075472,0.4716981132075472,0.6415094339622641,0.6415094339622641,0.7641509433962265,0.8867924528301887,0.9056603773584906,0.6226415094339622,0.4716981132075472,0.3113207547169812,0.24528301886792447,0.7556603773584906,0.5283018867924528,0.7028301886792453,166,0.89,2026-08-04,Sector Neutral Percentile,Institutional Composite Alpha
SECB62AB997,SHILPAMED,Shilpa Medicare Limited,Healthcare,Drug Manufacturers - Specialty & Generic,637.2999877929688,107247284028.65332,25.398403070691725,0.0680408492632156,0.4428344355450389,1.2170810948999495,0.3867159242023263,0.363484911233169,0.4489195159410983,21.864288330078125,-0.6570226116754887,577.3689971923828,410.5669993591309,0.103800153614096,0.5522435772669352,645.75,-0.0130855783306716,355370062.3330933,355370062.3330933,572217.6,2026-08-04,1.0.0,0.76,0.912,0.96,0.84,0.656,0.656,0.56,0.56,0.832,0.944,0.88,0.33599999999999997,0.31999999999999995,0.528,0.704,0.7368,0.344,0.7024,167,0.8893333333333333,2026-08-04,Sector Neutral Percentile,Institutional Composite Alpha
SEC34A97B0A,IDEAFORGE,ideaForge Technology Limited,Technology,Computer Hardware,887.9000244140625,37704951493.0,24.35305726211299,0.0396955789391832,0.120732122958741,1.071628585557268,0.9318973294662684,0.3040211840310424,0.5373945885334349,29.871442522321427,-0.7494883925028021,867.6260009765625,583.2642497253418,0.0233672382048029,0.5222946114598541,964.9000244140624,-0.0798010136301513,155248294.74185485,155248294.74185485,178084.3,2026-08-04,1.0.0,0.5943396226415094,0.6132075471698113,0.9528301886792453,0.9056603773584906,0.3867924528301887,0.3867924528301887,0.46226415094339623,0.46226415094339623,0.4528301886792453,0.9433962264150944,0.7924528301886793,0.7830188679245282,0.2547169811320755,0.4056603773584906,0.7830188679245282,0.7632075471698113,0.6132075471698113,0.7018867924528301,168,0.8886666666666667,2026-08-04,Sector Neutral Percentile,Institutional Composite Alpha
SECABC5313E,ICICIBANK,ICICI Bank Limited,Financial Services,Banks - Regional,1432.4000244140625,4125910482947.3804,29.048307271942335,0.0038545097104882,0.1199374702220974,0.0588409023601763,-0.0337290874099676,0.1583262418645026,0.1706042531665906,23.21429443359375,-0.4829783245743678,1364.153994140625,1348.6385028076172,0.0500280984159933,0.0621082087097981,1482.4000244140625,-0.0337290874099676,8218628492.096025,8218628492.096025,12382514.55,2026-08-04,1.0.0,0.6134969325153374,0.7914110429447853,0.5153374233128835,0.4233128834355828,0.9846625766871165,0.9846625766871165,0.9846625766871165,0.9846625766871165,0.7055214723926381,0.6012269938650306,0.8343558282208589,0.9570552147239264,0.9815950920245399,0.26993865030674846,0.1901840490797546,0.7032208588957056,0.015337423312883458,0.7016871165644173,169,0.888,2026-08-04,Sector Neutral Percentile,Institutional Composite Alpha
SECDDF310DA,EMCURE,EMCURE PHARMACEUTICALS L,Healthcare,Drug Manufacturers - Specialty & Generic,1974.0,325948892843.84,26.510006435605685,0.0757493188010898,0.1857279806001477,0.3427658205444315,0.3826434597687802,0.2758803636753674,0.2472382232281987,57.46429443359375,-0.406786329052343,1805.4059912109376,1572.5924975585938,0.0933828787595756,0.255252077740788,1974.0,0.0,271583385.5677551,271583385.5677551,145332.95,2026-08-04,1.0.0,0.784,0.696,0.664,0.832,0.6,0.6,0.8,0.8,0.8,0.768,0.956,0.616,0.8240000000000001,0.20799999999999996,0.23199999999999998,0.7404,0.4,0.7003999999999999,170,0.8873333333333333,2026-08-04,Sector Neutral Percentile,Institutional Composite Alpha
SEC49C8D931,GESHIP,The Great Eastern Shipping Company Limited,Industrials,Marine Shipping,1443.0,196262009255.6472,26.00271638539602,0.0233316963220224,-0.0704715425750874,0.1862873816490511,0.5237592397043294,0.3641202521950265,0.464939942228213,56.74285016741072,-0.4941057989542596,1433.683996582031,1307.114750671387,0.0064979475534208,0.1039581637792834,1719.5999755859375,-0.1608513488677438,1055143951.718622,1055143951.718622,744344.25,2026-08-04,1.0.0,0.7192429022082019,0.3186119873817035,0.583596214511041,0.8643533123028391,0.8738170347003155,0.8738170347003155,0.8391167192429022,0.8391167192429022,0.5362776025236593,0.6182965299684543,0.5993690851735016,0.41324921135646686,0.27760252365930604,0.20189274447949523,0.1608832807570978,0.7129337539432176,0.12618296529968454,0.7003154574132491,171,0.8866666666666667,2026-08-04,Sector Neutral Percentile,Institutional Composite Alpha
SEC33113CB1,PVRINOX,PVR INOX Limited,Communication Services,Entertainment,1147.5999755859375,92553464185.0,25.25105230568141,0.1316996098817908,0.0764468641463076,0.1868245111932711,0.1619500300896237,0.3406779820736579,0.2473757372323345,34.90000697544643,-0.6469850182043098,999.742001953125,1028.495252380371,0.1478961305456336,0.1158048351996841,1241.0,-0.075261905249043,511125399.4481659,511125399.4481659,480998.9,2026-08-04,1.0.0,0.8461538461538461,0.6923076923076923,0.6923076923076923,0.8974358974358975,0.7435897435897436,0.7435897435897436,0.6666666666666666,0.6666666666666666,0.8205128205128205,0.7435897435897436,0.8205128205128205,0.3846153846153846,0.8461538461538461,0.20512820512820518,0.5128205128205128,0.7256410256410257,0.2564102564102564,0.7000000000000001,172,0.886,2026-08-04,Sector Neutral Percentile,Institutional Composite Alpha
SECEA20F754,BOSCHLTD,Bosch Limited,Consumer Cyclical,Auto Parts,41180.0,1153444990500.0,27.77377422421629,-0.022433234421365,0.0866868980076527,0.1272926361894333,0.031692346235751,0.1485090961351531,0.22238793306381,450.9392857142856,-0.4577256846427648,39873.8,36974.775,0.0327583526024606,0.1137322674715397,42240.0,-0.025094696969697,994791972.0,994791972.0,23966.7,2026-08-04,1.0.0,0.33073929961089493,0.5408560311284046,0.4785992217898833,0.5408560311284046,0.8521400778210116,0.8521400778210116,0.9571984435797666,0.9571984435797666,0.4280155642023346,0.5836575875486382,0.8443579766536965,0.9883268482490273,0.9688715953307393,0.0077821011673151474,0.15175097276264593,0.7142023346303502,0.14785992217898836,0.6994163424124513,173,0.8853333333333333,2026-08-04,Sector Neutral Percentile,Institutional Composite Alpha
SECFCD6CCC4,ATALREAL,Atal Realtech Limited,Industrials,Engineering & Construction,34.13999938964844,3596708222.5728035,22.00328488148701,0.2114974811898065,0.199157014859298,0.2644444218388311,0.778124897554521,0.2511261763568607,0.6054952169065896,1.2250003814697266,-0.7548317904903858,29.94459987640381,26.38264994621277,0.1401053789518349,0.2940322317602988,34.13999938964844,0.0,270453777.3906493,270453777.3906493,8756383.15,2026-08-04,1.0.0,0.9716088328075709,0.8517350157728707,0.6656151419558359,0.9305993690851735,0.6719242902208202,0.6719242902208202,0.025236593059936908,0.025236593059936908,0.8990536277602523,0.8485804416403786,0.9684542586750788,0.7886435331230284,0.08832807570977919,0.9621451104100947,0.9022082018927444,0.7307570977917981,0.32807570977917977,0.6979495268138801,174,0.8846666666666667,2026-08-04,Sector Neutral Percentile,Institutional Composite Alpha
SEC7BFD47E3,FCL,Fineotex Chemical Limited,Basic Materials,Specialty Chemicals,38.65999984741211,45089476269.50989,24.531914714087065,0.0334135259315289,0.3931531476544905,0.7644911052785068,0.4517461909788207,0.5434526740333206,0.7863353583576128,2.31714357648577,-0.592867756051811,39.838399963378905,28.17951497077942,-0.0295795041229072,0.3719185687723996,45.40999984741211,-0.1486456732587873,493997769.5532273,493997769.5532273,12583730.85,2026-08-04,1.0.0,0.640625,0.96875,0.9453125,0.88671875,0.828125,0.828125,0.57421875,0.57421875,0.1953125,0.9140625,0.58984375,0.12890625,0.00390625,0.92578125,0.515625,0.7150390624999999,0.171875,0.6978515624999999,175,0.884,2026-08-04,Sector Neutral Percentile,Institutional Composite Alpha
SEC22A4C89F,SBCL,Shivalik Bimetal Controls Limited,Industrials,Metal Fabrication,780.0499877929688,40334461543.17627,24.420472065628697,0.0549056392125264,0.2549067220565313,0.8628059409981343,0.4934903427609649,0.3623735295243177,0.452700843354376,28.260707310267858,-0.4750646809599165,739.3859973144531,543.6764994812012,0.0549969713062088,0.4347686327022135,794.0499877929688,-0.0176311318118805,205064222.3687469,205064222.3687469,278433.05,2026-08-04,1.0.0,0.807570977917981,0.8832807570977917,0.9116719242902208,0.8485804416403786,0.6182965299684543,0.6182965299684543,0.5110410094637224,0.5110410094637224,0.7602523659305994,0.9211356466876972,0.9116719242902208,0.42271293375394325,0.2933753943217665,0.34700315457413244,0.13564668769716093,0.7353312302839117,0.3817034700315457,0.6971608832807571,176,0.8833333333333333,2026-08-04,Sector Neutral Percentile,Institutional Composite Alpha
SEC879F4B93,MANAPPURAM,Manappuram Finance Limited,Financial Services,Credit Services,353.3500061035156,283209834753.0,26.36945392539817,0.0209477026066031,0.1171356931407712,0.2646743515478715,0.3773144529972176,0.3537723986539312,0.3708107972606219,11.03214372907366,-0.6279802257628073,328.6420025634766,297.7355001068115,0.0751821232444771,0.1867916522441985,371.8500061035156,-0.0497512429644816,1482541644.5929077,1482541644.5929077,4223404.0,2026-08-04,1.0.0,0.7055214723926381,0.7730061349693251,0.8220858895705522,0.8588957055214724,0.7423312883435583,0.7423312883435583,0.6134969325153374,0.6134969325153374,0.7730061349693251,0.8588957055214724,0.7730061349693251,0.33742331288343563,0.2638036809815951,0.4785276073619632,0.6196319018404908,0.7226993865030675,0.2576687116564417,0.6969325153374234,177,0.8826666666666667,2026-08-04,Sector Neutral Percentile,Institutional Composite Alpha
SECE24CD7C6,REDINGTON,Redington Limited,Technology,Information Technology Services,349.20001220703125,182919578025.2793,25.93231242885234,0.261788661994693,0.5555258749265999,0.2991072472666445,0.3155019632648621,0.5384785486928376,0.4572610886717421,14.832145690917969,-0.5374907153041806,265.36499938964846,256.46534912109377,0.3159233998839603,0.3615874947775166,349.20001220703125,0.0,2091308285.0318408,2091308285.0318408,6816638.5,2026-08-04,1.0.0,0.9433962264150944,0.9433962264150944,0.7169811320754716,0.8018867924528302,0.8301886792452831,0.8301886792452831,0.7547169811320755,0.7547169811320755,0.9905660377358491,0.8679245283018868,0.9858490566037735,0.2075471698113207,0.41509433962264153,0.6509433962264151,0.2547169811320755,0.7136792452830187,0.16981132075471694,0.696698113207547,178,0.882,2026-08-04,Sector Neutral Percentile,Institutional Composite Alpha
SEC366B1864,LALPATHLAB,Dr. Lal PathLabs Limited,Healthcare,Diagnostics & Research,1898.9000244140625,266496527304.0,26.308627049713188,0.1262752220723977,0.2129671187569866,0.3394230724522675,0.2254525278806836,0.3012416959150655,0.2722314394346868,64.04285539899554,-0.577092160270317,1673.7019970703125,1515.134249267578,0.1345508505922452,0.2532882979392739,1905.199951171875,-0.0033067010913671,855056644.8690369,855056644.8690369,478044.45,2026-08-04,1.0.0,0.944,0.744,0.656,0.712,0.824,0.824,0.768,0.768,0.928,0.76,0.904,0.52,0.728,0.18400000000000005,0.528,0.7135999999999999,0.17600000000000005,0.696,179,0.8813333333333333,2026-08-04,Sector Neutral Percentile,Institutional Composite Alpha
SECAA82A44C,YASHO,Yasho Industries Limited,Basic Materials,Specialty Chemicals,4211.5,33807790758.87573,24.24395710870003,0.39377560440293485,0.7398817693539836,1.544158872262658,1.1526783620140957,0.8171818626887986,0.7285546367809779,203.54997907366072,-0.4872776379949403,2845.147998046875,1839.4069952392576,0.3443976562077457,0.7569969092994189,4211.5,0.0,154865661.4921631,154865661.4921631,42557.6,2026-08-04,1.0.0,0.990234375,0.998046875,1.0,0.9765625,0.60546875,0.60546875,0.49609375,0.49609375,0.994140625,1.0,0.9765625,0.02734375,0.0234375,0.0234375,0.15234375,0.73515625,0.39453125,0.695703125,180,0.8806666666666667,2026-08-04,Sector Neutral Percentile,Institutional Composite Alpha
SEC0663E0F6,THYROCARE,Thyrocare Technologies Limited,Healthcare,Diagnostics & Research,603.0,83727005607.65826,25.15082741004456,0.1060161161020298,0.2810707124748879,0.5229195135993785,0.3911638782282134,0.4741133127966761,0.4052584613828713,25.617863246372767,-0.8686560725010467,539.8800018310546,457.5225015258789,0.116914866182981,0.3179679643928779,603.0,0.0,693445248.8719162,693445248.8719162,1229170.7,2026-08-04,1.0.0,0.872,0.856,0.832,0.848,0.8,0.8,0.488,0.488,0.912,0.84,0.956,0.19999999999999996,0.376,0.48,0.968,0.7152,0.19999999999999996,0.6951999999999999,181,0.88,2026-08-04,Sector Neutral Percentile,Institutional Composite Alpha
SEC3FF4377F,MAHABANK,Bank of Maharashtra,Financial Services,Banks - Regional,78.38999938964844,659473904982.0659,27.21470824043932,-0.0938620107047872,-0.0811159109949853,0.2777506330780959,0.3866973479991902,0.3255477111748082,0.3259532170526702,1.7957136971609933,-0.4784853694865969,83.54340026855469,70.30849994659424,-0.0616853140085317,0.1149434200586392,93.8499984741211,-0.164730946572532,1334585241.492565,1334585241.492565,16385083.8,2026-08-04,1.0.0,0.07975460122699386,0.22085889570552147,0.852760736196319,0.8650306748466258,0.6993865030674846,0.6993865030674846,0.7668711656441718,0.7668711656441718,0.09815950920245399,0.7361963190184049,0.44171779141104295,0.4601226993865031,0.4601226993865031,0.901840490797546,0.17791411042944782,0.7248466257668712,0.3006134969325154,0.6947852760736196,182,0.8793333333333333,2026-08-04,Sector Neutral Percentile,Institutional Composite Alpha
SEC6AF3AE91,CARBORUNIV,Carborundum Universal Limited,Industrials,Conglomerates,1077.0999755859375,195846364755.4797,26.00059633551493,-0.0588903664605177,0.0734502186352967,0.4277570794387419,0.1604804689477939,0.2382345456727782,0.3535881618027687,35.292872837611604,-0.5844347205160684,1088.8640014648438,925.0700015258788,-0.0108039441684913,0.1643442915771662,1241.699951171875,-0.1325601852771223,151433277.82539064,151433277.82539064,140849.9,2026-08-04,1.0.0,0.277602523659306,0.6876971608832808,0.8138801261829653,0.7255520504731862,0.5615141955835962,0.5615141955835962,0.8359621451104101,0.8359621451104101,0.41324921135646686,0.7413249211356467,0.637223974763407,0.8391167192429022,0.6056782334384858,0.2933753943217665,0.43533123028391163,0.7378548895899053,0.43848580441640383,0.6940063091482649,183,0.8786666666666667,2026-08-04,Sector Neutral Percentile,Institutional Composite Alpha
SECAD731B1E,HEG,HEG Limited,Industrials,Electrical Equipment & Parts,669.0,99605356820.86548,25.324481783432716,0.2317038938214197,0.1259782420437547,0.2695701385374658,0.2522227421619092,0.4439410193834174,0.3407870586406492,28.989283970424108,-0.6626287698307305,564.4829992675782,559.4340014648437,0.1851552675067869,0.1958515182278237,672.6500244140625,-0.0054263350651655,1887774370.1097476,1887774370.1097476,3084203.9,2026-08-04,1.0.0,0.9779179810725552,0.7634069400630915,0.6719242902208202,0.7728706624605678,0.9369085173501577,0.9369085173501577,0.6908517350157729,0.6908517350157729,0.9589905362776026,0.7697160883280757,0.9242902208201893,0.21135646687697163,0.6403785488958991,0.33753943217665616,0.6845425867507886,0.7,0.06309148264984232,0.6936908517350158,184,0.878,2026-08-04,Sector Neutral Percentile,Institutional Composite Alpha
SEC173CFF1D,THANGAMAYL,Thangamayil Jewellery Limited,Consumer Cyclical,Luxury Goods,4717.5,167936159463.0,25.84684974093373,-0.18663821812615045,0.1476985480926276,0.4655628143531543,1.4602346805736637,0.8559952800475559,0.7487224869144253,409.1071428571428,-0.5071007208069069,5758.588041992188,4018.320014038086,-0.14457517508842102,0.1739980846521218,7309.5,-0.3546070182639032,2052569354.675,2052569354.675,330060.85,2026-08-04,1.0.0,0.005836575875486381,0.6614785992217899,0.8132295719844358,0.9922178988326849,0.9299610894941635,0.9299610894941635,0.8015564202334631,0.8015564202334631,0.007782101167315175,0.6926070038910506,0.17120622568093385,0.023346303501945553,0.011673151750972721,0.01945525291828798,0.22178988326848248,0.7005836575875488,0.07003891050583655,0.6935797665369652,185,0.8773333333333333,2026-08-04,Sector Neutral Percentile,Institutional Composite Alpha
SECFE4DC85C,NEOGEN,Neogen Chemicals Limited,Basic Materials,Specialty Chemicals,2116.300048828125,54938591382.0979,24.729481878080225,0.0529903460108371,0.2232241365770739,0.6653289010963466,0.3690645503812071,0.4663034776462051,0.4730023410424256,118.05709402901786,-0.5841697664539125,1995.222009277344,1504.9414999389649,0.0606839935544991,0.4062340954209547,2321.39990234375,-0.0883517972532653,326540676.5639099,326540676.5639099,154639.7,2026-08-04,1.0.0,0.703125,0.8828125,0.91796875,0.859375,0.75390625,0.75390625,0.609375,0.609375,0.72265625,0.9296875,0.72265625,0.203125,0.19140625,0.0625,0.484375,0.7181640625,0.24609375,0.6935546874999999,186,0.8766666666666667,2026-08-04,Sector Neutral Percentile,Institutional Composite Alpha
SECA8EBA4FD,BLSE,BLS E-SERVICES LIMITED,Industrials,Specialty Business Services,300.6000061035156,20796044710.491425,23.75802864742188,0.1185948491581347,0.4969374521096961,0.904098406289169,0.6275041205753331,0.4093455413884338,0.3798358468286886,13.052859715053014,-0.6781074029247673,248.9502001953125,198.9143000793457,0.2074704333142996,0.5112035986533301,300.6600036621094,-0.0001995528432879,275009010.5038406,275009010.5038406,988583.8,2026-08-04,1.0.0,0.917981072555205,0.9621451104100947,0.9242902208201893,0.9022082018927445,0.6750788643533123,0.6750788643533123,0.305993690851735,0.305993690851735,0.9652996845425867,0.9400630914826499,0.9337539432176656,0.2965299684542587,0.5173501577287066,0.5709779179810726,0.750788643533123,0.7252365930599369,0.3249211356466877,0.6927444794952682,187,0.876,2026-08-04,Sector Neutral Percentile,Institutional Composite Alpha
SEC51A743B2,YESBANK,Yes Bank Limited,Financial Services,Banks - Regional,22.82999992370605,717486360231.2977,27.299019774268896,-0.0589447770686064,0.0142158903407578,0.0773949668860343,0.1878252205682054,0.1777446417811306,0.2607651628977016,0.7333574485778809,-0.821339949471827,23.60880012512207,21.8739000415802,-0.0329877078584478,0.0437096210693292,25.479999542236328,-0.1040031266145654,1524374673.7005038,1524374673.7005038,65548237.75,2026-08-04,1.0.0,0.26380368098159507,0.5153374233128835,0.5460122699386503,0.6809815950920245,0.754601226993865,0.754601226993865,0.8098159509202454,0.8098159509202454,0.22085889570552147,0.5644171779141104,0.6871165644171779,0.9386503067484663,0.7730061349693251,0.9785276073619632,0.9877300613496932,0.7171779141104294,0.245398773006135,0.692638036809816,188,0.8753333333333333,2026-08-04,Sector Neutral Percentile,Institutional Composite Alpha
SECDA03965B,PFOCUS,Prime Focus Limited,Communication Services,Entertainment,303.79998779296875,181116188933.5296,25.92240459007427,0.2953014261509785,-0.0129954521073291,0.2887078167213255,1.019275466635483,0.6007936812447976,0.5707380090141613,15.001427786690847,-0.6387487407841955,249.67320007324216,245.7003498840332,0.2167905394085081,0.2364654260214023,349.5,-0.130758260964324,235432539.33234483,235432539.33234483,822008.6,2026-08-04,1.0.0,0.9743589743589743,0.48717948717948717,0.8461538461538461,1.0,0.6153846153846154,0.6153846153846154,0.8205128205128205,0.8205128205128205,0.9743589743589743,0.8717948717948718,0.717948717948718,0.10256410256410253,0.10256410256410253,0.3589743589743589,0.4871794871794872,0.7307692307692307,0.3846153846153846,0.6923076923076923,189,0.8746666666666667,2026-08-04,Sector Neutral Percentile,Institutional Composite Alpha
SECCBE2723B,BALRAMCHIN,Balrampur Chini Mills Limited,Consumer Defensive,Confectioners,652.5,114306119768.4046,25.46214594759477,0.1427320490367776,0.241674595623216,0.5532015960961909,0.1034075030669818,0.4637798575540152,0.3730746095151102,22.103581019810267,-0.6229593099215502,563.8410021972657,492.2707507324219,0.1572411326193621,0.3254900865614747,652.5,0.0,435608447.188681,435608447.188681,721004.65,2026-08-04,1.0.0,0.9666666666666667,0.9222222222222223,0.9111111111111111,0.7,0.7777777777777778,0.7777777777777778,0.6777777777777778,0.6777777777777778,0.9333333333333333,0.9222222222222223,0.9611111111111111,0.2777777777777778,0.4111111111111111,0.34444444444444444,0.5555555555555556,0.7144444444444445,0.2222222222222222,0.6922222222222223,190,0.874,2026-08-04,Sector Neutral Percentile,Institutional Composite Alpha
SECC730901A,VADILALIND,Vadilal Industries Limited,Consumer Defensive,Packaged Foods,7291.5,43155011835.06348,24.488064396863468,0.1361015892801496,0.5723927570283878,0.6644599435958105,0.3609892673821746,0.3934161845724139,0.402870930368866,225.2142857142857,-0.5477049934907077,6208.037978515625,5183.832504882813,0.1745256754604192,0.4065847986276389,7291.5,0.0,119722891.225,119722891.225,17434.15,2026-08-04,1.0.0,0.9444444444444444,0.9888888888888889,0.9555555555555556,0.8888888888888888,0.5333333333333333,0.5333333333333333,0.5111111111111111,0.5111111111111111,0.9555555555555556,0.9666666666666667,0.9611111111111111,0.3555555555555555,0.3555555555555555,0.011111111111111072,0.4222222222222223,0.7383333333333334,0.4666666666666667,0.6916666666666668,191,0.8733333333333333,2026-08-04,Sector Neutral Percentile,Institutional Composite Alpha
SEC0CB59638,CCL,CCL Products (India) Limited,Consumer Defensive,Packaged Foods,1108.300048828125,149952914253.19067,25.73358717678546,-0.0761856347951585,-0.0823811856081149,0.1436975004275074,0.3104345833025421,0.2307486289760828,0.3044545875141115,32.535731724330354,-0.3957036813658543,1155.3919946289063,1047.0997494506837,-0.0407584144772498,0.0584474396155165,1229.699951171875,-0.0987231903425374,230841861.9933838,230841861.9933838,193410.15,2026-08-04,1.0.0,0.2111111111111111,0.36666666666666664,0.5666666666666667,0.8333333333333334,0.6777777777777778,0.6777777777777778,0.7222222222222222,0.7222222222222222,0.2222222222222222,0.5777777777777777,0.7111111111111111,0.7666666666666666,0.6111111111111112,0.2222222222222222,0.11111111111111116,0.7233333333333333,0.3222222222222222,0.691111111111111,192,0.8726666666666667,2026-08-04,Sector Neutral Percentile,Institutional Composite Alpha
SECD3469113,MPSLTD,MPS Limited,Communication Services,Publishing,2744.89990234375,30661206875.71656,24.14626407281552,0.3647391417024295,0.6684293604485942,0.4687248469614264,0.2211494984951105,0.7814292721161583,0.5694489396748593,143.66427176339286,-0.6587739521037839,2028.4019995117187,1896.9754956054687,0.3443976562077457,0.4469875381640837,2769.699951171875,-0.0089540561307487,409571311.7991455,409571311.7991455,158684.9,2026-08-04,1.0.0,1.0,1.0,0.9487179487179487,0.9230769230769231,0.717948717948718,0.717948717948718,0.46153846153846156,0.46153846153846156,1.0,1.0,0.9487179487179487,0.02564102564102566,0.1282051282051282,0.0,0.5641025641025641,0.7192307692307691,0.28205128205128205,0.6910256410256409,193,0.872,2026-08-04,Sector Neutral Percentile,Institutional Composite Alpha
SEC3A6B7695,STARHEALTH,Star Health and Allied Insurance Company Limited,Financial Services,Insurance - Life,593.2000122070312,306205196806.1199,26.44752129195974,0.0203836537692294,0.1463909521944169,0.2671152834366959,0.3246985894990359,0.2597262349764448,0.2364012660807277,17.585728236607142,-0.6216573685390128,566.7010021972657,499.33575119018553,0.0467601255459602,0.187978250692278,610.4000244140625,-0.0281782626459459,353269346.8805359,353269346.8805359,590749.9,2026-08-04,1.0.0,0.6871165644171779,0.8466257668711656,0.8282208588957055,0.8098159509202454,0.48466257668711654,0.48466257668711654,0.6503067484662577,0.6503067484662577,0.6871165644171779,0.8650306748466258,0.8650306748466258,0.7239263803680982,0.8711656441717791,0.32515337423312884,0.6012269938650308,0.7414110429447852,0.5153374233128835,0.6898773006134968,194,0.8713333333333333,2026-08-04,Sector Neutral Percentile,Institutional Composite Alpha
SECFF753FFE,HINDZINC,Hindustan Zinc Limited,Basic Materials,Other Industrial Metals & Mining,560.75,2358995546121.399,28.489257028315592,0.0377533549287967,-0.1190793955644877,-0.0808883421746443,0.2966816607038187,0.2145669528126951,0.3015245235199135,11.625004359654016,-0.4983166925662371,554.9030017089843,567.6969981384277,0.0105369736206295,-0.0122371584863194,727.2000122070312,-0.2288916521080084,1695976379.1837037,1695976379.1837037,3179807.55,2026-08-04,1.0.0,0.66015625,0.1640625,0.18359375,0.8203125,0.953125,0.953125,0.984375,0.984375,0.41796875,0.3671875,0.390625,0.875,0.69140625,0.53125,0.18359375,0.6945312499999999,0.046875,0.68984375,195,0.8706666666666667,2026-08-04,Sector Neutral Percentile,Institutional Composite Alpha
SECF2B0AB3B,APCOTEXIND,Apcotex Industries Limited,Basic Materials,Specialty Chemicals,633.8499755859375,27330071929.746094,24.031253468779965,0.240775116008314,0.2395618813342177,0.8001987066128844,0.5136715834888059,0.6947524245679522,0.5161535827943371,37.87501743861607,-0.5900565660900913,533.5619964599609,420.8782490539551,0.1879593745269716,0.5060174219283073,681.5999755859375,-0.0700557536830187,371486185.77367705,371486185.77367705,578520.6,2026-08-04,1.0.0,0.96484375,0.8984375,0.94921875,0.91015625,0.77734375,0.77734375,0.44140625,0.44140625,0.953125,0.96484375,0.7890625,0.05859375,0.140625,0.1953125,0.5078125,0.7113281250000001,0.22265625,0.6890625000000001,196,0.87,2026-08-04,Sector Neutral Percentile,Institutional Composite Alpha
SEC0197A65C,CYIENTDLM,Cyient DLM Limited,Industrials,Aerospace & Defense,667.0,35555249408.0,24.294353644966893,0.3286852589641433,0.570150704253481,0.8476454293628808,0.482551698263564,0.661544945240895,0.5033976088387102,39.02500261579241,-0.6869395359686048,518.595,418.6395007324219,0.2861674331607515,0.5932562475186032,698.1500244140625,-0.0446179521947389,908798033.9953612,908798033.9953612,1420063.3,2026-08-04,1.0.0,0.9905362776025236,0.9716088328075709,0.9085173501577287,0.8422712933753943,0.8517350157728707,0.8517350157728707,0.4605678233438486,0.4605678233438486,0.9842271293375394,0.9621451104100947,0.8832807570977917,0.04731861198738174,0.2208201892744479,0.28075709779179814,0.7728706624605678,0.7036277602523658,0.1482649842271293,0.688801261829653,197,0.8693333333333333,2026-08-04,Sector Neutral Percentile,Institutional Composite Alpha
SEC93A96CBB,MINDACORP,Minda Corporation Limited,Consumer Cyclical,Auto Parts,720.5499877929688,150336781901.25,25.73614382699404,0.0337135075124335,0.3425563096782968,0.2801812544148421,0.4059511956935975,0.3050694071512903,0.3204121708077518,19.292864118303573,-0.5437473319099178,667.3970007324219,585.4505010986328,0.079642232437687,0.2307615869160821,720.5499877929688,0.0,160687517.71361694,160687517.71361694,233070.1,2026-08-04,1.0.0,0.5797665369649806,0.8754863813229572,0.688715953307393,0.8171206225680934,0.5797665369649806,0.5797665369649806,0.7821011673151751,0.7821011673151751,0.6303501945525292,0.7587548638132295,0.9494163424124513,0.5758754863813229,0.6964980544747081,0.4241245136186771,0.30350194552529186,0.7293774319066147,0.4202334630350194,0.6873540856031128,198,0.8686666666666667,2026-08-04,Sector Neutral Percentile,Institutional Composite Alpha
SEC4BF1EEBD,RKFORGE,Ramkrishna Forgings Limited,Industrials,Metal Fabrication,681.0,105525657859.5,25.382219962753325,0.1854817399752586,0.094855305466238,0.3338556777640151,0.1387959866220736,0.439441863631214,0.3627548694484579,25.864288330078125,-0.6604742020256593,578.3020031738281,549.1607528686524,0.1775854073867051,0.2400740519832465,681.0,0.0,1558276064.7593567,1558276064.7593567,2578565.35,2026-08-04,1.0.0,0.9652996845425867,0.7287066246056783,0.750788643533123,0.694006309148265,0.9053627760252366,0.9053627760252366,0.7129337539432177,0.7129337539432177,0.9463722397476341,0.8138801261829653,0.9684542586750788,0.2239747634069401,0.5709779179810726,0.3690851735015773,0.6750788643533123,0.6958990536277603,0.09463722397476337,0.686435331230284,199,0.868,2026-08-04,Sector Neutral Percentile,Institutional Composite Alpha
SECFA5934F9,JINDALSTEL,Jindal Steel Limited,Basic Materials,Steel,1116.800048828125,1161869682805.318,27.781051619020317,0.0540821602908212,-0.1123826957806281,-0.007377057095295,0.1362874055751302,0.2392341893368452,0.231180551645335,23.221418108258927,-0.6807381165239184,1100.5640063476562,1118.94050201416,0.0147524745374418,-0.0019129285088725,1288.800048828125,-0.1334574747699579,1230731970.2889342,1230731970.2889342,1171324.2,2026-08-04,1.0.0,0.71875,0.1953125,0.30859375,0.72265625,0.91796875,0.91796875,0.9609375,0.9609375,0.453125,0.40234375,0.625,0.79296875,0.9140625,0.33203125,0.7890625,0.69375,0.08203125,0.685546875,200,0.8673333333333333,2026-08-04,Sector Neutral Percentile,Institutional Composite Alpha
SEC30713E57,WABAG,VA Tech Wabag Limited,Industrials,Engineering & Construction,1955.199951171875,96558119818.5,25.29341094190672,-0.0487033986659632,0.3039012678705401,0.7942553352133603,0.2093022588594217,0.5577736166076859,0.5091959837380852,83.10713413783482,-0.6666666554238216,1892.652001953125,1459.9805017089843,0.033047781184393,0.3391959337013133,2221.199951171875,-0.1197550899727248,1691475293.8330078,1691475293.8330078,816062.5,2026-08-04,1.0.0,0.31230283911671924,0.9085173501577287,0.9053627760252366,0.750788643533123,0.9211356466876972,0.9211356466876972,0.6750788643533123,0.6750788643533123,0.6845425867507886,0.8706624605678234,0.6656151419558359,0.09463722397476337,0.20820189274447953,0.12618296529968454,0.6971608832807571,0.6927444794952682,0.07886435331230279,0.684858044164038,201,0.8666666666666667,2026-08-04,Sector Neutral Percentile,Institutional Composite Alpha
SECBD364AD2,POWERGRID,Power Grid Corporation of India Limited,Utilities,Utilities - Regulated Electric,282.5,2641836401254.1885,28.60249539780036,-0.0101611561265001,-0.0997450255275952,0.0447485442923041,-0.0223222423759922,0.1547777074415889,0.1812909757191776,5.457140241350446,-0.3135859961022345,286.7909997558594,286.315750579834,-0.0149621144300631,-0.013327071850244,320.8999938964844,-0.1196634298125646,2334450724.0452623,2334450724.0452623,8192299.05,2026-08-04,1.0.0,0.5769230769230769,0.5,0.38461538461538464,0.6153846153846154,0.8461538461538461,0.8461538461538461,0.9230769230769231,0.9230769230769231,0.6538461538461539,0.46153846153846156,0.8076923076923077,0.9230769230769231,0.9615384615384616,0.5384615384615384,0.0,0.7,0.15384615384615385,0.6846153846153846,202,0.866,2026-08-04,Sector Neutral Percentile,Institutional Composite Alpha
SECA4B202D6,LUPIN,Lupin Limited,Healthcare,Drug Manufacturers - Specialty & Generic,2386.5,1044547728492.0,27.6746051119608,-0.0421817681557781,-0.0299175215375866,0.1207382875209441,0.2025093365706631,0.2456461789722884,0.1969736373611874,55.592843191964285,-0.5267588695129284,2370.9440087890625,2228.1139978027345,0.0065610959825586,0.0710852327813831,2514.800048828125,-0.0510179920220343,2016416727.678723,2016416727.678723,824532.8,2026-08-04,1.0.0,0.248,0.216,0.336,0.696,0.944,0.944,0.944,0.944,0.376,0.424,0.696,0.72,0.96,0.248,0.45599999999999996,0.6896,0.05600000000000005,0.6839999999999999,203,0.8653333333333333,2026-08-04,Sector Neutral Percentile,Institutional Composite Alpha
SEC1E858EE5,RATNAVEER,Ratnaveer Precision Engineering Limited,Basic Materials,Steel,208.32000732421875,11671119239.446136,23.180383186053607,0.1575262872213301,0.1679094748382672,0.4315558081909874,0.4072823687231828,0.743987743149528,0.5678054087860989,11.281428745814733,-0.529754406981223,177.08739959716797,159.5383499145508,0.1763683232014112,0.305767594034886,208.32000732421875,0.0,1192154766.979435,1192154766.979435,6146767.6,2026-08-04,1.0.0,0.90625,0.8125,0.82421875,0.87109375,0.9140625,0.9140625,0.24609375,0.24609375,0.94140625,0.87890625,0.9765625,0.046875,0.08984375,0.55078125,0.26171875,0.692578125,0.0859375,0.6839843750000001,204,0.8646666666666667,2026-08-04,Sector Neutral Percentile,Institutional Composite Alpha
SECFC2EF9E8,UJJIVANSFB,Ujjivan Small Finance Bank Limited,Financial Services,Banks - Regional,70.13999938964844,105821917998.6248,25.385023499363268,0.1733021214771162,0.1191958104189752,0.1351351084382781,0.6072410717376384,0.4006095245349872,0.3543080404141506,2.927142007010324,-0.7568281904716323,60.36000022888184,57.28435018539429,0.1620278184837869,0.2244181728979783,71.75,-0.0224390328968858,2008833039.395301,2008833039.395301,29563913.3,2026-08-04,1.0.0,0.9631901840490797,0.7852760736196319,0.6809815950920245,0.9447852760736196,0.7975460122699386,0.7975460122699386,0.4110429447852761,0.4110429447852761,0.9693251533742331,0.9079754601226994,0.8895705521472392,0.22699386503067487,0.33742331288343563,0.8159509202453987,0.9263803680981595,0.7033742331288344,0.2024539877300614,0.6831288343558283,205,0.864,2026-08-04,Sector Neutral Percentile,Institutional Composite Alpha
SECC44BB08F,SENORES,SENORES PHARMACEUTICALS L,Healthcare,Drug Manufacturers - General,1355.5,58253184585.555176,24.788064598894472,-0.0068142207615763,0.4547113304976462,0.7365960171656933,0.9435084612166198,0.3689032257217993,0.5336163364092782,56.77858189174107,-0.2692130817820702,1281.5940014648438,936.2825012207032,0.0576672475453869,0.4477468052993951,1480.9000244140625,-0.0846782512976719,410328295.1831055,410328295.1831055,296129.4,2026-08-04,1.0.0,0.448,0.92,0.904,0.928,0.696,0.696,0.416,0.416,0.624,0.904,0.592,0.31999999999999995,0.17600000000000005,0.22399999999999998,0.020000000000000018,0.7124,0.30400000000000005,0.682,206,0.8633333333333333,2026-08-04,Sector Neutral Percentile,Institutional Composite Alpha
SECCD9FFFBA,IDFCFIRSTB,IDFC First Bank Limited,Financial Services,Banks - Regional,85.44999694824219,643494062943.7166,27.19017863774534,0.0531180378483415,0.2139508124616986,0.05221029320982,0.2341132233476668,0.2749983294762849,0.2355829193281539,2.0721435546875,-0.6067172477046929,78.17739974975586,76.42355003356934,0.0930268494701249,0.1181108036816915,86.06999969482422,-0.0072034709977966,2069471438.0991583,2069471438.0991583,24921379.45,2026-08-04,1.0.0,0.8098159509202454,0.9570552147239264,0.5030674846625767,0.7239263803680982,0.803680981595092,0.803680981595092,0.7484662576687117,0.7484662576687117,0.8650306748466258,0.7423312883435583,0.9202453987730062,0.6380368098159509,0.8773006134969326,0.8834355828220859,0.5276073619631902,0.7009202453987731,0.19631901840490795,0.6812883435582823,207,0.8626666666666667,2026-08-04,Sector Neutral Percentile,Institutional Composite Alpha
SECD3212E8E,ENGINERSIN,Engineers India Limited,Industrials,Engineering & Construction,225.08999633789065,127398143658.77968,25.570583009011123,-0.0771596369220274,-0.1387411858382092,0.3140104630931053,0.0433875714815892,0.2208807674768959,0.4166831207894942,5.049284798758371,-0.505797086706484,235.43079925537108,213.35519989013676,-0.0439228977270039,0.055001220752044,262.3500061035156,-0.14202404764162,315054256.4863434,315054256.4863434,1362473.75,2026-08-04,1.0.0,0.19873817034700317,0.167192429022082,0.7192429022082019,0.6182965299684543,0.7129337539432177,0.7129337539432177,0.7539432176656151,0.7539432176656151,0.22712933753943218,0.5110410094637224,0.6214511041009464,0.9053627760252366,0.4037854889589906,0.7981072555205048,0.21766561514195581,0.7096214511041009,0.2870662460567823,0.6809148264984227,208,0.862,2026-08-04,Sector Neutral Percentile,Institutional Composite Alpha
SECDCBF746B,SHYAMMETL,Shyam Metalics and Energy Limited,Basic Materials,Steel,1020.2999877929688,274974698093.1006,26.339944923445906,0.0644757306134258,0.1541202441958606,0.2218430066559422,0.0352069937769652,0.3341576420755684,0.2584242249154214,31.1392822265625,-0.4260674294461025,988.0179919433592,879.3707485961914,0.0326734898684517,0.1602614590282354,1062.6500244140625,-0.0398532307421206,626574987.2214477,626574987.2214477,611288.8,2026-08-04,1.0.0,0.74609375,0.796875,0.67578125,0.6171875,0.8671875,0.8671875,0.875,0.875,0.5546875,0.7265625,0.87109375,0.45703125,0.85546875,0.25,0.06640625,0.6935546875,0.1328125,0.6802734375,209,0.8613333333333333,2026-08-04,Sector Neutral Percentile,Institutional Composite Alpha
SEC68F7EAF4,MAHLIFE,Mahindra Lifespace Developers Limited,Real Estate,Real Estate - Development,398.1499938964844,69208375443.8594,24.960387724671914,0.0694332714238241,0.1538907636054629,0.0418683769607335,0.0975878536085028,0.2434795178215997,0.2300395143552757,11.885716029575892,-0.5846630084090504,359.4840008544922,364.8245004272461,0.1075597048827854,0.0913466431947711,421.7000122070313,-0.055845429520607,160537072.62719423,160537072.62719423,425650.95,2026-08-04,1.0.0,0.8571428571428571,0.9047619047619048,0.47619047619047616,0.8571428571428571,0.5952380952380952,0.5952380952380952,0.6904761904761905,0.6904761904761905,0.9285714285714286,0.7857142857142857,0.9523809523809523,0.7619047619047619,0.9761904761904762,0.4285714285714286,0.30952380952380953,0.7202380952380951,0.40476190476190477,0.6797619047619047,210,0.8606666666666667,2026-08-04,Sector Neutral Percentile,Institutional Composite Alpha
SEC106EB60D,HEROMOTOCO,Hero MotoCorp Limited,Consumer Cyclical,Auto Manufacturers,5570.5,985477748484.126,27.61639238437421,0.1266281267741844,0.0425790754257906,-0.0093366530321892,0.3103051433488517,0.2794142212941719,0.2362712471602812,123.78564453125,-0.4357366941767812,4970.616005859375,5395.841501464844,0.1206860464444408,0.032369093585818,6350.5,-0.1228249744114636,3616075008.447876,3616075008.447876,710073.2,2026-08-04,1.0.0,0.8443579766536965,0.4280155642023346,0.2723735408560311,0.7704280155642024,0.953307392996109,0.953307392996109,0.953307392996109,0.953307392996109,0.7898832684824902,0.42023346303501946,0.5875486381322957,0.6770428015564203,0.933852140077821,0.08171206225680938,0.11284046692607008,0.6842412451361868,0.046692607003890996,0.6795719844357977,211,0.86,2026-08-04,Sector Neutral Percentile,Institutional Composite Alpha
SEC35873536,ABDL,ALLIED BLEND N DISTILS L,Consumer Defensive,Beverages - Wineries & Distilleries,611.7000122070312,175560083104.0111,25.891247175131628,-0.1295004958292065,0.0694056157465581,0.2582536663309722,0.2542546583889797,0.3299259804656679,0.4024276074578127,22.450007847377236,-0.4382129266536462,618.6159973144531,562.2999984741211,-0.0111797708715029,0.0878534836687958,702.7000122070312,-0.1295004958292065,266089401.6347961,266089401.6347961,418029.45,2026-08-04,1.0.0,0.05555555555555555,0.8222222222222222,0.7666666666666667,0.7777777777777778,0.7,0.7,0.7666666666666667,0.7666666666666667,0.36666666666666664,0.6444444444444445,0.6555555555555556,0.5,0.3666666666666667,0.3222222222222222,0.18888888888888888,0.7088888888888889,0.30000000000000004,0.6788888888888889,212,0.8593333333333333,2026-08-04,Sector Neutral Percentile,Institutional Composite Alpha
SEC094710A0,HIRECT,Hind Rectifiers Limited,Industrials,Electrical Equipment & Parts,1347.5999755859375,38840630070.0,24.38273270243157,0.2328240835094517,0.4208444917936047,1.1791719314092783,0.3812329645512526,0.7768978859543311,0.6582229396577575,81.42857142857143,-0.6476226770423317,1163.49099609375,868.6627505493165,0.1582384222226955,0.5513500201703774,1347.5999755859375,0.0,433083963.2179626,433083963.2179626,339316.65,2026-08-04,1.0.0,0.9810725552050473,0.9526813880126183,0.9747634069400631,0.8170347003154574,0.7570977917981072,0.7570977917981072,0.49842271293375395,0.49842271293375395,0.9242902208201893,0.9463722397476341,0.9684542586750788,0.012618296529968487,0.034700315457413256,0.13880126182965302,0.6403785488958991,0.7022082018927445,0.2429022082018928,0.6779179810725552,213,0.8586666666666667,2026-08-04,Sector Neutral Percentile,Institutional Composite Alpha
SEC8077C8DF,BALAMINES,Balaji Amines Limited,Basic Materials,Specialty Chemicals,2031.0,68379067235.83984,24.94833258017304,-0.0530143860495491,0.3306688953848737,0.8662132765563768,0.1764364986552395,0.626754248511382,0.7792795244160517,127.75711495535714,-0.8035699825978393,2138.337998046875,1443.9375009155274,-0.0501969277751767,0.4065705743581327,2414.89990234375,-0.15897135196832,845456859.1112427,845456859.1112427,372483.7,2026-08-04,1.0.0,0.16796875,0.9453125,0.9609375,0.75,0.88671875,0.88671875,0.6640625,0.6640625,0.12109375,0.93359375,0.58203125,0.09375,0.015625,0.05859375,0.94921875,0.6888671875,0.11328125,0.6775390625,214,0.858,2026-08-04,Sector Neutral Percentile,Institutional Composite Alpha
SEC69C34B0A,AXISBANK,Axis Bank Limited,Financial Services,Banks - Regional,1244.9000244140625,4125910482947.3804,29.048307271942335,-0.0706927089413043,-0.0369768148552031,-0.0507815292306043,0.1598807116176857,0.2515951330255077,0.2091359405394672,27.021432059151785,-0.5995112107699251,1305.5939990234374,1286.929500732422,-0.0464876329508047,-0.0326587247354571,1403.0,-0.1126870816720866,8218628492.096025,8218628492.096025,8163921.1,2026-08-04,1.0.0,0.2085889570552147,0.36809815950920244,0.26993865030674846,0.6687116564417178,0.9846625766871165,0.9846625766871165,0.9846625766871165,0.9846625766871165,0.1901840490797546,0.32515337423312884,0.6503067484662577,0.754601226993865,0.9325153374233128,0.245398773006135,0.49079754601227,0.6789877300613497,0.015337423312883458,0.6774539877300614,215,0.8573333333333333,2026-08-04,Sector Neutral Percentile,Institutional Composite Alpha
SEC7F22642E,PGIL,Pearl Global Industries Limited,Consumer Cyclical,Apparel Manufacturing,2115.800048828125,75210834534.5,25.043561133780862,0.070857372477056,0.3359009872449707,0.3584591003711879,0.3817018098101066,0.3122876604021876,0.4326727274321424,75.85713413783482,-0.4626127716370687,1882.9080078125,1630.279000244141,0.1236874239470633,0.2978146982886216,2115.800048828125,0.0,155070190.82418823,155070190.82418823,76578.9,2026-08-04,1.0.0,0.7042801556420234,0.8638132295719845,0.7470817120622568,0.8054474708171206,0.5642023346303502,0.5642023346303502,0.669260700389105,0.669260700389105,0.7937743190661478,0.8443579766536965,0.9494163424124513,0.5525291828793775,0.30350194552529186,0.1400778210116731,0.16342412451361865,0.7204280155642023,0.4357976653696498,0.6768482490272374,216,0.8566666666666667,2026-08-04,Sector Neutral Percentile,Institutional Composite Alpha
SEC4E2D95D7,ULTRACEMCO,UltraTech Cement Limited,Basic Materials,Building Materials,11930.0,3228217574490.0,28.802951266323184,0.0230683474830633,-0.0177836324715955,-0.0482648583964898,-0.0275513531137919,0.2030376026445255,0.1997540295161048,226.14285714285717,-0.369701921976054,11505.82,11802.59,0.0368665597063051,0.0107950881967433,13052.0,-0.0859638369598528,3539624034.2,3539624034.2,299000.5,2026-08-04,1.0.0,0.59765625,0.47265625,0.25390625,0.5703125,0.98828125,0.98828125,1.0,1.0,0.58203125,0.42578125,0.73046875,0.8984375,0.95703125,0.01171875,0.02734375,0.6779296875,0.01171875,0.6767578125,217,0.856,2026-08-04,Sector Neutral Percentile,Institutional Composite Alpha
SECB05993CF,TBZ,Tribhovandas Bhimji Zaveri Limited,Consumer Cyclical,Luxury Goods,279.6499938964844,12259082648.22052,23.229532939876865,0.39377560440293485,0.7398817693539836,0.8650792940047227,0.4973763232052806,0.8539572402314818,0.7353124520265503,15.745713370186945,-0.6596153844362405,209.16380096435543,170.54954990386963,0.336990399902614,0.6396993955956451,291.1000061035156,-0.039333603459148,1008405132.4734076,1008405132.4734076,4023611.95,2026-08-04,1.0.0,0.9961089494163424,0.9980544747081712,0.9688715953307393,0.8754863813229572,0.8560311284046692,0.8560311284046692,0.21011673151750973,0.21011673151750973,0.9844357976653697,0.980544747081712,0.8093385214007782,0.027237354085603127,0.015564202334630295,0.5097276264591439,0.6964980544747081,0.6908560311284048,0.14396887159533078,0.6764591439688716,218,0.8553333333333333,2026-08-04,Sector Neutral Percentile,Institutional Composite Alpha
SEC0F28ED7B,PREMIERENE,PREMIER ENERGIES LIMITED,Technology,Solar,1039.300048828125,473184404365.5,26.88275101070004,0.0160328712705395,0.0204222374355669,0.4155543878349337,-0.0288730178971831,0.3827552808245391,0.2965660478741547,35.57855660574777,-0.5026574622599654,1055.78,938.9377505493164,-0.0156092662977845,0.1068891928352999,1117.199951171875,-0.0697278067923631,1420451848.4666169,1420451848.4666169,1342244.3,2026-08-04,1.0.0,0.4716981132075472,0.4811320754716981,0.7735849056603774,0.5943396226415094,0.7735849056603774,0.7735849056603774,0.8867924528301887,0.8867924528301887,0.29245283018867924,0.6415094339622641,0.8207547169811321,0.5188679245283019,0.8962264150943396,0.33018867924528306,0.15094339622641506,0.6976415094339623,0.2264150943396226,0.675,219,0.8546666666666667,2026-08-04,Sector Neutral Percentile,Institutional Composite Alpha
SEC9C11EAF8,PREMEXPLN,Premier Explosives Limited,Basic Materials,Specialty Chemicals,662.2999877929688,36471026055.21057,24.31978397559692,-0.1173452264381188,0.1838412250277628,0.3582854378643403,0.4525714882363925,0.3844369440870356,0.6848550301529388,13.182155064174108,-0.6502496117811996,703.9269970703125,565.953000793457,-0.0591354067262542,0.1702384948298441,808.5,-0.1808287102127782,377314930.5281311,377314930.5281311,555130.3,2026-08-04,1.0.0,0.0390625,0.84375,0.796875,0.890625,0.78125,0.78125,0.51171875,0.51171875,0.078125,0.75,0.52734375,0.32421875,0.03515625,0.48046875,0.70703125,0.6962890624999999,0.21875,0.6744140624999999,220,0.854,2026-08-04,Sector Neutral Percentile,Institutional Composite Alpha
SEC1D07A1DA,AJANTPHARM,Ajanta Pharma Limited,Healthcare,Drug Manufacturers - Specialty & Generic,3525.89990234375,390098980176.85547,26.689666339194787,0.0451756046668889,0.1453677281042318,0.2656233267309587,0.2489019422376346,0.2556374146630207,0.2889621391394732,107.5142822265625,-0.311058070194073,3238.3219775390626,2889.775993652344,0.0888046114003864,0.2201291415281703,3575.300048828125,-0.0138170631302866,375967832.5793701,375967832.5793701,109675.75,2026-08-04,1.0.0,0.672,0.632,0.536,0.736,0.672,0.672,0.848,0.848,0.776,0.736,0.872,0.704,0.6639999999999999,0.10399999999999998,0.11199999999999999,0.7064,0.32799999999999996,0.6736,221,0.8533333333333334,2026-08-04,Sector Neutral Percentile,Institutional Composite Alpha
SEC7DCB9BC0,GOODLUCK,Goodluck India Limited,Basic Materials,Steel,1505.0,42807876552.58704,24.47998795420493,0.0118327116424989,0.0710981610916356,0.3453115810217593,0.3266924961301538,0.3612914793840864,0.4027863263449696,43.100010463169646,-0.6402243555454266,1443.49,1227.3042474365234,0.0426120028541936,0.2262648020191415,1629.4000244140625,-0.0763471354793904,246294853.9444458,246294853.9444458,158349.4,2026-08-04,1.0.0,0.51953125,0.6875,0.78515625,0.83203125,0.703125,0.703125,0.5625,0.5625,0.61328125,0.796875,0.7578125,0.390625,0.37890625,0.1875,0.6796875,0.702734375,0.296875,0.673046875,222,0.8526666666666667,2026-08-04,Sector Neutral Percentile,Institutional Composite Alpha
SECD4BDA8F4,UNOMINDA,Uno Minda Limited,Consumer Cyclical,Auto Parts,1221.4000244140625,601258826690.5591,27.122291338825043,0.0732864889403008,0.0660732098004874,0.0366661645158101,0.1417087013147946,0.2158419181408515,0.3078653985919883,30.135724748883927,-0.4903594441030865,1122.5880053710937,1169.523006286621,0.0880216237570652,0.0443574156716739,1366.300048828125,-0.1060528575244824,1009812267.559613,1009812267.559613,872350.95,2026-08-04,1.0.0,0.7159533073929961,0.49416342412451364,0.36186770428015563,0.6536964980544747,0.8599221789883269,0.8599221789883269,0.9299610894941635,0.9299610894941635,0.6731517509727627,0.45136186770428016,0.6459143968871596,0.8793774319066148,0.7509727626459144,0.28793774319066145,0.2023346303501945,0.6869649805447471,0.1400778210116731,0.6729571984435798,223,0.852,2026-08-04,Sector Neutral Percentile,Institutional Composite Alpha
SEC37129F1E,BAJAJFINSV,Bajaj Finserv Ltd.,Financial Services,Financial Conglomerates,2087.0,2658958766870.2817,28.60895572106291,0.1156251961692877,0.1438750342559605,0.0812911384895649,0.0649045555682759,0.3019839410925656,0.2581294028521304,46.8642839704241,-0.5858958373211733,1818.8319897460935,1913.341500854492,0.1474396820408585,0.0907618943445027,2176.60009765625,-0.0411651629312755,2555093639.667938,2555093639.667938,1334156.15,2026-08-04,1.0.0,0.9325153374233128,0.8404907975460123,0.5705521472392638,0.5644171779141104,0.8957055214723927,0.8957055214723927,0.9570552147239264,0.9570552147239264,0.950920245398773,0.6871165644171779,0.8159509202453987,0.5705521472392638,0.7914110429447853,0.1165644171779141,0.4478527607361963,0.6806748466257668,0.10429447852760731,0.6702453987730062,224,0.8513333333333334,2026-08-04,Sector Neutral Percentile,Institutional Composite Alpha
SEC036FD0B4,SFL,Sheela Foam Limited,Consumer Cyclical,"Furnishings, Fixtures & Appliances",823.5,75814400744.5,25.051554094986844,0.0948613617895184,0.4364207527200994,0.5908431588159098,0.2258112756229779,0.3575171002226349,0.4345539151478253,28.717851911272323,-0.764197343420155,721.8009997558594,612.4119976806641,0.1408961753704125,0.3446829962815418,823.5,0.0,184832227.7736725,184832227.7736725,237780.05,2026-08-04,1.0.0,0.7859922178988327,0.9377431906614786,0.8754863813229572,0.7120622568093385,0.6186770428015564,0.6186770428015564,0.6770428015564203,0.6770428015564203,0.8404669260700389,0.867704280155642,0.9494163424124513,0.4241245136186771,0.2957198443579766,0.30739299610894943,0.9066147859922179,0.7077821011673151,0.38132295719844356,0.6696498054474708,225,0.8506666666666667,2026-08-04,Sector Neutral Percentile,Institutional Composite Alpha
SECD30713C1,JSWINFRA,JSW Infrastructure Limited,Industrials,Marine Shipping,331.3500061035156,610848160994.9846,27.13811425622468,0.0226852040231964,0.178342787053515,0.2768786362370543,0.0826662941338243,0.4304818345707445,0.3980263394688981,11.2750004359654,-0.3691293877736474,311.05999877929685,280.36090042114256,0.0652285970675867,0.1818695317563186,351.20001220703125,-0.0565205165534393,1248974194.7984252,1248974194.7984252,3746599.15,2026-08-04,1.0.0,0.7129337539432177,0.8264984227129337,0.6813880126182965,0.6466876971608833,0.889589905362776,0.889589905362776,0.9369085173501577,0.9369085173501577,0.7823343848580442,0.7539432176656151,0.8422712933753943,0.25236593059936907,0.4479495268138801,0.6309148264984228,0.009463722397476393,0.6794952681388012,0.11041009463722395,0.6684542586750788,226,0.85,2026-08-04,Sector Neutral Percentile,Institutional Composite Alpha
SEC00361F10,STALLION,STALLION IND FLUOROCHEM L,Basic Materials,Specialty Chemicals,265.79998779296875,21015001008.433777,23.76850235338987,0.39377560440293485,0.5964921558242262,0.7635045854544291,1.1747666923435136,0.7501284031067484,0.6978014193713571,13.763570513044083,-0.7542415824036096,201.8303994750977,189.1200537109375,0.3169472412690923,0.405456389089406,414.3500061035156,-0.3585133730477975,1122199819.7278526,1122199819.7278526,4820789.1,2026-08-04,1.0.0,0.990234375,0.984375,0.94140625,0.98046875,0.90234375,0.90234375,0.3671875,0.3671875,0.98046875,0.92578125,0.171875,0.04296875,0.02734375,0.4609375,0.89453125,0.6781250000000001,0.09765625,0.6683593750000001,227,0.8493333333333334,2026-08-04,Sector Neutral Percentile,Institutional Composite Alpha
SEC1CA085D8,TMB,Tamilnad Mercantile Bank Limited,Financial Services,Banks - Regional,855.4000244140625,120742983675.0,25.51693002157968,0.126786533497498,0.1502723005866235,0.4482349768166651,0.907033881826518,0.5039503501531072,0.3886526060109035,34.50000435965402,-0.3185967055837532,774.0849987792968,634.499001159668,0.1050466366910565,0.3481503089061697,893.6500244140625,-0.0428019906619252,628039736.3424346,628039736.3424346,723404.5,2026-08-04,1.0.0,0.9386503067484663,0.8650306748466258,0.950920245398773,0.9938650306748467,0.5521472392638037,0.5521472392638037,0.4662576687116564,0.4662576687116564,0.8895705521472392,0.9754601226993865,0.8098159509202454,0.09202453987730064,0.22085889570552142,0.19631901840490795,0.030674846625766916,0.7125766871165644,0.4478527607361963,0.6677914110429448,228,0.8486666666666667,2026-08-04,Sector Neutral Percentile,Institutional Composite Alpha
SECE6BE180A,KMEW,Knowledge Marine & Engineering Works Limited,Industrials,Marine Shipping,2431.60009765625,46614913956.0,24.56518636884975,0.0770729945399275,0.1250116625893726,0.3781455815065278,1.8600330072262263,0.5218357201458389,0.6237085357098507,124.57142857142856,-0.4381940559285597,2205.358005371094,1787.0969940185546,0.1025874673110438,0.3606424865549316,2679.800048828125,-0.0926188322447463,262453754.3126343,262453754.3126343,106437.85,2026-08-04,1.0.0,0.8454258675078864,0.7570977917981072,0.7823343848580442,0.9936908517350158,0.6656151419558359,0.6656151419558359,0.5394321766561514,0.5394321766561514,0.8580441640378549,0.889589905362776,0.7476340694006309,0.11987381703470035,0.06624605678233442,0.0725552050473186,0.06940063091482651,0.7011041009463723,0.33438485804416407,0.6676656151419559,229,0.848,2026-08-04,Sector Neutral Percentile,Institutional Composite Alpha
SECE39CF1CB,RISHABH,Rishabh Instruments Limited,Technology,Scientific & Technical Instruments,652.5999755859375,21383876803.705444,23.78590305462284,0.0024577197940667,0.2987064190764925,0.7635454590287583,1.3357193623551793,0.3701252746969721,0.5239489263086716,25.542864118303573,-0.6685966095452351,591.6619989013672,459.9204995727539,0.1029945759533712,0.4189408304091129,662.0999755859375,-0.0143482862865125,152502510.16618347,152502510.16618347,235352.95,2026-08-04,1.0.0,0.41509433962264153,0.8207547169811321,0.8962264150943396,0.9433962264150944,0.37735849056603776,0.37735849056603776,0.3490566037735849,0.3490566037735849,0.7452830188679245,0.8962264150943396,0.9245283018867925,0.5566037735849056,0.28301886792452835,0.4528301886792453,0.6037735849056604,0.7297169811320755,0.6226415094339622,0.6674528301886793,230,0.8473333333333334,2026-08-04,Sector Neutral Percentile,Institutional Composite Alpha
SEC40D715C2,HINDCOPPER,Hindustan Copper Limited,Basic Materials,Copper,495.7999877929688,491635005865.7538,26.92100242012947,0.0024261659414577,-0.1280337511762095,-0.1879452989833004,0.9191019008310444,0.2218512713006825,0.2924958920356251,12.392854963030134,-0.6154639253911284,505.0280004882813,489.9974995422363,-0.0182722793318201,0.0118418731853799,760.0499877929688,-0.3476745006829465,1511007332.052855,1511007332.052855,3086651.8,2026-08-04,1.0.0,0.45703125,0.1484375,0.04296875,0.953125,0.9375,0.9375,0.90625,0.90625,0.2578125,0.4296875,0.19140625,0.8515625,0.7109375,0.5,0.609375,0.67265625,0.0625,0.66640625,231,0.8466666666666667,2026-08-04,Sector Neutral Percentile,Institutional Composite Alpha
SEC526206AC,IFCI,IFCI Limited,Financial Services,Credit Services,75.9000015258789,227858162150.4305,26.151989176487508,0.010383369951785,0.1881653139759147,0.3519772417360229,0.2976577081176872,0.3408125421168452,0.6875834674980952,2.2699993678501675,-0.5506698630972318,75.76400009155273,60.933199939727785,0.0017950667092792,0.2456263843184924,90.06999969482422,-0.1573220630282691,1466852676.0383625,1466852676.0383625,19716999.85,2026-08-04,1.0.0,0.656441717791411,0.9202453987730062,0.901840490797546,0.7975460122699386,0.7361963190184049,0.7361963190184049,0.5644171779141104,0.5644171779141104,0.44171779141104295,0.9202453987730062,0.4723926380368098,0.3926380368098159,0.018404907975460127,0.8650306748466258,0.36809815950920244,0.692638036809816,0.2638036809815951,0.6662576687116565,232,0.846,2026-08-04,Sector Neutral Percentile,Institutional Composite Alpha
SEC91916541,ACMESOLAR,ACME SOLAR HOLDINGS LTD,Utilities,Utilities - Renewable,382.8500061035156,237070782144.0,26.19162459232731,-0.0022152881847108,0.2823648358981183,0.7605536387537584,0.3726650212493858,0.3561663813744063,0.3888289173634121,15.099997384207589,-0.3810964404378669,356.62699951171874,277.4923500061035,0.073530626194036,0.37967769596205,394.0,-0.0282994768946304,754103711.7381058,754103711.7381058,2025274.85,2026-08-04,1.0.0,0.6538461538461539,1.0,0.9615384615384616,0.8846153846153846,0.5769230769230769,0.5769230769230769,0.46153846153846156,0.46153846153846156,1.0,0.9615384615384616,1.0,0.11538461538461542,0.11538461538461542,0.1923076923076923,0.11538461538461542,0.7076923076923077,0.42307692307692313,0.6653846153846155,233,0.8453333333333334,2026-08-04,Sector Neutral Percentile,Institutional Composite Alpha
SECB203DE46,INDOTECH,Indo Tech Transformers Limited,Industrials,Electrical Equipment & Parts,3558.0,26974800000.0,24.018168933790648,0.1398000668539849,0.3173387125204039,1.544158872262658,1.0106238975404032,0.3739411200676771,0.4628602035614452,170.32854352678572,-0.6924297481097597,3011.1959912109373,2013.1829962158204,0.1815903084306274,0.7569969092994189,3558.0,0.0,57973381.41291504,57973381.41291504,17159.0,2026-08-04,1.0.0,0.9337539432176656,0.917981072555205,0.9936908517350158,0.9558359621451105,0.3470031545741325,0.3470031545741325,0.3785488958990536,0.3785488958990536,0.9558359621451105,0.9952681388012619,0.9684542586750788,0.3785488958990536,0.2870662460567823,0.04731861198738174,0.7917981072555205,0.7290220820189275,0.6529968454258674,0.6637223974763408,234,0.8446666666666667,2026-08-04,Sector Neutral Percentile,Institutional Composite Alpha
SECA6ADBB2D,PRESTIGE,Prestige Estates Projects Limited,Real Estate,Real Estate - Diversified,1599.800048828125,583208734128.0,27.09181099374271,-0.0608746411340622,0.07839571879213,0.0786138764123638,-0.0153865086464214,0.3799172947998268,0.3660290035847535,52.48570033482143,-0.6750210817291533,1546.89400390625,1515.702498168945,0.0342014674491435,0.0554842066703553,1784.800048828125,-0.1036530675363149,1262571929.1466126,1262571929.1466126,759835.75,2026-08-04,1.0.0,0.30952380952380953,0.7619047619047619,0.5952380952380952,0.6904761904761905,0.8809523809523809,0.8809523809523809,0.9285714285714286,0.9285714285714286,0.6190476190476191,0.6666666666666666,0.8095238095238095,0.2857142857142857,0.3571428571428571,0.023809523809523836,0.7142857142857143,0.675,0.11904761904761907,0.6630952380952382,235,0.844,2026-08-04,Sector Neutral Percentile,Institutional Composite Alpha
SEC68E48F72,CAMS,Computer Age Management Services Limited,Technology,Information Technology Services,807.5,183409328666.49097,25.934986260614178,0.0237069123940445,-0.0339753841184177,0.1637123095389177,0.0378644064632125,0.2983508632100326,0.2818560117101158,21.100001743861608,-0.4910805947754758,780.0330029296875,747.4291494750977,0.0352126089116107,0.0803699595701996,836.2999877929688,-0.0344373887520591,915696703.66344,915696703.66344,1174390.5,2026-08-04,1.0.0,0.5188679245283019,0.33962264150943394,0.6037735849056604,0.6509433962264151,0.6509433962264151,0.6509433962264151,0.7641509433962265,0.7641509433962265,0.5094339622641509,0.6037735849056604,0.8584905660377359,0.8113207547169812,0.9339622641509434,0.5660377358490566,0.1132075471698113,0.6976415094339623,0.34905660377358494,0.6627358490566038,236,0.8433333333333334,2026-08-04,Sector Neutral Percentile,Institutional Composite Alpha
SEC66316AC7,ATGL,Adani Total Gas Limited,Utilities,Utilities - Regulated Gas,666.2999877929688,794612784967.5,27.4011207700131,-0.0800138242416724,0.0342258250569946,0.2836913658858093,0.0658241410411446,0.2635805440542527,0.462609557036721,17.814283098493302,-0.8806042497751344,715.5750024414062,611.7010011291504,-0.0688607266608258,0.0892576382301697,808.5499877929688,-0.1759322270083608,1058969887.721988,1058969887.721988,1513009.1,2026-08-04,1.0.0,0.15384615384615385,0.8846153846153846,0.8461538461538461,0.7692307692307693,0.6538461538461539,0.6538461538461539,0.6538461538461539,0.6538461538461539,0.11538461538461539,0.8076923076923077,0.5769230769230769,0.5,0.038461538461538436,0.15384615384615385,0.9615384615384616,0.6961538461538461,0.34615384615384615,0.6615384615384615,237,0.8426666666666667,2026-08-04,Sector Neutral Percentile,Institutional Composite Alpha
SECE2178B2D,IOLCP,IOL Chemicals and Pharmaceuticals Limited,Healthcare,Drug Manufacturers - Specialty & Generic,151.89999389648438,38795530459.23508,24.381570882590648,0.0515020548029852,0.5530109159392183,1.107380549913365,0.5146075631650189,0.7248078390472462,0.6081879151248654,8.234286717006139,-0.6840038688364081,142.90419982910157,99.4260000228882,0.0629498228753306,0.5277693345957446,173.77999877929688,-0.1259063473156103,1088572957.2904625,1088572957.2904625,6646970.5,2026-08-04,1.0.0,0.712,0.968,0.944,0.896,0.848,0.848,0.36,0.36,0.688,0.928,0.52,0.02400000000000002,0.08799999999999997,0.864,0.76,0.6764000000000001,0.15200000000000002,0.6612000000000001,238,0.842,2026-08-04,Sector Neutral Percentile,Institutional Composite Alpha
SEC036F1831,SPORTKING,Sportking India Limited,Consumer Cyclical,Textile Manufacturing,219.27999877929688,23170879481.42084,23.86616213243557,0.1901221100640264,0.4088923132820388,1.3834782476010532,0.7404556115351313,0.5377691327780036,0.5333746526829024,10.936427525111608,-0.5441798475120572,187.19099975585937,129.34214973449707,0.1714238348280048,0.6953483394965743,219.27999877929688,0.0,127898463.23060912,127898463.23060912,639941.9,2026-08-04,1.0.0,0.914396887159533,0.9221789883268483,0.9922178988326849,0.9455252918287937,0.5175097276264592,0.5175097276264592,0.3657587548638132,0.3657587548638132,0.8910505836575876,0.9883268482490273,0.9494163424124513,0.12062256809338523,0.15175097276264593,0.6147859922178989,0.311284046692607,0.7093385214007782,0.4824902723735408,0.6610894941634242,239,0.8413333333333334,2026-08-04,Sector Neutral Percentile,Institutional Composite Alpha
SEC693A8DC4,MMFL,M M Forgings Limited,Industrials,Metal Fabrication,558.9500122070312,21519109709.375,23.79220720100201,0.1288498820498518,0.1257804878288646,0.3847393054844772,0.6018053951962823,0.2510476643320232,0.3187771579265631,19.089298793247767,-0.6740059769572055,489.1719995117188,424.5649992370605,0.1426451488739408,0.3165240027120921,559.5,-0.0009829987363159,62734155.32768555,62734155.32768555,117959.4,2026-08-04,1.0.0,0.9274447949526814,0.7602523659305994,0.7886435331230284,0.889589905362776,0.36908517350157727,0.36908517350157727,0.3217665615141956,0.3217665615141956,0.9022082018927445,0.8548895899053628,0.9305993690851735,0.7917981072555205,0.7318611987381703,0.4668769716088328,0.7413249211356467,0.72397476340694,0.6309148264984228,0.6608832807570977,240,0.8406666666666667,2026-08-04,Sector Neutral Percentile,Institutional Composite Alpha
SECA4C651F7,PFC,Power Finance Corporation Limited,Financial Services,Credit Services,417.5499877929688,1375317408480.0,27.949705662937955,-0.0084303449515367,-0.0874221419892139,0.0827174754345956,0.0137169069682101,0.1946810916410687,0.2247689553656404,8.260718209402901,-0.4340264712580236,421.8509991455078,404.32624908447264,-0.0101955699079795,0.0327056151769493,481.3999938964844,-0.1326339985730147,2388464017.683021,2388464017.683021,5780960.0,2026-08-04,1.0.0,0.5337423312883436,0.1901840490797546,0.5828220858895705,0.49693251533742333,0.8343558282208589,0.8343558282208589,0.9202453987730062,0.9202453987730062,0.37423312883435583,0.5153374233128835,0.6012269938650306,0.8957055214723927,0.8957055214723927,0.6073619631901841,0.12269938650306744,0.6773006134969325,0.16564417177914115,0.6607361963190184,241,0.84,2026-08-04,Sector Neutral Percentile,Institutional Composite Alpha
SEC4E7811F8,INDHOTEL,The Indian Hotels Company Limited,Consumer Cyclical,Lodging,743.25,954909474731.1866,27.58488238207681,0.0069091315007214,0.1108205456877031,0.1195209710316991,-0.0022150951268399,0.2193809921460979,0.2281491930896862,15.114288330078123,-0.5779132702483887,708.3580017089844,688.859750366211,0.0492575762634646,0.0789569278868074,806.7999877929688,-0.0787679582975851,1705815532.4431915,1705815532.4431915,2320384.15,2026-08-04,1.0.0,0.49416342412451364,0.5992217898832685,0.4591439688715953,0.48249027237354086,0.9105058365758755,0.9105058365758755,0.9494163424124513,0.9494163424124513,0.5136186770428015,0.5058365758754864,0.7003891050583657,0.8754863813229572,0.9533073929961089,0.5214007782101167,0.42801556420233466,0.6694552529182879,0.08949416342412453,0.6605058365758755,242,0.839,2026-08-04,Sector Neutral Percentile,Institutional Composite Alpha
SEC69EC748D,NRBBEARING,NRB Bearings Limited,Consumer Cyclical,Auto Parts,428.5,41478027853.13721,24.448429674653287,0.0218194676602097,0.4276195526020265,0.6777604159758688,0.4659596917379944,0.3609110266704619,0.4001642803143327,16.135713849748885,-0.5428571360451835,413.6680010986328,310.9477001953125,0.0358548373622709,0.378045245971752,444.0,-0.0349099099099099,121651787.7601822,121651787.7601822,290934.85,2026-08-04,1.0.0,0.5369649805447471,0.9260700389105059,0.9377431906614786,0.8443579766536965,0.5058365758754864,0.5058365758754864,0.5019455252918288,0.5019455252918288,0.4474708171206226,0.9105058365758755,0.8287937743190662,0.40077821011673154,0.39688715953307396,0.4863813229571985,0.2996108949416343,0.7099221789883269,0.49416342412451364,0.6605058365758755,242,0.839,2026-08-04,Sector Neutral Percentile,Institutional Composite Alpha
SEC4A26C4EE,KOVAI,Kovai Medical Center and Hospital Limited,Healthcare,Medical Care Facilities,5857.0,63410408290.0,24.872893853527387,-0.0276417365319167,0.024667599720084,1.2537758537758537,1.860166662772768,0.1934198470556025,0.2267998957052731,156.25,-0.2785519016021311,5815.74,3753.945480957031,0.0070945399897519,0.5602251097442192,6205.0,-0.0560838033843674,19923535.875,19923535.875,3371.9,2026-08-04,1.0.0,0.32,0.32,0.976,0.992,0.088,0.088,0.432,0.432,0.384,0.952,0.68,0.896,0.888,0.04800000000000004,0.04800000000000004,0.7516,0.912,0.6604000000000001,243,0.838,2026-08-04,Sector Neutral Percentile,Institutional Composite Alpha
SECE103320D,INDUSTOWER,Indus Towers Limited,Communication Services,Telecom Services,389.25,1108015280054.4707,27.73359149482143,0.006984897923415,-0.0338793598989018,-0.0985409657152881,0.014200136478303,0.2150564047524311,0.2087172005829692,10.84285409109933,-0.5728564653847346,406.07799865722654,416.44199920654296,-0.041440311252694,-0.0652960058263877,477.75,-0.1852433281004709,2308603176.159674,2308603176.159674,5860077.1,2026-08-04,1.0.0,0.6410256410256411,0.41025641025641024,0.1794871794871795,0.7435897435897436,0.8974358974358975,0.8974358974358975,0.9743589743589743,0.9743589743589743,0.2564102564102564,0.38461538461538464,0.5641025641025641,0.8205128205128205,0.9487179487179487,0.46153846153846156,0.20512820512820518,0.6705128205128206,0.10256410256410253,0.6602564102564104,244,0.8373333333333334,2026-08-04,Sector Neutral Percentile,Institutional Composite Alpha
SEC6B2B6199,MANINDS,Man Industries (India) Limited,Basic Materials,Steel,540.25,39530043917.0,24.400326825233392,-0.0552592059719143,0.010757717492984,0.7396555183900475,0.1763745236799128,0.2985611939957532,0.4678560841423199,17.153577532087052,-0.574643029321598,547.4909954833985,456.3972491455078,-0.0132257800459442,0.1837275553511461,601.4000244140625,-0.101679451166701,94253196.98034056,94253196.98034056,173397.25,2026-08-04,1.0.0,0.1640625,0.55859375,0.9375,0.74609375,0.5390625,0.5390625,0.54296875,0.54296875,0.27734375,0.76953125,0.67578125,0.609375,0.21484375,0.41015625,0.4609375,0.7054687500000001,0.4609375,0.659375,245,0.8366666666666667,2026-08-04,Sector Neutral Percentile,Institutional Composite Alpha
SECBF472289,UNIPARTS,Uniparts India Limited,Industrials,Farm & Heavy Construction Machinery,748.0,29762258564.80261,24.1165069366661,0.1517437615530494,0.3405017921146953,0.7095189598175098,1.082985205476099,0.4132375453601392,0.3704006757618017,27.11785888671875,-0.5739124326372679,664.2840014648438,531.9407514953614,0.1260244087627433,0.406171642043339,748.0,0.0,104558316.01047668,104558316.01047668,149391.9,2026-08-04,1.0.0,0.9495268138801262,0.9305993690851735,0.886435331230284,0.9589905362776026,0.4605678233438486,0.4605678233438486,0.4037854889589905,0.4037854889589905,0.8927444794952681,0.9116719242902208,0.9684542586750788,0.27760252365930604,0.5520504731861199,0.35331230283911674,0.3848580441640379,0.7129337539432177,0.5394321766561514,0.6589905362776025,246,0.836,2026-08-04,Sector Neutral Percentile,Institutional Composite Alpha
SEC4B900243,SKIPPER,Skipper Limited,Industrials,Engineering & Construction,547.7999877929688,61306891005.0,24.839158088007743,-0.0244857987692973,0.1358075920750725,0.5145147064009965,0.141963672822561,0.365211637153413,0.3859813414258996,21.875008719308035,-0.6575342392481673,542.2900018310547,454.77849990844726,0.0101605892480212,0.2045424044963602,574.9500122070312,-0.0472215389818726,291885578.61976016,291885578.61976016,541969.0,2026-08-04,1.0.0,0.4416403785488959,0.7760252365930599,0.8391167192429022,0.7034700315457413,0.6908517350157729,0.6908517350157729,0.583596214511041,0.583596214511041,0.5488958990536278,0.7854889589905363,0.8706624605678234,0.41009463722397477,0.48895899053627756,0.42271293375394325,0.6624605678233438,0.6894321766561513,0.3091482649842271,0.6585173501577286,247,0.8353333333333334,2026-08-04,Sector Neutral Percentile,Institutional Composite Alpha
SECC5A7D273,PTCIL,PTC Industries Limited,Industrials,Metal Fabrication,18152.0,276027819639.0,26.343767493377484,0.0182307735457452,0.0795765433567265,0.0095661846496106,0.2303938182064664,0.2100408235943892,0.4092675861992352,422.5,-0.4168231088445634,17785.86,17415.47,0.0205860160824384,0.042291709612201,19380.0,-0.0633642930856552,215156837.5,215156837.5,12121.95,2026-08-04,1.0.0,0.6908517350157729,0.6971608832807571,0.30914826498422715,0.7634069400630915,0.6340694006309149,0.6340694006309149,0.8769716088328076,0.8769716088328076,0.6182965299684543,0.48580441640378547,0.8170347003154574,0.9274447949526814,0.41324921135646686,0.01577287066246058,0.05362776025236593,0.6944794952681388,0.3659305993690851,0.6578864353312303,248,0.8346666666666667,2026-08-04,Sector Neutral Percentile,Institutional Composite Alpha
SECC883EC44,TIPSMUSIC,Tips Music Limited,Communication Services,Entertainment,669.2999877929688,80981312265.0,25.117484252222784,-0.0282395821517694,0.0405783194816491,0.2469492087433045,0.1117939996560943,0.7127636792131518,0.494667756833492,42.37500435965402,-0.4831688515374933,667.0979968261719,579.5317481994629,0.0033008508154321,0.1548978806983487,713.75,-0.0622767246333187,856154801.7532623,856154801.7532623,1256950.25,2026-08-04,1.0.0,0.5384615384615384,0.5641025641025641,0.7948717948717948,0.8205128205128205,0.7948717948717948,0.7948717948717948,0.6153846153846154,0.6153846153846154,0.5384615384615384,0.8205128205128205,0.8461538461538461,0.05128205128205132,0.17948717948717952,0.10256410256410253,0.07692307692307687,0.6782051282051282,0.20512820512820518,0.6576923076923077,249,0.834,2026-08-04,Sector Neutral Percentile,Institutional Composite Alpha
