Scenario,Description,ADV_Shock,Average_Days_To_Exit,Maximum_Days_To_Exit,Average_Impact,Forced_Sale_Cost
NORMAL_MARKET,Normal Market Liquidity,0.0,0.0005399732025685596,0.0016614358361081096,3.004531756906163e-06,28.09491638728412
MODERATE_STRESS,Moderate Liquidity Contraction,-0.3,0.0007713902893836567,0.0023734797658687286,4.292188224151662e-06,40.13559483897731
SEVERE_STRESS,Severe Liquidity Stress,-0.5,0.0010799464051371192,0.003322871672216219,6.009063513812326e-06,56.18983277456824
CRISIS,Crisis Liquidity Environment,-0.8,0.002699866012842799,0.00830717918054055,1.502265878453082e-05,140.47458193642063
MARKET_FREEZE,Market Freeze Event,-0.95,0.010799464051371187,0.03322871672216217,6.009063513812322e-05,561.8983277456819
