Metric,Value
CAGR,0.2055758304806825
Volatility,0.19916990689086092
Sharpe,1.0321631098282926
Final_Capital,2112409.589949475
Run_Date,2026-06-12
