Factor,Exposure
Signal_Factor,0.7117248236292724
Momentum_Factor,0.5917845840560387
Quality_Factor,0.5864799603622126
Value_Factor,0.693492969423734
Growth_Factor,0.5367023051325062
Liquidity_Factor,0.8331307954406679
LowVol_Factor,0.6225050800499183
