{
    "CAGR": 0.08886600055280724,
    "Sharpe": 0.23964841788861818,
    "Sortino": 0.38254036146140297,
    "Max_Drawdown": -0.19974177541641402
}