Metric,Value
Portfolio_Beta,0.9968568161180584
Portfolio_Volatility,0.16677995759386904
Expected_Return,0.10606575944278114
Information_Ratio,0.6359622641292733
Turnover,0.307691658345933
HHI,0.04818179803517658
Effective_Holdings,20.754725659468328
Active_Share,0.4636582867880686
