Metric,Value
Portfolio_Beta,0.9916286258050925
Portfolio_Volatility,0.1600377097080338
Expected_Return,0.08324343678156601
Information_Ratio,0.5201488882428517
Turnover,0.3970695127412454
HHI,0.03811232076571143
Effective_Holdings,26.238234248376486
Active_Share,0.44201342750558276
