Metric,Value
Portfolio_Beta,1.0221300662005923
Portfolio_Volatility,0.17675408775931165
Expected_Return,0.7069400324897793
Information_Ratio,3.9995682218814017
Turnover,0.2944273854289215
HHI,0.048593347972238625
Effective_Holdings,20.578948389629378
Active_Share,0.39955915802586944
