Metric,Value
Portfolio_Beta,0.9918962488863852
Portfolio_Volatility,0.16049243605913455
Expected_Return,0.08330642596812188
Information_Ratio,0.5190676147343608
Turnover,0.3970695127412454
HHI,0.03820945100017227
Effective_Holdings,26.17153541398675
Active_Share,0.4406497122640983
