Metric,Value
Portfolio_Beta,0.991628614718683
Portfolio_Volatility,0.16003770944528284
Expected_Return,0.08324343845167348
Information_Ratio,0.5201488995325477
Turnover,0.3970695127412454
HHI,0.03811232487506032
Effective_Holdings,26.238231419316357
Active_Share,0.44201344446026236
