Metric,Current,Target
Holdings,50.0,50.0
HHI,,0.020197403492370532
Effective_Holdings,,49.51131467853009
Active_Share,,0.5256314856532646
Liquidity_Drift,0.0,-0.07499256786693986
MarketCap_Drift,0.0,0.3180728205493386
