Metric,Current,Target
Holdings,50.0,50.0
HHI,,0.020573237622306787
Effective_Holdings,,48.60683662719851
Active_Share,,0.4050596753961351
Liquidity_Drift,0.0,-0.15706018281928757
MarketCap_Drift,0.0,-0.34031125080749147
