Metric,Value
Portfolio Beta,0.991628614718683
Portfolio Volatility,0.16003770944528284
Expected Return,0.08324343845167348
Information Ratio,0.5201488995325477
Turnover,0.3970695127412454
HHI,0.03811232487506032
Effective Holdings,26.238231419316357
Approval Score,95.0
