Metric,Value
Portfolio Beta,0.9968826492283466
Portfolio Volatility,0.1741033844045128
Expected Return,0.10688188451082106
Information Ratio,0.6138989478946089
Turnover,0.22399555945029503
HHI,0.02762023754933146
Effective Holdings,36.20533669248636
Approval Score,100.0
