Metric,Value
Portfolio Beta,0.9968568161180584
Portfolio Volatility,0.16677995759386904
Expected Return,0.10606575944278114
Information Ratio,0.6359622641292733
Turnover,0.307691658345933
HHI,0.04818179803517658
Effective Holdings,20.754725659468328
Approval Score,100.0
