Metric,Value
Portfolio Beta,1.0000000000000002
Portfolio Volatility,0.17563042188251116
Expected Return,0.1070149298336703
Information Ratio,0.6093188679194682
Turnover,0.21853270239077066
HHI,0.02787269493242538
Effective Holdings,35.877406272497225
Approval Score,100.0
