Metric,Value
Portfolio Beta,0.9916286258050925
Portfolio Volatility,0.1600377097080338
Expected Return,0.08324343678156601
Information Ratio,0.5201488882428517
Turnover,0.3970695127412454
HHI,0.03811232076571143
Effective Holdings,26.238234248376486
Approval Score,95.0
