Metric,Value
Portfolio Beta,1.0
Portfolio Volatility,0.15817657058792947
Expected Return,0.09960275383335188
Information Ratio,0.6296934714359815
Turnover,0.3174170986435605
HHI,0.03518935353827265
Effective Holdings,28.417686017231887
Approval Score,100.0
