Metric,Value
Portfolio Beta,0.9918962488863852
Portfolio Volatility,0.16049243605913455
Expected Return,0.08330642596812188
Information Ratio,0.5190676147343608
Turnover,0.3970695127412454
HHI,0.03820945100017227
Effective Holdings,26.17153541398675
Approval Score,95.0
