Metric,Value
Portfolio Beta,1.0221300662005923
Portfolio Volatility,0.17675408775931165
Expected Return,0.7069400324897793
Information Ratio,3.9995682218814017
Turnover,0.2944273854289215
HHI,0.048593347972238625
Effective Holdings,20.578948389629378
Approval Score,100.0
