Security_ID,Symbol,Yahoo_Symbol,Company_Name,Sector,Industry,Market_Cap,Market_Cap_Category,Last_Close,ADV,History_Days,Missing_Close,Exchange,Country,Currency,Asset_Type,Universe_Flag,Is_Active,Created_Date,Last_Updated
SECDB5ED21A,RELIANCE,RELIANCE.NS,Reliance Industries Limited,Energy,Oil & Gas Refining & Marketing,17274201318577.5,Large Cap,1309.5,17617143704.635853,1244,0.0,NSE,India,INR,Equity,1,1,2026-08-04,2026-08-04
SEC6ED3E973,HDFCBANK,HDFCBANK.NS,HDFC Bank Limited,Financial Services,Banks - Regional,11779119316350.0,Large Cap,779.7999877929688,20896956298.43338,1244,0.0,NSE,India,INR,Equity,1,1,2026-08-04,2026-08-04
SEC3536398B,BHARTIARTL,BHARTIARTL.NS,Bharti Airtel Limited,Communication Services,Telecom Services,11056629986929.332,Large Cap,1910.800048828125,14281002023.458372,1244,0.0,NSE,India,INR,Equity,1,1,2026-08-04,2026-08-04
SECABC5313E,ICICIBANK,ICICIBANK.NS,ICICI Bank Limited,Financial Services,Banks - Regional,9573305787285.0,Large Cap,1346.5,18828804742.111736,1244,0.0,NSE,India,INR,Equity,1,1,2026-08-04,2026-08-04
SEC10D35CD2,SBIN,SBIN.NS,State Bank of India,Financial Services,Banks - Regional,9329385306848.637,Large Cap,1035.0999755859375,16282847573.69616,1244,0.0,NSE,India,INR,Equity,1,1,2026-08-04,2026-08-04
SECB0B6FC80,TCS,TCS.NS,Tata Consultancy Services Limited,Technology,Information Technology Services,7798787645049.0,Large Cap,2125.0,5377542126.406753,1244,0.0,NSE,India,INR,Equity,1,1,2026-08-04,2026-08-04
SEC47F7A3D4,BAJFINANCE,BAJFINANCE.NS,Bajaj Finance Limited,Financial Services,Credit Services,5546034873797.011,Large Cap,961.7999877929688,10617659397.341988,1244,0.0,NSE,India,INR,Equity,1,1,2026-08-04,2026-08-04
SECC5626071,LT,LT.NS,Larsen & Toubro Limited,Industrials,Engineering & Construction,5464841809297.5,Large Cap,4209.39990234375,9303561733.76173,1244,0.0,NSE,India,INR,Equity,1,1,2026-08-04,2026-08-04
SEC3300AE36,HINDUNILVR,HINDUNILVR.NS,Hindustan Unilever Limited,Consumer Defensive,Household & Personal Products,5059844782717.0,Large Cap,2194.60009765625,3754035713.158166,1244,0.0,NSE,India,INR,Equity,1,1,2026-08-04,2026-08-04
SECF63D70F8,LICI,LICI.NS,Life Insurance Corporation of India,Financial Services,Insurance - Life,5006868025692.711,Large Cap,440.1499938964844,1836914011.9093056,1014,0.0,NSE,India,INR,Equity,1,1,2026-08-04,2026-08-04
SECBA2E8C5E,INFY,INFY.NS,Infosys Limited,Technology,Information Technology Services,4524720842451.505,Large Cap,1051.4000244140625,7756818433.15889,1244,0.0,NSE,India,INR,Equity,1,1,2026-08-04,2026-08-04
SEC5189EE84,SUNPHARMA,SUNPHARMA.NS,Sun Pharmaceutical Industries Limited,Healthcare,Drug Manufacturers - Specialty & Generic,4341596628215.0,Large Cap,1838.300048828125,5005957880.534964,1244,0.0,NSE,India,INR,Equity,1,1,2026-08-04,2026-08-04
SEC23029172,ADANIPOWER,ADANIPOWER.NS,Adani Power Limited,Utilities,Utilities - Independent Power Producers,4205798997590.7886,Large Cap,231.75999450683597,11703353159.23014,1244,0.0,NSE,India,INR,Equity,1,1,2026-08-04,2026-08-04
SEC69C34B0A,AXISBANK,AXISBANK.NS,Axis Bank Limited,Financial Services,Banks - Regional,4179866654206.567,Large Cap,1357.9000244140625,12213198465.222675,1244,0.0,NSE,India,INR,Equity,1,1,2026-08-04,2026-08-04
SECD0A85045,MARUTI,MARUTI.NS,Maruti Suzuki India Limited,Consumer Cyclical,Auto Manufacturers,4169606936388.0,Large Cap,13395.0,7363710080.522509,1244,0.0,NSE,India,INR,Equity,1,1,2026-08-04,2026-08-04
SEC6ACA80F1,ADANIPORTS,ADANIPORTS.NS,Adani Ports and Special Economic Zone Limited,Industrials,Marine Shipping,4125469104629.799,Large Cap,1835.300048828125,10511301666.946642,1244,0.0,NSE,India,INR,Equity,1,1,2026-08-04,2026-08-04
SEC7850A2C2,KOTAKBANK,KOTAKBANK.NS,Kotak Mahindra Bank Limited,Financial Services,Banks - Regional,3987537737746.596,Large Cap,399.25,7981067582.631832,1244,0.0,NSE,India,INR,Equity,1,1,2026-08-04,2026-08-04
SECFF5B2699,ADANIENT,ADANIENT.NS,Adani Enterprises Limited,Energy,Thermal Coal,3787316140402.608,Large Cap,3038.39990234375,8960639948.12495,1244,0.0,NSE,India,INR,Equity,1,1,2026-08-04,2026-08-04
SEC8084428B,TITAN,TITAN.NS,Titan Company Limited,Consumer Cyclical,Luxury Goods,3657287606980.0,Large Cap,4419.89990234375,5028743455.301598,1244,0.0,NSE,India,INR,Equity,1,1,2026-08-04,2026-08-04
SEC74B4A6F9,M&M,M&M.NS,Mahindra & Mahindra Limited,Consumer Cyclical,Auto Manufacturers,3604087935396.0,Large Cap,3074.800048828125,9304776309.57426,1244,0.0,NSE,India,INR,Equity,1,1,2026-08-04,2026-08-04
SECB4F1594C,ITC,ITC.NS,ITC Limited,Consumer Defensive,Tobacco,3564633711719.5,Large Cap,292.5,4951715172.431672,1244,0.0,NSE,India,INR,Equity,1,1,2026-08-04,2026-08-04
SECF3AF7C83,NTPC,NTPC.NS,NTPC Limited,Utilities,Utilities - Regulated Electric,3423892871099.1533,Large Cap,365.7999877929688,5149615352.1128,1244,0.0,NSE,India,INR,Equity,1,1,2026-08-04,2026-08-04
SEC4E2D95D7,ULTRACEMCO,ULTRACEMCO.NS,UltraTech Cement Limited,Basic Materials,Building Materials,3228217574490.0,Large Cap,11367.0,3957630873.4895496,1244,0.0,NSE,India,INR,Equity,1,1,2026-08-04,2026-08-04
SECE38F61AD,JSWSTEEL,JSWSTEEL.NS,JSW Steel Limited,Basic Materials,Steel,3165996605790.6978,Large Cap,1287.699951171875,3700275259.574074,1244,0.0,NSE,India,INR,Equity,1,1,2026-08-04,2026-08-04
SECB56AA8A0,ONGC,ONGC.NS,Oil and Natural Gas Corporation Limited,Energy,Oil & Gas Integrated,3094748684676.0,Large Cap,246.25,4155856685.598875,1244,0.0,NSE,India,INR,Equity,1,1,2026-08-04,2026-08-04
SEC1F404E6B,HCLTECH,HCLTECH.NS,HCL Technologies Limited,Technology,Information Technology Services,2995283752398.0,Large Cap,1131.699951171875,3689080769.286078,1244,0.0,NSE,India,INR,Equity,1,1,2026-08-04,2026-08-04
SEC6B3C549D,BEL,BEL.NS,Bharat Electronics Limited,Industrials,Aerospace & Defense,2957170936041.2515,Large Cap,426.8999938964844,9370701895.964577,1244,0.0,NSE,India,INR,Equity,1,1,2026-08-04,2026-08-04
SEC458C7E09,BAJAJ-AUTO,BAJAJ-AUTO.NS,Bajaj Auto Limited,Consumer Cyclical,Auto Manufacturers,2812545623043.0,Large Cap,10066.0,4304788864.413183,1244,0.0,NSE,India,INR,Equity,1,1,2026-08-04,2026-08-04
SECEE465B6F,HAL,HAL.NS,Hindustan Aeronautics Limited,Industrials,Aerospace & Defense,2798488987500.0,Large Cap,4408.10009765625,8583793234.324168,1244,0.0,NSE,India,INR,Equity,1,1,2026-08-04,2026-08-04
SEC8467BBC9,NESTLEIND,NESTLEIND.NS,Nestlé India Limited,Consumer Defensive,Packaged Foods,2739749080011.9727,Large Cap,1414.800048828125,2091998974.6246345,1244,0.0,NSE,India,INR,Equity,1,1,2026-08-04,2026-08-04
SEC49A300CF,COALINDIA,COALINDIA.NS,Coal India Limited,Energy,Thermal Coal,2723309610086.991,Large Cap,451.2999877929688,4848794862.97729,1244,0.0,NSE,India,INR,Equity,1,1,2026-08-04,2026-08-04
SEC37129F1E,BAJAJFINSV,BAJAJFINSV.NS,Bajaj Finserv Ltd.,Financial Services,Financial Conglomerates,2658958766870.2817,Large Cap,1769.4000244140625,3552289488.084348,1244,0.0,NSE,India,INR,Equity,1,1,2026-08-04,2026-08-04
SECBD364AD2,POWERGRID,POWERGRID.NS,Power Grid Corporation of India Limited,Utilities,Utilities - Regulated Electric,2641836401254.1885,Large Cap,292.25,4421849723.329985,1244,0.0,NSE,India,INR,Equity,1,1,2026-08-04,2026-08-04
SECFC1C7E1F,ASIANPAINT,ASIANPAINT.NS,Asian Paints Limited,Basic Materials,Specialty Chemicals,2621316866630.393,Large Cap,2732.89990234375,3238752725.583984,1244,0.0,NSE,India,INR,Equity,1,1,2026-08-04,2026-08-04
SEC54AF0D0A,DMART,DMART.NS,Avenue Supermarts Limited,Consumer Defensive,Discount Stores,2597376186068.2754,Large Cap,4286.89990234375,2052965310.776618,1244,0.0,NSE,India,INR,Equity,1,1,2026-08-04,2026-08-04
SEC59D35B99,TATASTEEL,TATASTEEL.NS,Tata Steel Limited,Basic Materials,Steel,2461693342554.2534,Large Cap,198.9600067138672,10213057925.483725,1244,0.0,NSE,India,INR,Equity,1,1,2026-08-04,2026-08-04
SECC30DDEE8,ADANIGREEN,ADANIGREEN.NS,Adani Green Energy Limited,Utilities,Utilities - Renewable,2422666769202.5234,Large Cap,1502.4000244140625,3789301077.621316,1244,0.0,NSE,India,INR,Equity,1,1,2026-08-04,2026-08-04
SECFF753FFE,HINDZINC,HINDZINC.NS,Hindustan Zinc Limited,Basic Materials,Other Industrial Metals & Mining,2358995546121.399,Large Cap,563.5499877929688,1604017908.5398045,1244,0.0,NSE,India,INR,Equity,1,1,2026-08-04,2026-08-04
SEC1317061B,HINDALCO,HINDALCO.NS,Hindalco Industries Limited,Basic Materials,Aluminum,2295858389466.432,Large Cap,1010.0,7757850201.085209,1244,0.0,NSE,India,INR,Equity,1,1,2026-08-04,2026-08-04
SEC7922F517,ETERNAL,ETERNAL.NS,Eternal Limited,Consumer Cyclical,Internet Retail,2208832596004.75,Large Cap,264.29998779296875,15739653030.551998,1215,0.0,NSE,India,INR,Equity,1,1,2026-08-04,2026-08-04
SEC94B9E8A5,SHRIRAMFIN,SHRIRAMFIN.NS,Shriram Finance Limited,Financial Services,Credit Services,2187975834971.417,Large Cap,1001.9000244140624,6387534102.790916,1244,0.0,NSE,India,INR,Equity,1,1,2026-08-04,2026-08-04
SEC910FE0F6,GRASIM,GRASIM.NS,Grasim Industries Limited,Basic Materials,Building Materials,2101928744185.5864,Large Cap,3149.5,2501175123.7214627,1244,0.0,NSE,India,INR,Equity,1,1,2026-08-04,2026-08-04
SEC0194116D,EICHERMOT,EICHERMOT.NS,Eicher Motors Limited,Consumer Cyclical,Auto Manufacturers,1992028575210.0,Large Cap,7611.0,4937890257.947749,1244,0.0,NSE,India,INR,Equity,1,1,2026-08-04,2026-08-04
SEC7245A636,IOC,IOC.NS,Indian Oil Corporation Limited,Energy,Oil & Gas Refining & Marketing,1950848996422.251,Large Cap,143.42999267578125,2521831018.5872326,1244,0.0,NSE,India,INR,Equity,1,1,2026-08-04,2026-08-04
SECDE03FFE4,WIPRO,WIPRO.NS,Wipro Limited,Technology,Information Technology Services,1876858946959.8647,Large Cap,180.8000030517578,2505566330.201901,1244,0.0,NSE,India,INR,Equity,1,1,2026-08-04,2026-08-04
SECE7D99EA8,INDIGO,INDIGO.NS,InterGlobe Aviation Limited,Industrials,Airlines,1814544934604.6787,Large Cap,5021.5,5443248501.199115,1243,0.0,NSE,India,INR,Equity,1,1,2026-08-04,2026-08-04
SECE6819099,ADANIENSOL,ADANIENSOL.NS,Adani Energy Solutions Limited,Utilities,Utilities - Independent Power Producers,1792553899736.021,Large Cap,1507.4000244140625,2846317997.780556,1244,0.0,NSE,India,INR,Equity,1,1,2026-08-04,2026-08-04
SECDCF80729,DIVISLAB,DIVISLAB.NS,Divi's Laboratories Limited,Healthcare,Drug Manufacturers - Specialty & Generic,1764171448390.0,Large Cap,6743.0,3337454685.221239,1243,0.0,NSE,India,INR,Equity,1,1,2026-08-04,2026-08-04
SEC7FD396ED,VBL,VBL.NS,Varun Beverages Limited,Consumer Defensive,Beverages - Non-Alcoholic,1761161643468.5947,Large Cap,529.5,3351890211.177251,1244,0.0,NSE,India,INR,Equity,1,1,2026-08-04,2026-08-04
SEC2784F0EE,SBILIFE,SBILIFE.NS,SBI Life Insurance Company Limited,Financial Services,Insurance - Life,1715022042002.1074,Large Cap,1800.199951171875,2272461943.387773,1244,0.0,NSE,India,INR,Equity,1,1,2026-08-04,2026-08-04
SECD98B2F18,BSE,BSE.NS,BSE Limited,Financial Services,Financial Data & Stock Exchanges,1613632028905.879,Large Cap,4020.199951171875,25547069366.485096,1244,0.0,NSE,India,INR,Equity,1,1,2026-08-04,2026-08-04
SEC83BEB488,HYUNDAI,HYUNDAI.NS,HYUNDAI MOTOR INDIA LTD,Consumer Cyclical,Auto Manufacturers,1606718790977.4292,Large Cap,1973.199951171875,2178436133.052009,413,0.0,NSE,India,INR,Equity,1,1,2026-08-04,2026-08-04
SEC1B18C36B,PIDILITIND,PIDILITIND.NS,Pidilite Industries Limited,Basic Materials,Specialty Chemicals,1561674518819.231,Large Cap,1579.9000244140625,1252541655.7563858,1244,0.0,NSE,India,INR,Equity,1,1,2026-08-04,2026-08-04
SEC721948F5,TVSMOTOR,TVSMOTOR.NS,TVS Motor Company Limited,Consumer Cyclical,Auto Manufacturers,1560215354350.0137,Large Cap,3442.89990234375,4464300981.204822,1244,0.0,NSE,India,INR,Equity,1,1,2026-08-04,2026-08-04
SEC07F192C8,CUMMINSIND,CUMMINSIND.NS,Cummins India Limited,Industrials,Specialty Industrial Machinery,1558695600000.0,Large Cap,5865.0,4186934756.515273,1244,0.0,NSE,India,INR,Equity,1,1,2026-08-04,2026-08-04
SEC1AEFA865,SOLARINDS,SOLARINDS.NS,Solar Industries India Limited,Basic Materials,Specialty Chemicals,1555524045450.0,Large Cap,18052.0,1899699547.781175,1243,0.0,NSE,India,INR,Equity,1,1,2026-08-04,2026-08-04
SECBFB674BF,TORNTPHARM,TORNTPHARM.NS,Torrent Pharmaceuticals Limited,Healthcare,Drug Manufacturers - Specialty & Generic,1548083320155.3125,Large Cap,4429.7998046875,1548209366.294962,1244,0.0,NSE,India,INR,Equity,1,1,2026-08-04,2026-08-04
SEC10160433,JIOFIN,JIOFIN.NS,Jio Financial Services Limited,Financial Services,Asset Management,1545597408058.4636,Large Cap,244.4499969482422,5214754063.216856,700,0.0,NSE,India,INR,Equity,1,1,2026-08-04,2026-08-04
SEC0BE45679,POWERINDIA,POWERINDIA.NS,Hitachi Energy India Limited,Industrials,Electrical Equipment & Parts,1518803269225.0,Large Cap,36880.0,2966150902.5080385,1244,0.0,NSE,India,INR,Equity,1,1,2026-08-04,2026-08-04
SEC0BDD67BA,MOTHERSON,MOTHERSON.NS,Samvardhana Motherson International Limited,Consumer Cyclical,Auto Parts,1494697571482.7888,Large Cap,145.5399932861328,3535693185.5827,1244,0.0,NSE,India,INR,Equity,1,1,2026-08-04,2026-08-04
SEC519D4FB4,TRENT,TRENT.NS,Trent Limited,Consumer Cyclical,Apparel Retail,1458283722811.5334,Large Cap,3205.800048828125,2950636764.7905607,1244,0.0,NSE,India,INR,Equity,1,1,2026-08-04,2026-08-04
SEC8C0D3987,ABB,ABB.NS,ABB India Limited,Industrials,Specialty Industrial Machinery,1429321989375.0,Large Cap,7248.0,2436456677.903537,1244,0.0,NSE,India,INR,Equity,1,1,2026-08-04,2026-08-04
SEC39245F03,POLYCAB,POLYCAB.NS,Polycab India Limited,Industrials,Electrical Equipment & Parts,1428950146682.0,Large Cap,10083.0,4964058977.454984,1244,0.0,NSE,India,INR,Equity,1,1,2026-08-04,2026-08-04
SECA8D30DA3,CGPOWER,CGPOWER.NS,CG Power and Industrial Solutions Limited,Industrials,Electrical Equipment & Parts,1425337215345.0,Large Cap,963.7000122070312,2597184509.53694,1244,0.0,NSE,India,INR,Equity,1,1,2026-08-04,2026-08-04
SEC67FF7689,DLF,DLF.NS,DLF Limited,Real Estate,Real Estate - Development,1417487308873.3147,Large Cap,624.5,3063339098.9292607,1244,0.0,NSE,India,INR,Equity,1,1,2026-08-04,2026-08-04
SECE2D2DEAD,TMPV,TMPV.NS,Tata Motors Passenger Vehicles Limited,Consumer Cyclical,Auto Manufacturers,1413502942889.8037,Large Cap,359.5,5772439973.882235,1244,0.0,NSE,India,INR,Equity,1,1,2026-08-04,2026-08-04
SEC37C4DB4E,BANKBARODA,BANKBARODA.NS,Bank of Baroda Limited,Financial Services,Banks - Regional,1413074715411.75,Large Cap,281.04998779296875,6058997542.7248745,1244,0.0,NSE,India,INR,Equity,1,1,2026-08-04,2026-08-04
SECA4C651F7,PFC,PFC.NS,Power Finance Corporation Limited,Financial Services,Credit Services,1375317408480.0,Large Cap,431.0,4353858382.264469,1244,0.0,NSE,India,INR,Equity,1,1,2026-08-04,2026-08-04
SECD1C4E177,BHEL,BHEL.NS,Bharat Heavy Electricals Limited,Industrials,Specialty Industrial Machinery,1296720372149.172,Large Cap,414.3500061035156,10267843309.065884,1244,0.0,NSE,India,INR,Equity,1,1,2026-08-04,2026-08-04
SECF17A602B,CHOLAFIN,CHOLAFIN.NS,Cholamandalam Investment and Finance Company Limited,Financial Services,Credit Services,1291434860067.0078,Large Cap,1693.4000244140625,3242677419.028096,1244,0.0,NSE,India,INR,Equity,1,1,2026-08-04,2026-08-04
SEC998ED655,UNIONBANK,UNIONBANK.NS,Union Bank of India,Financial Services,Banks - Regional,1286796953082.1873,Large Cap,175.75999450683594,2808449245.488563,1244,0.0,NSE,India,INR,Equity,1,1,2026-08-04,2026-08-04
SEC18BD04CB,TECHM,TECHM.NS,Tech Mahindra Limited,Technology,Information Technology Services,1270563231285.0,Large Cap,1409.5999755859375,3509889197.3314266,1244,0.0,NSE,India,INR,Equity,1,1,2026-08-04,2026-08-04
SEC64EECED6,SIEMENS,SIEMENS.NS,Siemens Limited,Industrials,Specialty Industrial Machinery,1264192145922.107,Large Cap,3759.60009765625,2328266971.0949893,1243,0.0,NSE,India,INR,Equity,1,1,2026-08-04,2026-08-04
SEC0CEAF73E,BPCL,BPCL.NS,Bharat Petroleum Corporation Limited,Energy,Oil & Gas Refining & Marketing,1259985253264.8115,Large Cap,306.6000061035156,3189014504.895592,1244,0.0,NSE,India,INR,Equity,1,1,2026-08-04,2026-08-04
SEC542C3EF4,TATAPOWER,TATAPOWER.NS,Tata Power Company Limited,Utilities,Utilities - Independent Power Producers,1255289160541.755,Large Cap,402.3500061035156,7048171795.927302,1244,0.0,NSE,India,INR,Equity,1,1,2026-08-04,2026-08-04
SEC31D4BC12,GVT&D,GVT&D.NS,GE Vernova T&D India Ltd,Industrials,Specialty Industrial Machinery,1253219765557.5,Large Cap,5533.5,1759550972.7576368,1244,0.0,NSE,India,INR,Equity,1,1,2026-08-04,2026-08-04
SECC299C530,BRITANNIA,BRITANNIA.NS,Britannia Industries Limited,Consumer Defensive,Packaged Foods,1236136095072.0,Large Cap,5195.0,1853061026.8327973,1244,0.0,NSE,India,INR,Equity,1,1,2026-08-04,2026-08-04
SEC77273991,IRFC,IRFC.NS,Indian Railway Finance Corporation Limited,Financial Services,Credit Services,1234320351818.0847,Large Cap,99.51000213623048,3674551104.8647656,1244,0.0,NSE,India,INR,Equity,1,1,2026-08-04,2026-08-04
SECC2E751BE,APOLLOHOSP,APOLLOHOSP.NS,Apollo Hospitals Enterprise Limited,Healthcare,Medical Care Facilities,1224398246683.5,Large Cap,8489.5,4458708527.745579,1244,0.0,NSE,India,INR,Equity,1,1,2026-08-04,2026-08-04
SEC4C326799,PNB,PNB.NS,Punjab National Bank,Financial Services,Banks - Regional,1215263796606.7444,Large Cap,108.7699966430664,5063807086.998395,1244,0.0,NSE,India,INR,Equity,1,1,2026-08-04,2026-08-04
SEC18B11737,MUTHOOTFIN,MUTHOOTFIN.NS,Muthoot Finance Limited,Financial Services,Credit Services,1208620846998.0,Large Cap,3126.10009765625,2252099848.153756,1244,0.0,NSE,India,INR,Equity,1,1,2026-08-04,2026-08-04
SEC2DFDF936,VEDL,VEDL.NS,Vedanta Limited,Basic Materials,Other Industrial Metals & Mining,1192526425119.7815,Large Cap,300.79998779296875,4049720186.5897593,1244,0.0,NSE,India,INR,Equity,1,1,2026-08-04,2026-08-04
SECE006C32E,HDFCLIFE,HDFCLIFE.NS,HDFC Life Insurance Company Limited,Financial Services,Insurance - Life,1187762732396.9636,Large Cap,591.8499755859375,2233179499.762794,1244,0.0,NSE,India,INR,Equity,1,1,2026-08-04,2026-08-04
SEC96465A8C,CANBK,CANBK.NS,Canara Bank,Financial Services,Banks - Regional,1176191332275.3416,Large Cap,133.74000549316406,5722565045.772542,1244,0.0,NSE,India,INR,Equity,1,1,2026-08-04,2026-08-04
SECFA5934F9,JINDALSTEL,JINDALSTEL.NS,Jindal Steel Limited,Basic Materials,Steel,1161869682805.318,Large Cap,1137.699951171875,4088868406.715534,1244,0.0,NSE,India,INR,Equity,1,1,2026-08-04,2026-08-04
SECEA20F754,BOSCHLTD,BOSCHLTD.NS,Bosch Limited,Consumer Cyclical,Auto Parts,1153444990500.0,Large Cap,40195.0,1354723160.941271,1243,0.0,NSE,India,INR,Equity,1,1,2026-08-04,2026-08-04
SEC5AAB31A1,LTM,LTM.NS,LTM Limited,Technology,Information Technology Services,1134290291314.9907,Large Cap,3832.5,1571755607.869775,1244,0.0,NSE,India,INR,Equity,1,1,2026-08-04,2026-08-04
SECCA2D9504,CIPLA,CIPLA.NS,Cipla Limited,Healthcare,Drug Manufacturers - Specialty & Generic,1126944215820.0,Large Cap,1351.800048828125,2545488337.130011,1244,0.0,NSE,India,INR,Equity,1,1,2026-08-04,2026-08-04
SECFF2F0A13,INDIANB,INDIANB.NS,Indian Bank,Financial Services,Banks - Regional,1121482177695.7373,Large Cap,870.0999755859375,2067414862.975547,1244,0.0,NSE,India,INR,Equity,1,1,2026-08-04,2026-08-04
SEC7B129D58,ZYDUSLIFE,ZYDUSLIFE.NS,Zydus Lifesciences Limited,Healthcare,Drug Manufacturers - Specialty & Generic,1113699829264.519,Large Cap,1070.800048828125,1568326185.3929644,1244,0.0,NSE,India,INR,Equity,1,1,2026-08-04,2026-08-04
SECD69DF03D,BAJAJHLDNG,BAJAJHLDNG.NS,Bajaj Holdings & Investment Limited,Financial Services,Asset Management,1113380274040.0,Large Cap,10677.0,693478256.5562701,1244,0.0,NSE,India,INR,Equity,1,1,2026-08-04,2026-08-04
SECE103320D,INDUSTOWER,INDUSTOWER.NS,Indus Towers Limited,Communication Services,Telecom Services,1108015280054.4707,Large Cap,411.2000122070313,3718614529.6448593,1244,0.0,NSE,India,INR,Equity,1,1,2026-08-04,2026-08-04
SEC9D947BA6,GAIL,GAIL.NS,GAIL (India) Limited,Utilities,Utilities - Regulated Gas,1101851858613.2705,Large Cap,173.89999389648438,2745295381.08792,1244,0.0,NSE,India,INR,Equity,1,1,2026-08-04,2026-08-04
SECE2D36077,TATACONSUM,TATACONSUM.NS,Tata Consumer Products Limited,Consumer Defensive,Packaged Foods,1092766256603.0771,Large Cap,1111.5,1851256056.971865,1244,0.0,NSE,India,INR,Equity,1,1,2026-08-04,2026-08-04
SEC828EA6BB,GMRAIRPORT,GMRAIRPORT.NS,GMR Airports Limited,Industrials,Airports & Air Services,1080288803870.37,Large Cap,108.83000183105467,2182402185.6912227,1244,0.0,NSE,India,INR,Equity,1,1,2026-08-04,2026-08-04
SEC9BFC6369,MARICO,MARICO.NS,Marico Limited,Consumer Defensive,Household & Personal Products,1061839224929.95,Large Cap,817.0499877929688,1546328954.027213,1244,0.0,NSE,India,INR,Equity,1,1,2026-08-04,2026-08-04
SECA4B626B1,DRREDDY,DRREDDY.NS,Dr. Reddy's Laboratories Limited,Healthcare,Drug Manufacturers - Specialty & Generic,1061280604377.5,Large Cap,1272.0999755859375,2742350941.506112,1244,0.0,NSE,India,INR,Equity,1,1,2026-08-04,2026-08-04
SEC37F3443B,GODREJCP,GODREJCP.NS,Godrej Consumer Products Limited,Consumer Defensive,Household & Personal Products,1046369883549.0428,Large Cap,1000.5999755859376,1283326669.3861222,1244,0.0,NSE,India,INR,Equity,1,1,2026-08-04,2026-08-04
SECA4B202D6,LUPIN,LUPIN.NS,Lupin Limited,Healthcare,Drug Manufacturers - Specialty & Generic,1044547728492.0,Large Cap,2351.60009765625,2825463222.393157,1244,0.0,NSE,India,INR,Equity,1,1,2026-08-04,2026-08-04
SECAEBEFDA6,HDFCAMC,HDFCAMC.NS,HDFC Asset Management Company Limited,Financial Services,Asset Management,1032840015513.0,Large Cap,2719.0,2678654732.6792607,1244,0.0,NSE,India,INR,Equity,1,1,2026-08-04,2026-08-04
SEC45138A6A,AMBUJACEM,AMBUJACEM.NS,Ambuja Cements Limited,Basic Materials,Building Materials,1028341607592.2205,Large Cap,423.9500122070313,2129574016.7925408,1244,0.0,NSE,India,INR,Equity,1,1,2026-08-04,2026-08-04
SECA13403AD,JSWENERGY,JSWENERGY.NS,JSW Energy Limited,Utilities,Utilities - Independent Power Producers,1013856805993.3586,Large Cap,570.0999755859375,1678021628.2593162,1244,0.0,NSE,India,INR,Equity,1,1,2026-08-04,2026-08-04
SEC22F86EA1,MANKIND,MANKIND.NS,Mankind Pharma Limited,Healthcare,Drug Manufacturers - Specialty & Generic,992553254093.2192,Large Cap,2414.199951171875,1535947998.741604,771,0.0,NSE,India,INR,Equity,1,1,2026-08-04,2026-08-04
SEC2F1C961A,LLOYDSME,LLOYDSME.NS,Lloyds Metals and Energy Limited,Basic Materials,Steel,989873974323.3164,Large Cap,1766.199951171875,870424678.1896719,724,0.0,NSE,India,INR,Equity,1,1,2026-08-04,2026-08-04
SECF343BC3A,MAXHEALTH,MAXHEALTH.NS,Max Healthcare Institute Limited,Healthcare,Medical Care Facilities,988377718038.5328,Large Cap,1094.75,2677444129.865153,1244,0.0,NSE,India,INR,Equity,1,1,2026-08-04,2026-08-04
SEC106EB60D,HEROMOTOCO,HEROMOTOCO.NS,Hero MotoCorp Limited,Consumer Cyclical,Auto Manufacturers,985477748484.126,Large Cap,4974.89990234375,3299427278.9451475,1244,0.0,NSE,India,INR,Equity,1,1,2026-08-04,2026-08-04
SECB92112B7,MAZDOCK,MAZDOCK.NS,Mazagon Dock Shipbuilders Limited,Industrials,Aerospace & Defense,963271440000.0,Large Cap,2518.699951171875,9412404179.31166,1244,0.0,NSE,India,INR,Equity,1,1,2026-08-04,2026-08-04
SEC4E7811F8,INDHOTEL,INDHOTEL.NS,The Indian Hotels Company Limited,Consumer Cyclical,Lodging,954909474731.1866,Large Cap,724.75,3329791243.281552,1244,0.0,NSE,India,INR,Equity,1,1,2026-08-04,2026-08-04
SECD49300F9,UNITDSPR,UNITDSPR.NS,UNITED SPIRITS LIMITED,Consumer Defensive,Beverages - Wineries & Distilleries,923363145467.8192,Large Cap,1320.5,1649472862.688505,1244,0.0,NSE,India,INR,Equity,1,1,2026-08-04,2026-08-04
SEC7FE71EB3,BHARATFORG,BHARATFORG.NS,Bharat Forge Limited,Consumer Cyclical,Auto Parts,921802679687.1144,Large Cap,2041.4000244140625,2846616107.271695,1243,0.0,NSE,India,INR,Equity,1,1,2026-08-04,2026-08-04
SEC74CDCA0D,RECLTD,RECLTD.NS,REC Limited,Financial Services,Credit Services,908725618471.9238,Large Cap,355.3500061035156,3492510603.364647,1244,0.0,NSE,India,INR,Equity,1,1,2026-08-04,2026-08-04
SEC85328E35,ABCAPITAL,ABCAPITAL.NS,Aditya Birla Capital Limited,Financial Services,Financial Conglomerates,908472086676.0,Large Cap,375.8999938964844,1855984526.7477648,1244,0.0,NSE,India,INR,Equity,1,1,2026-08-04,2026-08-04
SECB6205249,LODHA,LODHA.NS,Lodha Developers Limited,Real Estate,Real Estate - Development,886037707892.0,Large Cap,918.1500244140624,1225930769.2121315,1244,0.0,NSE,India,INR,Equity,1,1,2026-08-04,2026-08-04
SEC5E2FCDD9,WAAREEENER,WAAREEENER.NS,WAAREE ENERGIES LIMITED,Technology,Solar,872676634168.4753,Large Cap,3125.39990234375,6837879514.924047,409,0.0,NSE,India,INR,Equity,1,1,2026-08-04,2026-08-04
SEC6E6C57A4,SHREECEM,SHREECEM.NS,Shree Cement Limited,Basic Materials,Building Materials,866659566960.0,Large Cap,25075.0,1027506317.5442122,1244,0.0,NSE,India,INR,Equity,1,1,2026-08-04,2026-08-04
SEC3EC1F575,ASHOKLEY,ASHOKLEY.NS,Ashok Leyland Limited,Industrials,Farm & Heavy Construction Machinery,862105657692.8541,Large Cap,156.66000366210938,3843065064.268935,1244,0.0,NSE,India,INR,Equity,1,1,2026-08-04,2026-08-04
SEC9BD77AAE,AUROPHARMA,AUROPHARMA.NS,Aurobindo Pharma Limited,Healthcare,Drug Manufacturers - Specialty & Generic,848394706177.5,Large Cap,1497.800048828125,2650698992.084433,1243,0.0,NSE,India,INR,Equity,1,1,2026-08-04,2026-08-04
SECDF61080A,ICICIGI,ICICIGI.NS,ICICI Lombard General Insurance Company Limited,Financial Services,Insurance - Diversified,836753988637.0,Large Cap,1870.0999755859373,1326797376.1475365,1244,0.0,NSE,India,INR,Equity,1,1,2026-08-04,2026-08-04
SEC0BFF2181,NTPCGREEN,NTPCGREEN.NS,NTPC GREEN ENERGY LIMITED,Utilities,Utilities - Renewable,825021968749.9309,Large Cap,96.04000091552734,1111650813.0233338,389,0.0,NSE,India,INR,Equity,1,1,2026-08-04,2026-08-04
SECE88A6B48,OFSS,OFSS.NS,Oracle Financial Services Software Limited,Technology,Software - Infrastructure,810394774332.0,Large Cap,9638.5,1630988981.6032958,1244,0.0,NSE,India,INR,Equity,1,1,2026-08-04,2026-08-04
SECC30A35A3,HINDPETRO,HINDPETRO.NS,Hindustan Petroleum Corporation Limited,Energy,Oil & Gas Refining & Marketing,806231938704.102,Large Cap,392.1000061035156,2868994594.520419,1244,0.0,NSE,India,INR,Equity,1,1,2026-08-04,2026-08-04
SECAEA3F766,SRF,SRF.NS,SRF Limited,Industrials,Conglomerates,805157297364.0991,Large Cap,2709.800048828125,1828899915.3514104,1244,0.0,NSE,India,INR,Equity,1,1,2026-08-04,2026-08-04
SEC61A6B21B,IDBI,IDBI.NS,IDBI Bank Limited,Financial Services,Banks - Regional,801161509028.8591,Large Cap,82.9800033569336,1086343296.4324832,1244,0.0,NSE,India,INR,Equity,1,1,2026-08-04,2026-08-04
SECB7FE80EC,NMDC,NMDC.NS,NMDC Limited,Basic Materials,Steel,796538656614.7511,Large Cap,88.41999816894531,3218638098.36875,1244,0.0,NSE,India,INR,Equity,1,1,2026-08-04,2026-08-04
SEC66316AC7,ATGL,ATGL.NS,Adani Total Gas Limited,Utilities,Utilities - Regulated Gas,794612784967.5,Large Cap,727.2999877929688,1269342779.253099,1244,0.0,NSE,India,INR,Equity,1,1,2026-08-04,2026-08-04
SEC17154FBC,FEDERALBNK,FEDERALBNK.NS,The Federal Bank Limited,Financial Services,Banks - Regional,778449810214.7582,Large Cap,323.95001220703125,4206230160.7789016,1244,0.0,NSE,India,INR,Equity,1,1,2026-08-04,2026-08-04
SEC2FE15581,NYKAA,NYKAA.NS,FSN E-Commerce Ventures Limited,Consumer Cyclical,Internet Retail,771227796787.0096,Large Cap,302.29998779296875,2478585197.704409,1141,0.0,NSE,India,INR,Equity,1,1,2026-08-04,2026-08-04
SECA722432A,LAURUSLABS,LAURUSLABS.NS,Laurus Labs Limited,Healthcare,Drug Manufacturers - Specialty & Generic,755809166617.0,Large Cap,1412.9000244140625,3187301977.7396126,1244,0.0,NSE,India,INR,Equity,1,1,2026-08-04,2026-08-04
SEC06DCFAD7,SAIL,SAIL.NS,Steel Authority of India Limited,Basic Materials,Steel,754275225545.3625,Large Cap,180.0500030517578,4907745148.634397,1244,0.0,NSE,India,INR,Equity,1,1,2026-08-04,2026-08-04
SEC1C437477,PERSISTENT,PERSISTENT.NS,Persistent Systems Limited,Technology,Information Technology Services,753267978646.0,Large Cap,4829.0,3089672209.311897,1244,0.0,NSE,India,INR,Equity,1,1,2026-08-04,2026-08-04
SEC520DB00F,SUZLON,SUZLON.NS,Suzlon Energy Limited,Industrials,Specialty Industrial Machinery,753120135329.2986,Large Cap,59.20000076293945,5123017518.043419,1244,0.0,NSE,India,INR,Equity,1,1,2026-08-04,2026-08-04
SEC892D9135,FORTIS,FORTIS.NS,Fortis Healthcare Limited,Healthcare,Medical Care Facilities,750994617723.0,Large Cap,962.9500122070312,1762421168.9217136,1244,0.0,NSE,India,INR,Equity,1,1,2026-08-04,2026-08-04
SEC1AC2C081,DABUR,DABUR.NS,Dabur India Limited,Consumer Defensive,Household & Personal Products,748696583700.7078,Large Cap,423.5,945794820.444132,1244,0.0,NSE,India,INR,Equity,1,1,2026-08-04,2026-08-04
SEC925DB600,NHPC,NHPC.NS,NHPC Limited,Utilities,Utilities - Renewable,738209586360.9406,Large Cap,75.81999969482422,2002806466.6849988,1244,0.0,NSE,India,INR,Equity,1,1,2026-08-04,2026-08-04
SEC79BC5B7F,BHARTIHEXA,BHARTIHEXA.NS,BHARTI HEXACOM LIMITED,Communication Services,Telecom Services,734900024414.0625,Large Cap,1494.5,884208402.0257826,543,0.0,NSE,India,INR,Equity,1,1,2026-08-04,2026-08-04
SEC88A8110F,AUBANK,AUBANK.NS,AU Small Finance Bank Limited,Financial Services,Banks - Regional,726431885617.5391,Large Cap,1033.050048828125,2722826713.564844,1244,0.0,NSE,India,INR,Equity,1,1,2026-08-04,2026-08-04
SECDB5AB199,HAVELLS,HAVELLS.NS,Havells India Limited,Industrials,Electrical Equipment & Parts,718648133251.6245,Large Cap,1176.300048828125,1182892571.390526,1244,0.0,NSE,India,INR,Equity,1,1,2026-08-04,2026-08-04
SEC9942092A,MCX,MCX.NS,Multi Commodity Exchange of India Limited,Financial Services,Financial Data & Stock Exchanges,717933357499.4458,Large Cap,2803.800048828125,8621596994.976622,1244,0.0,NSE,India,INR,Equity,1,1,2026-08-04,2026-08-04
SEC51A743B2,YESBANK,YESBANK.NS,Yes Bank Limited,Financial Services,Banks - Regional,717486360231.2977,Large Cap,25.40999984741211,3622306732.82817,1244,0.0,NSE,India,INR,Equity,1,1,2026-08-04,2026-08-04
SECA984521A,INDUSINDBK,INDUSINDBK.NS,IndusInd Bank Limited,Financial Services,Banks - Regional,704141224620.0,Large Cap,947.4500122070312,4259887663.3368654,1244,0.0,NSE,India,INR,Equity,1,1,2026-08-04,2026-08-04
SEC221F2DFC,TORNTPOWER,TORNTPOWER.NS,Torrent Power Limited,Utilities,Utilities - Independent Power Producers,703902871519.0326,Large Cap,1438.4000244140625,1124909171.7709742,1244,0.0,NSE,India,INR,Equity,1,1,2026-08-04,2026-08-04
SECC728F1A6,BAJAJHFL,BAJAJHFL.NS,BAJAJ HOUSING FINANCE LTD,Financial Services,Mortgage Finance,697775292695.8562,Large Cap,88.36000061035156,1174322945.3538008,438,0.0,NSE,India,INR,Equity,1,1,2026-08-04,2026-08-04
SEC115C4462,POLICYBZR,POLICYBZR.NS,PB Fintech Limited,Financial Services,Insurance Brokers,696389682853.7554,Large Cap,1636.699951171875,2905565168.465048,1137,0.0,NSE,India,INR,Equity,1,1,2026-08-04,2026-08-04
SECB88EC5E2,DIXON,DIXON.NS,Dixon Technologies (India) Limited,Technology,Consumer Electronics,695999269171.0,Large Cap,12517.0,5633213627.228295,1244,0.0,NSE,India,INR,Equity,1,1,2026-08-04,2026-08-04
SECD3E0F146,NATIONALUM,NATIONALUM.NS,National Aluminium Company Limited,Basic Materials,Aluminum,692685667257.1392,Large Cap,376.0,6873637049.176849,1244,0.0,NSE,India,INR,Equity,1,1,2026-08-04,2026-08-04
SEC5FCB8010,NAM-INDIA,NAM-INDIA.NS,Nippon Life India Asset Management Limited,Financial Services,Asset Management,684325224097.5378,Large Cap,1186.9000244140625,1068297543.4461608,1244,0.0,NSE,India,INR,Equity,1,1,2026-08-04,2026-08-04
SEC81BAA64C,LTF,LTF.NS,L&T Finance Limited,Financial Services,Credit Services,684003192327.0,Large Cap,286.5,2262763671.762058,1244,0.0,NSE,India,INR,Equity,1,1,2026-08-04,2026-08-04
SECA2EBA965,OIL,OIL.NS,Oil India Limited,Energy,Oil & Gas Integrated,680410019119.2478,Large Cap,418.1499938964844,1797200109.423284,1244,0.0,NSE,India,INR,Equity,1,1,2026-08-04,2026-08-04
SEC9C659260,BIOCON,BIOCON.NS,Biocon Limited,Healthcare,Biotechnology,678087757681.8772,Large Cap,415.5,1630155961.7628615,1244,0.0,NSE,India,INR,Equity,1,1,2026-08-04,2026-08-04
SECC864A461,ICICIPRULI,ICICIPRULI.NS,ICICI Prudential Life Insurance Company Limited,Financial Services,Insurance - Life,676504752871.1039,Large Cap,500.2999877929688,807394084.8764968,1244,0.0,NSE,India,INR,Equity,1,1,2026-08-04,2026-08-04
SECEF90913E,PAYTM,PAYTM.NS,One97 Communications Limited,Technology,Software - Infrastructure,674402903452.7446,Large Cap,1090.0999755859375,5968643026.950641,1135,0.0,NSE,India,INR,Equity,1,1,2026-08-04,2026-08-04
SEC3FF4377F,MAHABANK,MAHABANK.NS,Bank of Maharashtra,Financial Services,Banks - Regional,659473904982.0659,Large Cap,90.19000244140624,1789625643.4794295,1244,0.0,NSE,India,INR,Equity,1,1,2026-08-04,2026-08-04
SEC6CBD16B7,GICRE,GICRE.NS,General Insurance Corporation of India,Financial Services,Insurance - Reinsurance,654391200000.0,Large Cap,368.7000122070313,558128100.4608278,1244,0.0,NSE,India,INR,Equity,1,1,2026-08-04,2026-08-04
SECBF807373,BANKINDIA,BANKINDIA.NS,Bank of India Limited,Financial Services,Banks - Regional,653489914919.6326,Large Cap,146.57000732421875,1616938533.4755287,1244,0.0,NSE,India,INR,Equity,1,1,2026-08-04,2026-08-04
SECCD9FFFBA,IDFCFIRSTB,IDFCFIRSTB.NS,IDFC First Bank Limited,Financial Services,Banks - Regional,643494062943.7166,Large Cap,78.68000030517578,2647968942.003045,1244,0.0,NSE,India,INR,Equity,1,1,2026-08-04,2026-08-04
SECE4B5E5F4,SWIGGY,SWIGGY.NS,SWIGGY LIMITED,Consumer Cyclical,Internet Retail,643304614157.7954,Large Cap,254.0500030517578,3466722334.680408,397,0.0,NSE,India,INR,Equity,1,1,2026-08-04,2026-08-04
SEC84FEF097,ALKEM,ALKEM.NS,Alkem Laboratories Limited,Healthcare,Drug Manufacturers - Specialty & Generic,633634717500.0,Large Cap,5373.5,905506637.3141592,1243,0.0,NSE,India,INR,Equity,1,1,2026-08-04,2026-08-04
SECC753E1B7,IOB,IOB.NS,Indian Overseas Bank,Financial Services,Banks - Regional,633349226604.2604,Large Cap,35.09000015258789,622922248.5552472,1244,0.0,NSE,India,INR,Equity,1,1,2026-08-04,2026-08-04
SEC7E19B885,NAUKRI,NAUKRI.NS,Info Edge (India) Limited,Communication Services,Internet Content & Information,627560400992.3977,Large Cap,984.25,1729264624.324558,1244,0.0,NSE,India,INR,Equity,1,1,2026-08-04,2026-08-04
SECBC710BBF,PHOENIXLTD,PHOENIXLTD.NS,The Phoenix Mills Limited,Real Estate,Real Estate - Diversified,623331592608.9569,Large Cap,1881.0999755859373,1228794328.1815069,1242,0.0,NSE,India,INR,Equity,1,1,2026-08-04,2026-08-04
SEC60A737F6,SCHAEFFLER,SCHAEFFLER.NS,Schaeffler India Limited,Consumer Cyclical,Auto Parts,620275468763.9697,Large Cap,4329.89990234375,473832944.0345082,1244,0.0,NSE,India,INR,Equity,1,1,2026-08-04,2026-08-04
SEC3069B975,APARINDS,APARINDS.NS,APAR Industries Limited,Industrials,Electrical Equipment & Parts,612255341400.0,Large Cap,16280.0,2451459439.03537,1244,0.0,NSE,India,INR,Equity,1,1,2026-08-04,2026-08-04
SECD30713C1,JSWINFRA,JSWINFRA.NS,JSW Infrastructure Limited,Industrials,Marine Shipping,610848160994.9846,Large Cap,308.1499938964844,1023922437.8280731,671,0.0,NSE,India,INR,Equity,1,1,2026-08-04,2026-08-04
SECCF1DAB96,GLENMARK,GLENMARK.NS,Glenmark Pharmaceuticals Limited,Healthcare,Drug Manufacturers - Specialty & Generic,610372102227.4272,Large Cap,2213.60009765625,2345764991.9087653,1244,0.0,NSE,India,INR,Equity,1,1,2026-08-04,2026-08-04
SEC34DC9DD6,COFORGE,COFORGE.NS,Coforge Limited,Technology,Information Technology Services,607345361112.0,Large Cap,1463.300048828125,3590971215.844448,1244,0.0,NSE,India,INR,Equity,1,1,2026-08-04,2026-08-04
SEC1FE41C6B,BERGEPAINT,BERGEPAINT.NS,Berger Paints India Limited,Basic Materials,Specialty Chemicals,605155459428.0,Large Cap,550.7000122070312,536411205.7241424,1244,0.0,NSE,India,INR,Equity,1,1,2026-08-04,2026-08-04
SECD4BDA8F4,UNOMINDA,UNOMINDA.NS,Uno Minda Limited,Consumer Cyclical,Auto Parts,601258826690.5591,Large Cap,1115.5999755859375,833212001.8683573,1244,0.0,NSE,India,INR,Equity,1,1,2026-08-04,2026-08-04
SEC94217A4F,TIINDIA,TIINDIA.NS,Tube Investments of India Limited,Industrials,Conglomerates,599636596190.5327,Large Cap,3285.60009765625,995393948.244118,1244,0.0,NSE,India,INR,Equity,1,1,2026-08-04,2026-08-04
SEC4BDFFB7A,FACT,FACT.NS,The Fertilisers and Chemicals Travancore Limited,Basic Materials,Agricultural Inputs,586117786150.3722,Large Cap,884.8499755859375,939771248.5970012,1244,0.0,NSE,India,INR,Equity,1,1,2026-08-04,2026-08-04
SECA6ADBB2D,PRESTIGE,PRESTIGE.NS,Prestige Estates Projects Limited,Real Estate,Real Estate - Diversified,583208734128.0,Large Cap,1497.300048828125,1381081163.2792137,1244,0.0,NSE,India,INR,Equity,1,1,2026-08-04,2026-08-04
SEC3F823D9E,OBEROIRLTY,OBEROIRLTY.NS,Oberoi Realty Limited,Real Estate,Real Estate - Development,583181636801.3077,Large Cap,1683.5,1398886044.8716817,1243,0.0,NSE,India,INR,Equity,1,1,2026-08-04,2026-08-04
SEC5EB9F9B0,LINDEINDIA,LINDEINDIA.NS,Linde India Limited,Basic Materials,Specialty Chemicals,581595758748.5,Large Cap,7460.5,689636309.8748995,1243,0.0,NSE,India,INR,Equity,1,1,2026-08-04,2026-08-04
SECB49B10A9,JSL,JSL.NS,Jindal Stainless Limited,Basic Materials,Steel,570997228032.0,Large Cap,696.7000122070312,987708535.4413046,1244,0.0,NSE,India,INR,Equity,1,1,2026-08-04,2026-08-04
SEC6307C5A4,COLPAL,COLPAL.NS,Colgate-Palmolive (India) Limited,Consumer Defensive,Household & Personal Products,559800818618.2515,Large Cap,1997.800048828125,868401809.3279388,1244,0.0,NSE,India,INR,Equity,1,1,2026-08-04,2026-08-04
SECAF592F14,ABBOTINDIA,ABBOTINDIA.NS,Abbott India Limited,Healthcare,Drug Manufacturers - Specialty & Generic,559281628640.0,Large Cap,26215.0,367968996.9614148,1244,0.0,NSE,India,INR,Equity,1,1,2026-08-04,2026-08-04
SECF0A13008,TATACOMM,TATACOMM.NS,Tata Communications Limited,Communication Services,Telecom Services,558571506958.0078,Large Cap,1988.800048828125,1227127984.871303,1244,0.0,NSE,India,INR,Equity,1,1,2026-08-04,2026-08-04
SECA7170792,VMM,VMM.NS,VISHAL MEGA MART LIMITED,Consumer Cyclical,Department Stores,554197247503.8754,Large Cap,118.66000366210938,2677554600.92433,374,0.0,NSE,India,INR,Equity,1,1,2026-08-04,2026-08-04
SEC3C9D7CE5,COROMANDEL,COROMANDEL.NS,Coromandel International Limited,Basic Materials,Agricultural Inputs,552884617928.4154,Large Cap,2015.199951171875,979115164.7745144,1244,0.0,NSE,India,INR,Equity,1,1,2026-08-04,2026-08-04
SECBF6F3615,SBICARD,SBICARD.NS,SBI Cards and Payment Services Limited,Financial Services,Credit Services,549316464961.5,Large Cap,616.9000244140625,972264384.4104646,1244,0.0,NSE,India,INR,Equity,1,1,2026-08-04,2026-08-04
SECD3BC84EB,MFSL,MFSL.NS,Max Financial Services Limited,Financial Services,Insurance - Life,536326224037.4729,Large Cap,1669.300048828125,1495836096.2634344,1244,0.0,NSE,India,INR,Equity,1,1,2026-08-04,2026-08-04
SECED72078F,MOTILALOFS,MOTILALOFS.NS,Motilal Oswal Financial Services Limited,Financial Services,Capital Markets,529106929469.5442,Large Cap,953.4500122070312,908210220.141853,1244,0.0,NSE,India,INR,Equity,1,1,2026-08-04,2026-08-04
SECB573E0BB,MRF,MRF.NS,MRF Limited,Consumer Cyclical,Auto Parts,525414000555.0,Large Cap,128645.0,1165071010.3539822,1243,0.0,NSE,India,INR,Equity,1,1,2026-08-04,2026-08-04
SEC3C0526E2,THERMAX,THERMAX.NS,Thermax Limited,Industrials,Conglomerates,524683736918.3936,Large Cap,4702.39990234375,618533920.2121489,1243,0.0,NSE,India,INR,Equity,1,1,2026-08-04,2026-08-04
SECCDD32795,UPL,UPL.NS,UPL Limited,Basic Materials,Agricultural Inputs,509875417440.0102,Large Cap,608.6500244140625,1630582528.5205104,1244,0.0,NSE,India,INR,Equity,1,1,2026-08-04,2026-08-04
SEC262E8C48,KEI,KEI.NS,KEI Industries Limited,Industrials,Electrical Equipment & Parts,507782560342.5,Large Cap,5631.0,1965207158.6045012,1244,0.0,NSE,India,INR,Equity,1,1,2026-08-04,2026-08-04
SEC514DFAC0,GODREJPROP,GODREJPROP.NS,Godrej Properties Limited,Real Estate,Real Estate - Development,499492875480.1011,Large Cap,1795.9000244140625,1593676550.9345834,1244,0.0,NSE,India,INR,Equity,1,1,2026-08-04,2026-08-04
SEC3D39AEA2,APLAPOLLO,APLAPOLLO.NS,APL Apollo Tubes Limited,Basic Materials,Steel,491760794316.7304,Large Cap,1871.5999755859373,1173180519.1723456,1244,0.0,NSE,India,INR,Equity,1,1,2026-08-04,2026-08-04
SEC40D715C2,HINDCOPPER,HINDCOPPER.NS,Hindustan Copper Limited,Basic Materials,Copper,491635005865.7538,Large Cap,511.1499938964844,4390329902.357065,1244,0.0,NSE,India,INR,Equity,1,1,2026-08-04,2026-08-04
SEC36E78A9B,RVNL,RVNL.NS,Rail Vikas Nigam Limited,Industrials,Engineering & Construction,476114352560.9528,Large Cap,243.9900054931641,3735294365.562878,1244,0.0,NSE,India,INR,Equity,1,1,2026-08-04,2026-08-04
SEC0D774BCE,RADICO,RADICO.NS,Radico Khaitan Limited,Consumer Defensive,Beverages - Wineries & Distilleries,473916081975.0,Large Cap,3769.199951171875,1307619486.200258,1243,0.0,NSE,India,INR,Equity,1,1,2026-08-04,2026-08-04
SEC0F28ED7B,PREMIERENE,PREMIERENE.NS,PREMIER ENERGIES LIMITED,Technology,Solar,473184404365.5,Large Cap,1079.5999755859375,2667340191.468716,447,0.0,NSE,India,INR,Equity,1,1,2026-08-04,2026-08-04
SEC3482D470,PATANJALI,PATANJALI.NS,Patanjali Foods Limited,Consumer Defensive,Packaged Foods,463436751348.0,Large Cap,421.7000122070313,928027581.5174904,1244,0.0,NSE,India,INR,Equity,1,1,2026-08-04,2026-08-04
SEC035D8647,SUNDARMFIN,SUNDARMFIN.NS,Sundaram Finance Limited,Financial Services,Credit Services,456954258592.0913,Large Cap,4475.5,428721826.9344856,1244,0.0,NSE,India,INR,Equity,1,1,2026-08-04,2026-08-04
SECCE14BC3C,AIIL,AIIL.NS,Authum Investment & Infrastructure Limited,Financial Services,Capital Markets,452722093316.9556,Large Cap,543.7999877929688,385513501.5364448,537,0.0,NSE,India,INR,Equity,1,1,2026-08-04,2026-08-04
SEC28099C20,NLCINDIA,NLCINDIA.NS,NLC India Limited,Utilities,Utilities - Regulated Electric,440742454634.0082,Large Cap,321.70001220703125,1315209771.2731042,1244,0.0,NSE,India,INR,Equity,1,1,2026-08-04,2026-08-04
SEC1E232E3B,SUPREMEIND,SUPREMEIND.NS,The Supreme Industries Limited,Industrials,Building Products & Equipment,440706927130.66895,Large Cap,3525.5,653937598.2516078,1244,0.0,NSE,India,INR,Equity,1,1,2026-08-04,2026-08-04
SECC356BC59,360ONE,360ONE.NS,360 One Wam Limited,Financial Services,Asset Management,437176333998.0,Large Cap,1145.0999755859375,756933668.9556284,1243,0.0,NSE,India,INR,Equity,1,1,2026-08-04,2026-08-04
SEC46187049,BDL,BDL.NS,Bharat Dynamics Limited,Industrials,Aerospace & Defense,434193281250.0,Large Cap,1373.4000244140625,2643705503.3027134,1244,0.0,NSE,India,INR,Equity,1,1,2026-08-04,2026-08-04
SEC7B048DFC,MPHASIS,MPHASIS.NS,Mphasis Limited,Technology,Information Technology Services,432811223492.7612,Large Cap,2267.5,1457032476.6237943,1244,0.0,NSE,India,INR,Equity,1,1,2026-08-04,2026-08-04
SEC5B2DD83E,PIIND,PIIND.NS,PI Industries Limited,Basic Materials,Agricultural Inputs,429623547360.0,Large Cap,2803.60009765625,883784605.7136402,1244,0.0,NSE,India,INR,Equity,1,1,2026-08-04,2026-08-04
SECFC30A671,PAGEIND,PAGEIND.NS,Page Industries Limited,Consumer Cyclical,Apparel Manufacturing,429089532780.0,Large Cap,39975.0,1010331980.1328504,1242,0.0,NSE,India,INR,Equity,1,1,2026-08-04,2026-08-04
SECADF3A991,VOLTAS,VOLTAS.NS,Voltas Limited,Consumer Cyclical,"Furnishings, Fixtures & Appliances",425319252874.2407,Large Cap,1343.4000244140625,1867128492.5774555,1244,0.0,NSE,India,INR,Equity,1,1,2026-08-04,2026-08-04
SECD8790F38,ASTERDM,ASTERDM.NS,Aster DM Healthcare Limited,Healthcare,Medical Care Facilities,419160299058.5592,Large Cap,809.4000244140625,876424718.1834882,1244,0.0,NSE,India,INR,Equity,1,1,2026-08-04,2026-08-04
SECB9E58D4D,IRCTC,IRCTC.NS,Indian Railway Catering & Tourism Corporation Limited,Consumer Cyclical,Travel Services,417639990234.375,Large Cap,519.5999755859375,2014672890.8653755,1244,0.0,NSE,India,INR,Equity,1,1,2026-08-04,2026-08-04
SEC02EF59AC,HUDCO,HUDCO.NS,Housing and Urban Development Corporation Limited,Financial Services,Credit Services,406105435221.8628,Large Cap,208.6499938964844,1911672827.2777524,1244,0.0,NSE,India,INR,Equity,1,1,2026-08-04,2026-08-04
SEC6A5BE181,IPCALAB,IPCALAB.NS,Ipca Laboratories Limited,Healthcare,Drug Manufacturers - Specialty & Generic,405977477255.6987,Large Cap,1585.800048828125,705930727.1880144,1243,0.0,NSE,India,INR,Equity,1,1,2026-08-04,2026-08-04
SECD432F3AA,ASTRAL,ASTRAL.NS,Astral Limited,Industrials,Building Products & Equipment,405393095967.0,Large Cap,1542.0999755859375,949462787.044838,1244,0.0,NSE,India,INR,Equity,1,1,2026-08-04,2026-08-04
SECE4778E2C,EMBASSY,EMBASSY.NS,Embassy Office Parks REIT,,,403641579853.62463,Large Cap,431.5899963378906,401133832.2478681,1237,0.0,NSE,India,INR,Equity,1,1,2026-08-04,2026-08-04
SECBE3F44C1,PETRONET,PETRONET.NS,Petronet LNG Limited,Energy,Oil & Gas Refining & Marketing,403200005343.85205,Large Cap,288.70001220703125,946732961.3954276,1244,0.0,NSE,India,INR,Equity,1,1,2026-08-04,2026-08-04
SECFAF54D56,AIAENG,AIAENG.NS,AIA Engineering Limited,Industrials,Specialty Industrial Machinery,402341434104.6826,Large Cap,4687.0,343245384.3099839,1242,0.0,NSE,India,INR,Equity,1,1,2026-08-04,2026-08-04
SEC98541475,ATHERENERG,ATHERENERG.NS,Ather Energy Limited,Consumer Cyclical,Auto Manufacturers,401338390830.5786,Large Cap,971.7000122070312,3022893882.168876,282,0.0,NSE,India,INR,Equity,1,1,2026-08-04,2026-08-04
SEC0BD23E6D,FLUOROCHEM,FLUOROCHEM.NS,Gujarat Fluorochemicals Limited,Basic Materials,Specialty Chemicals,399864995727.5391,Large Cap,3839.89990234375,522788049.2478742,1244,0.0,NSE,India,INR,Equity,1,1,2026-08-04,2026-08-04
SEC175F1AE1,M&MFIN,M&MFIN.NS,Mahindra & Mahindra Financial Services Limited,Financial Services,Credit Services,392546507982.5,Large Cap,294.1000061035156,1174367404.469548,1244,0.0,NSE,India,INR,Equity,1,1,2026-08-04,2026-08-04
SEC1D07A1DA,AJANTPHARM,AJANTPHARM.NS,Ajanta Pharma Limited,Healthcare,Drug Manufacturers - Specialty & Generic,390098980176.85547,Large Cap,3065.199951171875,408343417.2744011,1243,0.0,NSE,India,INR,Equity,1,1,2026-08-04,2026-08-04
SECD41B7E52,NH,NH.NS,Narayana Hrudayalaya Limited,Healthcare,Medical Care Facilities,386823940782.50793,Large Cap,1878.699951171875,705431206.7412182,1244,0.0,NSE,India,INR,Equity,1,1,2026-08-04,2026-08-04
SEC1A8185DB,BALKRISIND,BALKRISIND.NS,Balkrishna Industries Limited,Consumer Cyclical,Auto Parts,386769692593.6841,Large Cap,2243.699951171875,664569589.684324,1243,0.0,NSE,India,INR,Equity,1,1,2026-08-04,2026-08-04
SEC87B93E73,GLAND,GLAND.NS,Gland Pharma Limited,Healthcare,Drug Manufacturers - Specialty & Generic,372709889401.45605,Large Cap,2199.0,863728817.4545455,1243,0.0,NSE,India,INR,Equity,1,1,2026-08-04,2026-08-04
SECE496E96D,NAVINFLUOR,NAVINFLUOR.NS,Navin Fluorine International Limited,Basic Materials,Chemicals,371823202750.0,Large Cap,7493.5,1571281745.600563,1243,0.0,NSE,India,INR,Equity,1,1,2026-08-04,2026-08-04
SEC7F0A12E2,COCHINSHIP,COCHINSHIP.NS,Cochin Shipyard Limited,Industrials,Aerospace & Defense,368812951904.8706,Large Cap,1458.0,3811833926.073955,1244,0.0,NSE,India,INR,Equity,1,1,2026-08-04,2026-08-04
SECCDFD81E7,WELCORP,WELCORP.NS,Welspun Corp Limited,Basic Materials,Steel,366284755992.0,Large Cap,1423.4000244140625,1879992695.9130335,1244,0.0,NSE,India,INR,Equity,1,1,2026-08-04,2026-08-04
SEC813579CA,SONACOMS,SONACOMS.NS,Sona BLW Precision Forgings Limited,Consumer Cyclical,Auto Parts,366032582500.76935,Large Cap,613.7999877929688,1361920360.1442585,1235,0.0,NSE,India,INR,Equity,1,1,2026-08-04,2026-08-04
SEC75C54A52,KPRMILL,KPRMILL.NS,K.P.R. Mill Limited,Consumer Cyclical,Textile Manufacturing,364786514685.0,Large Cap,1159.75,485952569.8034566,1244,0.0,NSE,India,INR,Equity,1,1,2026-08-04,2026-08-04
SEC4AD5EAA3,JKCEMENT,JKCEMENT.NS,J.K. Cement Limited,Basic Materials,Building Materials,363238047951.0,Large Cap,5503.5,684565774.5313505,1244,0.0,NSE,India,INR,Equity,1,1,2026-08-04,2026-08-04
SECA932BA3C,JBCHEPHARM,JBCHEPHARM.NS,J. B. Chemicals & Pharmaceuticals Limited,Healthcare,Drug Manufacturers - Specialty & Generic,362525486597.83887,Large Cap,2193.5,462199565.0096463,1244,0.0,NSE,India,INR,Equity,1,1,2026-08-04,2026-08-04
SECA9D7990C,UBL,UBL.NS,United Breweries Limited,Consumer Defensive,Beverages - Brewers,357105587784.19617,Large Cap,1341.9000244140625,384084825.34256816,1244,0.0,NSE,India,INR,Equity,1,1,2026-08-04,2026-08-04
SEC9501A84E,GUJGASLTD,GUJGASLTD.NS,Gujarat Energy Limited,Utilities,Utilities - Regulated Gas,356340064997.1867,Large Cap,388.4500122070313,487933184.74446994,1243,0.0,NSE,India,INR,Equity,1,1,2026-08-04,2026-08-04
SEC8FEA48C4,GODFRYPHLP,GODFRYPHLP.NS,Godfrey Phillips India Limited,Consumer Defensive,Tobacco,354562153888.59375,Large Cap,2271.0,1202136698.8384242,1244,0.0,NSE,India,INR,Equity,1,1,2026-08-04,2026-08-04
SEC3766F244,GLAXO,GLAXO.NS,GlaxoSmithKline Pharmaceuticals Limited,Healthcare,Drug Manufacturers - General,354414380274.958,Large Cap,2332.0,268883437.3022508,1244,0.0,NSE,India,INR,Equity,1,1,2026-08-04,2026-08-04
SEC4FDEFA17,LTTS,LTTS.NS,L&T Technology Services Limited,Technology,Information Technology Services,353219031907.56104,Large Cap,3331.199951171875,774474318.4742625,1244,0.0,NSE,India,INR,Equity,1,1,2026-08-04,2026-08-04
SECD7EC7C75,3MINDIA,3MINDIA.NS,3M India Limited,Industrials,Conglomerates,352089762850.0,Large Cap,33125.0,182880004.5289855,1242,0.0,NSE,India,INR,Equity,1,1,2026-08-04,2026-08-04
SEC3F8208A8,KALYANKJIL,KALYANKJIL.NS,Kalyan Jewellers India Limited,Consumer Cyclical,Luxury Goods,351183294783.658,Large Cap,383.5,1880033584.0,1244,0.0,NSE,India,INR,Equity,1,1,2026-08-04,2026-08-04
SECC47C635F,ENDURANCE,ENDURANCE.NS,Endurance Technologies Limited,Consumer Cyclical,Auto Parts,349575302981.2969,Large Cap,2622.39990234375,325999170.60215205,1244,0.0,NSE,India,INR,Equity,1,1,2026-08-04,2026-08-04
SEC9E0D5B21,NXST,NXST.NS,"NXST.NS,0P0001QYGB,295316",,,346366525869.2616,Large Cap,155.02999877929688,195461679.7186533,757,0.0,NSE,India,INR,Equity,1,1,2026-08-04,2026-08-04
SECE66C9523,GODREJIND,GODREJIND.NS,Godrej Industries Limited,Industrials,Conglomerates,344315585865.2128,Large Cap,1112.4000244140625,351923446.5134438,1244,0.0,NSE,India,INR,Equity,1,1,2026-08-04,2026-08-04
SEC3025F763,IREDA,IREDA.NS,Indian Renewable Energy Development Agency Limited,Financial Services,Credit Services,339439419256.2961,Large Cap,127.1500015258789,2924260737.4671926,633,0.0,NSE,India,INR,Equity,1,1,2026-08-04,2026-08-04
SEC48E6DC28,HSCL,HSCL.NS,Himadri Speciality Chemical Limited,Basic Materials,Specialty Chemicals,339051954528.0,Large Cap,671.0499877929688,2967599153.2457566,1244,0.0,NSE,India,INR,Equity,1,1,2026-08-04,2026-08-04
SECAE8DA8D6,POONAWALLA,POONAWALLA.NS,Poonawalla Fincorp Limited,Financial Services,Credit Services,338438721521.5,Large Cap,426.7000122070313,1202254399.738459,1244,0.0,NSE,India,INR,Equity,1,1,2026-08-04,2026-08-04
SEC3DA3820C,AEGISLOG,AEGISLOG.NS,AEGIS LOGISTICS LIMITED,Energy,Oil & Gas Refining & Marketing,337065295715.33203,Large Cap,1007.7999877929688,1089326615.3291445,1242,0.0,NSE,India,INR,Equity,1,1,2026-08-04,2026-08-04
SEC6F8CC376,CONCOR,CONCOR.NS,Container Corporation of India Limited,Industrials,Railroads,336025842219.09393,Large Cap,471.75,786746590.3173231,1244,0.0,NSE,India,INR,Equity,1,1,2026-08-04,2026-08-04
SEC0ADE6629,TATAINVEST,TATAINVEST.NS,Tata Investment Corporation Limited,Financial Services,Asset Management,335674497488.1836,Large Cap,691.0,961378909.2877816,1244,0.0,NSE,India,INR,Equity,1,1,2026-08-04,2026-08-04
SECADD7662E,EXIDEIND,EXIDEIND.NS,Exide Industries Limited,Consumer Cyclical,Auto Parts,331925000000.0,Large Cap,380.75,1266239497.4969854,1244,0.0,NSE,India,INR,Equity,1,1,2026-08-04,2026-08-04
SECADFAE0B4,MEDANTA,MEDANTA.NS,Global Health Limited,Healthcare,Medical Care Facilities,329095041629.5586,Large Cap,1265.800048828125,513824895.1600276,886,0.0,NSE,India,INR,Equity,1,1,2026-08-04,2026-08-04
SEC44085741,DELHIVERY,DELHIVERY.NS,Delhivery Limited,Industrials,Integrated Freight & Logistics,328557114405.0,Large Cap,461.1000061035156,1091709666.3698354,1009,0.0,NSE,India,INR,Equity,1,1,2026-08-04,2026-08-04
SECDDF310DA,EMCURE,EMCURE.NS,EMCURE PHARMACEUTICALS L,Healthcare,Drug Manufacturers - Specialty & Generic,325948892843.84,Large Cap,1776.0,403895357.1180124,483,0.0,NSE,India,INR,Equity,1,1,2026-08-04,2026-08-04
SEC65AA5757,UCOBANK,UCOBANK.NS,UCO Bank,Financial Services,Banks - Regional,322517448329.64813,Large Cap,27.57999992370605,408347943.2585633,1244,0.0,NSE,India,INR,Equity,1,1,2026-08-04,2026-08-04
SEC68A9D442,BLUESTARCO,BLUESTARCO.NS,Blue Star Limited,Industrials,Building Products & Equipment,321958067976.0,Large Cap,1668.300048828125,656350431.7365565,1244,0.0,NSE,India,INR,Equity,1,1,2026-08-04,2026-08-04
SEC826D8BB7,HONAUT,HONAUT.NS,Honeywell Automation India Limited,Industrials,Electrical Equipment & Parts,319389659900.0,Large Cap,37460.0,232732736.66666663,1242,0.0,NSE,India,INR,Equity,1,1,2026-08-04,2026-08-04
SEC2068170F,BANDHANBNK,BANDHANBNK.NS,Bandhan Bank Limited,Financial Services,Banks - Regional,318111616407.9206,Large Cap,208.08999633789065,2065106038.8764324,1244,0.0,NSE,India,INR,Equity,1,1,2026-08-04,2026-08-04
SEC07FB217D,ABSLAMC,ABSLAMC.NS,Aditya Birla Sun Life AMC Limited,Financial Services,Asset Management,317832281602.26245,Large Cap,1180.5999755859375,340458580.8081102,1161,0.0,NSE,India,INR,Equity,1,1,2026-08-04,2026-08-04
SEC57B5CEE6,ITCHOTELS,ITCHOTELS.NS,ITC HOTELS LIMITED,Consumer Cyclical,Resorts & Casinos,316195810062.9392,Large Cap,170.9199981689453,934499202.19226,344,0.0,NSE,India,INR,Equity,1,1,2026-08-04,2026-08-04
SECDD3D9B16,WOCKPHARMA,WOCKPHARMA.NS,Wockhardt Limited,Healthcare,Drug Manufacturers - Specialty & Generic,315316053944.5,Large Cap,2011.0999755859373,2073300703.1238484,1244,0.0,NSE,India,INR,Equity,1,1,2026-08-04,2026-08-04
SEC638B5660,KIMS,KIMS.NS,Krishna Institute of Medical Sciences Limited,Healthcare,Medical Care Facilities,314789305049.0085,Large Cap,804.25,566963755.8213706,1233,0.0,NSE,India,INR,Equity,1,1,2026-08-04,2026-08-04
SECBDD7FD69,DALBHARAT,DALBHARAT.NS,Dalmia Bharat Limited,Basic Materials,Building Materials,308288216340.355,Large Cap,1717.199951171875,562530120.276528,1243,0.0,NSE,India,INR,Equity,1,1,2026-08-04,2026-08-04
SECBFB30896,MINDSPACE,MINDSPACE.NS,"MINDSPACE.NS,0P0001KHWX,214689",,,306847211503.7624,Large Cap,460.0400085449219,105740468.34638168,1238,0.0,NSE,India,INR,Equity,1,1,2026-08-04,2026-08-04
SEC3A6B7695,STARHEALTH,STARHEALTH.NS,Star Health and Allied Insurance Company Limited,Financial Services,Insurance - Life,306205196806.1199,Large Cap,580.25,458985821.1738839,1120,0.0,NSE,India,INR,Equity,1,1,2026-08-04,2026-08-04
SECD6F62EBB,ANGELONE,ANGELONE.NS,Angel One Limited,Financial Services,Capital Markets,305926392344.33466,Large Cap,353.70001220703125,3139451648.1041465,1244,0.0,NSE,India,INR,Equity,1,1,2026-08-04,2026-08-04
SEC491A2BE6,TATATECH,TATATECH.NS,Tata Technologies Limited,Technology,Information Technology Services,305574299709.8126,Large Cap,742.25,1196488693.907041,632,0.0,NSE,India,INR,Equity,1,1,2026-08-04,2026-08-04
SEC5E5E545D,LICHSGFIN,LICHSGFIN.NS,LIC Housing Finance Limited,Financial Services,Mortgage Finance,304679909129.27246,Large Cap,549.9000244140625,1337237419.2331216,1244,0.0,NSE,India,INR,Equity,1,1,2026-08-04,2026-08-04
SEC9DCA3881,HEXT,HEXT.NS,Hexaware Technologies Limited,Technology,Information Technology Services,301437525937.03143,Large Cap,499.6000061035156,520047117.2752652,328,0.0,NSE,India,INR,Equity,1,1,2026-08-04,2026-08-04
SECCC292AB7,ESCORTS,ESCORTS.NS,Escorts Kubota Limited,Industrials,Farm & Heavy Construction Machinery,301023925556.1377,Large Cap,2821.199951171875,1342570151.8710856,1244,0.0,NSE,India,INR,Equity,1,1,2026-08-04,2026-08-04
SEC76F92655,GRSE,GRSE.NS,Garden Reach Shipbuilders & Engineers Limited,Industrials,Aerospace & Defense,300263696806.6406,Large Cap,2798.300048828125,3944246527.665304,1244,0.0,NSE,India,INR,Equity,1,1,2026-08-04,2026-08-04
SEC6CEA0DE3,PGHH,PGHH.NS,Procter & Gamble Hygiene and Health Care Limited,Consumer Defensive,Household & Personal Products,291416257440.0,Large Cap,9274.5,84985966.73049074,1243,0.0,NSE,India,INR,Equity,1,1,2026-08-04,2026-08-04
SECE827CE80,ANANDRATHI,ANANDRATHI.NS,Anand Rathi Wealth Limited,Financial Services,Asset Management,290821280902.0,Large Cap,1867.5,905056331.8805904,1118,0.0,NSE,India,INR,Equity,1,1,2026-08-04,2026-08-04
SEC93656870,ITI,ITI.NS,ITI Limited,Technology,Communication Equipment,288663007953.03595,Large Cap,312.45001220703125,982732840.7948666,1244,0.0,NSE,India,INR,Equity,1,1,2026-08-04,2026-08-04
SECE639E0FD,STLTECH,STLTECH.NS,Sterlite Technologies Limited,Technology,Communication Equipment,286456762258.9224,Large Cap,654.3499755859375,1659529948.324629,1244,0.0,NSE,India,INR,Equity,1,1,2026-08-04,2026-08-04
SEC44EF9FE3,CRISIL,CRISIL.NS,CRISIL Limited,Financial Services,Financial Data & Stock Exchanges,285016921114.1968,Large Cap,4132.0,238326359.60128617,1244,0.0,NSE,India,INR,Equity,1,1,2026-08-04,2026-08-04
SEC5D9C8E72,NUVAMA,NUVAMA.NS,Nuvama Wealth Management Limited,Financial Services,Asset Management,284991868224.0,Large Cap,1739.5999755859375,1037244456.6767812,675,0.0,NSE,India,INR,Equity,1,1,2026-08-04,2026-08-04
SEC879F4B93,MANAPPURAM,MANAPPURAM.NS,Manappuram Finance Limited,Financial Services,Credit Services,283209834753.0,Large Cap,318.6499938964844,2526544887.1766768,1244,0.0,NSE,India,INR,Equity,1,1,2026-08-04,2026-08-04
SEC60B3E73A,SJVN,SJVN.NS,SJVN Limited,Utilities,Utilities - Renewable,282512972732.19336,Large Cap,72.87999725341797,903705348.3331788,1244,0.0,NSE,India,INR,Equity,1,1,2026-08-04,2026-08-04
SEC563419E4,MRPL,MRPL.NS,Mangalore Refinery and Petrochemicals Limited,Energy,Oil & Gas Refining & Marketing,281467374283.214,Large Cap,154.19000244140625,1026429117.0209298,1244,0.0,NSE,India,INR,Equity,1,1,2026-08-04,2026-08-04
SEC68E089C8,IKS,IKS.NS,INVENTURUS KNOWLEDGE SO L,Healthcare,Health Information Services,280859651026.1792,Large Cap,1675.199951171875,592525414.3808955,372,0.0,NSE,India,INR,Equity,1,1,2026-08-04,2026-08-04
SEC789C6AD4,NBCC,NBCC.NS,NBCC (India) Limited,Industrials,Engineering & Construction,280583995056.15234,Large Cap,111.4499969482422,2217313732.619847,1244,0.0,NSE,India,INR,Equity,1,1,2026-08-04,2026-08-04
SEC09F41750,ZFCVINDIA,ZFCVINDIA.NS,ZF Commercial Vehicle Control Systems India Limited,Consumer Cyclical,Auto Parts,279677026080.0,Large Cap,15795.0,244333286.69614148,1244,0.0,NSE,India,INR,Equity,1,1,2026-08-04,2026-08-04
SECE1EF2191,CHOLAHLDNG,CHOLAHLDNG.NS,Cholamandalam Financial Holdings Limited,Financial Services,Credit Services,278793188662.5786,Large Cap,1583.9000244140625,312573459.2612208,1244,0.0,NSE,India,INR,Equity,1,1,2026-08-04,2026-08-04
SECAC7DF73E,CENTRALBK,CENTRALBK.NS,Central Bank of India,Financial Services,Banks - Regional,278240073091.05865,Large Cap,32.84000015258789,431098513.1551155,1244,0.0,NSE,India,INR,Equity,1,1,2026-08-04,2026-08-04
SEC8BB71EBA,KARURVYSYA,KARURVYSYA.NS,The Karur Vysya Bank Limited,Financial Services,Banks - Regional,276598005784.2761,Large Cap,291.75,1164092604.30627,1244,0.0,NSE,India,INR,Equity,1,1,2026-08-04,2026-08-04
SECC5A7D273,PTCIL,PTCIL.NS,PTC Industries Limited,Industrials,Metal Fabrication,276027819639.0,Large Cap,18333.0,298893241.9491979,748,0.0,NSE,India,INR,Equity,1,1,2026-08-04,2026-08-04
SEC421D38EA,GODIGIT,GODIGIT.NS,GO DIGIT GENERAL INS LTD,Financial Services,Insurance - Property & Casualty,275391367327.3521,Large Cap,305.95001220703125,368945290.4832565,516,0.0,NSE,India,INR,Equity,1,1,2026-08-04,2026-08-04
SECDCBF746B,SHYAMMETL,SHYAMMETL.NS,Shyam Metalics and Energy Limited,Basic Materials,Steel,274974698093.1006,Large Cap,970.2999877929688,573932457.7072332,1235,0.0,NSE,India,INR,Equity,1,1,2026-08-04,2026-08-04
SEC671BD673,JUBLFOOD,JUBLFOOD.NS,Jubilant FoodWorks Limited,Consumer Cyclical,Restaurants,273132235493.84613,Large Cap,419.0,1179415911.1438906,1244,0.0,NSE,India,INR,Equity,1,1,2026-08-04,2026-08-04
SEC1BB309AA,TVSHLTD,TVSHLTD.NS,TVS Holdings Limited,Consumer Cyclical,Auto Parts,270402069960.0,Large Cap,13132.0,131022732.5442834,1242,0.0,NSE,India,INR,Equity,1,1,2026-08-04,2026-08-04
SECEA9708B2,METROBRAND,METROBRAND.NS,Metro Brands Limited,Consumer Cyclical,Apparel Retail,270093817358.0,Large Cap,1037.5999755859375,212703982.94187823,1110,0.0,NSE,India,INR,Equity,1,1,2026-08-04,2026-08-04
SEC810017B2,KIRLOSENG,KIRLOSENG.NS,Kirloskar Oil Engines Limited,Industrials,Specialty Industrial Machinery,268952896400.0,Large Cap,1991.5,858840431.2107803,1243,0.0,NSE,India,INR,Equity,1,1,2026-08-04,2026-08-04
SECB165D2AC,BIRET,BIRET.NS,"BIRET.NS,0P0001LR17,171521",,,267146953578.9045,Large Cap,319.4599914550781,96084289.97603592,1236,0.0,NSE,India,INR,Equity,1,1,2026-08-04,2026-08-04
SEC6F531747,TIMKEN,TIMKEN.NS,Timken India Limited,Industrials,Tools & Accessories,267026505700.0,Large Cap,3689.39990234375,361863489.7066416,1243,0.0,NSE,India,INR,Equity,1,1,2026-08-04,2026-08-04
SEC366B1864,LALPATHLAB,LALPATHLAB.NS,Dr. Lal PathLabs Limited,Healthcare,Diagnostics & Research,266496527304.0,Large Cap,1635.800048828125,787098342.1137736,1244,0.0,NSE,India,INR,Equity,1,1,2026-08-04,2026-08-04
SEC8158ECE3,HFCL,HFCL.NS,HFCL Limited,Technology,Communication Equipment,262991114057.17883,Large Cap,209.6100006103516,3887557503.838409,1244,0.0,NSE,India,INR,Equity,1,1,2026-08-04,2026-08-04
SEC497B9DD5,SCHNEIDER,SCHNEIDER.NS,Schneider Electric Infrastructure Limited,Industrials,Electrical Equipment & Parts,260599493584.00085,Large Cap,1331.4000244140625,924367240.8508904,1244,0.0,NSE,India,INR,Equity,1,1,2026-08-04,2026-08-04
SEC4EA6A337,SAILIFE,SAILIFE.NS,SAI LIFE SCIENCES LIMITED,Healthcare,Diagnostics & Research,260286943277.89856,Large Cap,1216.4000244140625,1192454376.831851,374,0.0,NSE,India,INR,Equity,1,1,2026-08-04,2026-08-04
SECCC2F1317,NETWEB,NETWEB.NS,Netweb Technologies India Limited,Technology,Computer Hardware,259165536880.5,Large Cap,5060.89990234375,4369818894.525372,716,0.0,NSE,India,INR,Equity,1,1,2026-08-04,2026-08-04
SEC604401C1,ACUTAAS,ACUTAAS.NS,Acutaas Chemicals Limited,Basic Materials,Specialty Chemicals,256395788769.78665,Large Cap,3246.199951171875,1464933050.7557032,1180,0.0,NSE,India,INR,Equity,1,1,2026-08-04,2026-08-04
SEC3626C320,AMBER,AMBER.NS,Amber Enterprises India Limited,Consumer Cyclical,"Furnishings, Fixtures & Appliances",256290862789.0,Large Cap,7889.0,2078126296.75,1244,0.0,NSE,India,INR,Equity,1,1,2026-08-04,2026-08-04
SEC9BEE7B82,PNBHOUSING,PNBHOUSING.NS,PNB Housing Finance Limited,Financial Services,Mortgage Finance,255065413451.37067,Large Cap,1003.0,1133445658.437299,1244,0.0,NSE,India,INR,Equity,1,1,2026-08-04,2026-08-04
SECE08BEB1B,CDSL,CDSL.NS,Central Depository Services (India) Limited,Financial Services,Capital Markets,252681000000.0,Large Cap,1370.300048828125,3318314525.8954988,1244,0.0,NSE,India,INR,Equity,1,1,2026-08-04,2026-08-04
SEC95F73AC7,TATAELXSI,TATAELXSI.NS,Tata Elxsi Limited,Technology,Software - Application,252303109200.0,Large Cap,4065.5,1082109680.5976686,1244,0.0,NSE,India,INR,Equity,1,1,2026-08-04,2026-08-04
SECE8A11DAD,DATAPATTNS,DATAPATTNS.NS,Data Patterns (India) Limited,Industrials,Aerospace & Defense,251759908593.0,Large Cap,4822.10009765625,2556985069.6327624,1110,0.0,NSE,India,INR,Equity,1,1,2026-08-04,2026-08-04
SEC92640605,GILLETTE,GILLETTE.NS,Gillette India Limited,Consumer Defensive,Household & Personal Products,250889878291.5,Large Cap,7828.5,196719544.6471061,1244,0.0,NSE,India,INR,Equity,1,1,2026-08-04,2026-08-04
SECFC27A436,IRB,IRB.NS,IRB Infrastructure Developers Limited,Industrials,Infrastructure Operations,249048370136.261,Large Cap,21.440000534057617,1091724357.0825622,1244,0.0,NSE,India,INR,Equity,1,1,2026-08-04,2026-08-04
SEC10524FBF,NIACL,NIACL.NS,The New India Assurance Company Limited,Financial Services,Insurance - Diversified,248007529052.7344,Large Cap,202.30999755859372,379604964.6691727,1244,0.0,NSE,India,INR,Equity,1,1,2026-08-04,2026-08-04
SECC4FD1EF4,ACC,ACC.NS,ACC Limited,Basic Materials,Building Materials,247353373654.30005,Large Cap,1343.300048828125,659431492.429412,1244,0.0,NSE,India,INR,Equity,1,1,2026-08-04,2026-08-04
SEC79AE9DAF,APOLLOTYRE,APOLLOTYRE.NS,Apollo Tyres Limited,Consumer Cyclical,Auto Parts,246042517581.2401,Large Cap,425.5,1045032255.0,1244,0.0,NSE,India,INR,Equity,1,1,2026-08-04,2026-08-04
SECACB85887,SYRMA,SYRMA.NS,Syrma SGS Technology Limited,Technology,Electronic Components,243709111494.88354,Large Cap,1334.0,1676671691.3658535,943,0.0,NSE,India,INR,Equity,1,1,2026-08-04,2026-08-04
SEC3F90165F,RRKABEL,RRKABEL.NS,R R Kabel Limited,Industrials,Electrical Equipment & Parts,243493536686.7297,Large Cap,2321.10009765625,754921723.6304086,677,0.0,NSE,India,INR,Equity,1,1,2026-08-04,2026-08-04
SECCA7F7031,AWL,AWL.NS,AWL Agri Business Limited,Consumer Defensive,Packaged Foods,243048983890.9189,Large Cap,184.30999755859372,707692958.6731936,1079,0.0,NSE,India,INR,Equity,1,1,2026-08-04,2026-08-04
SEC14EFABB6,MSUMI,MSUMI.NS,Motherson Sumi Wiring India Limited,Consumer Cyclical,Auto Parts,242718815347.687,Large Cap,38.02999877929688,338474009.938449,1047,0.0,NSE,India,INR,Equity,1,1,2026-08-04,2026-08-04
SEC5BB04D57,KIOCL,KIOCL.NS,KIOCL Limited,Basic Materials,Steel,242492687703.0,Large Cap,405.4500122070313,184588388.12796825,1244,0.0,NSE,India,INR,Equity,1,1,2026-08-04,2026-08-04
SEC939DB88C,AEGISVOPAK,AEGISVOPAK.NS,AEGIS VOPAK TERMINALS LTD,Energy,Oil & Gas Equipment & Services,240079587721.348,Large Cap,238.3500061035156,275511619.56729394,263,0.0,NSE,India,INR,Equity,1,1,2026-08-04,2026-08-04
SEC91916541,ACMESOLAR,ACMESOLAR.NS,ACME SOLAR HOLDINGS LTD,Utilities,Utilities - Renewable,237070782144.0,Large Cap,337.6499938964844,543963442.1268919,397,0.0,NSE,India,INR,Equity,1,1,2026-08-04,2026-08-04
SECA098F1A7,FORCEMOT,FORCEMOT.NS,Force Motors Limited,Consumer Cyclical,Auto Manufacturers,228476383080.0,Large Cap,18637.0,1645595976.0598505,1203,0.0,NSE,India,INR,Equity,1,1,2026-08-04,2026-08-04
SEC526206AC,IFCI,IFCI.NS,IFCI Limited,Financial Services,Credit Services,227858162150.4305,Large Cap,85.7300033569336,1648524190.1145997,1244,0.0,NSE,India,INR,Equity,1,1,2026-08-04,2026-08-04
SEC80A01397,IGL,IGL.NS,Indraprastha Gas Limited,Utilities,Utilities - Regulated Gas,227458261660.9864,Large Cap,167.60000610351562,834558564.1919281,1244,0.0,NSE,India,INR,Equity,1,1,2026-08-04,2026-08-04
SEC7B4B93B9,SUMICHEM,SUMICHEM.NS,Sumitomo Chemical India Limited,Basic Materials,Agricultural Inputs,227410800368.1438,Large Cap,452.7000122070313,212431456.37796155,1244,0.0,NSE,India,INR,Equity,1,1,2026-08-04,2026-08-04
SEC9D726285,DEEPAKNTR,DEEPAKNTR.NS,Deepak Nitrite Limited,Basic Materials,Chemicals,226180586550.1165,Large Cap,1644.4000244140625,822239907.7593533,1243,0.0,NSE,India,INR,Equity,1,1,2026-08-04,2026-08-04
SEC1BF23B46,RBLBANK,RBLBANK.NS,RBL Bank Limited,Financial Services,Banks - Regional,225810724737.83148,Large Cap,378.8500061035156,4485823255.136119,1244,0.0,NSE,India,INR,Equity,1,1,2026-08-04,2026-08-04
SECA6011CD5,CESC,CESC.NS,CESC Limited,Utilities,Utilities - Regulated Electric,223093507414.31992,Large Cap,168.89999389648438,763667572.9387404,1244,0.0,NSE,India,INR,Equity,1,1,2026-08-04,2026-08-04
SEC5FF765E1,ASAHIINDIA,ASAHIINDIA.NS,Asahi India Glass Limited,Consumer Cyclical,Auto Parts,222959315899.3916,Large Cap,846.3499755859375,220211559.30534863,1244,0.0,NSE,India,INR,Equity,1,1,2026-08-04,2026-08-04
SECA1487C36,NEULANDLAB,NEULANDLAB.NS,Neuland Laboratories Limited,Healthcare,Drug Manufacturers - Specialty & Generic,220661260911.0,Large Cap,17345.0,896986134.14791,1244,0.0,NSE,India,INR,Equity,1,1,2026-08-04,2026-08-04
SEC8FB26F3F,MTARTECH,MTARTECH.NS,MTAR Technologies Limited,Industrials,Specialty Industrial Machinery,218700692010.0,Large Cap,8374.5,2810718382.442122,1244,0.0,NSE,India,INR,Equity,1,1,2026-08-04,2026-08-04
SEC9CCC43C1,KPIL,KPIL.NS,Kalpataru Projects International Limited,Industrials,Engineering & Construction,217512983501.6968,Large Cap,1398.699951171875,453207347.8156976,1243,0.0,NSE,India,INR,Equity,1,1,2026-08-04,2026-08-04
SECC495F4A9,IIFL,IIFL.NS,IIFL Finance Limited,Financial Services,Credit Services,217482828454.9206,Large Cap,532.5999755859375,822543014.3390137,1244,0.0,NSE,India,INR,Equity,1,1,2026-08-04,2026-08-04
SEC6137E658,PPLPHARMA,PPLPHARMA.NS,Piramal Pharma Limited,Healthcare,Drug Manufacturers - Specialty & Generic,217005341884.70657,Large Cap,158.89999389648438,947501163.2293,907,0.0,NSE,India,INR,Equity,1,1,2026-08-04,2026-08-04
SECF5E25039,CUPID,CUPID.NS,Cupid Limited,Consumer Defensive,Household & Personal Products,214594396188.70544,Large Cap,176.9199981689453,2388459783.7025366,1244,0.0,NSE,India,INR,Equity,1,1,2026-08-04,2026-08-04
SECFF9799C7,GRINDWELL,GRINDWELL.NS,Grindwell Norton Limited,Industrials,Building Products & Equipment,212460610703.125,Large Cap,2136.800048828125,157299402.7294525,1243,0.0,NSE,India,INR,Equity,1,1,2026-08-04,2026-08-04
SECA330BDCE,TRITURBINE,TRITURBINE.NS,Triveni Turbine Limited,Industrials,Specialty Industrial Machinery,211098156924.3961,Large Cap,672.2999877929688,852811964.8978671,1244,0.0,NSE,India,INR,Equity,1,1,2026-08-04,2026-08-04
SECF470D0F7,HBLENGINE,HBLENGINE.NS,HBL ENGINEERING LTD,Industrials,Electrical Equipment & Parts,211000796278.92737,Large Cap,815.5,2329160651.0265274,1244,0.0,NSE,India,INR,Equity,1,1,2026-08-04,2026-08-04
SEC681E0717,CRAFTSMAN,CRAFTSMAN.NS,Craftsman Automation Limited,Consumer Cyclical,Auto Parts,210406242060.0,Large Cap,9806.5,538216227.1099033,1242,0.0,NSE,India,INR,Equity,1,1,2026-08-04,2026-08-04
SEC2C4ABBEC,CREDITACC,CREDITACC.NS,CreditAccess Grameen Limited,Financial Services,Credit Services,206556766282.4359,Large Cap,1406.4000244140625,688396042.051653,1244,0.0,NSE,India,INR,Equity,1,1,2026-08-04,2026-08-04
SEC39F75BB3,PFIZER,PFIZER.NS,Pfizer Limited,Healthcare,Drug Manufacturers - General,206322271320.0,Large Cap,4533.7001953125,159969054.57435545,1243,0.0,NSE,India,INR,Equity,1,1,2026-08-04,2026-08-04
SECB458A348,ASTRAZEN,ASTRAZEN.NS,AstraZeneca Pharma India Limited,Healthcare,Drug Manufacturers - Specialty & Generic,205675000000.0,Large Cap,8433.5,217816333.19911507,1243,0.0,NSE,India,INR,Equity,1,1,2026-08-04,2026-08-04
SEC15AA29A6,AADHARHFC,AADHARHFC.NS,AADHAR HOUSING FINANCE L,Financial Services,Mortgage Finance,204393502723.5393,Large Cap,515.0999755859375,485873333.2263576,522,0.0,NSE,India,INR,Equity,1,1,2026-08-04,2026-08-04
SECC44C9C74,KAYNES,KAYNES.NS,Kaynes Technology India Limited,Technology,Electronic Components,204254590738.0,Large Cap,3253.10009765625,2218340057.831975,885,0.0,NSE,India,INR,Equity,1,1,2026-08-04,2026-08-04
SEC4A74FD22,OLAELEC,OLAELEC.NS,OLA ELECTRIC MOBILITY LTD,Consumer Cyclical,Auto Manufacturers,204054676213.0144,Large Cap,42.25,3552548721.588013,463,0.0,NSE,India,INR,Equity,1,1,2026-08-04,2026-08-04
SECE5170474,BOSCH-HCIL,BOSCH-HCIL.NS,Bosch Home Comfort India Limited,Consumer Cyclical,"Furnishings, Fixtures & Appliances",204015687380.27344,Large Cap,1382.800048828125,54990463.148202,1244,0.0,NSE,India,INR,Equity,1,1,2026-08-04,2026-08-04
SECAACC3EE3,RAMCOCEM,RAMCOCEM.NS,The Ramco Cements Limited,Basic Materials,Building Materials,203294143364.14307,Large Cap,885.2999877929688,460995933.7812512,1243,0.0,NSE,India,INR,Equity,1,1,2026-08-04,2026-08-04
SEC8CB07AB5,HATSUN,HATSUN.NS,Hatsun Agro Product Limited,Consumer Defensive,Packaged Foods,203179838094.3901,Large Cap,920.75,65015527.88415124,1243,0.0,NSE,India,INR,Equity,1,1,2026-08-04,2026-08-04
SEC3C52825D,KPITTECH,KPITTECH.NS,KPIT Technologies Limited,Technology,Software - Infrastructure,202360096597.4777,Large Cap,760.0499877929688,1127479350.1994665,1244,0.0,NSE,India,INR,Equity,1,1,2026-08-04,2026-08-04
SECA6E1B437,BELRISE,BELRISE.NS,BELRISE INDUSTRIES LTD,Consumer Cyclical,Auto Parts,201700020917.55493,Large Cap,241.08999633789065,2500905480.82956,266,0.0,NSE,India,INR,Equity,1,1,2026-08-04,2026-08-04
SEC840B46CC,SUNTV,SUNTV.NS,Sun TV Network Limited,Communication Services,Broadcasting,201298419085.3968,Large Cap,520.8499755859375,472641441.6527143,1244,0.0,NSE,India,INR,Equity,1,1,2026-08-04,2026-08-04
SECB1807EF0,CUB,CUB.NS,City Union Bank Limited,Financial Services,Banks - Regional,200238106644.9853,Large Cap,196.6499938964844,648283083.6427282,1244,0.0,NSE,India,INR,Equity,1,1,2026-08-04,2026-08-04
SEC7A1A613B,SAMMAANCAP,SAMMAANCAP.NS,Sammaan Capital Limited,Financial Services,Mortgage Finance,197639026449.3463,Mid Cap,174.60000610351562,2598943177.049834,1244,0.0,NSE,India,INR,Equity,1,1,2026-08-04,2026-08-04
SECE7B57B13,AFFLE,AFFLE.NS,Affle 3i Limited,Communication Services,Advertising Agencies,197557881879.6819,Mid Cap,1463.699951171875,499822674.4356299,1244,0.0,NSE,India,INR,Equity,1,1,2026-08-04,2026-08-04
SEC39A09028,DEEPAKFERT,DEEPAKFERT.NS,Deepak Fertilisers And Petrochemicals Corporation Limited,Basic Materials,Chemicals,196788733021.88208,Mid Cap,1563.300048828125,1121248956.341677,1244,0.0,NSE,India,INR,Equity,1,1,2026-08-04,2026-08-04
SEC49C8D931,GESHIP,GESHIP.NS,The Great Eastern Shipping Company Limited,Industrials,Marine Shipping,196262009255.6472,Mid Cap,1437.699951171875,800847041.5296354,1244,0.0,NSE,India,INR,Equity,1,1,2026-08-04,2026-08-04
SEC6AF3AE91,CARBORUNIV,CARBORUNIV.NS,Carborundum Universal Limited,Industrials,Conglomerates,195846364755.4797,Mid Cap,1241.699951171875,266157686.26477277,1243,0.0,NSE,India,INR,Equity,1,1,2026-08-04,2026-08-04
SEC8B0ECEFE,ERIS,ERIS.NS,Eris Lifesciences Limited,Healthcare,Drug Manufacturers - Specialty & Generic,194382153482.7793,Mid Cap,1448.4000244140625,203296559.78616348,1242,0.0,NSE,India,INR,Equity,1,1,2026-08-04,2026-08-04
SECEFE69B0E,CEMPRO,CEMPRO.NS,Cemindia Projects Limited,Industrials,Engineering & Construction,193381274920.7344,Mid Cap,1252.0,1298850227.4758842,1244,0.0,NSE,India,INR,Equity,1,1,2026-08-04,2026-08-04
SEC5A8818FE,CGCL,CGCL.NS,Capri Global Capital Limited,Financial Services,Credit Services,193008090649.7217,Mid Cap,220.9600067138672,291717598.5786911,1244,0.0,NSE,India,INR,Equity,1,1,2026-08-04,2026-08-04
SEC8D97FBE4,ATUL,ATUL.NS,Atul Ltd,Basic Materials,Specialty Chemicals,192460752435.0,Mid Cap,6482.0,308726696.8745981,1244,0.0,NSE,India,INR,Equity,1,1,2026-08-04,2026-08-04
SECB893229D,GMDCLTD,GMDCLTD.NS,Gujarat Mineral Development Corporation Limited,Energy,Thermal Coal,191436000000.0,Mid Cap,612.9000244140625,2162525686.838459,1244,0.0,NSE,India,INR,Equity,1,1,2026-08-04,2026-08-04
SEC7A0270D7,BAYERCROP,BAYERCROP.NS,Bayer CropScience Limited,Basic Materials,Agricultural Inputs,191376901585.8477,Mid Cap,4269.5,115034490.73713826,1244,0.0,NSE,India,INR,Equity,1,1,2026-08-04,2026-08-04
SEC669FF839,ANANTRAJ,ANANTRAJ.NS,Anant Raj Limited,Real Estate,Real Estate - Development,190500844109.4421,Mid Cap,520.2000122070312,1030850277.0597428,1244,0.0,NSE,India,INR,Equity,1,1,2026-08-04,2026-08-04
SEC923B1D69,ELGIEQUIP,ELGIEQUIP.NS,Elgi Equipments Limited,Industrials,Specialty Industrial Machinery,190437369163.47485,Mid Cap,612.75,343550667.6113344,1244,0.0,NSE,India,INR,Equity,1,1,2026-08-04,2026-08-04
SECE19405EA,TATACHEM,TATACHEM.NS,Tata Chemicals Limited,Basic Materials,Chemicals,190175561527.0,Mid Cap,729.1500244140625,1056912717.7518944,1244,0.0,NSE,India,INR,Equity,1,1,2026-08-04,2026-08-04
SECD89D1EEC,GRANULES,GRANULES.NS,Granules India Limited,Healthcare,Drug Manufacturers - Specialty & Generic,189713316667.87048,Mid Cap,786.9000244140625,1370674639.1238606,1243,0.0,NSE,India,INR,Equity,1,1,2026-08-04,2026-08-04
SECA547FA66,CHAMBLFERT,CHAMBLFERT.NS,Chambal Fertilisers and Chemicals Limited,Basic Materials,Agricultural Inputs,187324976571.5749,Mid Cap,484.2000122070313,1034293411.0272114,1244,0.0,NSE,India,INR,Equity,1,1,2026-08-04,2026-08-04
SEC1C569DF3,SAGILITY,SAGILITY.NS,Sagility Limited,Healthcare,Health Information Services,186644558826.11185,Mid Cap,39.4900016784668,1100284707.5605464,398,0.0,NSE,India,INR,Equity,1,1,2026-08-04,2026-08-04
SEC15B650E3,TDPOWERSYS,TDPOWERSYS.NS,TD Power Systems Limited,Industrials,Specialty Industrial Machinery,183724633680.0,Mid Cap,1272.699951171875,941708345.9430534,1244,0.0,NSE,India,INR,Equity,1,1,2026-08-04,2026-08-04
SEC81068647,ONESOURCE,ONESOURCE.NS,ONESOURCE SPECL PHARMA L,Healthcare,Biotechnology,183674034983.13025,Mid Cap,1608.5999755859375,500551414.8978528,348,0.0,NSE,India,INR,Equity,1,1,2026-08-04,2026-08-04
SEC68E48F72,CAMS,CAMS.NS,Computer Age Management Services Limited,Technology,Information Technology Services,183409328666.49097,Mid Cap,823.1500244140625,1205277935.6346502,1244,0.0,NSE,India,INR,Equity,1,1,2026-08-04,2026-08-04
SEC60DAFEDC,GABRIEL,GABRIEL.NS,Gabriel India Limited,Consumer Cyclical,Auto Parts,183362177468.8952,Mid Cap,1197.4000244140625,665785685.5431844,1244,0.0,NSE,India,INR,Equity,1,1,2026-08-04,2026-08-04
SECE24CD7C6,REDINGTON,REDINGTON.NS,Redington Limited,Technology,Information Technology Services,182919578025.2793,Mid Cap,280.760009765625,1028037511.6831568,1244,0.0,NSE,India,INR,Equity,1,1,2026-08-04,2026-08-04
SECD550768F,SANSERA,SANSERA.NS,Sansera Engineering Limited,Consumer Cyclical,Auto Parts,182632900640.0,Mid Cap,2945.800048828125,435266124.3367697,1172,0.0,NSE,India,INR,Equity,1,1,2026-08-04,2026-08-04
SEC93676D9F,SYNGENE,SYNGENE.NS,Syngene International Limited,Healthcare,Diagnostics & Research,182339922105.0,Mid Cap,440.75,372845549.3858521,1244,0.0,NSE,India,INR,Equity,1,1,2026-08-04,2026-08-04
SECED4B2FBB,SARDAEN,SARDAEN.NS,Sarda Energy & Minerals Limited,Basic Materials,Steel,181863964843.94165,Mid Cap,523.6500244140625,376842896.77098125,1244,0.0,NSE,India,INR,Equity,1,1,2026-08-04,2026-08-04
SEC4ECEBC88,BBOX,BBOX.NS,Black Box Limited,Technology,Software - Application,181826063911.0409,Mid Cap,1023.0,261879612.0578778,1244,0.0,NSE,India,INR,Equity,1,1,2026-08-04,2026-08-04
SECC7A35C3C,EIHOTEL,EIHOTEL.NS,EIH Limited,Consumer Cyclical,Lodging,181637034295.7401,Mid Cap,321.8500061035156,262986397.1861497,1244,0.0,NSE,India,INR,Equity,1,1,2026-08-04,2026-08-04
SEC3BD55433,GPIL,GPIL.NS,Godawari Power & Ispat Limited,Basic Materials,Steel,181516682970.0,Mid Cap,269.1000061035156,400561911.1510676,1244,0.0,NSE,India,INR,Equity,1,1,2026-08-04,2026-08-04
SECBD48D544,CAPLIPOINT,CAPLIPOINT.NS,Caplin Point Laboratories Limited,Healthcare,Drug Manufacturers - Specialty & Generic,181318292215.3828,Mid Cap,2503.5,439460146.3358809,1243,0.0,NSE,India,INR,Equity,1,1,2026-08-04,2026-08-04
SECDA03965B,PFOCUS,PFOCUS.NS,Prime Focus Limited,Communication Services,Entertainment,181116188933.5296,Mid Cap,231.72000122070312,207309150.09918615,1243,0.0,NSE,India,INR,Equity,1,1,2026-08-04,2026-08-04
SEC263BA656,CASTROLIND,CASTROLIND.NS,Castrol India Limited,Energy,Oil & Gas Refining & Marketing,180821460604.19043,Mid Cap,185.8000030517578,539014957.8603736,1244,0.0,NSE,India,INR,Equity,1,1,2026-08-04,2026-08-04
SEC87EC3D00,INDIACEM,INDIACEM.NS,The India Cements Limited,Basic Materials,Building Materials,179825375807.34006,Mid Cap,374.8500061035156,1211239186.088065,1244,0.0,NSE,India,INR,Equity,1,1,2026-08-04,2026-08-04
SECF993B79F,VTL,VTL.NS,Vardhman Textiles Limited,Consumer Cyclical,Textile Manufacturing,179210075100.0,Mid Cap,657.4500122070312,354327774.8722565,1244,0.0,NSE,India,INR,Equity,1,1,2026-08-04,2026-08-04
SECC5E3B24C,RATNAMANI,RATNAMANI.NS,Ratnamani Metals & Tubes Limited,Basic Materials,Steel,178517307955.07812,Mid Cap,2770.89990234375,125992330.3640123,1243,0.0,NSE,India,INR,Equity,1,1,2026-08-04,2026-08-04
SEC74A25B2F,SUNDRMFAST,SUNDRMFAST.NS,Sundram Fasteners Limited,Consumer Cyclical,Auto Parts,177695062066.23718,Mid Cap,878.5499877929688,107807963.83226916,1243,0.0,NSE,India,INR,Equity,1,1,2026-08-04,2026-08-04
SEC35873536,ABDL,ABDL.NS,ALLIED BLEND N DISTILS L,Consumer Defensive,Beverages - Wineries & Distilleries,175560083104.0111,Mid Cap,631.25,515663152.4539878,489,0.0,NSE,India,INR,Equity,1,1,2026-08-04,2026-08-04
SECC451BAD8,KANSAINER,KANSAINER.NS,Kansai Nerolac Paints Limited,Basic Materials,Specialty Chemicals,173056813877.70126,Mid Cap,211.1300048828125,97800811.93637653,1242,0.0,NSE,India,INR,Equity,1,1,2026-08-04,2026-08-04
SEC5BE1B796,KAJARIACER,KAJARIACER.NS,Kajaria Ceramics Limited,Industrials,Building Products & Equipment,172603372896.0327,Mid Cap,1170.4000244140625,317286055.19337606,1244,0.0,NSE,India,INR,Equity,1,1,2026-08-04,2026-08-04
SEC8B772A15,J&KBANK,J&KBANK.NS,Jammu and Kashmir Bank Limited,Financial Services,Banks - Regional,171916600746.6925,Mid Cap,163.55999755859375,827784512.9716179,1244,0.0,NSE,India,INR,Equity,1,1,2026-08-04,2026-08-04
SEC50DB0F74,FSL,FSL.NS,Firstsource Solutions Limited,Technology,Information Technology Services,170656503650.7945,Mid Cap,244.6999969482422,887661518.188036,1244,0.0,NSE,India,INR,Equity,1,1,2026-08-04,2026-08-04
SECF1539C1B,CIEINDIA,CIEINDIA.NS,CIE Automotive India Limited,Consumer Cyclical,Auto Parts,169347362777.3558,Mid Cap,464.0,274871021.84863126,1242,0.0,NSE,India,INR,Equity,1,1,2026-08-04,2026-08-04
SECC7EEE6F7,BIKAJI,BIKAJI.NS,Bikaji Foods International Limited,Consumer Defensive,Packaged Foods,169247070000.0,Mid Cap,660.2000122070312,315619622.142982,888,0.0,NSE,India,INR,Equity,1,1,2026-08-04,2026-08-04
SECF824AD87,EMAMILTD,EMAMILTD.NS,Emami Limited,Consumer Defensive,Household & Personal Products,169209222335.81543,Mid Cap,413.5,248649586.7057878,1244,0.0,NSE,India,INR,Equity,1,1,2026-08-04,2026-08-04
SECFCD40526,CHENNPETRO,CHENNPETRO.NS,Chennai Petroleum Corporation Limited,Energy,Oil & Gas Refining & Marketing,168627272995.53223,Mid Cap,1097.800048828125,1973460261.3057823,1244,0.0,NSE,India,INR,Equity,1,1,2026-08-04,2026-08-04
SEC173CFF1D,THANGAMAYL,THANGAMAYL.NS,Thangamayil Jewellery Limited,Consumer Cyclical,Luxury Goods,167936159463.0,Mid Cap,5454.60009765625,368479357.8255144,1244,0.0,NSE,India,INR,Equity,1,1,2026-08-04,2026-08-04
SECF476E462,PSB,PSB.NS,Punjab & Sind Bank,Financial Services,Banks - Regional,167881545222.49963,Mid Cap,25.09000015258789,71765258.1847691,1244,0.0,NSE,India,INR,Equity,1,1,2026-08-04,2026-08-04
SEC446A14B9,LMW,LMW.NS,LMW Limited,Industrials,Specialty Industrial Machinery,167124852000.0,Mid Cap,16665.0,113509165.92995168,1242,0.0,NSE,India,INR,Equity,1,1,2026-08-04,2026-08-04
SEC785136A0,INDIGRID,INDIGRID.NS,Indigrid Infrastructure Trust,,,165879619585.26062,Mid Cap,170.88999938964844,81515813.5251633,1237,0.0,NSE,India,INR,Equity,1,1,2026-08-04,2026-08-04
SEC3370AE7B,CROMPTON,CROMPTON.NS,Crompton Greaves Consumer Electricals Limited,Consumer Cyclical,"Furnishings, Fixtures & Appliances",165458293257.15527,Mid Cap,275.25,708826990.8201367,1244,0.0,NSE,India,INR,Equity,1,1,2026-08-04,2026-08-04
SECB268518E,INOXINDIA,INOXINDIA.NS,INOX India Limited,Industrials,Specialty Industrial Machinery,164599607250.0,Mid Cap,1917.800048828125,662600299.8074646,616,0.0,NSE,India,INR,Equity,1,1,2026-08-04,2026-08-04
SEC25771ED9,NAVA,NAVA.NS,Nava Limited,Industrials,Conglomerates,164310533936.38916,Mid Cap,621.5499877929688,795659402.2712277,1244,0.0,NSE,India,INR,Equity,1,1,2026-08-04,2026-08-04
SECC3051CAB,COHANCE,COHANCE.NS,COHANCE LIFESCIENCES LTD,Healthcare,Drug Manufacturers - Specialty & Generic,162554860683.0,Mid Cap,405.8500061035156,251265108.57347196,1244,0.0,NSE,India,INR,Equity,1,1,2026-08-04,2026-08-04
SECC397D0B4,BRIGADE,BRIGADE.NS,Brigade Enterprises Limited,Real Estate,Real Estate - Development,161205756315.0,Mid Cap,545.4500122070312,233369018.07949117,1244,0.0,NSE,India,INR,Equity,1,1,2026-08-04,2026-08-04
SEC292DADDC,ZYDUSWELL,ZYDUSWELL.NS,Zydus Wellness Limited,Consumer Defensive,Packaged Foods,160955766010.12207,Mid Cap,512.3499755859375,194464900.6682919,1244,0.0,NSE,India,INR,Equity,1,1,2026-08-04,2026-08-04
SECAB64A802,JBMA,JBMA.NS,JBM Auto Limited,Consumer Cyclical,Auto Parts,159574504634.0,Mid Cap,727.2999877929688,687337821.7129718,1244,0.0,NSE,India,INR,Equity,1,1,2026-08-04,2026-08-04
SECB175C915,ZENTEC,ZENTEC.NS,Zen Technologies Limited,Industrials,Aerospace & Defense,159458471208.0,Mid Cap,1997.0,1355542180.409164,1244,0.0,NSE,India,INR,Equity,1,1,2026-08-04,2026-08-04
SECE2827DF0,CENTURYPLY,CENTURYPLY.NS,Century Plyboards (India) Limited,Basic Materials,Lumber & Wood Production,159120298150.07263,Mid Cap,758.5,155142361.63274336,1243,0.0,NSE,India,INR,Equity,1,1,2026-08-04,2026-08-04
SEC5E0656C9,DCMSHRIRAM,DCMSHRIRAM.NS,DCM Shriram Limited,Industrials,Conglomerates,158748689851.93262,Mid Cap,1053.699951171875,143258296.2471353,1243,0.0,NSE,India,INR,Equity,1,1,2026-08-04,2026-08-04
SEC951E7D21,CHALET,CHALET.NS,Chalet Hotels Limited,Consumer Cyclical,Lodging,158354647887.1637,Mid Cap,802.3499755859375,266788847.31240207,1244,0.0,NSE,India,INR,Equity,1,1,2026-08-04,2026-08-04
SECDE0CA3F4,GALLANTT,GALLANTT.NS,Gallantt Ispat Limited,Basic Materials,Steel,158280299920.0,Mid Cap,713.3499755859375,235764721.3323924,1243,0.0,NSE,India,INR,Equity,1,1,2026-08-04,2026-08-04
SECF689B37D,FINCABLES,FINCABLES.NS,Finolex Cables Limited,Industrials,Electrical Equipment & Parts,157374586005.0,Mid Cap,1164.300048828125,477520425.1499267,1244,0.0,NSE,India,INR,Equity,1,1,2026-08-04,2026-08-04
SECDA51357C,SHRIPISTON,SHRIPISTON.NS,SPR Auto Technologies Limited,Consumer Cyclical,Auto Parts,156350444553.25928,Mid Cap,3739.699951171875,245792591.6149765,1243,0.0,NSE,India,INR,Equity,1,1,2026-08-04,2026-08-04
SECBC064557,AARTIIND,AARTIIND.NS,Aarti Industries Limited,Basic Materials,Specialty Chemicals,156210649260.5,Mid Cap,484.5,628710463.3999196,1244,0.0,NSE,India,INR,Equity,1,1,2026-08-04,2026-08-04
SEC034A46D9,IGIL,IGIL.NS,International Gemological Institute Limited,Basic Materials,Other Precious Metals & Mining,155966431648.70654,Mid Cap,355.75,421841712.2493169,366,0.0,NSE,India,INR,Equity,1,1,2026-08-04,2026-08-04
SECC6EAC208,NIVABUPA,NIVABUPA.NS,Niva Bupa Health Insurance Company Limited,Financial Services,Insurance - Life,154435556093.5246,Mid Cap,86.87000274658203,311812538.4122192,395,0.0,NSE,India,INR,Equity,1,1,2026-08-04,2026-08-04
SEC0FB41D2D,POLYMED,POLYMED.NS,Poly Medicure Limited,Healthcare,Medical Instruments & Supplies,154248835440.0,Mid Cap,1563.300048828125,209584108.82404545,1244,0.0,NSE,India,INR,Equity,1,1,2026-08-04,2026-08-04
SEC6E162A52,AETHER,AETHER.NS,Aether Industries Limited,Basic Materials,Specialty Chemicals,153424754893.93665,Mid Cap,1162.300048828125,200290771.2190932,1001,0.0,NSE,India,INR,Equity,1,1,2026-08-04,2026-08-04
SEC4F1B909A,NATCOPHARM,NATCOPHARM.NS,NATCO Pharma Limited,Healthcare,Drug Manufacturers - Specialty & Generic,153264317945.39978,Mid Cap,889.0,634221607.9139872,1244,0.0,NSE,India,INR,Equity,1,1,2026-08-04,2026-08-04
SEC1275A3BE,JUBLPHARMA,JUBLPHARMA.NS,Jubilant Pharmova Limited,Healthcare,Drug Manufacturers - Specialty & Generic,153128712088.9629,Mid Cap,966.3499755859376,289625658.44788265,1243,0.0,NSE,India,INR,Equity,1,1,2026-08-04,2026-08-04
SEC273CE43D,JYOTICNC,JYOTICNC.NS,Jyoti CNC Automation Limited,Industrials,Specialty Industrial Machinery,151827653337.27832,Mid Cap,737.9500122070312,539704341.3160217,600,0.0,NSE,India,INR,Equity,1,1,2026-08-04,2026-08-04
SEC93A96CBB,MINDACORP,MINDACORP.NS,Minda Corporation Limited,Consumer Cyclical,Auto Parts,150336781901.25,Mid Cap,652.9500122070312,533223161.1813848,1243,0.0,NSE,India,INR,Equity,1,1,2026-08-04,2026-08-04
SEC6B842F65,CHOICEIN,CHOICEIN.NS,Choice International Limited,Financial Services,Capital Markets,150173633211.1206,Mid Cap,726.0999755859375,451792709.87392527,1037,0.0,NSE,India,INR,Equity,1,1,2026-08-04,2026-08-04
SEC0CB59638,CCL,CCL.NS,CCL Products (India) Limited,Consumer Defensive,Packaged Foods,149952914253.19067,Mid Cap,1137.300048828125,439956810.5446972,1244,0.0,NSE,India,INR,Equity,1,1,2026-08-04,2026-08-04
SEC6D530734,JSWDULUX,JSWDULUX.NS,JSW Dulux Limited,,,149909607848.84814,Mid Cap,3177.5,119876647.46569815,1239,0.0,NSE,India,INR,Equity,1,1,2026-08-04,2026-08-04
SECD79AA10A,ARE&M,ARE&M.NS,Amara Raja Energy & Mobility Limited,Industrials,Electrical Equipment & Parts,148872835545.99268,Mid Cap,844.6500244140625,750086281.7179773,1244,0.0,NSE,India,INR,Equity,1,1,2026-08-04,2026-08-04
SEC92B947AE,INOXWIND,INOXWIND.NS,Inox Wind Limited,Industrials,Specialty Industrial Machinery,148369214381.61835,Mid Cap,90.72000122070312,646271642.1975307,1244,0.0,NSE,India,INR,Equity,1,1,2026-08-04,2026-08-04
SECD04BF3BB,JINDALSAW,JINDALSAW.NS,Jindal Saw Limited,Basic Materials,Steel,147386111986.3697,Mid Cap,260.8800048828125,862761836.3686966,1244,0.0,NSE,India,INR,Equity,1,1,2026-08-04,2026-08-04
SECA2F56AF7,USHAMART,USHAMART.NS,Usha Martin Limited,Basic Materials,Steel,147223193564.08813,Mid Cap,476.0499877929688,537845357.0743078,1244,0.0,NSE,India,INR,Equity,1,1,2026-08-04,2026-08-04
SEC53AFB9F0,BEML,BEML.NS,BEML Limited,Industrials,Conglomerates,146505351000.0,Mid Cap,1749.300048828125,1363355307.5063138,1244,0.0,NSE,India,INR,Equity,1,1,2026-08-04,2026-08-04
SECFEC347B3,APLLTD,APLLTD.NS,Alembic Pharmaceuticals Limited,Healthcare,Drug Manufacturers - Specialty & Generic,146242964256.0,Mid Cap,763.0,184477476.36173636,1244,0.0,NSE,India,INR,Equity,1,1,2026-08-04,2026-08-04
SEC107921FA,KSB,KSB.NS,KSB Limited,Industrials,Specialty Industrial Machinery,146149434995.0,Mid Cap,902.5499877929688,218196691.2916849,1244,0.0,NSE,India,INR,Equity,1,1,2026-08-04,2026-08-04
SECF93ABD36,GRWRHITECH,GRWRHITECH.NS,Garware Hi-Tech Films Limited,Basic Materials,Specialty Chemicals,144505490680.0,Mid Cap,6785.5,435519647.7527726,1082,0.0,NSE,India,INR,Equity,1,1,2026-08-04,2026-08-04
SECA9A75A9F,VENTIVE,VENTIVE.NS,VENTIVE HOSPITALITY LTD,Consumer Cyclical,Lodging,144083498523.39972,Mid Cap,647.1500244140625,133134058.860152,367,0.0,NSE,India,INR,Equity,1,1,2026-08-04,2026-08-04
SEC002B07FA,FINEORG,FINEORG.NS,Fine Organic Industries Limited,Basic Materials,Specialty Chemicals,144074296215.73828,Mid Cap,5285.7998046875,205885650.0416358,1244,0.0,NSE,India,INR,Equity,1,1,2026-08-04,2026-08-04
SECC88E203D,APOLLO,APOLLO.NS,Apollo Micro Systems Limited,Industrials,Aerospace & Defense,143771355878.68195,Mid Cap,433.1499938964844,2091290626.543646,1244,0.0,NSE,India,INR,Equity,1,1,2026-08-04,2026-08-04
SEC1672F5C1,BASF,BASF.NS,BASF India Limited,Basic Materials,Specialty Chemicals,143275468400.0,Mid Cap,3503.699951171875,140176827.52653754,1244,0.0,NSE,India,INR,Equity,1,1,2026-08-04,2026-08-04
SECEE73AD12,THELEELA,THELEELA.NS,Leela Palaces Hotels & Resorts Limited,Consumer Cyclical,Lodging,142165872741.23425,Mid Cap,494.2000122070313,246554367.7923281,262,0.0,NSE,India,INR,Equity,1,1,2026-08-04,2026-08-04
SEC2C4A0424,AVANTIFEED,AVANTIFEED.NS,Avanti Feeds Limited,Consumer Defensive,Packaged Foods,141899823645.0,Mid Cap,967.7000122070312,688755685.671319,1243,0.0,NSE,India,INR,Equity,1,1,2026-08-04,2026-08-04
SECF1A6D73B,CONCORDBIO,CONCORDBIO.NS,Concord Biotech Limited,Healthcare,Biotechnology,141890962593.4131,Mid Cap,1315.0999755859375,341830026.9987758,701,0.0,NSE,India,INR,Equity,1,1,2026-08-04,2026-08-04
SEC1CC7C7FD,KFINTECH,KFINTECH.NS,KFin Technologies Limited,Technology,Software - Application,141545835522.0,Mid Cap,915.3499755859376,912340341.1388206,858,0.0,NSE,India,INR,Equity,1,1,2026-08-04,2026-08-04
SEC24CFDDAE,MAHSCOOTER,MAHSCOOTER.NS,Maharashtra Scooters Ltd.,Financial Services,Asset Management,139977100864.0,Mid Cap,12597.0,106602137.83588094,1243,0.0,NSE,India,INR,Equity,1,1,2026-08-04,2026-08-04
SECD9AF843B,AGARWALEYE,AGARWALEYE.NS,DR AGARWALS HEALTH CARE L,Healthcare,Medical Instruments & Supplies,139773670066.02173,Mid Cap,466.6499938964844,188733182.6581049,338,0.0,NSE,India,INR,Equity,1,1,2026-08-04,2026-08-04
SEC16DB6ADC,SOBHA,SOBHA.NS,Sobha Limited,Real Estate,Real Estate - Development,139574753370.0,Mid Cap,1418.9000244140625,616621428.9195265,1243,0.0,NSE,India,INR,Equity,1,1,2026-08-04,2026-08-04
SEC62835FE0,ANURAS,ANURAS.NS,Anupam Rasayan India Ltd,Basic Materials,Specialty Chemicals,139464179750.0,Mid Cap,1277.0999755859375,268109904.67548203,1243,0.0,NSE,India,INR,Equity,1,1,2026-08-04,2026-08-04
SECF58EF401,DOMS,DOMS.NS,DOMS Industries Limited,Industrials,Business Equipment & Supplies,138921675864.1953,Mid Cap,2274.10009765625,423054991.307527,617,0.0,NSE,India,INR,Equity,1,1,2026-08-04,2026-08-04
SEC26A8B207,PGEL,PGEL.NS,PG Electroplast Limited,Technology,Electronic Components,138115037638.74133,Mid Cap,560.5,838370309.3902733,1244,0.0,NSE,India,INR,Equity,1,1,2026-08-04,2026-08-04
SEC4C727267,TBOTEK,TBOTEK.NS,TBO TEK LIMITED,Consumer Cyclical,Travel Services,137729985197.66162,Mid Cap,1489.800048828125,325766271.47007734,522,0.0,NSE,India,INR,Equity,1,1,2026-08-04,2026-08-04
SEC3A72B858,NSLNISP,NSLNISP.NS,NMDC Steel Limited,Basic Materials,Steel,137474719976.32504,Mid Cap,46.880001068115234,363522625.8667431,822,0.0,NSE,India,INR,Equity,1,1,2026-08-04,2026-08-04
SECFA20321F,SHAILY,SHAILY.NS,Shaily Engineering Plastics Limited,Basic Materials,Specialty Chemicals,137019843792.0,Mid Cap,2803.800048828125,372026477.06693393,1042,0.0,NSE,India,INR,Equity,1,1,2026-08-04,2026-08-04
SECF105D2E7,RAINBOW,RAINBOW.NS,Rainbow Children's Medicare Limited,Healthcare,Medical Care Facilities,137004979025.63538,Mid Cap,1470.800048828125,389541683.3356749,1018,0.0,NSE,India,INR,Equity,1,1,2026-08-04,2026-08-04
SEC8B3F5EC1,AZAD,AZAD.NS,AZAD ENGINEERING LIMITED,Industrials,Specialty Industrial Machinery,136958499226.69458,Mid Cap,2095.199951171875,711705442.2093102,613,0.0,NSE,India,INR,Equity,1,1,2026-08-04,2026-08-04
SEC074FB98E,KIRLOSBROS,KIRLOSBROS.NS,Kirloskar Brothers Limited,Industrials,Specialty Industrial Machinery,136654822692.09448,Mid Cap,1933.5999755859373,275179203.3673269,1244,0.0,NSE,India,INR,Equity,1,1,2026-08-04,2026-08-04
SEC9AD5CD14,VINATIORGA,VINATIORGA.NS,Vinati Organics Limited,Basic Materials,Specialty Chemicals,136626434733.0,Mid Cap,1333.9000244140625,87329889.88680314,1244,0.0,NSE,India,INR,Equity,1,1,2026-08-04,2026-08-04
SEC08B75179,HONASA,HONASA.NS,Honasa Consumer Limited,Consumer Defensive,Household & Personal Products,136475211224.11322,Mid Cap,417.3999938964844,626026458.6637585,646,0.0,NSE,India,INR,Equity,1,1,2026-08-04,2026-08-04
SECF4975D0E,SCI,SCI.NS,The Shipping Corporation of India Limited,Industrials,Marine Shipping,135873576903.02309,Mid Cap,312.1499938964844,1329958615.750546,1244,0.0,NSE,India,INR,Equity,1,1,2026-08-04,2026-08-04
SECC5FB8D64,ASTRAMICRO,ASTRAMICRO.NS,Astra Microwave Products Limited,Technology,Communication Equipment,135828326126.80664,Mid Cap,1684.0999755859375,981822421.6695292,1244,0.0,NSE,India,INR,Equity,1,1,2026-08-04,2026-08-04
SEC5554EDDD,APTUS,APTUS.NS,Aptus Value Housing Finance India Limited,Financial Services,Mortgage Finance,134574610300.0,Mid Cap,269.75,276857896.6855109,1194,0.0,NSE,India,INR,Equity,1,1,2026-08-04,2026-08-04
SEC740BC112,JSWHL,JSWHL.NS,JSW Holdings Limited,Industrials,Conglomerates,134291099800.0,Mid Cap,12578.0,79171553.67845659,1244,0.0,NSE,India,INR,Equity,1,1,2026-08-04,2026-08-04
SEC812ED0E9,PRIVISCL,PRIVISCL.NS,Privi Speciality Chemicals Limited,Basic Materials,Specialty Chemicals,133848362109.0,Mid Cap,3493.89990234375,229447088.148062,1243,0.0,NSE,India,INR,Equity,1,1,2026-08-04,2026-08-04
SECCE55C782,KEC,KEC.NS,KEC International Limited,Industrials,Engineering & Construction,133659021624.75586,Mid Cap,541.4500122070312,442043892.6248356,1244,0.0,NSE,India,INR,Equity,1,1,2026-08-04,2026-08-04
SECC1BB6D89,DEVYANI,DEVYANI.NS,Devyani International Limited,Consumer Cyclical,Restaurants,133021873298.46329,Mid Cap,116.91000366210938,401418753.03871495,1199,0.0,NSE,India,INR,Equity,1,1,2026-08-04,2026-08-04
SEC999CEF84,LTFOODS,LTFOODS.NS,LT Foods Limited,Consumer Defensive,Packaged Foods,132095017778.13625,Mid Cap,383.0,635099245.2090032,1244,0.0,NSE,India,INR,Equity,1,1,2026-08-04,2026-08-04
SEC8A10AB73,SPLPETRO,SPLPETRO.NS,Supreme Petrochem Limited,Basic Materials,Specialty Chemicals,131440898058.0,Mid Cap,750.25,91235012.46945336,1244,0.0,NSE,India,INR,Equity,1,1,2026-08-04,2026-08-04
SEC65774F88,VIJAYA,VIJAYA.NS,Vijaya Diagnostic Centre Limited,Healthcare,Diagnostics & Research,131203615360.67284,Mid Cap,1364.199951171875,489580121.2553301,1179,0.0,NSE,India,INR,Equity,1,1,2026-08-04,2026-08-04
SEC9816CFBB,ABREL,ABREL.NS,Aditya Birla Real Estate Limited,Real Estate,Real Estate Services,131090034062.0,Mid Cap,1279.5,440425416.99356914,1244,0.0,NSE,India,INR,Equity,1,1,2026-08-04,2026-08-04
SECF5AD9FBC,WELSPUNLIV,WELSPUNLIV.NS,Welspun Living Limited,Consumer Cyclical,Textile Manufacturing,130558866961.851,Mid Cap,162.22999572753906,557933902.7331986,1244,0.0,NSE,India,INR,Equity,1,1,2026-08-04,2026-08-04
SECEBE290A6,TEGA,TEGA.NS,Tega Industries Limited,Industrials,Specialty Industrial Machinery,130496811426.0,Mid Cap,1794.9000244140625,265114643.6886228,1118,0.0,NSE,India,INR,Equity,1,1,2026-08-04,2026-08-04
SECCB93A418,CEATLTD,CEATLTD.NS,CEAT Limited,Consumer Cyclical,Auto Parts,130141743520.0,Mid Cap,3450.0,730278747.2266881,1244,0.0,NSE,India,INR,Equity,1,1,2026-08-04,2026-08-04
SEC8F49A81F,INGERRAND,INGERRAND.NS,Ingersoll-Rand (India) Limited,Industrials,Specialty Industrial Machinery,129984399882.8125,Mid Cap,4611.2998046875,130309990.9346339,1244,0.0,NSE,India,INR,Equity,1,1,2026-08-04,2026-08-04
SEC6E414F79,VGUARD,VGUARD.NS,V-Guard Industries Limited,Industrials,Electrical Equipment & Parts,129927300401.27785,Mid Cap,311.25,136438050.3409091,1243,0.0,NSE,India,INR,Equity,1,1,2026-08-04,2026-08-04
SEC33A90A82,PARADEEP,PARADEEP.NS,Paradeep Phosphates Limited,Basic Materials,Agricultural Inputs,129916667499.51096,Mid Cap,136.22000122070312,802134183.9851525,1006,0.0,NSE,India,INR,Equity,1,1,2026-08-04,2026-08-04
SECD4EF3B31,ALIVUS,ALIVUS.NS,Alivus Life Sciences Limited,Healthcare,Drug Manufacturers - Specialty & Generic,129514659536.46288,Mid Cap,1070.300048828125,174786441.10881045,1204,0.0,NSE,India,INR,Equity,1,1,2026-08-04,2026-08-04
SEC080AB274,ARVIND,ARVIND.NS,Arvind Limited,Consumer Cyclical,Textile Manufacturing,129288046180.0,Mid Cap,516.5999755859375,578042174.0725867,1244,0.0,NSE,India,INR,Equity,1,1,2026-08-04,2026-08-04
SECDBAF7ECA,FIVESTAR,FIVESTAR.NS,Five-Star Business Finance Limited,Financial Services,Credit Services,128491758113.1311,Mid Cap,519.4500122070312,521167230.0136569,885,0.0,NSE,India,INR,Equity,1,1,2026-08-04,2026-08-04
SEC513D26E6,ECLERX,ECLERX.NS,eClerx Services Limited,Technology,Information Technology Services,127437501407.5,Mid Cap,1418.699951171875,296516703.91730106,1244,0.0,NSE,India,INR,Equity,1,1,2026-08-04,2026-08-04
SECD3212E8E,ENGINERSIN,ENGINERSIN.NS,Engineers India Limited,Industrials,Engineering & Construction,127398143658.77968,Mid Cap,250.7400054931641,1214486806.875362,1244,0.0,NSE,India,INR,Equity,1,1,2026-08-04,2026-08-04
SEC4FD4C0A5,EIDPARRY,EIDPARRY.NS,E.I.D.- Parry (India) Limited,Basic Materials,Agricultural Inputs,127193830857.0,Mid Cap,704.0999755859375,312677396.3342858,1243,0.0,NSE,India,INR,Equity,1,1,2026-08-04,2026-08-04
SECCB975CED,HAPPYFORGE,HAPPYFORGE.NS,HAPPY FORGINGS LIMITED,Industrials,Metal Fabrication,126250349560.62196,Mid Cap,1465.0,138348365.3990228,614,0.0,NSE,India,INR,Equity,1,1,2026-08-04,2026-08-04
SECA5DD9B85,IRCON,IRCON.NS,Ircon International Limited,Industrials,Engineering & Construction,125605879947.22626,Mid Cap,137.19000244140625,1219265507.635365,1244,0.0,NSE,India,INR,Equity,1,1,2026-08-04,2026-08-04
SECACD6437D,GRAPHITE,GRAPHITE.NS,Graphite India Limited,Industrials,Electrical Equipment & Parts,123360154821.51196,Mid Cap,639.5499877929688,778016720.3097134,1244,0.0,NSE,India,INR,Equity,1,1,2026-08-04,2026-08-04
SECA2872CB7,INDGN,INDGN.NS,INDEGENE LIMITED,Healthcare,Health Information Services,122838093398.92072,Mid Cap,532.4000244140625,383681136.97447056,524,0.0,NSE,India,INR,Equity,1,1,2026-08-04,2026-08-04
SEC9BE4AD22,TRIDENT,TRIDENT.NS,Trident Limited,Consumer Cyclical,Textile Manufacturing,122446888700.95992,Mid Cap,25.93000030517578,340213813.7406898,1244,0.0,NSE,India,INR,Equity,1,1,2026-08-04,2026-08-04
SECE2F2B486,SOUTHBANK,SOUTHBANK.NS,The South Indian Bank Limited,Financial Services,Banks - Regional,121902510722.18613,Mid Cap,48.459999084472656,1220529529.520326,1244,0.0,NSE,India,INR,Equity,1,1,2026-08-04,2026-08-04
SEC0CBC65AE,INDIAMART,INDIAMART.NS,IndiaMART InterMESH Limited,Communication Services,Internet Content & Information,120914780285.3711,Mid Cap,2089.39990234375,481213507.5189001,1244,0.0,NSE,India,INR,Equity,1,1,2026-08-04,2026-08-04
SEC1CA085D8,TMB,TMB.NS,Tamilnad Mercantile Bank Limited,Financial Services,Banks - Regional,120742983675.0,Mid Cap,780.5999755859375,138581043.81320655,929,0.0,NSE,India,INR,Equity,1,1,2026-08-04,2026-08-04
SEC2D8D769D,ELECON,ELECON.NS,Elecon Engineering Company Limited,Industrials,Specialty Industrial Machinery,120390562445.0,Mid Cap,539.0499877929688,600466762.1153011,1244,0.0,NSE,India,INR,Equity,1,1,2026-08-04,2026-08-04
SECCB55781B,TECHNOE,TECHNOE.NS,Techno Electric & Engineering Company Limited,Industrials,Engineering & Construction,120370059090.0,Mid Cap,1079.300048828125,232969761.2824448,1244,0.0,NSE,India,INR,Equity,1,1,2026-08-04,2026-08-04
SECA406D494,PRUDENT,PRUDENT.NS,Prudent Corporate Advisory Services Limited,Financial Services,Asset Management,119242959085.81056,Mid Cap,3029.199951171875,200712611.33973303,1010,0.0,NSE,India,INR,Equity,1,1,2026-08-04,2026-08-04
SEC2F5CDF4B,UTIAMC,UTIAMC.NS,UTI Asset Management Company Limited,Financial Services,Asset Management,117990763503.36272,Mid Cap,950.25,225543069.6167605,1244,0.0,NSE,India,INR,Equity,1,1,2026-08-04,2026-08-04
SECBF8F30AF,AFCONS,AFCONS.NS,AFCONS INFRASTRUCTURE LTD,Industrials,Engineering & Construction,117378462738.87076,Mid Cap,313.45001220703125,501021090.905384,404,0.0,NSE,India,INR,Equity,1,1,2026-08-04,2026-08-04
SEC420267F6,JWL,JWL.NS,Jupiter Wagons Limited,Industrials,Railroads,116415691355.13815,Mid Cap,277.29998779296875,538082715.7200379,1244,0.0,NSE,India,INR,Equity,1,1,2026-08-04,2026-08-04
SECB35FFFE2,GRAVITA,GRAVITA.NS,Gravita India Limited,Industrials,Metal Fabrication,115519342432.0,Mid Cap,1721.5999755859375,623908911.9960583,1244,0.0,NSE,India,INR,Equity,1,1,2026-08-04,2026-08-04
SECD9EFBECC,CANFINHOME,CANFINHOME.NS,Can Fin Homes Limited,Financial Services,Mortgage Finance,114745968794.25,Mid Cap,885.3499755859375,667858153.746469,1244,0.0,NSE,India,INR,Equity,1,1,2026-08-04,2026-08-04
SEC5621652B,TITAGARH,TITAGARH.NS,Titagarh Rail Systems Limited,Industrials,Railroads,114661249363.1338,Mid Cap,922.4500122070312,1352676553.5490096,1244,0.0,NSE,India,INR,Equity,1,1,2026-08-04,2026-08-04
SEC99DC0106,HOMEFIRST,HOMEFIRST.NS,Home First Finance Company India Limited,Financial Services,Mortgage Finance,114517837820.81177,Mid Cap,1153.9000244140625,333280106.7081332,1243,0.0,NSE,India,INR,Equity,1,1,2026-08-04,2026-08-04
SECCBE2723B,BALRAMCHIN,BALRAMCHIN.NS,Balrampur Chini Mills Limited,Consumer Defensive,Confectioners,114306119768.4046,Mid Cap,531.5999755859375,957941580.8631665,1244,0.0,NSE,India,INR,Equity,1,1,2026-08-04,2026-08-04
SEC7DA2A5FB,MARKSANS,MARKSANS.NS,Marksans Pharma Limited,Healthcare,Drug Manufacturers - General,113744100246.0,Mid Cap,259.6700134277344,564705600.7794842,1244,0.0,NSE,India,INR,Equity,1,1,2026-08-04,2026-08-04
SEC9F2683D0,JMFINANCIL,JMFINANCIL.NS,JM Financial Limited,Financial Services,Capital Markets,113035175098.81032,Mid Cap,126.31999969482422,620099382.6680146,1244,0.0,NSE,India,INR,Equity,1,1,2026-08-04,2026-08-04
SEC29C763F9,BLUEDART,BLUEDART.NS,Blue Dart Express Limited,Industrials,Integrated Freight & Logistics,112517863028.0,Mid Cap,4968.7998046875,160295682.51006472,1244,0.0,NSE,India,INR,Equity,1,1,2026-08-04,2026-08-04
SEC24F30EF3,PCBL,PCBL.NS,PCBL Chemical Limited,Basic Materials,Specialty Chemicals,112294224780.09483,Mid Cap,309.5,781561894.942926,1244,0.0,NSE,India,INR,Equity,1,1,2026-08-04,2026-08-04
SEC33E3825A,CARTRADE,CARTRADE.NS,CarTrade Tech Limited,Consumer Cyclical,Auto & Truck Dealerships,112181809760.0,Mid Cap,2558.60009765625,919400671.64706,1196,0.0,NSE,India,INR,Equity,1,1,2026-08-04,2026-08-04
SEC5BE0F3C9,AAVAS,AAVAS.NS,Aavas Financiers Limited,Financial Services,Mortgage Finance,111629270213.53688,Mid Cap,1471.9000244140625,312116606.0536935,1244,0.0,NSE,India,INR,Equity,1,1,2026-08-04,2026-08-04
SEC63E170F8,AVALON,AVALON.NS,Avalon Technologies Limited,Technology,Electronic Components,110921010438.71802,Mid Cap,1744.5999755859375,701851475.9189504,786,0.0,NSE,India,INR,Equity,1,1,2026-08-04,2026-08-04
SECEEA3E9FE,LUMAXTECH,LUMAXTECH.NS,Lumax Auto Technologies Limited,Consumer Cyclical,Auto Parts,110885771928.50648,Mid Cap,1646.4000244140625,374083123.1748619,1243,0.0,NSE,India,INR,Equity,1,1,2026-08-04,2026-08-04
SECB05C6388,NUVOCO,NUVOCO.NS,Nuvoco Vistas Corporation Limited,Basic Materials,Building Materials,110075530714.41632,Mid Cap,312.75,124777343.80732216,1195,0.0,NSE,India,INR,Equity,1,1,2026-08-04,2026-08-04
SEC4D48407C,RPOWER,RPOWER.NS,Reliance Power Limited,Utilities,Utilities - Independent Power Producers,109473854630.21144,Mid Cap,26.100000381469727,1264581302.9167418,1244,0.0,NSE,India,INR,Equity,1,1,2026-08-04,2026-08-04
SEC915E8D01,VIYASH,VIYASH.NS,Viyash Scientific Limited,Healthcare,Drug Manufacturers - Specialty & Generic,109181273570.08987,Mid Cap,254.9499969482422,475756675.4990714,1244,0.0,NSE,India,INR,Equity,1,1,2026-08-04,2026-08-04
SEC757F4749,ACE,ACE.NS,Action Construction Equipment Limited,Industrials,Farm & Heavy Construction Machinery,109165215160.0818,Mid Cap,975.6500244140624,480912701.1895281,1244,0.0,NSE,India,INR,Equity,1,1,2026-08-04,2026-08-04
SEC5DC76FA3,GODREJAGRO,GODREJAGRO.NS,Godrej Agrovet Limited,Consumer Defensive,Packaged Foods,108596817021.70589,Mid Cap,574.9500122070312,143926315.4341026,1244,0.0,NSE,India,INR,Equity,1,1,2026-08-04,2026-08-04
SEC927BBBFC,METROPOLIS,METROPOLIS.NS,Metropolis Healthcare Limited,Healthcare,Diagnostics & Research,108019955328.0,Mid Cap,552.75,521208280.12017685,1244,0.0,NSE,India,INR,Equity,1,1,2026-08-04,2026-08-04
SECAF86D08C,MGL,MGL.NS,Mahanagar Gas Limited,Utilities,Utilities - Regulated Gas,107667779110.0,Mid Cap,1209.0,653998220.4907482,1243,0.0,NSE,India,INR,Equity,1,1,2026-08-04,2026-08-04
SECB62AB997,SHILPAMED,SHILPAMED.NS,Shilpa Medicare Limited,Healthcare,Drug Manufacturers - Specialty & Generic,107247284028.65332,Mid Cap,551.3499755859375,498379766.83783627,1244,0.0,NSE,India,INR,Equity,1,1,2026-08-04,2026-08-04
SECEF21BF22,SIGNATURE,SIGNATURE.NS,Signatureglobal (India) Limited,Real Estate,Real Estate - Development,106675718322.4184,Mid Cap,798.7999877929688,406538327.34454125,672,0.0,NSE,India,INR,Equity,1,1,2026-08-04,2026-08-04
SEC8B3F0369,SANOFICONR,SANOFICONR.NS,SANOFI CONS HEALTHC IND L,Healthcare,Drug Manufacturers - General,106670940601.09377,Mid Cap,4812.5,81537671.09018266,438,0.0,NSE,India,INR,Equity,1,1,2026-08-04,2026-08-04
SECA316C795,TI,TI.NS,Tilaknagar Industries Ltd.,Consumer Defensive,Beverages - Wineries & Distilleries,106493551459.861,Mid Cap,443.1000061035156,409242796.6141565,1244,0.0,NSE,India,INR,Equity,1,1,2026-08-04,2026-08-04
SEC5B95523B,IEX,IEX.NS,Indian Energy Exchange Limited,Financial Services,Capital Markets,106242326896.76828,Mid Cap,122.77999877929688,1401606194.3663998,1244,0.0,NSE,India,INR,Equity,1,1,2026-08-04,2026-08-04
SEC82144C90,IIFLCAPS,IIFLCAPS.NS,IIFL Capital Services Limited,Financial Services,Capital Markets,105921039167.6825,Mid Cap,344.3999938964844,299767080.7521587,1243,0.0,NSE,India,INR,Equity,1,1,2026-08-04,2026-08-04
SECF49BE2A1,OLECTRA,OLECTRA.NS,Olectra Greentech Limited,Industrials,Farm & Heavy Construction Machinery,105916985028.72424,Mid Cap,1520.300048828125,1306725788.9848268,1244,0.0,NSE,India,INR,Equity,1,1,2026-08-04,2026-08-04
SEC543E04D1,ZEEL,ZEEL.NS,Zee Entertainment Enterprises Limited,Communication Services,Broadcasting,105830029988.72726,Mid Cap,113.36000061035156,1756000877.2943816,1244,0.0,NSE,India,INR,Equity,1,1,2026-08-04,2026-08-04
SECFC2EF9E8,UJJIVANSFB,UJJIVANSFB.NS,Ujjivan Small Finance Bank Limited,Financial Services,Banks - Regional,105821917998.6248,Mid Cap,57.27000045776367,610050785.1649224,1244,0.0,NSE,India,INR,Equity,1,1,2026-08-04,2026-08-04
SECC2AAB3F4,MEDPLUS,MEDPLUS.NS,MedPlus Health Services Limited,Healthcare,Pharmaceutical Retailers,105615461100.0,Mid Cap,844.4500122070312,218080384.48093176,1109,0.0,NSE,India,INR,Equity,1,1,2026-08-04,2026-08-04
SEC75597266,JKTYRE,JKTYRE.NS,JK Tyre & Industries Limited,Consumer Cyclical,Auto Parts,105542791736.67952,Mid Cap,401.2999877929688,625893800.3059682,1244,0.0,NSE,India,INR,Equity,1,1,2026-08-04,2026-08-04
SEC4BF1EEBD,RKFORGE,RKFORGE.NS,Ramkrishna Forgings Limited,Industrials,Metal Fabrication,105525657859.5,Mid Cap,588.7000122070312,415168955.5122222,1244,0.0,NSE,India,INR,Equity,1,1,2026-08-04,2026-08-04
SECEE6FE955,DIACABS,DIACABS.NS,Diamond Power Infrastructure Limited,Industrials,Specialty Industrial Machinery,105473254442.6239,Mid Cap,209.2400054931641,149553745.76452044,1244,0.0,NSE,India,INR,Equity,1,1,2026-08-04,2026-08-04
SEC7219D59A,BLS,BLS.NS,BLS International Services Limited,Industrials,Specialty Business Services,105473148420.435,Mid Cap,267.45001220703125,955913025.2646264,1244,0.0,NSE,India,INR,Equity,1,1,2026-08-04,2026-08-04
SEC401C3F7E,NAZARA,NAZARA.NS,Nazara Technologies Limited,Communication Services,Electronic Gaming & Multimedia,105212066816.0,Mid Cap,297.3500061035156,739344335.7736021,1244,0.0,NSE,India,INR,Equity,1,1,2026-08-04,2026-08-04
SEC22C3CFB8,FIRSTCRY,FIRSTCRY.NS,BRAINBEES SOLUTIONS LTD,Consumer Cyclical,Internet Retail,105140733563.45123,Mid Cap,215.75,557168071.9175705,461,0.0,NSE,India,INR,Equity,1,1,2026-08-04,2026-08-04
SEC1D99331A,MMTC,MMTC.NS,MMTC Limited,Industrials,Conglomerates,104895000457.76369,Mid Cap,74.55000305175781,440447877.3920271,1244,0.0,NSE,India,INR,Equity,1,1,2026-08-04,2026-08-04
SEC7A6CEF96,BBTC,BBTC.NS,The Bombay Burmah Trading Corporation Limited,Consumer Defensive,Packaged Foods,104769483336.58447,Mid Cap,1537.5999755859375,198907550.65138572,1244,0.0,NSE,India,INR,Equity,1,1,2026-08-04,2026-08-04
SECE60D2B46,FINPIPE,FINPIPE.NS,Finolex Industries Limited,Industrials,Building Products & Equipment,104748560910.38316,Mid Cap,175.5800018310547,178951724.12246504,1242,0.0,NSE,India,INR,Equity,1,1,2026-08-04,2026-08-04
SECB1BEE131,PGHL,PGHL.NS,Procter & Gamble Health Limited,Healthcare,Drug Manufacturers - Specialty & Generic,104584406291.0,Mid Cap,6244.0,76330838.77616748,1242,0.0,NSE,India,INR,Equity,1,1,2026-08-04,2026-08-04
SECFD9BB518,TEJASNET,TEJASNET.NS,Tejas Networks Limited,Technology,Communication Equipment,104294705011.48218,Mid Cap,632.3499755859375,1144913756.5252938,1244,0.0,NSE,India,INR,Equity,1,1,2026-08-04,2026-08-04
SECFF034FF6,SANDUMA,SANDUMA.NS,The Sandur Manganese & Iron Ores Limited,Basic Materials,Steel,103831991237.34831,Mid Cap,211.72000122070312,355901922.69579,687,0.0,NSE,India,INR,Equity,1,1,2026-08-04,2026-08-04
SECD1E0B472,INTELLECT,INTELLECT.NS,Intellect Design Arena Limited,Technology,Software - Application,103306919659.42664,Mid Cap,746.7000122070312,482184891.8322631,1244,0.0,NSE,India,INR,Equity,1,1,2026-08-04,2026-08-04
SEC6FB465DA,KTKBANK,KTKBANK.NS,The Karnataka Bank Limited,Financial Services,Banks - Regional,103243566426.0,Mid Cap,274.70001220703125,672927287.5435205,1244,0.0,NSE,India,INR,Equity,1,1,2026-08-04,2026-08-04
SEC66E83CA0,KIRLPNU,KIRLPNU.NS,Kirloskar Pneumatic Company Limited,Industrials,Specialty Industrial Machinery,103082153296.89333,Mid Cap,1950.0,258391829.07573816,779,0.0,NSE,India,INR,Equity,1,1,2026-08-04,2026-08-04
SEC67587A08,EDELWEISS,EDELWEISS.NS,Edelweiss Financial Services Limited,Financial Services,Financial Conglomerates,101752152697.5,Mid Cap,124.70999908447266,699172886.8549861,1244,0.0,NSE,India,INR,Equity,1,1,2026-08-04,2026-08-04
SECD948484B,ZENSARTECH,ZENSARTECH.NS,Zensar Technologies Limited,Technology,Information Technology Services,101284656859.75,Mid Cap,447.9500122070313,581974796.0026121,1244,0.0,NSE,India,INR,Equity,1,1,2026-08-04,2026-08-04
SEC9E4B213B,LLOYDSENT,LLOYDSENT.NS,Lloyds Enterprises Limited,Basic Materials,Steel,100874555320.8001,Mid Cap,77.22000122070312,255704846.90900832,415,0.0,NSE,India,INR,Equity,1,1,2026-08-04,2026-08-04
SECC7C0028F,SBFC,SBFC.NS,SBFC Finance Limited,Financial Services,Credit Services,100102788302.45992,Mid Cap,95.4000015258789,297589535.4316019,702,0.0,NSE,India,INR,Equity,1,1,2026-08-04,2026-08-04
SEC6E506E3F,LLOYDSENGG,LLOYDSENGG.NS,Lloyds Engineering Works Limited,Industrials,Specialty Industrial Machinery,99769134080.0,Mid Cap,86.83999633789062,513829787.3005992,1244,0.0,NSE,India,INR,Equity,1,1,2026-08-04,2026-08-04
SECAD731B1E,HEG,HEG.NS,HEG Limited,Industrials,Electrical Equipment & Parts,99605356820.86548,Mid Cap,531.8499755859375,924653361.1898038,1244,0.0,NSE,India,INR,Equity,1,1,2026-08-04,2026-08-04
SECB815D76A,SWANCORP,SWANCORP.NS,Swan Corp Limited,Industrials,Conglomerates,99130740197.5,Mid Cap,318.25,589250915.5120579,1244,0.0,NSE,India,INR,Equity,1,1,2026-08-04,2026-08-04
SEC9BA4B847,WAAREERTL,WAAREERTL.NS,Waaree Renewable Technologies Limited,Industrials,Engineering & Construction,98575470976.15234,Mid Cap,988.0499877929688,711843464.745308,297,0.0,NSE,India,INR,Equity,1,1,2026-08-04,2026-08-04
SEC615B9E39,BLACKBUCK,BLACKBUCK.NS,BlackBuck Limited,Technology,Software - Application,98376526137.97302,Mid Cap,574.0499877929688,560392299.1271302,391,0.0,NSE,India,INR,Equity,1,1,2026-08-04,2026-08-04
SEC68E88089,JUBLINGREA,JUBLINGREA.NS,Jubilant Ingrevia Limited,Basic Materials,Specialty Chemicals,98249526124.80084,Mid Cap,637.6500244140625,414027094.2609692,1244,0.0,NSE,India,INR,Equity,1,1,2026-08-04,2026-08-04
SECF1743682,VOLTAMP,VOLTAMP.NS,Voltamp Transformers Limited,Industrials,Electrical Equipment & Parts,98136064000.0,Mid Cap,10237.5,380630875.4421222,1244,0.0,NSE,India,INR,Equity,1,1,2026-08-04,2026-08-04
SEC4E47FA94,MANYAVAR,MANYAVAR.NS,Vedant Fashions Limited,Consumer Cyclical,Apparel Manufacturing,97956274838.7346,Mid Cap,412.5,101554360.45942163,1072,0.0,NSE,India,INR,Equity,1,1,2026-08-04,2026-08-04
SEC92B50458,RITES,RITES.NS,RITES Limited,Industrials,Engineering & Construction,97802868009.0,Mid Cap,213.32000732421875,483110702.9402519,1244,0.0,NSE,India,INR,Equity,1,1,2026-08-04,2026-08-04
SECF73E09DD,BANCOINDIA,BANCOINDIA.NS,Banco Products (India) Limited,Consumer Cyclical,Auto Parts,97551438600.0,Mid Cap,663.0499877929688,326504076.9357036,1243,0.0,NSE,India,INR,Equity,1,1,2026-08-04,2026-08-04
SECEE4AFAD6,RAILTEL,RAILTEL.NS,RailTel Corporation of India Limited,Communication Services,Telecom Services,97485041126.25,Mid Cap,319.3999938964844,1091493957.717055,1244,0.0,NSE,India,INR,Equity,1,1,2026-08-04,2026-08-04
SEC6B30E258,WHIRLPOOL,WHIRLPOOL.NS,Whirlpool of India Limited,Consumer Cyclical,"Furnishings, Fixtures & Appliances",97094060865.0,Mid Cap,794.9500122070312,205586624.93177027,1244,0.0,NSE,India,INR,Equity,1,1,2026-08-04,2026-08-04
SEC30713E57,WABAG,WABAG.NS,VA Tech Wabag Limited,Industrials,Engineering & Construction,96558119818.5,Mid Cap,1983.5999755859373,935757948.3891628,1244,0.0,NSE,India,INR,Equity,1,1,2026-08-04,2026-08-04
SECB6F0B5CC,CYIENT,CYIENT.NS,Cyient Limited,Industrials,Conglomerates,96102064273.3396,Mid Cap,859.0499877929688,370188229.7774766,1244,0.0,NSE,India,INR,Equity,1,1,2026-08-04,2026-08-04
SEC0DE6093A,AKUMS,AKUMS.NS,AKUMS DRUGS AND PHARMA L,Healthcare,Drug Manufacturers - Specialty & Generic,95964368085.4784,Mid Cap,604.7000122070312,218307300.3704511,463,0.0,NSE,India,INR,Equity,1,1,2026-08-04,2026-08-04
SEC08E1EF00,NCC,NCC.NS,NCC Limited,Industrials,Engineering & Construction,94647873141.0,Mid Cap,155.83999633789062,771212375.4928465,1244,0.0,NSE,India,INR,Equity,1,1,2026-08-04,2026-08-04
SECA25AAC58,HCG,HCG.NS,HealthCare Global Enterprises Limited,Healthcare,Medical Care Facilities,94508294499.0,Mid Cap,610.9500122070312,126889992.264695,1244,0.0,NSE,India,INR,Equity,1,1,2026-08-04,2026-08-04
SEC0A5755B3,TARIL,TARIL.NS,TRANS & RECTI. LTD,Industrials,Electrical Equipment & Parts,93771804709.53314,Mid Cap,357.54998779296875,751045987.1110442,1244,0.0,NSE,India,INR,Equity,1,1,2026-08-04,2026-08-04
SEC8AB2630A,STAR,STAR.NS,Strides Pharma Science Limited,Healthcare,Drug Manufacturers - Specialty & Generic,93278787580.0,Mid Cap,1110.9000244140625,680638316.4793346,1244,0.0,NSE,India,INR,Equity,1,1,2026-08-04,2026-08-04
SECCB6FA232,ALKYLAMINE,ALKYLAMINE.NS,Alkyl Amines Chemicals Limited,Basic Materials,Specialty Chemicals,93169117031.13184,Mid Cap,1845.4000244140625,141549837.90915504,1244,0.0,NSE,India,INR,Equity,1,1,2026-08-04,2026-08-04
SEC903DA5CF,TTML,TTML.NS,Tata Teleservices (Maharashtra) Limited,Communication Services,Telecom Services,93054556822.217,Mid Cap,44.18999862670898,309928683.4507689,1244,0.0,NSE,India,INR,Equity,1,1,2026-08-04,2026-08-04
SEC45665C14,MANORAMA,MANORAMA.NS,Manorama Industries Limited,Consumer Defensive,Packaged Foods,92966181210.0,Mid Cap,1558.199951171875,134005384.8179007,981,0.0,NSE,India,INR,Equity,1,1,2026-08-04,2026-08-04
SECD2CDD23B,RATEGAIN,RATEGAIN.NS,RateGain Travel Technologies Limited,Technology,Software - Application,92759914524.37347,Mid Cap,867.7000122070312,453300014.396533,1114,0.0,NSE,India,INR,Equity,1,1,2026-08-04,2026-08-04
SEC33113CB1,PVRINOX,PVRINOX.NS,PVR INOX Limited,Communication Services,Entertainment,92553464185.0,Mid Cap,948.9000244140624,614184947.3555827,1243,0.0,NSE,India,INR,Equity,1,1,2026-08-04,2026-08-04
SEC9D183BCB,VESUVIUS,VESUVIUS.NS,Vesuvius India Limited,Industrials,Specialty Industrial Machinery,90906141081.2256,Mid Cap,464.8999938964844,89006835.51850668,1243,0.0,NSE,India,INR,Equity,1,1,2026-08-04,2026-08-04
SEC9CB495A5,BLUEJET,BLUEJET.NS,Blue Jet Healthcare Limited,Healthcare,Biotechnology,89126533247.50214,Mid Cap,512.5999755859375,259072241.0597033,651,0.0,NSE,India,INR,Equity,1,1,2026-08-04,2026-08-04
SEC3B457134,POWERMECH,POWERMECH.NS,Power Mech Projects Limited,Industrials,Engineering & Construction,88364371423.27148,Mid Cap,2839.89990234375,317872618.92137766,1243,0.0,NSE,India,INR,Equity,1,1,2026-08-04,2026-08-04
SEC7D5B6E0E,SAREGAMA,SAREGAMA.NS,Saregama India Limited,Communication Services,Entertainment,88224582775.62775,Mid Cap,465.8999938964844,287777545.6437318,1243,0.0,NSE,India,INR,Equity,1,1,2026-08-04,2026-08-04
SECDF3DB073,STARCEMENT,STARCEMENT.NS,Star Cement Limited,Basic Materials,Building Materials,87986035963.4986,Mid Cap,213.25,120675752.21922769,1243,0.0,NSE,India,INR,Equity,1,1,2026-08-04,2026-08-04
SEC8C80E4E8,ESABINDIA,ESABINDIA.NS,ESAB India Limited,Industrials,Tools & Accessories,87717124470.0,Mid Cap,5829.0,52017057.352657005,1242,0.0,NSE,India,INR,Equity,1,1,2026-08-04,2026-08-04
SECE733A4E6,JAYNECOIND,JAYNECOIND.NS,Jayaswal Neco Industries Limited,Basic Materials,Steel,87205349923.03882,Mid Cap,89.68000030517578,339181967.51055074,1244,0.0,NSE,India,INR,Equity,1,1,2026-08-04,2026-08-04
SEC26356D91,JLHL,JLHL.NS,Jupiter Life Line Hospitals Limited,Healthcare,Medical Care Facilities,86940545172.0,Mid Cap,1342.0999755859375,107872720.6741243,678,0.0,NSE,India,INR,Equity,1,1,2026-08-04,2026-08-04
SEC2807D971,BSOFT,BSOFT.NS,Birlasoft Limited,Technology,Information Technology Services,86850363996.0,Mid Cap,326.3999938964844,783146154.7857862,1244,0.0,NSE,India,INR,Equity,1,1,2026-08-04,2026-08-04
SEC8A82865E,VARROC,VARROC.NS,Varroc Engineering Limited,Consumer Cyclical,Auto Parts,86637222945.0,Mid Cap,615.2000122070312,241802440.50380835,1243,0.0,NSE,India,INR,Equity,1,1,2026-08-04,2026-08-04
SEC58293533,TSFINV,TSFINV.NS,TSF Investments Limited,Financial Services,Asset Management,86566373847.75,Mid Cap,395.3999938964844,73277593.50134048,1244,0.0,NSE,India,INR,Equity,1,1,2026-08-04,2026-08-04
SECF811F295,GENUSPOWER,GENUSPOWER.NS,Genus Power Infrastructures Limited,Industrials,Electrical Equipment & Parts,86464775627.22488,Mid Cap,324.70001220703125,323872108.6119192,1244,0.0,NSE,India,INR,Equity,1,1,2026-08-04,2026-08-04
SEC3A794A69,SIGMAADV,SIGMAADV.NS,Sigma Advanced Systems Limited,Industrials,Aerospace & Defense,85476256925.0,Mid Cap,525.0499877929688,139219991.51472455,1243,0.0,NSE,India,INR,Equity,1,1,2026-08-04,2026-08-04
SEC061791D8,PGINVIT,PGINVIT.NS,"PGINVIT.NS,0P0001MGQ9,2267108",,,85439824332.58057,Mid Cap,93.77999877929688,100809363.27030402,1237,0.0,NSE,India,INR,Equity,1,1,2026-08-04,2026-08-04
SEC6587CEB1,RELAXO,RELAXO.NS,Relaxo Footwears Limited,Consumer Cyclical,Footwear & Accessories,85385934998.0,Mid Cap,355.8500061035156,67061741.81484031,1243,0.0,NSE,India,INR,Equity,1,1,2026-08-04,2026-08-04
SECFD7866A4,BATAINDIA,BATAINDIA.NS,Bata India Limited,Consumer Cyclical,Footwear & Accessories,85181627135.0,Mid Cap,747.7000122070312,250892343.8862885,1244,0.0,NSE,India,INR,Equity,1,1,2026-08-04,2026-08-04
SECC4F3C477,EQUITASBNK,EQUITASBNK.NS,Equitas Small Finance Bank Limited,Financial Services,Banks - Regional,84829844256.80283,Mid Cap,77.25,283953504.1169614,1244,0.0,NSE,India,INR,Equity,1,1,2026-08-04,2026-08-04
SECA5C10BE1,PARAS,PARAS.NS,Paras Defence and Space Technologies Limited,Industrials,Aerospace & Defense,84620729801.42822,Mid Cap,1408.6500244140625,1144638696.70428,1167,0.0,NSE,India,INR,Equity,1,1,2026-08-04,2026-08-04
SECE5419AA5,TRIVENI,TRIVENI.NS,Triveni Engineering & Industries Limited,Consumer Defensive,Confectioners,84376997481.41089,Mid Cap,403.5499877929688,342079049.69847155,1244,0.0,NSE,India,INR,Equity,1,1,2026-08-04,2026-08-04
SEC28DC7F1C,EUREKAFORB,EUREKAFORB.NS,Eureka Forbes Limited,Consumer Cyclical,"Furnishings, Fixtures & Appliances",84217312914.0,Mid Cap,468.75,114064269.88636364,440,0.0,NSE,India,INR,Equity,1,1,2026-08-04,2026-08-04
SEC29FB614F,ASKAUTOLTD,ASKAUTOLTD.NS,ASK AUTOMOTIVE LIMITED,Consumer Cyclical,Auto Parts,84051748713.26294,Mid Cap,470.0,167465101.15264797,642,0.0,NSE,India,INR,Equity,1,1,2026-08-04,2026-08-04
SEC389C176C,LEMONTREE,LEMONTREE.NS,Lemon Tree Hotels Limited,Consumer Cyclical,Lodging,84038786054.11554,Mid Cap,113.04000091552734,552032037.3882865,1244,0.0,NSE,India,INR,Equity,1,1,2026-08-04,2026-08-04
SEC0663E0F6,THYROCARE,THYROCARE.NS,Thyrocare Technologies Limited,Healthcare,Diagnostics & Research,83727005607.65826,Mid Cap,540.5499877929688,276135737.2395756,1244,0.0,NSE,India,INR,Equity,1,1,2026-08-04,2026-08-04
SEC9A281DF2,KRBL,KRBL.NS,KRBL Limited,Consumer Defensive,Packaged Foods,82972585850.0,Mid Cap,384.9500122070313,304309767.57416934,1243,0.0,NSE,India,INR,Equity,1,1,2026-08-04,2026-08-04
SECCFAFA0DE,CELLO,CELLO.NS,Cello World Limited,Consumer Cyclical,"Furnishings, Fixtures & Appliances",82500560199.0,Mid Cap,390.2000122070313,116490339.4294273,646,0.0,NSE,India,INR,Equity,1,1,2026-08-04,2026-08-04
SEC72948356,TIMETECHNO,TIMETECHNO.NS,Time Technoplast Limited,Consumer Cyclical,Packaging & Containers,82437108293.0,Mid Cap,178.4199981689453,618850811.7947638,1244,0.0,NSE,India,INR,Equity,1,1,2026-08-04,2026-08-04
SEC66EFE698,KRN,KRN.NS,KRN HEAT EXCHANGE N REF L,Technology,Electronic Components,81895110236.49243,Mid Cap,1235.199951171875,1507162683.9027305,426,0.0,NSE,India,INR,Equity,1,1,2026-08-04,2026-08-04
SECCB1A1BA7,MAHSEAMLES,MAHSEAMLES.NS,Maharashtra Seamless Limited,Basic Materials,Steel,81752940373.73389,Mid Cap,630.6500244140625,237718362.8755909,1244,0.0,NSE,India,INR,Equity,1,1,2026-08-04,2026-08-04
SEC71A267FA,INDIASHLTR,INDIASHLTR.NS,India Shelter Finance Corporation Limited,Financial Services,Mortgage Finance,81523555846.4862,Mid Cap,784.3499755859375,186598392.2395741,616,0.0,NSE,India,INR,Equity,1,1,2026-08-04,2026-08-04
SECE0DD42F1,SHARDACROP,SHARDACROP.NS,Sharda Cropchem Limited,Basic Materials,Agricultural Inputs,81469106985.0,Mid Cap,900.7999877929688,294220065.9907246,1243,0.0,NSE,India,INR,Equity,1,1,2026-08-04,2026-08-04
SEC351F8997,MIDHANI,MIDHANI.NS,Mishra Dhatu Nigam Limited,Basic Materials,Steel,81399230000.0,Mid Cap,437.0,408821736.6069132,1244,0.0,NSE,India,INR,Equity,1,1,2026-08-04,2026-08-04
SECCF847B0A,GRINFRA,GRINFRA.NS,G R Infraprojects Limited,Industrials,Engineering & Construction,81380441734.2912,Mid Cap,895.1500244140625,83749288.95381723,1218,0.0,NSE,India,INR,Equity,1,1,2026-08-04,2026-08-04
SEC3B95D27C,EMBDL,EMBDL.NS,Embassy Developments Limited,Real Estate,Real Estate - Diversified,81247455219.36134,Mid Cap,62.13999938964844,631593298.1827142,1244,0.0,NSE,India,INR,Equity,1,1,2026-08-04,2026-08-04
SEC1434BAD3,V2RETAIL,V2RETAIL.NS,V2 Retail Limited,Consumer Cyclical,Apparel Retail,81182903909.4429,Mid Cap,236.8500061035156,160448496.55325302,1244,0.0,NSE,India,INR,Equity,1,1,2026-08-04,2026-08-04
SEC37DC872A,RELIGARE,RELIGARE.NS,Religare Enterprises Limited,Financial Services,Insurance - Life,81094196703.57452,Mid Cap,253.3999938964844,377017229.87682337,1243,0.0,NSE,India,INR,Equity,1,1,2026-08-04,2026-08-04
SECA88A6A0C,CLEAN,CLEAN.NS,Clean Science and Technology Limited,Basic Materials,Specialty Chemicals,81082937102.78809,Mid Cap,782.1500244140625,199132044.1442871,1218,0.0,NSE,India,INR,Equity,1,1,2026-08-04,2026-08-04
SECC883EC44,TIPSMUSIC,TIPSMUSIC.NS,Tips Music Limited,Communication Services,Entertainment,80981312265.0,Mid Cap,653.0,166443764.73392284,1244,0.0,NSE,India,INR,Equity,1,1,2026-08-04,2026-08-04
SEC0DBB814E,GMRP&UI,GMRP&UI.NS,GMR Power And Urban Infra Limited,Energy,Thermal Coal,80913414812.66183,Mid Cap,100.51000213623048,291771148.7587252,1050,0.0,NSE,India,INR,Equity,1,1,2026-08-04,2026-08-04
SEC4B8B5F25,AXISCADES,AXISCADES.NS,AXISCADES Technologies Limited,Industrials,Engineering & Construction,80766348111.0,Mid Cap,1943.199951171875,266011412.8366481,1244,0.0,NSE,India,INR,Equity,1,1,2026-08-04,2026-08-04
SEC1956B0EC,YATHARTH,YATHARTH.NS,Yatharth Hospital & Trauma Care Services Limited,Healthcare,Medical Care Facilities,80320989642.7987,Mid Cap,839.75,480165781.01551485,709,0.0,NSE,India,INR,Equity,1,1,2026-08-04,2026-08-04
SEC3F9C1B92,SUPRIYA,SUPRIYA.NS,Supriya Lifescience Limited,Healthcare,Biotechnology,79275558000.0,Mid Cap,932.2000122070312,442755378.4558155,1107,0.0,NSE,India,INR,Equity,1,1,2026-08-04,2026-08-04
SEC41F2A0B4,SKYGOLD,SKYGOLD.NS,Sky Gold and Diamonds Limited,Consumer Cyclical,Luxury Goods,78459110579.67517,Mid Cap,509.3999938964844,437717195.0673433,852,0.0,NSE,India,INR,Equity,1,1,2026-08-04,2026-08-04
SEC9F2988B1,KPIGREEN,KPIGREEN.NS,KPI Green Energy Limited,Utilities,Utilities - Renewable,78179263344.0,Mid Cap,409.1499938964844,509794485.3017516,1213,0.0,NSE,India,INR,Equity,1,1,2026-08-04,2026-08-04
SECC773ACA3,E2E,E2E.NS,E2E Networks Limited,Technology,Software - Infrastructure,78048348200.0,Mid Cap,425.8999938964844,225460969.49499413,1244,0.0,NSE,India,INR,Equity,1,1,2026-08-04,2026-08-04
SECE68E3D05,IRBINVIT,IRBINVIT.NS,IRB InvIT Fund,,,77844386151.12305,Mid Cap,60.310001373291016,28952139.66677999,1236,0.0,NSE,India,INR,Equity,1,1,2026-08-04,2026-08-04
SEC774D186C,SKFINDIA,SKFINDIA.NS,SKF India Limited,Industrials,Tools & Accessories,77775800977.63696,Mid Cap,1638.300048828125,78557202.45137814,1244,0.0,NSE,India,INR,Equity,1,1,2026-08-04,2026-08-04
SECD3F8DAE4,CERA,CERA.NS,Cera Sanitaryware Limited,Industrials,Building Products & Equipment,77576970405.0,Mid Cap,6448.0,151915123.81013677,1243,0.0,NSE,India,INR,Equity,1,1,2026-08-04,2026-08-04
SECD257E98B,NESCO,NESCO.NS,Nesco Limited,Industrials,Conglomerates,76449056600.0,Mid Cap,1138.0,109635069.3510467,1242,0.0,NSE,India,INR,Equity,1,1,2026-08-04,2026-08-04
SEC0BED6070,IXIGO,IXIGO.NS,LE TRAVENUES TECHNOLOGY L,Consumer Cyclical,Travel Services,76253852368.35713,Mid Cap,189.97999572753903,523134826.89297867,500,0.0,NSE,India,INR,Equity,1,1,2026-08-04,2026-08-04
SECE8164C1D,BAJAJCON,BAJAJCON.NS,Bajaj Consumer Care Limited,Consumer Defensive,Household & Personal Products,76039458759.07385,Mid Cap,625.25,466259788.9700563,1244,0.0,NSE,India,INR,Equity,1,1,2026-08-04,2026-08-04
SEC4817EFBA,RHIM,RHIM.NS,RHI Magnesita India Limited,Industrials,Metal Fabrication,75909925457.98468,Mid Cap,381.9500122070313,149645370.0170229,1243,0.0,NSE,India,INR,Equity,1,1,2026-08-04,2026-08-04
SECB1FC1590,BORORENEW,BORORENEW.NS,Borosil Renewables Limited,Technology,Solar,75858131207.25,Mid Cap,598.25,361822138.6173634,1244,0.0,NSE,India,INR,Equity,1,1,2026-08-04,2026-08-04
SEC036FD0B4,SFL,SFL.NS,Sheela Foam Limited,Consumer Cyclical,"Furnishings, Fixtures & Appliances",75814400744.5,Mid Cap,700.6500244140625,77876635.73679295,1244,0.0,NSE,India,INR,Equity,1,1,2026-08-04,2026-08-04
SEC9A705694,INOXGREEN,INOXGREEN.NS,Inox Green Energy Services Limited,Utilities,Utilities - Renewable,75360055621.24352,Mid Cap,199.47000122070312,484934496.8994682,884,0.0,NSE,India,INR,Equity,1,1,2026-08-04,2026-08-04
SEC303A4768,SAFARI,SAFARI.NS,Safari Industries (India) Limited,Consumer Cyclical,Footwear & Accessories,75227770201.58044,Mid Cap,1675.5,108489225.3200483,1242,0.0,NSE,India,INR,Equity,1,1,2026-08-04,2026-08-04
SEC7F22642E,PGIL,PGIL.NS,Pearl Global Industries Limited,Consumer Cyclical,Apparel Manufacturing,75210834534.5,Mid Cap,1793.5,165311975.38093323,1243,0.0,NSE,India,INR,Equity,1,1,2026-08-04,2026-08-04
SECBA173D93,WELENT,WELENT.NS,Welspun Enterprises Limited,Industrials,Engineering & Construction,75035119417.55798,Mid Cap,567.8499755859375,212503299.696822,1244,0.0,NSE,India,INR,Equity,1,1,2026-08-04,2026-08-04
SECB1A07177,IMFA,IMFA.NS,Indian Metals and Ferro Alloys Limited,Basic Materials,Other Industrial Metals & Mining,74909882087.63892,Mid Cap,1429.0999755859375,243768212.5269788,1244,0.0,NSE,India,INR,Equity,1,1,2026-08-04,2026-08-04
SEC5CF2B745,JSLL,JSLL.NS,JEENA SIKHO LIFECARE LTD,Healthcare,Medical Care Facilities,74456137270.0,Mid Cap,557.2000122070312,97835888.35980828,1022,0.0,NSE,India,INR,Equity,1,1,2026-08-04,2026-08-04
SECA7B8BD2E,JKLAKSHMI,JKLAKSHMI.NS,JK Lakshmi Cement Limited,Basic Materials,Building Materials,73605233206.26978,Mid Cap,605.5,185817328.43971065,1244,0.0,NSE,India,INR,Equity,1,1,2026-08-04,2026-08-04
SECEA3E95CE,TTKPRESTIG,TTKPRESTIG.NS,TTK Prestige Limited,Consumer Cyclical,"Furnishings, Fixtures & Appliances",73508440662.0,Mid Cap,541.2999877929688,68906243.97822733,1244,0.0,NSE,India,INR,Equity,1,1,2026-08-04,2026-08-04
SECA5F88EF1,GPPL,GPPL.NS,Gujarat Pipavav Port Limited,Industrials,Marine Shipping,73414400648.30887,Mid Cap,153.0800018310547,331014836.0674793,1244,0.0,NSE,India,INR,Equity,1,1,2026-08-04,2026-08-04
SEC239D1A81,REDTAPE,REDTAPE.NS,REDTAPE Limited,Consumer Cyclical,Footwear & Accessories,73379683860.66284,Mid Cap,134.1300048828125,51142033.64043401,705,0.0,NSE,India,INR,Equity,1,1,2026-08-04,2026-08-04
SECFC60F832,JYOTHYLAB,JYOTHYLAB.NS,Jyothy Labs Limited,Consumer Defensive,Household & Personal Products,73354768700.19044,Mid Cap,202.27999877929688,153784538.68613347,1244,0.0,NSE,India,INR,Equity,1,1,2026-08-04,2026-08-04
SEC23AF34D7,GNFC,GNFC.NS,Gujarat Narmada Valley Fertilizers & Chemicals Limited,Basic Materials,Chemicals,72956049109.5,Mid Cap,567.6500244140625,704337914.8287648,1244,0.0,NSE,India,INR,Equity,1,1,2026-08-04,2026-08-04
SECA940EC34,SPARC,SPARC.NS,Sun Pharma Advanced Research Company Limited,Healthcare,Drug Manufacturers - Specialty & Generic,72861588324.26581,Mid Cap,238.08999633789065,344782842.4339249,1244,0.0,NSE,India,INR,Equity,1,1,2026-08-04,2026-08-04
SECAE9131D6,PNGJL,PNGJL.NS,P N GADGIL JEWELLERS LTD,Consumer Cyclical,Luxury Goods,72583598591.85828,Mid Cap,552.7999877929688,249554719.7561059,437,0.0,NSE,India,INR,Equity,1,1,2026-08-04,2026-08-04
SEC6A48F62C,CAMPUS,CAMPUS.NS,Campus Activewear Limited,Consumer Cyclical,Footwear & Accessories,72532549071.9429,Mid Cap,237.4499969482422,254869421.84201103,1020,0.0,NSE,India,INR,Equity,1,1,2026-08-04,2026-08-04
SEC37709577,GAEL,GAEL.NS,Gujarat Ambuja Exports Limited,Consumer Defensive,Packaged Foods,72359880802.04681,Mid Cap,159.97999572753906,193316943.5963992,1244,0.0,NSE,India,INR,Equity,1,1,2026-08-04,2026-08-04
SEC5DAB5A64,BIRLACORPN,BIRLACORPN.NS,Birla Corporation Limited,Basic Materials,Building Materials,72100105456.09332,Mid Cap,1018.2999877929688,133361415.40991728,1243,0.0,NSE,India,INR,Equity,1,1,2026-08-04,2026-08-04
SEC51C51148,EPL,EPL.NS,EPL Limited,Consumer Cyclical,Packaging & Containers,71771467612.41086,Mid Cap,229.57000732421875,194768646.8028516,1243,0.0,NSE,India,INR,Equity,1,1,2026-08-04,2026-08-04
SECA2789F95,SANOFI,SANOFI.NS,Sanofi India Limited,Healthcare,Drug Manufacturers - General,71763418152.0,Mid Cap,3341.0,70113887.33065166,1243,0.0,NSE,India,INR,Equity,1,1,2026-08-04,2026-08-04
SEC0FE8577E,ABFRL,ABFRL.NS,Aditya Birla Fashion and Retail Limited,Consumer Cyclical,Apparel Manufacturing,71753355387.09378,Mid Cap,60.63999938964844,285970636.5996006,1244,0.0,NSE,India,INR,Equity,1,1,2026-08-04,2026-08-04
SEC9B8902A7,TCI,TCI.NS,Transport Corporation of India Limited,Industrials,Integrated Freight & Logistics,71667192954.82214,Mid Cap,948.0499877929688,74824128.33805762,1243,0.0,NSE,India,INR,Equity,1,1,2026-08-04,2026-08-04
SEC3A08E602,SUVEN,SUVEN.NS,Suven Life Sciences Limited,Healthcare,Drug Manufacturers - Specialty & Generic,71521025328.8454,Mid Cap,268.20001220703125,154043141.2604167,1244,0.0,NSE,India,INR,Equity,1,1,2026-08-04,2026-08-04
SECD5EEF5EC,PRECWIRE,PRECWIRE.NS,Precision Wires India Limited,Industrials,Electrical Equipment & Parts,71185424349.22867,Mid Cap,408.25,278539314.1772508,1244,0.0,NSE,India,INR,Equity,1,1,2026-08-04,2026-08-04
SEC30F30E63,SONATSOFTW,SONATSOFTW.NS,Sonata Software Limited,Technology,Information Technology Services,70527231545.90968,Mid Cap,297.3999938964844,354769114.21894187,1244,0.0,NSE,India,INR,Equity,1,1,2026-08-04,2026-08-04
SECC4B40BEE,MAXESTATES,MAXESTATES.NS,MAX ESTATES LIMITED,Real Estate,Real Estate - Development,69948181781.94928,Mid Cap,452.6000061035156,69010457.07349434,651,0.0,NSE,India,INR,Equity,1,1,2026-08-04,2026-08-04
SEC6DCB15F9,RCF,RCF.NS,Rashtriya Chemicals and Fertilizers Limited,Basic Materials,Agricultural Inputs,69716826712.25662,Mid Cap,136.64999389648438,689127285.6100624,1244,0.0,NSE,India,INR,Equity,1,1,2026-08-04,2026-08-04
SECBCC3DA59,SUDARSCHEM,SUDARSCHEM.NS,Sudarshan Chemical Industries Limited,Basic Materials,Specialty Chemicals,69338198696.0,Mid Cap,913.5999755859376,221027487.5821558,1243,0.0,NSE,India,INR,Equity,1,1,2026-08-04,2026-08-04
SEC68F7EAF4,MAHLIFE,MAHLIFE.NS,Mahindra Lifespace Developers Limited,Real Estate,Real Estate - Development,69208375443.8594,Mid Cap,352.3500061035156,101162518.86462724,1244,0.0,NSE,India,INR,Equity,1,1,2026-08-04,2026-08-04
SEC59B79F71,KIRLFER,KIRLFER.NS,Kirloskar Ferrous Industries Limited,Industrials,Metal Fabrication,69173823866.0506,Mid Cap,476.7999877929688,107966149.71946011,665,0.0,NSE,India,INR,Equity,1,1,2026-08-04,2026-08-04
SECAB73E936,WESTLIFE,WESTLIFE.NS,Westlife Foodworld Limited,Consumer Cyclical,Restaurants,69094295506.93817,Mid Cap,467.1000061035156,83832787.87523557,1243,0.0,NSE,India,INR,Equity,1,1,2026-08-04,2026-08-04
SEC2B0D677A,DBL,DBL.NS,Dilip Buildcon Limited,Industrials,Engineering & Construction,69055299499.78458,Mid Cap,439.5,306032196.96135265,1242,0.0,NSE,India,INR,Equity,1,1,2026-08-04,2026-08-04
SEC28358485,KINGFA,KINGFA.NS,Kingfa Science & Technology (India) Limited,Basic Materials,Specialty Chemicals,68780034265.5,Mid Cap,5159.5,62056048.26328503,1242,0.0,NSE,India,INR,Equity,1,1,2026-08-04,2026-08-04
SEC9F6FB5A7,GOKULAGRO,GOKULAGRO.NS,Gokul Agro Resources Limited,Consumer Defensive,Packaged Foods,68466021107.06647,Mid Cap,221.7700042724609,165655135.59289557,1244,0.0,NSE,India,INR,Equity,1,1,2026-08-04,2026-08-04
SEC8077C8DF,BALAMINES,BALAMINES.NS,Balaji Amines Limited,Basic Materials,Specialty Chemicals,68379067235.83984,Mid Cap,2138.199951171875,273588452.07964087,1244,0.0,NSE,India,INR,Equity,1,1,2026-08-04,2026-08-04
SEC76816FCF,DYNAMATECH,DYNAMATECH.NS,Dynamatic Technologies Limited,Consumer Cyclical,Auto Parts,68335499466.0,Mid Cap,10923.0,204301436.920354,1243,0.0,NSE,India,INR,Equity,1,1,2026-08-04,2026-08-04
SEC0E3587FA,AVL,AVL.NS,Aditya Vision Limited,Consumer Cyclical,Specialty Retail,68314028450.0,Mid Cap,629.9000244140625,182351636.74444976,400,0.0,NSE,India,INR,Equity,1,1,2026-08-04,2026-08-04
SEC39615199,SJS,SJS.NS,S.J.S. Enterprises Limited,Consumer Cyclical,Auto Parts,68042957404.0,Mid Cap,2215.300048828125,342839621.2356157,1137,0.0,NSE,India,INR,Equity,1,1,2026-08-04,2026-08-04
SEC778DC8CE,GARFIBRES,GARFIBRES.NS,Garware Technical Fibres Limited,Consumer Cyclical,Textile Manufacturing,67626360137.7536,Mid Cap,796.4000244140625,72815723.67291234,1243,0.0,NSE,India,INR,Equity,1,1,2026-08-04,2026-08-04
SEC5993B676,TANLA,TANLA.NS,Tanla Platforms Limited,Technology,Software - Application,67540703979.0,Mid Cap,521.3499755859375,424506911.35966337,1244,0.0,NSE,India,INR,Equity,1,1,2026-08-04,2026-08-04
SEC545CA7CB,ACI,ACI.NS,Archean Chemical Industries Limited,Basic Materials,Chemicals,67470012321.0,Mid Cap,527.75,234080148.61553672,885,0.0,NSE,India,INR,Equity,1,1,2026-08-04,2026-08-04
SEC799BB30A,PRICOLLTD,PRICOLLTD.NS,Pricol Limited,Consumer Cyclical,Auto Parts,67369998019.5,Mid Cap,559.1500244140625,431997813.5970745,1243,0.0,NSE,India,INR,Equity,1,1,2026-08-04,2026-08-04
SEC6F471E07,ICIL,ICIL.NS,Indo Count Industries Limited,Consumer Cyclical,Textile Manufacturing,66625478767.17224,Mid Cap,394.6000061035156,216944384.35448384,1244,0.0,NSE,India,INR,Equity,1,1,2026-08-04,2026-08-04
SECD7E2F2AA,RAIN,RAIN.NS,Rain Industries Limited,Basic Materials,Specialty Chemicals,66404724941.50067,Mid Cap,191.0,543259036.0972669,1244,0.0,NSE,India,INR,Equity,1,1,2026-08-04,2026-08-04
SEC72F7EFC0,ISGEC,ISGEC.NS,Isgec Heavy Engineering Limited,Industrials,Specialty Industrial Machinery,66356707197.07703,Mid Cap,925.0,99212112.55028158,1243,0.0,NSE,India,INR,Equity,1,1,2026-08-04,2026-08-04
SEC4FD4DB2F,CEIGALL,CEIGALL.NS,CEIGALL INDIA LIMITED,Industrials,Engineering & Construction,65692654146.36209,Mid Cap,374.6000061035156,150673116.09827057,462,0.0,NSE,India,INR,Equity,1,1,2026-08-04,2026-08-04
SECD62CF596,DODLA,DODLA.NS,Dodla Dairy Limited,Consumer Defensive,Food Distribution,65582359691.0531,Mid Cap,1108.9000244140625,116304199.15370278,1231,0.0,NSE,India,INR,Equity,1,1,2026-08-04,2026-08-04
SECB28F31B0,ASHAPURMIN,ASHAPURMIN.NS,Ashapura Minechem Limited,Basic Materials,Other Industrial Metals & Mining,65440152268.80994,Mid Cap,708.1500244140625,309937796.68363565,1244,0.0,NSE,India,INR,Equity,1,1,2026-08-04,2026-08-04
SEC6AC728DE,SHAKTIPUMP,SHAKTIPUMP.NS,Shakti Pumps (India) Limited,Industrials,Specialty Industrial Machinery,65123276028.75,Mid Cap,551.0499877929688,519171170.5860152,1244,0.0,NSE,India,INR,Equity,1,1,2026-08-04,2026-08-04
SEC873FDE53,NEWGEN,NEWGEN.NS,Newgen Software Technologies Limited,Technology,Software - Infrastructure,64933374140.0,Mid Cap,481.9500122070313,378251333.5231525,1244,0.0,NSE,India,INR,Equity,1,1,2026-08-04,2026-08-04
SEC3D9E0C9D,GSFC,GSFC.NS,Gujarat State Fertilizers & Chemicals Limited,Basic Materials,Agricultural Inputs,64800413982.908936,Mid Cap,165.44000244140625,474193951.5476713,1244,0.0,NSE,India,INR,Equity,1,1,2026-08-04,2026-08-04
SEC01319CF4,GREENLAM,GREENLAM.NS,Greenlam Industries Limited,Consumer Cyclical,"Furnishings, Fixtures & Appliances",64710558935.40161,Mid Cap,252.25,37998908.11332528,1242,0.0,NSE,India,INR,Equity,1,1,2026-08-04,2026-08-04
SEC1270233D,INDIAGLYCO,INDIAGLYCO.NS,India Glycols Limited,Basic Materials,Chemicals,64308830497.447815,Mid Cap,957.75,363366452.01909167,1244,0.0,NSE,India,INR,Equity,1,1,2026-08-04,2026-08-04
SECCA52E1A1,HNDFDS,HNDFDS.NS,Hindustan Foods Limited,Industrials,Conglomerates,63992084019.37378,Mid Cap,545.4000244140625,40326979.16270245,1243,0.0,NSE,India,INR,Equity,1,1,2026-08-04,2026-08-04
SEC090BD04D,TRANSRAILL,TRANSRAILL.NS,TRANSRAIL LIGHTING LTD,Industrials,Engineering & Construction,63946143068.63251,Mid Cap,507.7000122070313,888838213.1196785,368,0.0,NSE,India,INR,Equity,1,1,2026-08-04,2026-08-04
SEC1496C517,JKPAPER,JKPAPER.NS,JK Paper Limited,Basic Materials,Paper & Paper Products,63787941424.4361,Mid Cap,349.8999938964844,386604357.1596071,1243,0.0,NSE,India,INR,Equity,1,1,2026-08-04,2026-08-04
SEC6F2028B3,ETHOSLTD,ETHOSLTD.NS,Ethos Limited,Consumer Cyclical,Luxury Goods,63688659572.07202,Mid Cap,2380.89990234375,124066917.72186305,1004,0.0,NSE,India,INR,Equity,1,1,2026-08-04,2026-08-04
SEC4A26C4EE,KOVAI,KOVAI.NS,Kovai Medical Center and Hospital Limited,Healthcare,Medical Care Facilities,63410408290.0,Mid Cap,5842.5,29068185.85714286,665,0.0,NSE,India,INR,Equity,1,1,2026-08-04,2026-08-04
SECB5C42954,SUNFLAG,SUNFLAG.NS,Sunflag Iron and Steel Company Limited,Basic Materials,Steel,63302081110.0,Mid Cap,358.54998779296875,222371479.7852698,1244,0.0,NSE,India,INR,Equity,1,1,2026-08-04,2026-08-04
SEC122B4FCC,FDC,FDC.NS,FDC Limited,Healthcare,Drug Manufacturers - Specialty & Generic,63007502508.0,Mid Cap,389.3500061035156,101316164.93129012,1243,0.0,NSE,India,INR,Equity,1,1,2026-08-04,2026-08-04
SEC7E60C2CC,GANESHHOU,GANESHHOU.NS,Ganesh Housing Limited,Real Estate,Real Estate - Development,62832172315.0,Mid Cap,769.0,89208598.53338696,1243,0.0,NSE,India,INR,Equity,1,1,2026-08-04,2026-08-04
SECB769B225,SUPRAJIT,SUPRAJIT.NS,Suprajit Engineering Limited,Consumer Cyclical,Auto Parts,62625485488.39752,Mid Cap,466.5499877929688,116402606.10744508,1243,0.0,NSE,India,INR,Equity,1,1,2026-08-04,2026-08-04
SEC966B7467,AJAXENGG,AJAXENGG.NS,AJAX ENGINEERING LIMITED,Industrials,Farm & Heavy Construction Machinery,62591957486.865234,Mid Cap,549.9500122070312,110668542.4320736,330,0.0,NSE,India,INR,Equity,1,1,2026-08-04,2026-08-04
SEC4F7AD056,GVPIL,GVPIL.NS,GE Power India Limited,Industrials,Engineering & Construction,62491294847.40216,Mid Cap,1052.550048828125,444795570.8461425,1244,0.0,NSE,India,INR,Equity,1,1,2026-08-04,2026-08-04
SEC4B900243,SKIPPER,SKIPPER.NS,Skipper Limited,Industrials,Engineering & Construction,61306891005.0,Mid Cap,543.2999877929688,326211639.0938268,1243,0.0,NSE,India,INR,Equity,1,1,2026-08-04,2026-08-04
SECEE8EF6C2,GALAXYSURF,GALAXYSURF.NS,Galaxy Surfactants Limited,Basic Materials,Specialty Chemicals,61010411310.36072,Mid Cap,1945.4000244140625,47661503.32873034,1242,0.0,NSE,India,INR,Equity,1,1,2026-08-04,2026-08-04
SEC87D21AB2,KENNAMET,KENNAMET.NS,Kennametal India Limited,Industrials,Tools & Accessories,60826979170.3125,Mid Cap,2999.300048828125,46821067.28193873,665,0.0,NSE,India,INR,Equity,1,1,2026-08-04,2026-08-04
SEC28041402,HCC,HCC.NS,Hindustan Construction Company Limited,Industrials,Engineering & Construction,60771661036.89553,Mid Cap,27.020000457763672,701517544.5156115,1244,0.0,NSE,India,INR,Equity,1,1,2026-08-04,2026-08-04
SECEFAC3418,CSBBANK,CSBBANK.NS,CSB Bank Limited,Financial Services,Banks - Regional,60613657956.1409,Mid Cap,365.5,168429017.7829582,1244,0.0,NSE,India,INR,Equity,1,1,2026-08-04,2026-08-04
SEC919CAB11,DBREALTY,DBREALTY.NS,Valor Estate Limited,Real Estate,Real Estate - Development,60478353851.5,Mid Cap,118.12000274658205,247393873.3961204,1244,0.0,NSE,India,INR,Equity,1,1,2026-08-04,2026-08-04
SEC5D539502,FIEMIND,FIEMIND.NS,Fiem Industries Limited,Consumer Cyclical,Auto Parts,60061464120.0,Mid Cap,2286.699951171875,288926457.89386946,1244,0.0,NSE,India,INR,Equity,1,1,2026-08-04,2026-08-04
SEC8B7FA00D,LATENTVIEW,LATENTVIEW.NS,Latent View Analytics Limited,Industrials,Consulting Services,60018587923.0603,Mid Cap,299.1499938964844,261290549.44125545,1133,0.0,NSE,India,INR,Equity,1,1,2026-08-04,2026-08-04
SEC1E7666B5,SIS,SIS.NS,SIS Limited,Industrials,Security & Protection Services,59946843187.5,Mid Cap,429.75,54892436.31818182,1243,0.0,NSE,India,INR,Equity,1,1,2026-08-04,2026-08-04
SEC5B4D7849,ARVINDFASN,ARVINDFASN.NS,Arvind Fashions Limited,Consumer Cyclical,Apparel Retail,59924215133.91531,Mid Cap,484.0499877929688,203794738.7011501,1244,0.0,NSE,India,INR,Equity,1,1,2026-08-04,2026-08-04
SEC61233902,JAIBALAJI,JAIBALAJI.NS,Jai Balaji Industries Limited,Basic Materials,Steel,59752468665.0,Mid Cap,67.97000122070312,91525103.98435856,1244,0.0,NSE,India,INR,Equity,1,1,2026-08-04,2026-08-04
SECEDE2411F,PRAJIND,PRAJIND.NS,Praj Industries Limited,Industrials,Engineering & Construction,59739253600.0,Mid Cap,340.5,414030238.70980704,1244,0.0,NSE,India,INR,Equity,1,1,2026-08-04,2026-08-04
SECC87F5506,PRSMJOHNSN,PRSMJOHNSN.NS,Prism Johnson Limited,Basic Materials,Building Materials,59365876274.0979,Mid Cap,119.26000213623048,102951104.37438916,1242,0.0,NSE,India,INR,Equity,1,1,2026-08-04,2026-08-04
SEC29675C40,UNIMECH,UNIMECH.NS,UNIMECH AEROSPACE N MFG L,Industrials,Aerospace & Defense,59146554929.0,Mid Cap,1197.6500244140625,201827706.49069056,365,0.0,NSE,India,INR,Equity,1,1,2026-08-04,2026-08-04
SECA6464054,MOIL,MOIL.NS,MOIL Limited,Basic Materials,Other Industrial Metals & Mining,58644440294.15033,Mid Cap,293.8500061035156,355688131.14244795,1244,0.0,NSE,India,INR,Equity,1,1,2026-08-04,2026-08-04
SEC0724B938,TVSSCS,TVSSCS.NS,TVS Supply Chain Solutions Limited,Industrials,Integrated Freight & Logistics,58350467947.54573,Mid Cap,140.30999755859375,181499876.730925,697,0.0,NSE,India,INR,Equity,1,1,2026-08-04,2026-08-04
SECC44BB08F,SENORES,SENORES.NS,SENORES PHARMACEUTICALS L,Healthcare,Drug Manufacturers - General,58253184585.555176,Mid Cap,1315.0,704598072.2479564,367,0.0,NSE,India,INR,Equity,1,1,2026-08-04,2026-08-04
SEC0519D4C7,AARTIPHARM,AARTIPHARM.NS,Aarti Pharmalabs Limited,Healthcare,Drug Manufacturers - Specialty & Generic,57835113357.112,Mid Cap,691.7999877929688,226517902.40516996,837,0.0,NSE,India,INR,Equity,1,1,2026-08-04,2026-08-04
SEC3772A45B,AEROFLEX,AEROFLEX.NS,Aeroflex Industries Limited,Industrials,Metal Fabrication,57828545616.0,Mid Cap,507.25,937467651.58237,692,0.0,NSE,India,INR,Equity,1,1,2026-08-04,2026-08-04
SECEA824CF1,TIIL,TIIL.NS,Technocraft Industries (India) Limited,Industrials,Tools & Accessories,56940462683.05957,Mid Cap,2616.699951171875,66201775.58301961,1242,0.0,NSE,India,INR,Equity,1,1,2026-08-04,2026-08-04
SECC0A9C25F,DCBBANK,DCBBANK.NS,DCB Bank Limited,Financial Services,Banks - Regional,56830561011.247696,Mid Cap,184.58999633789065,353041665.59839576,1244,0.0,NSE,India,INR,Equity,1,1,2026-08-04,2026-08-04
SEC3C906055,VMART,VMART.NS,V-Mart Retail Limited,Consumer Cyclical,Department Stores,56578516422.5,Mid Cap,797.7999877929688,200177724.68047017,1243,0.0,NSE,India,INR,Equity,1,1,2026-08-04,2026-08-04
SECDC31D8E1,FEDFINA,FEDFINA.NS,Fedbank Financial Services Limited,Financial Services,Credit Services,56116793547.29813,Mid Cap,154.57000732421875,140090880.29162976,632,0.0,NSE,India,INR,Equity,1,1,2026-08-04,2026-08-04
SEC742A54D6,SURYAROSNI,SURYAROSNI.NS,Surya Roshni Limited,Basic Materials,Steel,56013352182.20117,Mid Cap,266.3399963378906,240641322.82333112,1244,0.0,NSE,India,INR,Equity,1,1,2026-08-04,2026-08-04
SECE095B813,PTC,PTC.NS,PTC India Limited,Utilities,Utilities - Independent Power Producers,55951494100.10399,Mid Cap,186.6499938964844,309327737.2299787,1244,0.0,NSE,India,INR,Equity,1,1,2026-08-04,2026-08-04
SECD6356598,SMLMAH,SMLMAH.NS,SML MAHINDRA LIMITED,Consumer Cyclical,Auto Manufacturers,55720179300.42334,Mid Cap,4092.199951171875,283778428.0940205,1244,0.0,NSE,India,INR,Equity,1,1,2026-08-04,2026-08-04
SEC902B1546,BECTORFOOD,BECTORFOOD.NS,Mrs. Bectors Food Specialities Limited,Consumer Defensive,Packaged Foods,55675814496.57219,Mid Cap,190.32000732421875,188447358.5078436,1244,0.0,NSE,India,INR,Equity,1,1,2026-08-04,2026-08-04
SEC9FF36DC4,RPEL,RPEL.NS,Raghav Productivity Enhancers Limited,Basic Materials,Chemicals,54970872489.78272,Mid Cap,1197.949951171875,87381325.88933206,463,0.0,NSE,India,INR,Equity,1,1,2026-08-04,2026-08-04
SEC1CDBC5FB,INNOVACAP,INNOVACAP.NS,Innova Captab Limited,Healthcare,Drug Manufacturers - Specialty & Generic,54950238072.25,Mid Cap,949.5499877929688,127537740.50355232,611,0.0,NSE,India,INR,Equity,1,1,2026-08-04,2026-08-04
SECFE4DC85C,NEOGEN,NEOGEN.NS,Neogen Chemicals Limited,Basic Materials,Specialty Chemicals,54938591382.0979,Mid Cap,1932.0,152096167.3022508,1244,0.0,NSE,India,INR,Equity,1,1,2026-08-04,2026-08-04
SEC2DCB0C89,SENCO,SENCO.NS,Senco Gold Limited,Consumer Cyclical,Luxury Goods,54795838158.03351,Mid Cap,340.3999938964844,372747135.2866934,725,0.0,NSE,India,INR,Equity,1,1,2026-08-04,2026-08-04
SECFB105546,PAISALO,PAISALO.NS,Paisalo Digital Limited,Financial Services,Credit Services,54198408610.44202,Mid Cap,58.810001373291016,230888408.9383894,1244,0.0,NSE,India,INR,Equity,1,1,2026-08-04,2026-08-04
SEC579D7AD5,SAPPHIRE,SAPPHIRE.NS,Sapphire Foods India Limited,Consumer Cyclical,Restaurants,54196916284.26196,Mid Cap,187.8699951171875,163613860.36852995,1135,0.0,NSE,India,INR,Equity,1,1,2026-08-04,2026-08-04
SEC0399E28F,STYLAMIND,STYLAMIND.NS,Stylam Industries Limited,Consumer Cyclical,"Furnishings, Fixtures & Appliances",53759193120.0,Mid Cap,3327.800048828125,144386863.77083334,1209,0.0,NSE,India,INR,Equity,1,1,2026-08-04,2026-08-04
SEC29688283,MASFIN,MASFIN.NS,MAS Financial Services Limited,Financial Services,Credit Services,53655765793.90704,Mid Cap,319.04998779296875,68332146.6854532,1244,0.0,NSE,India,INR,Equity,1,1,2026-08-04,2026-08-04
SECBC3CAF8E,AHLUCONT,AHLUCONT.NS,Ahluwalia Contracts (India) Limited,Industrials,Engineering & Construction,53137881970.0,Mid Cap,838.7999877929688,68490658.12158547,1244,0.0,NSE,India,INR,Equity,1,1,2026-08-04,2026-08-04
SECEE2B71BC,CENTUM,CENTUM.NS,Centum Electronics Limited,Technology,Electronic Components,52946663459.17456,Mid Cap,3539.0,130292992.26892108,1242,0.0,NSE,India,INR,Equity,1,1,2026-08-04,2026-08-04
SEC294561DD,HAPPSTMNDS,HAPPSTMNDS.NS,Happiest Minds Technologies Limited,Technology,Information Technology Services,52396338917.45215,Mid Cap,345.3500061035156,248894066.7099428,1244,0.0,NSE,India,INR,Equity,1,1,2026-08-04,2026-08-04
SECE1A28FD8,IBULLSLTD,IBULLSLTD.NS,INDIABULLS LIMITED,Real Estate,Real Estate - Development,52090862102.04298,Mid Cap,26.51000022888184,29986348.3423123,1244,0.0,NSE,India,INR,Equity,1,1,2026-08-04,2026-08-04
SEC4E7DC39F,THOMASCOOK,THOMASCOOK.NS,Thomas Cook (India) Limited,Consumer Cyclical,Travel Services,52039065831.0041,Mid Cap,111.5999984741211,123676819.0427598,1244,0.0,NSE,India,INR,Equity,1,1,2026-08-04,2026-08-04
SEC391AA281,IFBIND,IFBIND.NS,IFB Industries Limited,Consumer Cyclical,"Furnishings, Fixtures & Appliances",51661464900.0,Mid Cap,1284.5,99559213.92524116,1244,0.0,NSE,India,INR,Equity,1,1,2026-08-04,2026-08-04
SEC4197E870,PNCINFRA,PNCINFRA.NS,PNC Infratech Limited,Industrials,Engineering & Construction,50794754670.0,Mid Cap,226.00999450683597,158285590.2219746,1244,0.0,NSE,India,INR,Equity,1,1,2026-08-04,2026-08-04
SEC5AD19549,BALUFORGE,BALUFORGE.NS,Balu Forge Industries Limited,Industrials,Metal Fabrication,50366452200.0,Mid Cap,448.75,365731549.727955,533,0.0,NSE,India,INR,Equity,1,1,2026-08-04,2026-08-04
SEC81500FAF,ITDC,ITDC.NS,India Tourism Development Corporation Limited,Consumer Cyclical,Lodging,50020715126.98975,Mid Cap,619.0,125310838.06918745,1243,0.0,NSE,India,INR,Equity,1,1,2026-08-04,2026-08-04
SECF7F73EA0,RTNINDIA,RTNINDIA.NS,RattanIndia Enterprises Limited,Consumer Cyclical,Internet Retail,49711953744.0,Small Cap,35.06999969482422,154083218.7346006,1244,0.0,NSE,India,INR,Equity,1,1,2026-08-04,2026-08-04
SECD00E65B9,ICRA,ICRA.NS,ICRA Limited,Financial Services,Financial Data & Stock Exchanges,49502283840.0,Small Cap,5322.0,38276843.83574879,1242,0.0,NSE,India,INR,Equity,1,1,2026-08-04,2026-08-04
SECF4BF57EE,MBAPL,MBAPL.NS,Madhya Bharat Agro Products Limited,Basic Materials,Agricultural Inputs,49290153750.0,Small Cap,563.0,52287245.15136876,1242,0.0,NSE,India,INR,Equity,1,1,2026-08-04,2026-08-04
SECF0CABE1F,PURVA,PURVA.NS,Puravankara Limited,Real Estate,Real Estate - Development,49184843428.95319,Small Cap,220.3600006103516,101341333.55673636,1243,0.0,NSE,India,INR,Equity,1,1,2026-08-04,2026-08-04
SECD6B7718A,LUMAXIND,LUMAXIND.NS,Lumax Industries Limited,Consumer Cyclical,Auto Parts,49136353258.0,Small Cap,5279.5,78702011.9388576,1243,0.0,NSE,India,INR,Equity,1,1,2026-08-04,2026-08-04
SECD4E75B91,JSFB,JSFB.NS,Jana Small Finance Bank Limited,Financial Services,Banks - Regional,48962516894.89856,Small Cap,460.1000061035156,200446677.6745416,581,0.0,NSE,India,INR,Equity,1,1,2026-08-04,2026-08-04
SECE61529BE,RBA,RBA.NS,Restaurant Brands Asia Limited,Consumer Cyclical,Restaurants,48961831529.18339,Small Cap,73.66999816894531,167071775.5225372,1243,0.0,NSE,India,INR,Equity,1,1,2026-08-04,2026-08-04
SECA921DE93,ENTERO,ENTERO.NS,Entero Healthcare Solutions Limited,Healthcare,Medical Distribution,48953598369.75549,Small Cap,1089.4000244140625,107371098.66126356,578,0.0,NSE,India,INR,Equity,1,1,2026-08-04,2026-08-04
SEC164B38CA,GOKEX,GOKEX.NS,Gokaldas Exports Limited,Consumer Cyclical,Apparel Manufacturing,48873509876.0,Small Cap,818.7000122070312,374994503.2780024,1244,0.0,NSE,India,INR,Equity,1,1,2026-08-04,2026-08-04
SEC256DE58D,RUSTOMJEE,RUSTOMJEE.NS,Keystone Realtors Limited,Real Estate,Real Estate - Development,48866388374.09021,Small Cap,388.2999877929688,28731994.02875809,881,0.0,NSE,India,INR,Equity,1,1,2026-08-04,2026-08-04
SEC8DF97201,DHANUKA,DHANUKA.NS,Dhanuka Agritech Limited,Basic Materials,Agricultural Inputs,48801792461.85498,Small Cap,1068.300048828125,63686865.67756257,1242,0.0,NSE,India,INR,Equity,1,1,2026-08-04,2026-08-04
SEC611995B7,MASTEK,MASTEK.NS,Mastek Limited,Technology,Information Technology Services,48587527142.31006,Small Cap,1605.5,208340271.9119775,1244,0.0,NSE,India,INR,Equity,1,1,2026-08-04,2026-08-04
SEC15AA459E,CARERATING,CARERATING.NS,CARE Ratings Limited,Financial Services,Financial Data & Stock Exchanges,48541556380.1936,Small Cap,1713.300048828125,204454801.92081752,1243,0.0,NSE,India,INR,Equity,1,1,2026-08-04,2026-08-04
SECEAA2704A,CMSINFO,CMSINFO.NS,CMS Info Systems Limited,Industrials,Specialty Business Services,48526915209.75,Small Cap,298.70001220703125,231908179.856803,1105,0.0,NSE,India,INR,Equity,1,1,2026-08-04,2026-08-04
SEC3CD7F30E,RAYMONDLSL,RAYMONDLSL.NS,Raymond Lifestyle Limited,Consumer Cyclical,Apparel Manufacturing,48075983060.19226,Small Cap,810.6500244140625,162389613.27602428,445,0.0,NSE,India,INR,Equity,1,1,2026-08-04,2026-08-04
SEC87309A08,LGBBROSLTD,LGBBROSLTD.NS,L.G. Balakrishnan & Bros Limited,Consumer Cyclical,Auto Parts,48036689232.0,Small Cap,1554.800048828125,154549040.8571128,1244,0.0,NSE,India,INR,Equity,1,1,2026-08-04,2026-08-04
SECD40AF473,SWSOLAR,SWSOLAR.NS,Sterling and Wilson Renewable Energy Limited,Technology,Solar,47849419365.90738,Small Cap,235.47000122070312,394419465.8688068,1244,0.0,NSE,India,INR,Equity,1,1,2026-08-04,2026-08-04
SECF5DE1BE9,EPIGRAL,EPIGRAL.NS,Epigral Limited,Basic Materials,Chemicals,47550380637.08936,Small Cap,1127.5999755859375,114822393.01151332,1195,0.0,NSE,India,INR,Equity,1,1,2026-08-04,2026-08-04
SECD8875A67,JAMNAAUTO,JAMNAAUTO.NS,Jamna Auto Industries Limited,Consumer Cyclical,Auto Parts,47434684852.77599,Small Cap,132.3699951171875,293941668.79561937,1244,0.0,NSE,India,INR,Equity,1,1,2026-08-04,2026-08-04
SEC36D9FFF5,NETWORK18,NETWORK18.NS,Network18 Media & Investments Limited,Communication Services,Entertainment,47276769072.36047,Small Cap,33.97999954223633,140378384.29867488,1244,0.0,NSE,India,INR,Equity,1,1,2026-08-04,2026-08-04
SECF654A1B0,RENUKA,RENUKA.NS,Shree Renuka Sugars Limited,Consumer Defensive,Confectioners,47252474584.50882,Small Cap,23.09000015258789,283895284.549067,1244,0.0,NSE,India,INR,Equity,1,1,2026-08-04,2026-08-04
SEC6933D26E,PILANIINVS,PILANIINVS.NS,Pilani Investment and Industries Corporation Limited,Financial Services,Asset Management,47154496137.45117,Small Cap,4424.39990234375,36175792.317462616,1242,0.0,NSE,India,INR,Equity,1,1,2026-08-04,2026-08-04
SEC5343F185,BANSALWIRE,BANSALWIRE.NS,BANSAL WIRE INDUSTRIES L,Basic Materials,Steel,46825886198.7417,Small Cap,306.75,76862883.35788383,482,0.0,NSE,India,INR,Equity,1,1,2026-08-04,2026-08-04
SEC5EE3DA82,BLISSGVS,BLISSGVS.NS,Bliss GVS Pharma Limited,Healthcare,Drug Manufacturers - Specialty & Generic,46705831138.0,Small Cap,486.2999877929688,459250670.9474391,1244,0.0,NSE,India,INR,Equity,1,1,2026-08-04,2026-08-04
SEC370FDC6E,SUBROS,SUBROS.NS,Subros Limited,Consumer Cyclical,Auto Parts,46669657142.66968,Small Cap,747.4500122070312,97799146.74986836,1243,0.0,NSE,India,INR,Equity,1,1,2026-08-04,2026-08-04
SECE6BE180A,KMEW,KMEW.NS,Knowledge Marine & Engineering Works Limited,Industrials,Marine Shipping,46614913956.0,Small Cap,2072.89990234375,253235121.98556376,382,0.0,NSE,India,INR,Equity,1,1,2026-08-04,2026-08-04
SEC67231732,AGIIL,AGIIL.NS,AGI Infra Limited,Real Estate,Real Estate - Development,46261534061.72351,Small Cap,375.6499938964844,382818004.9421816,481,0.0,NSE,India,INR,Equity,1,1,2026-08-04,2026-08-04
SEC7B6D44E8,NORTHARC,NORTHARC.NS,Northern Arc Capital Limited,Financial Services,Credit Services,46169410243.96857,Small Cap,295.04998779296875,317904865.82517725,432,0.0,NSE,India,INR,Equity,1,1,2026-08-04,2026-08-04
SEC7E33A957,INDIGOPNTS,INDIGOPNTS.NS,Indigo Paints Limited,Basic Materials,Specialty Chemicals,46097598751.75659,Small Cap,1025.1500244140625,114218906.23267622,1244,0.0,NSE,India,INR,Equity,1,1,2026-08-04,2026-08-04
SEC8099DD2A,ORCHPHARMA,ORCHPHARMA.NS,Orchid Pharma Limited,Healthcare,Drug Manufacturers - Specialty & Generic,46073236220.2594,Small Cap,979.0499877929688,73210152.56416762,1244,0.0,NSE,India,INR,Equity,1,1,2026-08-04,2026-08-04
SECF5E44E06,GULFOILLUB,GULFOILLUB.NS,Gulf Oil Lubricants India Limited,Basic Materials,Specialty Chemicals,46055551218.59436,Small Cap,1026.800048828125,108594196.52804124,1244,0.0,NSE,India,INR,Equity,1,1,2026-08-04,2026-08-04
SECEF0FFDAE,MHRIL,MHRIL.NS,Mahindra Holidays & Resorts India Limited,Consumer Cyclical,Resorts & Casinos,46036758975.71616,Small Cap,235.00999450683597,81461624.53322512,1244,0.0,NSE,India,INR,Equity,1,1,2026-08-04,2026-08-04
SEC0DAFECF2,GUJALKALI,GUJALKALI.NS,Gujarat Alkalies and Chemicals Limited,Basic Materials,Chemicals,46019252724.09375,Small Cap,638.6500244140625,325244533.9167878,1243,0.0,NSE,India,INR,Equity,1,1,2026-08-04,2026-08-04
SECADFF914F,MAPMYINDIA,MAPMYINDIA.NS,C. E. Info Systems Limited,Technology,Software - Infrastructure,45988334160.33008,Small Cap,889.3499755859375,187100878.4238571,1112,0.0,NSE,India,INR,Equity,1,1,2026-08-04,2026-08-04
SECD1E5C733,DATAMATICS,DATAMATICS.NS,Datamatics Global Services Limited,Technology,Information Technology Services,45689238697.0,Small Cap,801.5,233891977.5241157,1244,0.0,NSE,India,INR,Equity,1,1,2026-08-04,2026-08-04
SEC5DCC3550,SYMPHONY,SYMPHONY.NS,Symphony Limited,Consumer Cyclical,"Furnishings, Fixtures & Appliances",45625279836.54785,Small Cap,697.1500244140625,74646094.75396356,1244,0.0,NSE,India,INR,Equity,1,1,2026-08-04,2026-08-04
SEC19D0F99A,JUSTDIAL,JUSTDIAL.NS,Just Dial Limited,Communication Services,Internet Content & Information,45513991551.19238,Small Cap,539.9000244140625,294032709.801427,1244,0.0,NSE,India,INR,Equity,1,1,2026-08-04,2026-08-04
SEC0EFF674D,DEEDEV,DEEDEV.NS,DEE DEVELOPMENT ENG LTD,Industrials,Metal Fabrication,45485237536.89978,Small Cap,703.0499877929688,698130225.0886338,493,0.0,NSE,India,INR,Equity,1,1,2026-08-04,2026-08-04
SECF60BFF70,RESPONIND,RESPONIND.NS,Responsive Industries Limited,Basic Materials,Specialty Chemicals,45184814898.04541,Small Cap,191.08999633789065,50127825.60676599,1242,0.0,NSE,India,INR,Equity,1,1,2026-08-04,2026-08-04
SEC7BFD47E3,FCL,FCL.NS,Fineotex Chemical Limited,Basic Materials,Specialty Chemicals,45089476269.50989,Small Cap,43.52000045776367,333990309.465992,1244,0.0,NSE,India,INR,Equity,1,1,2026-08-04,2026-08-04
SEC5394AE4C,SWARAJENG,SWARAJENG.NS,Swaraj Engines Limited,Consumer Cyclical,Auto Parts,45068081312.77588,Small Cap,3927.60009765625,70022876.81062117,1242,0.0,NSE,India,INR,Equity,1,1,2026-08-04,2026-08-04
SECCB19D739,KSCL,KSCL.NS,Kaveri Seed Company Limited,Basic Materials,Agricultural Inputs,44951693951.35748,Small Cap,849.5,153184145.88334674,1243,0.0,NSE,India,INR,Equity,1,1,2026-08-04,2026-08-04
SEC68F22CB2,WEBELSOLAR,WEBELSOLAR.NS,Websol Energy System Limited,Technology,Solar,44944600956.94206,Small Cap,104.70999908447266,392843825.1616661,1244,0.0,NSE,India,INR,Equity,1,1,2026-08-04,2026-08-04
SEC073BA109,REFEX,REFEX.NS,Refex Industries Limited,Energy,Thermal Coal,44934791494.940186,Small Cap,336.8999938964844,327584986.6079608,1243,0.0,NSE,India,INR,Equity,1,1,2026-08-04,2026-08-04
SECCCE65FF5,SHARDAMOTR,SHARDAMOTR.NS,Sharda Motor Industries Limited,Consumer Cyclical,Auto Parts,44743590839.956055,Small Cap,825.8499755859375,45664393.08030283,1243,0.0,NSE,India,INR,Equity,1,1,2026-08-04,2026-08-04
SEC421136E3,MANINFRA,MANINFRA.NS,Man Infraconstruction Limited,Industrials,Engineering & Construction,44601111275.12531,Small Cap,104.97000122070312,123587292.06278004,1243,0.0,NSE,India,INR,Equity,1,1,2026-08-04,2026-08-04
SECEF838872,VIPIND,VIPIND.NS,V.I.P. Industries Limited,Consumer Cyclical,Footwear & Accessories,44433815694.76868,Small Cap,317.5,212705426.11222848,1243,0.0,NSE,India,INR,Equity,1,1,2026-08-04,2026-08-04
SEC0B3CDC3A,RALLIS,RALLIS.NS,Rallis India Limited,Basic Materials,Agricultural Inputs,44130823783.36731,Small Cap,229.77999877929688,180974841.74386305,1244,0.0,NSE,India,INR,Equity,1,1,2026-08-04,2026-08-04
SEC8D842C87,ELECTCAST,ELECTCAST.NS,Electrosteel Castings Limited,Industrials,Building Products & Equipment,43928195527.22028,Small Cap,81.33999633789062,198437174.0027776,1244,0.0,NSE,India,INR,Equity,1,1,2026-08-04,2026-08-04
SEC5FD29290,VSTIND,VSTIND.NS,VST Industries Limited,Consumer Defensive,Tobacco,43911807940.0,Small Cap,259.95001220703125,67321824.6975894,1244,0.0,NSE,India,INR,Equity,1,1,2026-08-04,2026-08-04
SEC510D654E,SANDHAR,SANDHAR.NS,Sandhar Technologies Limited,Consumer Cyclical,Auto Parts,43863785637.0,Small Cap,707.9500122070312,107620017.0160388,1244,0.0,NSE,India,INR,Equity,1,1,2026-08-04,2026-08-04
SECED0345B7,AVANTEL,AVANTEL.NS,Avantel Limited,Technology,Communication Equipment,43496865334.11484,Small Cap,179.9199981689453,353120962.6493409,469,0.0,NSE,India,INR,Equity,1,1,2026-08-04,2026-08-04
SEC90634B74,JUNIPER,JUNIPER.NS,Juniper Hotels Limited,Consumer Cyclical,Lodging,43276713688.0,Small Cap,201.75999450683597,57277483.36188104,571,0.0,NSE,India,INR,Equity,1,1,2026-08-04,2026-08-04
SECF3EE2DC0,PDSL,PDSL.NS,PDS Limited,Industrials,Specialty Business Services,43222947028.269165,Small Cap,338.75,40851691.69549477,1243,0.0,NSE,India,INR,Equity,1,1,2026-08-04,2026-08-04
SECC730901A,VADILALIND,VADILALIND.NS,Vadilal Industries Limited,Consumer Defensive,Packaged Foods,43155011835.06348,Small Cap,6108.0,143643232.6763285,1242,0.0,NSE,India,INR,Equity,1,1,2026-08-04,2026-08-04
SEC5D5B8BD5,GREAVESCOT,GREAVESCOT.NS,Greaves Cotton Limited,Industrials,Specialty Industrial Machinery,42956243007.77728,Small Cap,198.5399932861328,557386437.1845268,1244,0.0,NSE,India,INR,Equity,1,1,2026-08-04,2026-08-04
SECBECD0049,AURIONPRO,AURIONPRO.NS,Aurionpro Solutions Limited,Technology,Software - Application,42856742659.993286,Small Cap,876.4000244140625,122342242.8573101,1244,0.0,NSE,India,INR,Equity,1,1,2026-08-04,2026-08-04
SEC7DCB9BC0,GOODLUCK,GOODLUCK.NS,Goodluck India Limited,Basic Materials,Steel,42807876552.58704,Small Cap,1423.4000244140625,264446410.180015,1243,0.0,NSE,India,INR,Equity,1,1,2026-08-04,2026-08-04
SEC49E8F8D6,TEXRAIL,TEXRAIL.NS,Texmaco Rail & Engineering Limited,Industrials,Railroads,42435976101.25214,Small Cap,109.29000091552734,346924803.050586,1244,0.0,NSE,India,INR,Equity,1,1,2026-08-04,2026-08-04
SEC45B24C5E,LXCHEM,LXCHEM.NS,Laxmi Organic Industries Limited,Basic Materials,Specialty Chemicals,42413369751.0,Small Cap,152.3699951171875,197014887.62048703,1244,0.0,NSE,India,INR,Equity,1,1,2026-08-04,2026-08-04
SEC871F7C15,IONEXCHANG,IONEXCHANG.NS,Ion Exchange (India) Limited,Industrials,Pollution & Treatment Controls,42183583167.19208,Small Cap,370.3999938964844,114529805.48504256,1068,0.0,NSE,India,INR,Equity,1,1,2026-08-04,2026-08-04
SEC2D850191,GUJTHEM,GUJTHEM.NS,Gujarat Themis Biosyn Limited,Healthcare,Drug Manufacturers - Specialty & Generic,41902081565.6759,Small Cap,383.5499877929688,80451780.2424292,325,0.0,NSE,India,INR,Equity,1,1,2026-08-04,2026-08-04
SECFC6FDF11,AGI,AGI.NS,AGI Greenpac Limited,Consumer Cyclical,Packaging & Containers,41571301371.78705,Small Cap,731.1500244140625,202414374.42215693,1243,0.0,NSE,India,INR,Equity,1,1,2026-08-04,2026-08-04
SEC69EC748D,NRBBEARING,NRBBEARING.NS,NRB Bearings Limited,Consumer Cyclical,Auto Parts,41478027853.13721,Small Cap,428.25,144215221.945897,1243,0.0,NSE,India,INR,Equity,1,1,2026-08-04,2026-08-04
SECEEFB709D,KRISHANA,KRISHANA.NS,Krishana Phoschem Limited,Basic Materials,Agricultural Inputs,41436858274.731445,Small Cap,679.5,67666338.54304104,1243,0.0,NSE,India,INR,Equity,1,1,2026-08-04,2026-08-04
SECB8A8DD42,SHOPERSTOP,SHOPERSTOP.NS,Shoppers Stop Limited,Consumer Cyclical,Department Stores,41252730523.74811,Small Cap,360.5,65675957.23151125,1244,0.0,NSE,India,INR,Equity,1,1,2026-08-04,2026-08-04
SEC3F3B7BA4,SUNTECK,SUNTECK.NS,Sunteck Realty Limited,Real Estate,Real Estate - Development,41115767000.0,Small Cap,326.1000061035156,195904383.6358152,1244,0.0,NSE,India,INR,Equity,1,1,2026-08-04,2026-08-04
SECFF12C7F3,ADVENZYMES,ADVENZYMES.NS,Advanced Enzyme Technologies Limited,Basic Materials,Specialty Chemicals,40955276862.5,Small Cap,373.7000122070313,106741265.8680883,1244,0.0,NSE,India,INR,Equity,1,1,2026-08-04,2026-08-04
SEC1F5D2A19,UNIVCABLES,UNIVCABLES.NS,Universal Cables Limited,Industrials,Electrical Equipment & Parts,40524205008.0,Small Cap,1273.5,114024049.9328778,1244,0.0,NSE,India,INR,Equity,1,1,2026-08-04,2026-08-04
SECD645DFA9,MOSCHIP,MOSCHIP.NS,MOSCHIP TECHNOLOGIES LTD,Technology,Semiconductor Equipment & Materials,40375898225.21393,Small Cap,212.6199951171875,537585090.950007,339,0.0,NSE,India,INR,Equity,1,1,2026-08-04,2026-08-04
SEC0F4821F2,EMIL,EMIL.NS,Electronics Mart India Limited,Consumer Cyclical,Specialty Retail,40340907108.61998,Small Cap,120.86000061035156,181403267.47774956,909,0.0,NSE,India,INR,Equity,1,1,2026-08-04,2026-08-04
SEC22A4C89F,SBCL,SBCL.NS,Shivalik Bimetal Controls Limited,Industrials,Metal Fabrication,40334461543.17627,Small Cap,746.5499877929688,122246008.71769612,1234,0.0,NSE,India,INR,Equity,1,1,2026-08-04,2026-08-04
SECFB85DB8E,VRLLOG,VRLLOG.NS,VRL Logistics Limited,Industrials,Trucking,40139291821.634674,Small Cap,240.00999450683597,97448090.246626,1243,0.0,NSE,India,INR,Equity,1,1,2026-08-04,2026-08-04
SEC03F5C6D9,MSTCLTD,MSTCLTD.NS,MSTC Limited,Industrials,Conglomerates,40057600000.0,Small Cap,692.75,360773342.0904341,1244,0.0,NSE,India,INR,Equity,1,1,2026-08-04,2026-08-04
SEC04769B59,SEAMECLTD,SEAMECLTD.NS,Seamec Limited,Industrials,Marine Shipping,39822277418.60156,Small Cap,1366.800048828125,73814389.89204797,1242,0.0,NSE,India,INR,Equity,1,1,2026-08-04,2026-08-04
SEC6CFF9695,WHEELS,WHEELS.NS,Wheels India Limited,Consumer Cyclical,Auto Parts,39779386240.69092,Small Cap,1553.4000244140625,87572046.03308135,1244,0.0,NSE,India,INR,Equity,1,1,2026-08-04,2026-08-04
SECD3BF2868,VISHNU,VISHNU.NS,Vishnu Chemicals Limited,Basic Materials,Specialty Chemicals,39628508512.519775,Small Cap,601.0,87581267.5426045,1244,0.0,NSE,India,INR,Equity,1,1,2026-08-04,2026-08-04
SECAD65437F,HEMIPROP,HEMIPROP.NS,Hemisphere Properties India Limited,Real Estate,Real Estate - Diversified,39535396937.91797,Small Cap,139.5500030517578,149322472.13926187,1244,0.0,NSE,India,INR,Equity,1,1,2026-08-04,2026-08-04
SEC6B2B6199,MANINDS,MANINDS.NS,Man Industries (India) Limited,Basic Materials,Steel,39530043917.0,Small Cap,587.5999755859375,280681472.5798277,1244,0.0,NSE,India,INR,Equity,1,1,2026-08-04,2026-08-04
SEC8F6F80AB,SOTL,SOTL.NS,Savita Oil Technologies Limited,Basic Materials,Specialty Chemicals,39511366327.58087,Small Cap,604.7999877929688,84730689.17085998,1244,0.0,NSE,India,INR,Equity,1,1,2026-08-04,2026-08-04
SEC6BF89CEF,VMARCIND,VMARCIND.NS,"VMARCIND.NS,0P0001M1FR,196000",,,39067008426.0,Small Cap,1363.0,65281629.95951417,1235,0.0,NSE,India,INR,Equity,1,1,2026-08-04,2026-08-04
SEC304634AE,GHCL,GHCL.NS,GHCL Limited,Basic Materials,Chemicals,38847363972.65002,Small Cap,435.3999938964844,145015174.21715114,1244,0.0,NSE,India,INR,Equity,1,1,2026-08-04,2026-08-04
SEC094710A0,HIRECT,HIRECT.NS,Hind Rectifiers Limited,Industrials,Electrical Equipment & Parts,38840630070.0,Small Cap,1152.4000244140625,108389519.73614736,1244,0.0,NSE,India,INR,Equity,1,1,2026-08-04,2026-08-04
SECE2178B2D,IOLCP,IOLCP.NS,IOL Chemicals and Pharmaceuticals Limited,Healthcare,Drug Manufacturers - Specialty & Generic,38795530459.23508,Small Cap,130.2100067138672,316417877.496743,1244,0.0,NSE,India,INR,Equity,1,1,2026-08-04,2026-08-04
SEC078A54EB,VAIBHAVGBL,VAIBHAVGBL.NS,Vaibhav Global Limited,Consumer Cyclical,Luxury Goods,38698630389.75559,Small Cap,244.3300018310547,108802939.2659366,1243,0.0,NSE,India,INR,Equity,1,1,2026-08-04,2026-08-04
SEC63371BD5,VSTTILLERS,VSTTILLERS.NS,V.S.T. Tillers Tractors Limited,Industrials,Farm & Heavy Construction Machinery,38552345447.0,Small Cap,4566.60009765625,78098968.44133672,1243,0.0,NSE,India,INR,Equity,1,1,2026-08-04,2026-08-04
SEC8313282E,NACLIND,NACLIND.NS,NACL Industries Limited,Basic Materials,Agricultural Inputs,38390139210.72922,Small Cap,193.8000030517578,64974729.1096486,1244,0.0,NSE,India,INR,Equity,1,1,2026-08-04,2026-08-04
SEC7F8B52B7,EMUDHRA,EMUDHRA.NS,eMudhra Limited,Technology,Software - Application,38318430152.04205,Small Cap,459.8500061035156,103979422.41029188,1002,0.0,NSE,India,INR,Equity,1,1,2026-08-04,2026-08-04
SEC1003FE6C,INDOSTAR,INDOSTAR.NS,IndoStar Capital Finance Limited,Financial Services,Credit Services,38248101632.81081,Small Cap,249.47000122070312,39695851.49081475,1244,0.0,NSE,India,INR,Equity,1,1,2026-08-04,2026-08-04
SEC16A52BD2,LUXIND,LUXIND.NS,Lux Industries Limited,Consumer Cyclical,Apparel Manufacturing,38218100117.0719,Small Cap,1246.199951171875,107216833.8362097,1244,0.0,NSE,India,INR,Equity,1,1,2026-08-04,2026-08-04
SEC241B5A99,RAYMOND,RAYMOND.NS,Raymond Limited,Industrials,Specialty Industrial Machinery,38057434192.5592,Small Cap,586.4500122070312,364546681.5598699,1244,0.0,NSE,India,INR,Equity,1,1,2026-08-04,2026-08-04
SECF34FD749,POCL,POCL.NS,Pondy Oxides And Chemicals Limited,Basic Materials,Specialty Chemicals,37833985960.0,Small Cap,1343.0,214416653.1245981,1244,0.0,NSE,India,INR,Equity,1,1,2026-08-04,2026-08-04
SECD4F4C27D,SINDHUTRAD,SINDHUTRAD.NS,Sindhu Trade Links Limited,Industrials,Conglomerates,37761835469.28051,Small Cap,25.209999084472656,70170768.58353788,741,0.0,NSE,India,INR,Equity,1,1,2026-08-04,2026-08-04
SEC329CC389,ROSSTECH,ROSSTECH.NS,Rossell Techsys Limited,Industrials,Aerospace & Defense,37741880237.43457,Small Cap,1027.5999755859375,133043873.14938958,379,0.0,NSE,India,INR,Equity,1,1,2026-08-04,2026-08-04
SEC34A97B0A,IDEAFORGE,IDEAFORGE.NS,ideaForge Technology Limited,Technology,Computer Hardware,37704951493.0,Small Cap,931.4500122070312,586258571.4644583,730,0.0,NSE,India,INR,Equity,1,1,2026-08-04,2026-08-04
SEC991D2B51,ROLEXRINGS,ROLEXRINGS.NS,Rolex Rings Limited,Industrials,Metal Fabrication,37587418385.93262,Small Cap,143.22999572753906,130754569.5957031,1204,0.0,NSE,India,INR,Equity,1,1,2026-08-04,2026-08-04
SEC73756815,ORIENTELEC,ORIENTELEC.NS,Orient Electric Limited,Consumer Cyclical,"Furnishings, Fixtures & Appliances",37494780823.55298,Small Cap,180.52999877929688,67599005.99230789,1244,0.0,NSE,India,INR,Equity,1,1,2026-08-04,2026-08-04
SEC27373032,OPTIEMUS,OPTIEMUS.NS,Optiemus Infracom Limited,Technology,Electronics & Computer Distribution,37382322034.5,Small Cap,440.8500061035156,120351876.46118896,1243,0.0,NSE,India,INR,Equity,1,1,2026-08-04,2026-08-04
SEC193E0439,FOSECOIND,FOSECOIND.NS,Foseco India Limited,Basic Materials,Chemicals,37325589501.32324,Small Cap,5258.5,29894792.485518903,1243,0.0,NSE,India,INR,Equity,1,1,2026-08-04,2026-08-04
SEC29D09DF1,STYRENIX,STYRENIX.NS,Styrenix Performance Materials Limited,Basic Materials,Chemicals,37323522132.78906,Small Cap,2312.89990234375,112134927.81362258,1244,0.0,NSE,India,INR,Equity,1,1,2026-08-04,2026-08-04
SECC6E93003,ANUP,ANUP.NS,The Anup Engineering Limited,Industrials,Specialty Industrial Machinery,37306602767.44946,Small Cap,2246.0,134193912.23330653,1243,0.0,NSE,India,INR,Equity,1,1,2026-08-04,2026-08-04
SEC6A8DFCB4,ZOTA,ZOTA.NS,Zota Health Care Limited,Healthcare,Biotechnology,37139304746.94336,Small Cap,1307.5999755859375,84049630.35445105,1243,0.0,NSE,India,INR,Equity,1,1,2026-08-04,2026-08-04
SEC75A97640,TARC,TARC.NS,TARC Limited,Real Estate,Real Estate - Development,36833924444.64375,Small Cap,126.18000030517578,125139004.44082378,1243,0.0,NSE,India,INR,Equity,1,1,2026-08-04,2026-08-04
SEC29BDD6CF,RPGLIFE,RPGLIFE.NS,RPG Life Sciences Limited,Healthcare,Drug Manufacturers - Specialty & Generic,36792694384.13818,Small Cap,2277.39990234375,105054260.64633678,1244,0.0,NSE,India,INR,Equity,1,1,2026-08-04,2026-08-04
SEC7F72459B,GREENPLY,GREENPLY.NS,Greenply Industries Limited,Basic Materials,Lumber & Wood Production,36696219296.31683,Small Cap,291.6700134277344,99909405.11670932,1244,0.0,NSE,India,INR,Equity,1,1,2026-08-04,2026-08-04
SEC9C11EAF8,PREMEXPLN,PREMEXPLN.NS,Premier Explosives Limited,Basic Materials,Specialty Chemicals,36471026055.21057,Small Cap,775.2999877929688,289772935.6083701,1244,0.0,NSE,India,INR,Equity,1,1,2026-08-04,2026-08-04
SEC055BC4E6,HARSHA,HARSHA.NS,Harsha Engineers International Limited,Industrials,Tools & Accessories,36417642000.0,Small Cap,431.0499877929688,94238738.8388719,922,0.0,NSE,India,INR,Equity,1,1,2026-08-04,2026-08-04
SECC70E5447,RPTECH,RPTECH.NS,Rashi Peripherals Limited,Technology,Electronics & Computer Distribution,36389796369.63928,Small Cap,750.6500244140625,291183234.9421857,581,0.0,NSE,India,INR,Equity,1,1,2026-08-04,2026-08-04
SEC33CBB77C,QUESS,QUESS.NS,Quess Corp Limited,Industrials,Staffing & Employment Services,36385552906.05202,Small Cap,249.8699951171875,102020924.74873044,1244,0.0,NSE,India,INR,Equity,1,1,2026-08-04,2026-08-04
SEC18F8ABEA,NFL,NFL.NS,National Fertilizers Limited,Basic Materials,Agricultural Inputs,36361672355.41382,Small Cap,77.86000061035156,325681452.7001041,1244,0.0,NSE,India,INR,Equity,1,1,2026-08-04,2026-08-04
SECE04E6E2E,SSWL,SSWL.NS,Steel Strips Wheels Limited,Consumer Cyclical,Auto Parts,36179493350.0,Small Cap,229.08999633789065,76846979.9216299,1243,0.0,NSE,India,INR,Equity,1,1,2026-08-04,2026-08-04
SECA4B15FAE,GUFICBIO,GUFICBIO.NS,Gufic Biosciences Limited,Healthcare,Drug Manufacturers - Specialty & Generic,36111731022.67584,Small Cap,355.25,62378361.20739549,1244,0.0,NSE,India,INR,Equity,1,1,2026-08-04,2026-08-04
SEC0286B37C,HGINFRA,HGINFRA.NS,H.G. Infra Engineering Limited,Industrials,Engineering & Construction,36072209938.5,Small Cap,582.8499755859375,114133123.7327665,1244,0.0,NSE,India,INR,Equity,1,1,2026-08-04,2026-08-04
SEC0B6F34F4,ASHIANA,ASHIANA.NS,Ashiana Housing Limited,Real Estate,Real Estate - Development,36063292448.75,Small Cap,383.8500061035156,52291524.3893138,1244,0.0,NSE,India,INR,Equity,1,1,2026-08-04,2026-08-04
SEC13D8D58F,PITTIENG,PITTIENG.NS,Pitti Engineering Limited,Industrials,Metal Fabrication,36007359865.20532,Small Cap,1009.4500122070312,147031231.02273884,1242,0.0,NSE,India,INR,Equity,1,1,2026-08-04,2026-08-04
SECA2F916E3,SAMHI,SAMHI.NS,SAMHI Hotels Limited,Consumer Cyclical,Lodging,35925849904.21802,Small Cap,175.80999755859375,254143333.1679578,677,0.0,NSE,India,INR,Equity,1,1,2026-08-04,2026-08-04
SEC201EAAA1,SMSPHARMA,SMSPHARMA.NS,SMS Pharmaceuticals Limited,Healthcare,Drug Manufacturers - General,35849995940.78674,Small Cap,378.6000061035156,101047401.67760529,1243,0.0,NSE,India,INR,Equity,1,1,2026-08-04,2026-08-04
SEC751FEBDF,PSPPROJECT,PSPPROJECT.NS,PSP Projects Limited,Industrials,Engineering & Construction,35838160669.64142,Small Cap,969.0999755859376,175561043.5884485,1242,0.0,NSE,India,INR,Equity,1,1,2026-08-04,2026-08-04
SECC02338C7,DBCORP,DBCORP.NS,D. B. Corp Limited,Communication Services,Publishing,35697281037.3578,Small Cap,204.19000244140625,62660910.49051912,1243,0.0,NSE,India,INR,Equity,1,1,2026-08-04,2026-08-04
SEC0197A65C,CYIENTDLM,CYIENTDLM.NS,Cyient DLM Limited,Industrials,Aerospace & Defense,35555249408.0,Small Cap,473.6499938964844,220644649.9023547,729,0.0,NSE,India,INR,Equity,1,1,2026-08-04,2026-08-04
SECE12526EA,BAJAJELEC,BAJAJELEC.NS,Bajaj Electricals Limited,Consumer Cyclical,"Furnishings, Fixtures & Appliances",35275570891.90314,Small Cap,325.6499938964844,54818403.501139775,1244,0.0,NSE,India,INR,Equity,1,1,2026-08-04,2026-08-04
SEC8B45D9DD,GOPAL,GOPAL.NS,Gopal Snacks Limited,Consumer Defensive,Packaged Foods,35050075400.94412,Small Cap,283.79998779296875,68200783.38970783,560,0.0,NSE,India,INR,Equity,1,1,2026-08-04,2026-08-04
SECF410D585,INDRAMEDCO,INDRAMEDCO.NS,Indraprastha Medical Corporation Limited,Healthcare,Medical Care Facilities,34945748719.055176,Small Cap,382.9500122070313,114187002.7681555,1244,0.0,NSE,India,INR,Equity,1,1,2026-08-04,2026-08-04
SEC2680565A,RAMRAT,RAMRAT.NS,Ram Ratna Wires Limited,Industrials,Electrical Equipment & Parts,34912552928.0,Small Cap,407.1499938964844,77922969.04718265,960,0.0,NSE,India,INR,Equity,1,1,2026-08-04,2026-08-04
SECB25B9AC0,KDDL,KDDL.NS,KDDL Limited,Consumer Cyclical,Luxury Goods,34905356640.0,Small Cap,2959.699951171875,77835824.06162369,1242,0.0,NSE,India,INR,Equity,1,1,2026-08-04,2026-08-04
SECCA0905BC,JKIL,JKIL.NS,J. Kumar Infraprojects Limited,Industrials,Engineering & Construction,34843965513.0,Small Cap,500.2000122070313,143440586.29397547,1244,0.0,NSE,India,INR,Equity,1,1,2026-08-04,2026-08-04
SEC3B6F78B8,MAYURUNIQ,MAYURUNIQ.NS,Mayur Uniquoters Limited,Consumer Cyclical,Textile Manufacturing,34727318450.427246,Small Cap,826.25,86878849.66686796,1242,0.0,NSE,India,INR,Equity,1,1,2026-08-04,2026-08-04
SECE6F5BB68,TFCILTD,TFCILTD.NS,Tourism Finance Corporation of India Limited,Financial Services,Credit Services,34686253973.063354,Small Cap,74.16000366210938,513733695.3860169,1244,0.0,NSE,India,INR,Equity,1,1,2026-08-04,2026-08-04
SEC5294E178,SANATHAN,SANATHAN.NS,SANATHAN TEXTILES LIMITED,Consumer Cyclical,Textile Manufacturing,34567681333.127014,Small Cap,439.5,71984617.626703,367,0.0,NSE,India,INR,Equity,1,1,2026-08-04,2026-08-04
SECF4D93C4E,NPST,NPST.NS,NETWORK PEOPLE SRV TECH L,Technology,Software - Application,34349666909.3628,Small Cap,1572.0,36991522.6825532,1175,0.0,NSE,India,INR,Equity,1,1,2026-08-04,2026-08-04
SEC7FC79E2A,BHAGCHEM,BHAGCHEM.NS,Bhagiradha Chemicals & Industries Limited,Basic Materials,Agricultural Inputs,34329888930.0,Small Cap,279.260009765625,39829444.144025214,1155,0.0,NSE,India,INR,Equity,1,1,2026-08-04,2026-08-04
SEC498CC516,KSL,KSL.NS,Kalyani Steels Limited,Basic Materials,Steel,34317854184.74853,Small Cap,829.2999877929688,78565333.61259481,1244,0.0,NSE,India,INR,Equity,1,1,2026-08-04,2026-08-04
SEC33547661,KNRCON,KNRCON.NS,KNR Constructions Limited,Industrials,Engineering & Construction,34215002465.911865,Small Cap,140.86000061035156,176727554.870976,1244,0.0,NSE,India,INR,Equity,1,1,2026-08-04,2026-08-04
SECB8704EC0,JTEKTINDIA,JTEKTINDIA.NS,JTEKT India Limited,Consumer Cyclical,Auto Parts,34119817470.0,Small Cap,137.3000030517578,53970491.57114185,1244,0.0,NSE,India,INR,Equity,1,1,2026-08-04,2026-08-04
SEC50BAE6C3,GMMPFAUDLR,GMMPFAUDLR.NS,GMM Pfaudler Limited,Industrials,Specialty Industrial Machinery,33830311060.0,Small Cap,809.6500244140625,119145053.75161166,1243,0.0,NSE,India,INR,Equity,1,1,2026-08-04,2026-08-04
SECAA82A44C,YASHO,YASHO.NS,Yasho Industries Limited,Basic Materials,Specialty Chemicals,33807790758.87573,Small Cap,2878.60009765625,55762251.71443053,696,0.0,NSE,India,INR,Equity,1,1,2026-08-04,2026-08-04
SEC7910F1ED,SHANTIGEAR,SHANTIGEAR.NS,Shanthi Gears Limited,Industrials,Specialty Industrial Machinery,33777246537.964325,Small Cap,450.6000061035156,51995327.77074483,1243,0.0,NSE,India,INR,Equity,1,1,2026-08-04,2026-08-04
SEC8846A4DF,AARTIDRUGS,AARTIDRUGS.NS,Aarti Drugs Limited,Healthcare,Drug Manufacturers - Specialty & Generic,33774462385.864258,Small Cap,370.3500061035156,109746547.88656072,1244,0.0,NSE,India,INR,Equity,1,1,2026-08-04,2026-08-04
SECFBE3539E,HEIDELBERG,HEIDELBERG.NS,HeidelbergCement India Limited,Basic Materials,Building Materials,33722739470.823868,Small Cap,152.77999877929688,46766410.071290925,1244,0.0,NSE,India,INR,Equity,1,1,2026-08-04,2026-08-04
SECF741D475,ASHOKA,ASHOKA.NS,Ashoka Buildcon Limited,Industrials,Engineering & Construction,33686786040.0,Small Cap,135.16000366210938,252106862.08157647,1244,0.0,NSE,India,INR,Equity,1,1,2026-08-04,2026-08-04
SECCF668AB3,ORIANA,ORIANA.NS,"ORIANA.NS,0P0001RF21,151050",,,33655623606.427,Small Cap,1570.0,136421061.6929699,697,0.0,NSE,India,INR,Equity,1,1,2026-08-04,2026-08-04
SECAE74C397,CARYSIL,CARYSIL.NS,Carysil Limited,Consumer Cyclical,"Furnishings, Fixtures & Appliances",33420062050.0,Small Cap,1199.300048828125,141678766.57013726,1244,0.0,NSE,India,INR,Equity,1,1,2026-08-04,2026-08-04
SEC2374D72F,SETL,SETL.NS,Standard Engineering Technology Limited,Industrials,Specialty Industrial Machinery,33363655724.487305,Small Cap,186.1100006103516,199160001.4407336,356,0.0,NSE,India,INR,Equity,1,1,2026-08-04,2026-08-04
SEC2C25A7D8,SANGHVIMOV,SANGHVIMOV.NS,Sanghvi Movers Limited,Industrials,Rental & Leasing Services,33323101871.58203,Small Cap,414.75,177370383.011455,1244,0.0,NSE,India,INR,Equity,1,1,2026-08-04,2026-08-04
SECBDC462F6,MAHLOG,MAHLOG.NS,Mahindra Logistics Limited,Industrials,Integrated Freight & Logistics,33279220192.594025,Small Cap,354.95001220703125,78054218.44033936,1244,0.0,NSE,India,INR,Equity,1,1,2026-08-04,2026-08-04
SECD416DDCA,KERNEX,KERNEX.NS,Kernex Microsystems (India) Limited,Technology,Software - Application,32939468499.01538,Small Cap,1999.5,182547911.0956592,1244,0.0,NSE,India,INR,Equity,1,1,2026-08-04,2026-08-04
SEC238EC88B,KIRLOSIND,KIRLOSIND.NS,Kirloskar Industries Limited,Industrials,Metal Fabrication,32796821193.06299,Small Cap,3749.800048828125,32894479.87242327,1243,0.0,NSE,India,INR,Equity,1,1,2026-08-04,2026-08-04
SEC84A9491D,NOVARTIND,NOVARTIND.NS,Novartis India Limited,Healthcare,Drug Manufacturers - Specialty & Generic,32762219142.10266,Small Cap,1388.9000244140625,40405586.66988731,664,0.0,NSE,India,INR,Equity,1,1,2026-08-04,2026-08-04
SEC8F413962,GRAUWEIL,GRAUWEIL.NS,Grauer & Weil (India) Limited,Basic Materials,Specialty Chemicals,32740843999.889374,Small Cap,76.38999938964844,36576035.85739282,627,0.0,NSE,India,INR,Equity,1,1,2026-08-04,2026-08-04
SECB27F430E,ROUTE,ROUTE.NS,Route Mobile Limited,Communication Services,Telecom Services,32730101099.0,Small Cap,545.5,161531685.3709807,1244,0.0,NSE,India,INR,Equity,1,1,2026-08-04,2026-08-04
SECA6E088E4,WSTCSTPAPR,WSTCSTPAPR.NS,West Coast Paper Mills Limited,Basic Materials,Paper & Paper Products,32572018577.06945,Small Cap,513.3499755859375,125476910.00899716,1243,0.0,NSE,India,INR,Equity,1,1,2026-08-04,2026-08-04
SECBD9BF145,SASKEN,SASKEN.NS,Sasken Technologies Limited,Technology,Information Technology Services,32521827646.5,Small Cap,2586.10009765625,107170703.13989788,1243,0.0,NSE,India,INR,Equity,1,1,2026-08-04,2026-08-04
SEC15AB4B5A,JINDALPOLY,JINDALPOLY.NS,Jindal Poly Films Limited,Consumer Cyclical,Packaging & Containers,32434785429.75,Small Cap,686.9000244140625,86657209.38458556,1244,0.0,NSE,India,INR,Equity,1,1,2026-08-04,2026-08-04
SEC7E7136C3,PANACEABIO,PANACEABIO.NS,Panacea Biotec Limited,Healthcare,Biotechnology,32413895530.88977,Small Cap,536.4000244140625,175190320.27147633,1244,0.0,NSE,India,INR,Equity,1,1,2026-08-04,2026-08-04
SEC3764637E,MARINE,MARINE.NS,Marine Electricals (India) Limited,Industrials,Electrical Equipment & Parts,32118257834.724422,Small Cap,258.45001220703125,149090447.17668146,1244,0.0,NSE,India,INR,Equity,1,1,2026-08-04,2026-08-04
SEC373533FD,UNICHEMLAB,UNICHEMLAB.NS,Unichem Laboratories Limited,Healthcare,Drug Manufacturers - Specialty & Generic,31981811937.5,Small Cap,444.2999877929688,51683687.16722225,1244,0.0,NSE,India,INR,Equity,1,1,2026-08-04,2026-08-04
SEC005A3E07,EIEL,EIEL.NS,ENVIRO INFRA ENGINEERS L,Industrials,Engineering & Construction,31878003407.13501,Small Cap,205.8699951171875,1080792112.458549,387,0.0,NSE,India,INR,Equity,1,1,2026-08-04,2026-08-04
SEC3C43A96E,CHEMPLASTS,CHEMPLASTS.NS,Chemplast Sanmar Limited,Basic Materials,Chemicals,31780024374.0,Small Cap,214.47000122070312,67672548.80509779,1194,0.0,NSE,India,INR,Equity,1,1,2026-08-04,2026-08-04
SECDA252D7C,DEEPINDS,DEEPINDS.NS,Deep Industries Limited,Energy,Oil & Gas E&P,31494400390.625,Small Cap,487.0499877929688,146769822.51786125,1244,0.0,NSE,India,INR,Equity,1,1,2026-08-04,2026-08-04
SEC6AB38020,BBL,BBL.NS,Bharat Bijlee Limited,Industrials,Electrical Equipment & Parts,31131052552.089844,Small Cap,2801.60009765625,150554843.07816228,1244,0.0,NSE,India,INR,Equity,1,1,2026-08-04,2026-08-04
SEC43E3D252,NAVNETEDUL,NAVNETEDUL.NS,Navneet Education Limited,Communication Services,Publishing,31087088055.89438,Small Cap,139.30999755859375,52590290.6193123,1244,0.0,NSE,India,INR,Equity,1,1,2026-08-04,2026-08-04
SEC6B63388B,ADFFOODS,ADFFOODS.NS,ADF Foods Limited,Consumer Defensive,Packaged Foods,30871670195.0,Small Cap,306.8500061035156,69184455.11384043,1244,0.0,NSE,India,INR,Equity,1,1,2026-08-04,2026-08-04
SECC48C7D38,KOLTEPATIL,KOLTEPATIL.NS,Kolte-Patil Developers Limited,Real Estate,Real Estate - Development,30842935610.67932,Small Cap,377.7999877929688,135663997.4616722,1242,0.0,NSE,India,INR,Equity,1,1,2026-08-04,2026-08-04
SEC611E53DC,NITINSPIN,NITINSPIN.NS,Nitin Spinners Limited,Consumer Cyclical,Textile Manufacturing,30712985313.720703,Small Cap,568.7000122070312,125255786.5071743,1243,0.0,NSE,India,INR,Equity,1,1,2026-08-04,2026-08-04
SEC9DAEC2B0,JINDWORLD,JINDWORLD.NS,Jindal Worldwide Limited,Consumer Cyclical,Textile Manufacturing,30689647831.939697,Small Cap,32.439998626708984,52652556.299405575,1244,0.0,NSE,India,INR,Equity,1,1,2026-08-04,2026-08-04
SECD3469113,MPSLTD,MPSLTD.NS,MPS Limited,Communication Services,Publishing,30661206875.71656,Small Cap,1812.0999755859373,55968627.8132566,1242,0.0,NSE,India,INR,Equity,1,1,2026-08-04,2026-08-04
SEC7A9EB70E,MUTHOOTMF,MUTHOOTMF.NS,MUTHOOT MICROFIN LIMITED,Financial Services,Credit Services,30617418552.5,Small Cap,203.7700042724609,77353306.17182362,613,0.0,NSE,India,INR,Equity,1,1,2026-08-04,2026-08-04
SEC638E6231,DREDGECORP,DREDGECORP.NS,Dredging Corporation of India Limited,Industrials,Engineering & Construction,30408000000.0,Small Cap,1136.0,256749425.6205788,1244,0.0,NSE,India,INR,Equity,1,1,2026-08-04,2026-08-04
SEC1CAC8820,PRINCEPIPE,PRINCEPIPE.NS,Prince Pipes and Fittings Limited,Industrials,Building Products & Equipment,30376944875.48096,Small Cap,281.95001220703125,78741444.71458302,1243,0.0,NSE,India,INR,Equity,1,1,2026-08-04,2026-08-04
SEC3830E7EE,ANTELOPUS,ANTELOPUS.NS,ANTELOPUS SELAN ENRGY LTD,Energy,Oil & Gas E&P,30366211510.343994,Small Cap,775.2000122070312,138725878.30283663,1244,0.0,NSE,India,INR,Equity,1,1,2026-08-04,2026-08-04
SECCA1E4BD9,INDOTHAI,INDOTHAI.NS,Indo Thai Securities Limited,Financial Services,Capital Markets,30321738292.5,Small Cap,236.50999450683597,66247310.63934957,1243,0.0,NSE,India,INR,Equity,1,1,2026-08-04,2026-08-04
SEC1DB35978,TVSSRICHAK,TVSSRICHAK.NS,TVS Srichakra Limited,Consumer Cyclical,Auto Parts,30220845313.879395,Small Cap,4105.60009765625,46631052.49066766,1243,0.0,NSE,India,INR,Equity,1,1,2026-08-04,2026-08-04
SECD7BF3A5E,63MOONS,63MOONS.NS,63 moons technologies limited,Technology,Software - Application,30179138370.63214,Small Cap,670.4500122070312,161444373.17944527,1244,0.0,NSE,India,INR,Equity,1,1,2026-08-04,2026-08-04
SEC17732A6C,RAMKY,RAMKY.NS,Ramky Infrastructure Limited,Industrials,Engineering & Construction,30166777831.1496,Small Cap,427.25,72269561.78904992,1242,0.0,NSE,India,INR,Equity,1,1,2026-08-04,2026-08-04
SEC5D7E70B2,WONDERLA,WONDERLA.NS,Wonderla Holidays Limited,Consumer Cyclical,Leisure,30135326877.79816,Small Cap,480.7000122070313,67465715.3521814,1243,0.0,NSE,India,INR,Equity,1,1,2026-08-04,2026-08-04
SECEE4EF73C,UFLEX,UFLEX.NS,Uflex Limited,Consumer Cyclical,Packaging & Containers,30108579969.187862,Small Cap,425.8999938964844,93639334.44511472,1243,0.0,NSE,India,INR,Equity,1,1,2026-08-04,2026-08-04
SEC31073E07,SUNCLAY,SUNCLAY.NS,Sundaram-Clayton Limited,Industrials,Metal Fabrication,29978372164.07276,Small Cap,1339.5,31861355.798029557,609,0.0,NSE,India,INR,Equity,1,1,2026-08-04,2026-08-04
SEC65371E4D,PARAGMILK,PARAGMILK.NS,Parag Milk Foods Limited,Consumer Defensive,Packaged Foods,29782640019.735947,Small Cap,229.6100006103516,224012872.7470729,1244,0.0,NSE,India,INR,Equity,1,1,2026-08-04,2026-08-04
SECBF472289,UNIPARTS,UNIPARTS.NS,Uniparts India Limited,Industrials,Farm & Heavy Construction Machinery,29762258564.80261,Small Cap,674.7000122070312,110690886.16233352,870,0.0,NSE,India,INR,Equity,1,1,2026-08-04,2026-08-04
SEC0CC53FC0,BALMLAWRIE,BALMLAWRIE.NS,Balmer Lawrie & Co. Ltd.,Industrials,Conglomerates,29754669204.0,Small Cap,181.44000244140625,95113415.98490009,1244,0.0,NSE,India,INR,Equity,1,1,2026-08-04,2026-08-04
SEC5F8FB62B,SHAREINDIA,SHAREINDIA.NS,Share India Securities Limited,Financial Services,Capital Markets,29714317249.53445,Small Cap,138.89999389648438,83137283.85564063,1244,0.0,NSE,India,INR,Equity,1,1,2026-08-04,2026-08-04
SECE57513D1,WINDMACHIN,WINDMACHIN.NS,Windsor Machines Limited,Industrials,Specialty Industrial Machinery,29700604870.77118,Small Cap,325.04998779296875,69182646.9926007,1243,0.0,NSE,India,INR,Equity,1,1,2026-08-04,2026-08-04
SECF72B6EBA,HERITGFOOD,HERITGFOOD.NS,Heritage Foods Limited,Consumer Defensive,Packaged Foods,29694720000.0,Small Cap,330.0,164439752.04983923,1244,0.0,NSE,India,INR,Equity,1,1,2026-08-04,2026-08-04
SEC8670F166,RSYSTEMS,RSYSTEMS.NS,R Systems International Limited,Technology,Information Technology Services,29661925543.25,Small Cap,264.1499938964844,79651574.27225183,1244,0.0,NSE,India,INR,Equity,1,1,2026-08-04,2026-08-04
SECA817D0FD,INTERARCH,INTERARCH.NS,Interarch Building Solutions Limited,Industrials,Engineering & Construction,29508398577.669067,Small Cap,1900.0999755859373,349726431.5691738,451,0.0,NSE,India,INR,Equity,1,1,2026-08-04,2026-08-04
SEC081F8178,MAITHANALL,MAITHANALL.NS,Maithan Alloys Limited,Basic Materials,Steel,29498733259.6344,Small Cap,1111.199951171875,93129914.44403842,1244,0.0,NSE,India,INR,Equity,1,1,2026-08-04,2026-08-04
SEC13FE75AE,CARRARO,CARRARO.NS,CARRARO INDIA LIMITED,Consumer Cyclical,Auto Parts,29275700187.0885,Small Cap,560.5499877929688,107792081.00262453,365,0.0,NSE,India,INR,Equity,1,1,2026-08-04,2026-08-04
SEC440CDDE6,GATEWAY,GATEWAY.NS,Gateway Distriparks Limited,Industrials,Integrated Freight & Logistics,29169207679.3572,Small Cap,60.93999862670898,58943110.373593055,1051,0.0,NSE,India,INR,Equity,1,1,2026-08-04,2026-08-04
SECFE3CEFFE,NIITMTS,NIITMTS.NS,NIIT Learning Systems Limited,Consumer Defensive,Education & Training Services,29154333068.0,Small Cap,229.5500030517578,43085550.298617445,705,0.0,NSE,India,INR,Equity,1,1,2026-08-04,2026-08-04
SECD9C856B4,SOLARA,SOLARA.NS,Solara Active Pharma Sciences Limited,Healthcare,Drug Manufacturers - Specialty & Generic,29058413826.45862,Small Cap,563.0999755859375,104117436.25544313,1244,0.0,NSE,India,INR,Equity,1,1,2026-08-04,2026-08-04
SEC3C8B6016,JTLIND,JTLIND.NS,JTL Industries Limited,Basic Materials,Steel,29021217462.65396,Small Cap,79.2300033569336,195628491.88556823,1110,0.0,NSE,India,INR,Equity,1,1,2026-08-04,2026-08-04
SECB11045F5,STEELCAS,STEELCAS.NS,Steelcast Limited,Basic Materials,Steel,28902720617.67578,Small Cap,293.3999938964844,36275376.78194622,1132,0.0,NSE,India,INR,Equity,1,1,2026-08-04,2026-08-04
SEC1F06FD20,RPSGVENT,RPSGVENT.NS,RPSG Ventures Limited,Technology,Information Technology Services,28844730962.31317,Small Cap,871.2000122070312,120751136.98453848,1244,0.0,NSE,India,INR,Equity,1,1,2026-08-04,2026-08-04
SEC1DC18B2E,FLAIR,FLAIR.NS,FLAIR WRITING INDUST LTD,Industrials,Business Equipment & Supplies,28815095701.917664,Small Cap,279.3999938964844,58740495.47331703,630,0.0,NSE,India,INR,Equity,1,1,2026-08-04,2026-08-04
SEC5BD1A46B,VENUSPIPES,VENUSPIPES.NS,Venus Pipes and Tubes Limited,Basic Materials,Steel,28731173464.764404,Small Cap,1546.0999755859375,178310475.4517068,1008,0.0,NSE,India,INR,Equity,1,1,2026-08-04,2026-08-04
SECAA0A93D7,KITEX,KITEX.NS,Kitex Garments Limited,Consumer Cyclical,Apparel Manufacturing,28696079269.40918,Small Cap,163.41000366210938,218566760.6878253,1244,0.0,NSE,India,INR,Equity,1,1,2026-08-04,2026-08-04
SEC975A6D4E,DCAL,DCAL.NS,Dishman Carbogen Amcis Limited,Healthcare,Biotechnology,28589398330.17807,Small Cap,170.72000122070312,127079011.16139932,1243,0.0,NSE,India,INR,Equity,1,1,2026-08-04,2026-08-04
SECBFE01C84,JUBLCPL,JUBLCPL.NS,Jubilant Agri and Consumer Products Limited,Basic Materials,Specialty Chemicals,28366981775.36609,Small Cap,1867.199951171875,16881918.8672915,331,0.0,NSE,India,INR,Equity,1,1,2026-08-04,2026-08-04
SECB8456930,XPROINDIA,XPROINDIA.NS,Xpro India Limited,Basic Materials,Specialty Chemicals,28324069004.815186,Small Cap,1344.800048828125,65644330.15967503,1244,0.0,NSE,India,INR,Equity,1,1,2026-08-04,2026-08-04
SEC79D37E94,NSIL,NSIL.NS,Nalwa Sons Investments Limited,Financial Services,Asset Management,28305394293.0,Small Cap,5732.5,48245153.51166533,1243,0.0,NSE,India,INR,Equity,1,1,2026-08-04,2026-08-04
SEC552BEC3B,JASH,JASH.NS,Jash Engineering Limited,Industrials,Specialty Industrial Machinery,28228672600.0,Small Cap,500.0499877929688,68427924.1738468,1242,0.0,NSE,India,INR,Equity,1,1,2026-08-04,2026-08-04
SECFBA31796,POLYPLEX,POLYPLEX.NS,Polyplex Corporation Limited,Basic Materials,Specialty Chemicals,28206127107.0,Small Cap,951.0999755859376,154135444.0063141,1244,0.0,NSE,India,INR,Equity,1,1,2026-08-04,2026-08-04
SEC64A0DF52,TATVA,TATVA.NS,Tatva Chintan Pharma Chem Limited,Basic Materials,Specialty Chemicals,27845902843.095093,Small Cap,1194.0,84409166.44756399,1211,0.0,NSE,India,INR,Equity,1,1,2026-08-04,2026-08-04
SEC62723886,JNKINDIA,JNKINDIA.NS,JNK India Limited,Industrials,Specialty Industrial Machinery,27730760615.515594,Small Cap,486.9500122070313,156654296.77809986,531,0.0,NSE,India,INR,Equity,1,1,2026-08-04,2026-08-04
SECF1C11111,SIYSIL,SIYSIL.NS,Siyaram Silk Mills Limited,Consumer Cyclical,Textile Manufacturing,27723391718.56592,Small Cap,631.5999755859375,91349585.43904108,1244,0.0,NSE,India,INR,Equity,1,1,2026-08-04,2026-08-04
SEC1338851E,ROSSARI,ROSSARI.NS,Rossari Biotech Limited,Basic Materials,Specialty Chemicals,27684729000.63281,Small Cap,560.9000244140625,60786525.656280026,1244,0.0,NSE,India,INR,Equity,1,1,2026-08-04,2026-08-04
SEC7651F947,FUSION,FUSION.NS,Fusion Finance Limited,Financial Services,Credit Services,27572635458.5,Small Cap,179.25999450683594,86635527.60355937,889,0.0,NSE,India,INR,Equity,1,1,2026-08-04,2026-08-04
SEC169142FB,MOREPENLAB,MOREPENLAB.NS,Morepen Laboratories Limited,Healthcare,Drug Manufacturers - Specialty & Generic,27529194757.48209,Small Cap,49.5,264256421.8311897,1244,0.0,NSE,India,INR,Equity,1,1,2026-08-04,2026-08-04
SEC34A833C6,ZAGGLE,ZAGGLE.NS,Zaggle Prepaid Ocean Services Limited,Technology,Software - Infrastructure,27440538445.60932,Small Cap,213.1699981689453,306894476.453841,677,0.0,NSE,India,INR,Equity,1,1,2026-08-04,2026-08-04
SECF2B0AB3B,APCOTEXIND,APCOTEXIND.NS,Apcotex Industries Limited,Basic Materials,Specialty Chemicals,27330071929.746094,Small Cap,546.6500244140625,44380270.39096724,1243,0.0,NSE,India,INR,Equity,1,1,2026-08-04,2026-08-04
SEC886501E5,MONARCH,MONARCH.NS,Monarch Networth Capital Limited,Financial Services,Capital Markets,27268308272.0,Small Cap,350.25,99110251.73386364,1100,0.0,NSE,India,INR,Equity,1,1,2026-08-04,2026-08-04
SEC3B5D2114,ORIENTCEM,ORIENTCEM.NS,Orient Cement Limited,Basic Materials,Building Materials,27252197429.317245,Small Cap,135.50999450683594,137793194.2278942,1243,0.0,NSE,India,INR,Equity,1,1,2026-08-04,2026-08-04
SECB8D6F4E8,MEDIASSIST,MEDIASSIST.NS,MEDI ASSIST HEALTH SER L,Healthcare,Healthcare Plans,27068212904.64386,Small Cap,364.3500061035156,106062586.8296796,595,0.0,NSE,India,INR,Equity,1,1,2026-08-04,2026-08-04
SECB203DE46,INDOTECH,INDOTECH.NS,Indo Tech Transformers Limited,Industrials,Electrical Equipment & Parts,26974800000.0,Small Cap,2679.699951171875,76933387.94007379,1243,0.0,NSE,India,INR,Equity,1,1,2026-08-04,2026-08-04
SEC5BB34696,MARATHON,MARATHON.NS,Marathon Nextgen Realty Limited,Real Estate,Real Estate - Development,26846862240.204712,Small Cap,398.25,44061467.29039389,1244,0.0,NSE,India,INR,Equity,1,1,2026-08-04,2026-08-04
SEC5DA62EED,NOCIL,NOCIL.NS,NOCIL Limited,Basic Materials,Specialty Chemicals,26767414364.304657,Small Cap,159.02000427246094,158258226.48393926,1244,0.0,NSE,India,INR,Equity,1,1,2026-08-04,2026-08-04
SEC3DC8B89B,KKCL,KKCL.NS,Kewal Kiran Clothing Limited,Consumer Cyclical,Apparel Manufacturing,26751493184.63028,Small Cap,493.5,57155310.43478261,1242,0.0,NSE,India,INR,Equity,1,1,2026-08-04,2026-08-04
SEC3E876FA5,DIAMONDYD,DIAMONDYD.NS,Prataap Snacks Limited,Consumer Defensive,Packaged Foods,26734359654.9469,Small Cap,1135.699951171875,80756852.85886903,1242,0.0,NSE,India,INR,Equity,1,1,2026-08-04,2026-08-04
SECF4E7BD3D,VSSL,VSSL.NS,Vardhman Special Steels Limited,Basic Materials,Steel,26704585443.845093,Small Cap,281.54998779296875,54316708.81219202,1243,0.0,NSE,India,INR,Equity,1,1,2026-08-04,2026-08-04
SEC11305EB3,DDEVPLSTIK,DDEVPLSTIK.NS,Ddev Plastiks Industries Limited,Basic Materials,Specialty Chemicals,26528311844.42285,Small Cap,273.1700134277344,47177301.66401103,354,0.0,NSE,India,INR,Equity,1,1,2026-08-04,2026-08-04
SEC7C949B89,SANGAMIND,SANGAMIND.NS,Sangam (India) Limited,Consumer Cyclical,Textile Manufacturing,26509063397.742188,Small Cap,541.0,35462609.239935584,1242,0.0,NSE,India,INR,Equity,1,1,2026-08-04,2026-08-04
SEC131746D4,DALMIASUG,DALMIASUG.NS,Dalmia Bharat Sugar and Industries Limited,Consumer Defensive,Confectioners,26341697149.3786,Small Cap,337.29998779296875,68139783.31780843,1242,0.0,NSE,India,INR,Equity,1,1,2026-08-04,2026-08-04
SEC52A8440B,CAMLINFINE,CAMLINFINE.NS,Camlin Fine Sciences Limited,Basic Materials,Specialty Chemicals,26318470841.93925,Small Cap,140.27999877929688,121056525.66722132,1243,0.0,NSE,India,INR,Equity,1,1,2026-08-04,2026-08-04
SEC7FC3B893,BOROLTD,BOROLTD.NS,Borosil Limited,Consumer Cyclical,"Furnishings, Fixtures & Appliances",26309278380.0,Small Cap,231.25,52398148.01547428,1244,0.0,NSE,India,INR,Equity,1,1,2026-08-04,2026-08-04
SECE728FD59,HLEGLAS,HLEGLAS.NS,HLE Glascoat Limited,Industrials,Specialty Industrial Machinery,26194854389.931915,Small Cap,375.0,56505616.45900322,1244,0.0,NSE,India,INR,Equity,1,1,2026-08-04,2026-08-04
SEC98D2E465,ARVSMART,ARVSMART.NS,Arvind SmartSpaces Limited,Real Estate,Real Estate - Development,26006577093.0,Small Cap,610.7000122070312,70553893.83674097,1243,0.0,NSE,India,INR,Equity,1,1,2026-08-04,2026-08-04
SECFCAD1943,KIRIINDUS,KIRIINDUS.NS,Kiri Industries Limited,Basic Materials,Specialty Chemicals,25979222802.246094,Small Cap,394.6499938964844,178156756.96498874,1244,0.0,NSE,India,INR,Equity,1,1,2026-08-04,2026-08-04
SEC9C3F505D,PATELENG,PATELENG.NS,Patel Engineering Limited,Industrials,Engineering & Construction,25977298087.043568,Small Cap,31.020000457763672,172208603.55416864,1244,0.0,NSE,India,INR,Equity,1,1,2026-08-04,2026-08-04
SEC350DB1BA,BOMDYEING,BOMDYEING.NS,The Bombay Dyeing and Manufacturing Company Limited,Consumer Cyclical,Textile Manufacturing,25973829465.206142,Small Cap,135.0,389213557.307074,1244,0.0,NSE,India,INR,Equity,1,1,2026-08-04,2026-08-04
SEC3C94FD10,HUBTOWN,HUBTOWN.NS,Hubtown Limited,Real Estate,Real Estate - Development,25856636501.76494,Small Cap,195.0399932861328,79632006.97985412,1244,0.0,NSE,India,INR,Equity,1,1,2026-08-04,2026-08-04
SEC3E983958,POKARNA,POKARNA.NS,Pokarna Limited,Industrials,Building Products & Equipment,25829431643.066406,Small Cap,951.2999877929688,125442553.47473292,1244,0.0,NSE,India,INR,Equity,1,1,2026-08-04,2026-08-04
SEC1F180EE2,AIMTRON,AIMTRON.NS,"AIMTRON.NS,0P0001T33D,126400",,,25632619859.6344,Small Cap,1241.300048828125,91216399.2594564,499,0.0,NSE,India,INR,Equity,1,1,2026-08-04,2026-08-04
SECBC9A4903,RML,RML.NS,Rane (Madras) Limited,Consumer Cyclical,Auto Parts,25285217316.03479,Small Cap,1121.1500244140625,48832627.51044084,1244,0.0,NSE,India,INR,Equity,1,1,2026-08-04,2026-08-04
SEC63225CBE,SPECTRUM,SPECTRUM.NS,SPECTRUM ELECTRIC IND LTD,Industrials,Electrical Equipment & Parts,25285139560.36133,Small Cap,1805.0,11779139.105560033,1241,0.0,NSE,India,INR,Equity,1,1,2026-08-04,2026-08-04
SECAB99BA40,EVEREADY,EVEREADY.NS,Eveready Industries India Limited,Industrials,Electrical Equipment & Parts,25073471224.29565,Small Cap,368.8500061035156,108304463.47494292,1243,0.0,NSE,India,INR,Equity,1,1,2026-08-04,2026-08-04
SEC50604EBE,AUTOAXLES,AUTOAXLES.NS,Automotive Axles Limited,Consumer Cyclical,Auto Parts,24993689205.844604,Small Cap,1793.300048828125,37815258.97814872,1243,0.0,NSE,India,INR,Equity,1,1,2026-08-04,2026-08-04
SEC6DF5C333,VINDHYATEL,VINDHYATEL.NS,Vindhya Telelinks Limited,Industrials,Engineering & Construction,24978063366.44458,Small Cap,2374.10009765625,68469760.57318802,1244,0.0,NSE,India,INR,Equity,1,1,2026-08-04,2026-08-04
SEC068FD057,PRAKASH,PRAKASH.NS,Prakash Industries Limited,Basic Materials,Steel,24897747857.56424,Small Cap,145.60000610351562,135080911.98538744,1244,0.0,NSE,India,INR,Equity,1,1,2026-08-04,2026-08-04
SEC9A9B2883,VIMTALABS,VIMTALABS.NS,Vimta Labs Limited,Healthcare,Diagnostics & Research,24845545160.9339,Small Cap,571.4000244140625,219385884.7312008,1244,0.0,NSE,India,INR,Equity,1,1,2026-08-04,2026-08-04
SEC1DA4AF72,DIVGIITTS,DIVGIITTS.NS,Divgi TorqTransfer Systems Limited,Consumer Cyclical,Auto Parts,24831807950.976746,Small Cap,856.7000122070312,40278408.76410928,805,0.0,NSE,India,INR,Equity,1,1,2026-08-04,2026-08-04
SEC435ECD5A,FMGOETZE,FMGOETZE.NS,Federal-Mogul Goetze (India) Limited,Consumer Cyclical,Auto Parts,24828618939.89685,Small Cap,454.0499877929688,53760360.11915763,1242,0.0,NSE,India,INR,Equity,1,1,2026-08-04,2026-08-04
SECA00805F6,STYLEBAAZA,STYLEBAAZA.NS,Baazar Style Retail Limited,Consumer Cyclical,Apparel Retail,24772961528.0,Small Cap,343.54998779296875,248190971.65975997,444,0.0,NSE,India,INR,Equity,1,1,2026-08-04,2026-08-04
SECBBE088FB,PROTEAN,PROTEAN.NS,Protean eGov Technologies Limited,Technology,Information Technology Services,24721374314.76941,Small Cap,606.4500122070312,291312425.97911584,338,0.0,NSE,India,INR,Equity,1,1,2026-08-04,2026-08-04
SECE4BC40B6,GIPCL,GIPCL.NS,Gujarat Industries Power Company Limited,Utilities,Utilities - Regulated Electric,24671573825.11853,Small Cap,161.35000610351562,107701124.27510132,1244,0.0,NSE,India,INR,Equity,1,1,2026-08-04,2026-08-04
SECD28FB14E,GLOBUSSPR,GLOBUSSPR.NS,Globus Spirits Limited,Consumer Defensive,Beverages - Wineries & Distilleries,24667076935.13281,Small Cap,889.5999755859375,165482063.43600628,1243,0.0,NSE,India,INR,Equity,1,1,2026-08-04,2026-08-04
SEC52FCC69C,SUNDROP,SUNDROP.NS,Sundrop Brands Limited,Consumer Defensive,Packaged Foods,24642433266.266663,Small Cap,653.5499877929688,18286737.192912683,1243,0.0,NSE,India,INR,Equity,1,1,2026-08-04,2026-08-04
SEC580BB490,SATIN,SATIN.NS,Satin Creditcare Network Limited,Financial Services,Credit Services,24554825241.75,Small Cap,235.42999267578125,87704996.73934457,1243,0.0,NSE,India,INR,Equity,1,1,2026-08-04,2026-08-04
SECFFB81F43,RAMCOIND,RAMCOIND.NS,Ramco Industries Limited,Industrials,Building Products & Equipment,24554451090.0,Small Cap,291.0,49162562.24276527,1244,0.0,NSE,India,INR,Equity,1,1,2026-08-04,2026-08-04
SECE719E857,RELTD,RELTD.NS,Ravindra Energy Limited,Technology,Solar,24458719840.0,Small Cap,170.75,44990218.514893614,470,0.0,NSE,India,INR,Equity,1,1,2026-08-04,2026-08-04
SEC59DC067D,PARKHOTELS,PARKHOTELS.NS,PARKHOTELS,Consumer Cyclical,Lodging,24448421497.37992,Small Cap,120.98999786376952,87382586.44179899,583,0.0,NSE,India,INR,Equity,1,1,2026-08-04,2026-08-04
SEC513464DA,GANECOS,GANECOS.NS,Ganesha Ecosphere Limited,Consumer Cyclical,Textile Manufacturing,24351445076.38794,Small Cap,927.5499877929688,105513855.22372304,1244,0.0,NSE,India,INR,Equity,1,1,2026-08-04,2026-08-04
SEC77E201F3,VEEDOL,VEEDOL.NS,Veedol Corporation Limited,Basic Materials,Specialty Chemicals,24234670360.0,Small Cap,1482.199951171875,52004419.82765399,1244,0.0,NSE,India,INR,Equity,1,1,2026-08-04,2026-08-04
SEC75BAA94F,NIBE,NIBE.NS,Nibe Limited,Industrials,Conglomerates,24091445185.210327,Small Cap,1815.4000244140625,191233893.807381,337,0.0,NSE,India,INR,Equity,1,1,2026-08-04,2026-08-04
SECDF8A19A3,MUFIN,MUFIN.NS,Mufin Green Finance Limited,Financial Services,Credit Services,24037074009.143005,Small Cap,130.86000061035156,84568303.26277316,648,0.0,NSE,India,INR,Equity,1,1,2026-08-04,2026-08-04
SEC9792D030,CONFIPET,CONFIPET.NS,Confidence Petroleum India Limited,Energy,Oil & Gas Refining & Marketing,23974514879.58304,Small Cap,70.44000244140625,109154957.31468923,1244,0.0,NSE,India,INR,Equity,1,1,2026-08-04,2026-08-04
SEC38F8D622,BEPL,BEPL.NS,Bhansali Engineering Polymers Limited,Basic Materials,Chemicals,23897877610.0177,Small Cap,105.86000061035156,106125184.67728244,1244,0.0,NSE,India,INR,Equity,1,1,2026-08-04,2026-08-04
SEC3841EBCF,ORISSAMINE,ORISSAMINE.NS,The Orissa Minerals Development Company Limited,Basic Materials,Steel,23866800292.96875,Small Cap,4118.2001953125,84610220.58721785,1244,0.0,NSE,India,INR,Equity,1,1,2026-08-04,2026-08-04
SEC56111F7F,REPCOHOME,REPCOHOME.NS,Repco Home Finance Limited,Financial Services,Mortgage Finance,23835878922.0,Small Cap,393.6499938964844,95018678.27782723,1244,0.0,NSE,India,INR,Equity,1,1,2026-08-04,2026-08-04
SECB8180F9E,SIRCA,SIRCA.NS,Sirca Paints India Limited,Basic Materials,Specialty Chemicals,23792234324.30951,Small Cap,412.2999877929688,78897203.99189144,1244,0.0,NSE,India,INR,Equity,1,1,2026-08-04,2026-08-04
SEC4D2C1E1C,IMAGICAA,IMAGICAA.NS,Imagicaaworld Entertainment Limited,Communication Services,Entertainment,23732228310.08756,Small Cap,44.52999877929688,56251418.992731616,1243,0.0,NSE,India,INR,Equity,1,1,2026-08-04,2026-08-04
SECDF5DCE20,TEAMLEASE,TEAMLEASE.NS,TeamLease Services Limited,Industrials,Staffing & Employment Services,23702716154.479004,Small Cap,1465.0,59690200.43443282,1243,0.0,NSE,India,INR,Equity,1,1,2026-08-04,2026-08-04
SEC9232F820,VENUSREM,VENUSREM.NS,Venus Remedies Limited,Healthcare,Drug Manufacturers - Specialty & Generic,23605730745.52588,Small Cap,1739.0999755859375,73009699.36878543,1242,0.0,NSE,India,INR,Equity,1,1,2026-08-04,2026-08-04
SEC73EBFD1E,BFUTILITIE,BFUTILITIE.NS,BF Utilities Limited,Industrials,Infrastructure Operations,23566752377.819824,Small Cap,659.5,198357374.97990355,1244,0.0,NSE,India,INR,Equity,1,1,2026-08-04,2026-08-04
SEC77A6EC5C,BGRENERGY,BGRENERGY.NS,BGR Energy Systems Limited,Industrials,Engineering & Construction,23506628170.0,Small Cap,331.6499938964844,146058516.85476792,1242,0.0,NSE,India,INR,Equity,1,1,2026-08-04,2026-08-04
SEC6B610950,GREENPANEL,GREENPANEL.NS,Greenpanel Industries Limited,Basic Materials,Lumber & Wood Production,23501539503.29178,Small Cap,188.8600006103516,62056075.05797844,1244,0.0,NSE,India,INR,Equity,1,1,2026-08-04,2026-08-04
SEC793491F9,NITCO,NITCO.NS,NITCO Limited,Industrials,Building Products & Equipment,23447914562.65217,Small Cap,113.73999786376952,37304655.8745764,1243,0.0,NSE,India,INR,Equity,1,1,2026-08-04,2026-08-04
SEC7869235E,MSPL,MSPL.NS,MSP Steel & Power Limited,Basic Materials,Steel,23437040405.886955,Small Cap,44.31999969482422,44899308.23073864,1242,0.0,NSE,India,INR,Equity,1,1,2026-08-04,2026-08-04
SEC52223415,VINCOFE,VINCOFE.NS,Vintage Coffee and Beverages Limited,Consumer Defensive,Beverages - Non-Alcoholic,23359678965.53311,Small Cap,152.16000366210938,253574660.7689297,415,0.0,NSE,India,INR,Equity,1,1,2026-08-04,2026-08-04
SEC024CF649,RAJRATAN,RAJRATAN.NS,Rajratan Global Wire Limited,Basic Materials,Steel,23253118000.0,Small Cap,448.6000061035156,42559282.75748795,1243,0.0,NSE,India,INR,Equity,1,1,2026-08-04,2026-08-04
SEC8D16EB6B,ALPEXSOLAR,ALPEXSOLAR.NS,"ALPEXSOLAR.NS,0P0001SDK4,104400",,,23193441478.74756,Small Cap,920.6500244140624,112298020.00071833,571,0.0,NSE,India,INR,Equity,1,1,2026-08-04,2026-08-04
SEC7CD8BB1D,MANGLMCEM,MANGLMCEM.NS,Mangalam Cement Limited,Basic Materials,Building Materials,23188471067.739624,Small Cap,852.5999755859375,87790438.08758427,1242,0.0,NSE,India,INR,Equity,1,1,2026-08-04,2026-08-04
SEC8118DD82,AJMERA,AJMERA.NS,Ajmera Realty & Infra India Limited,Real Estate,Real Estate - Development,23182528170.572662,Small Cap,140.94000244140625,89089757.49277405,1244,0.0,NSE,India,INR,Equity,1,1,2026-08-04,2026-08-04
SEC036F1831,SPORTKING,SPORTKING.NS,Sportking India Limited,Consumer Cyclical,Textile Manufacturing,23170879481.42084,Small Cap,183.07000732421875,59593833.1054015,944,0.0,NSE,India,INR,Equity,1,1,2026-08-04,2026-08-04
SEC32071F4C,PRABHA,PRABHA.NS,Prabha Energy Limited,Energy,Oil & Gas E&P,23161432744.00652,Small Cap,156.5,10412195.90483871,310,0.0,NSE,India,INR,Equity,1,1,2026-08-04,2026-08-04
SECF804FF18,SERVOTECH,SERVOTECH.NS,Servotech Renewable Power System Limited,Industrials,Electrical Equipment & Parts,23110719263.534546,Small Cap,101.66999816894533,88926922.1872878,1244,0.0,NSE,India,INR,Equity,1,1,2026-08-04,2026-08-04
SEC0A31D530,BHARATRAS,BHARATRAS.NS,Bharat Rasayan Limited,Basic Materials,Agricultural Inputs,23070047936.0,Small Cap,1422.300048828125,24352747.303296115,1243,0.0,NSE,India,INR,Equity,1,1,2026-08-04,2026-08-04
SEC161ADBC4,INDOCO,INDOCO.NS,Indoco Remedies Limited,Healthcare,Drug Manufacturers - Specialty & Generic,23035130954.10019,Small Cap,234.9900054931641,40501933.23100799,1244,0.0,NSE,India,INR,Equity,1,1,2026-08-04,2026-08-04
SEC9C45D36F,UFBL,UFBL.NS,UNITED FOODBRANDS LIMITED,Consumer Cyclical,Restaurants,22955434607.97125,Small Cap,644.1500244140625,97846745.53234214,1242,0.0,NSE,India,INR,Equity,1,1,2026-08-04,2026-08-04
SECD9C422AE,KPEL,KPEL.NS,K.P. Energy Limited,Industrials,Engineering & Construction,22949656511.5,Small Cap,351.54998779296875,117392861.42728534,392,0.0,NSE,India,INR,Equity,1,1,2026-08-04,2026-08-04
SEC796A8D54,FILATEX,FILATEX.NS,Filatex India Limited,Consumer Cyclical,Textile Manufacturing,22935615746.329308,Small Cap,54.86000061035156,103398683.50331098,1243,0.0,NSE,India,INR,Equity,1,1,2026-08-04,2026-08-04
SECB25F682B,TCPLPACK,TCPLPACK.NS,TCPL Packaging Limited,Consumer Cyclical,Packaging & Containers,22721333287.30713,Small Cap,3029.39990234375,58824046.48072919,1243,0.0,NSE,India,INR,Equity,1,1,2026-08-04,2026-08-04
SEC9F122DB1,PANAMAPET,PANAMAPET.NS,Panama Petrochem Limited,Energy,Oil & Gas Refining & Marketing,22715346049.0,Small Cap,483.25,89213950.77534191,1243,0.0,NSE,India,INR,Equity,1,1,2026-08-04,2026-08-04
SEC757FD536,BAJEL,BAJEL.NS,Bajel Projects Limited,Utilities,Utilities - Regulated Electric,22700896393.123856,Small Cap,204.67999267578125,137391246.68621007,619,0.0,NSE,India,INR,Equity,1,1,2026-08-04,2026-08-04
SECC05E7B91,HPL,HPL.NS,HPL Electric & Power Limited,Industrials,Electrical Equipment & Parts,22649846193.5,Small Cap,383.5,154625549.77853698,1244,0.0,NSE,India,INR,Equity,1,1,2026-08-04,2026-08-04
SEC9BC0CC18,RAJESHEXPO,RAJESHEXPO.NS,Rajesh Exports Limited,Consumer Cyclical,Luxury Goods,22560814548.464264,Small Cap,97.51000213623048,72196255.31906529,1244,0.0,NSE,India,INR,Equity,1,1,2026-08-04,2026-08-04
SEC2D3B8F0C,JISLJALEQS,JISLJALEQS.NS,Jain Irrigation Systems Limited,Industrials,Conglomerates,22548104947.85283,Small Cap,34.869998931884766,163113507.98334736,1244,0.0,NSE,India,INR,Equity,1,1,2026-08-04,2026-08-04
SECBC0F7060,MOLDTKPAC,MOLDTKPAC.NS,Mold-Tek Packaging Limited,Consumer Cyclical,Packaging & Containers,22454438635.5,Small Cap,698.0999755859375,50234271.18076953,1243,0.0,NSE,India,INR,Equity,1,1,2026-08-04,2026-08-04
SECA0BC530E,HIKAL,HIKAL.NS,Hikal Limited,Healthcare,Drug Manufacturers - Specialty & Generic,22265649660.770416,Small Cap,204.7700042724609,109275336.83923888,1243,0.0,NSE,India,INR,Equity,1,1,2026-08-04,2026-08-04
SEC0D30062A,ALEMBICLTD,ALEMBICLTD.NS,Alembic Limited,Real Estate,Real Estate - Development,22188518697.84314,Small Cap,89.9800033569336,68228073.2259529,1244,0.0,NSE,India,INR,Equity,1,1,2026-08-04,2026-08-04
SECF8F671D3,TALBROAUTO,TALBROAUTO.NS,Talbros Automotive Components Limited,Consumer Cyclical,Auto Parts,22188184271.017456,Small Cap,360.4500122070313,125278868.54109728,1244,0.0,NSE,India,INR,Equity,1,1,2026-08-04,2026-08-04
SEC9FF23B8C,PIXTRANS,PIXTRANS.NS,PIX Transmissions Limited,Industrials,Specialty Industrial Machinery,22108249187.35352,Small Cap,1640.5999755859375,68404436.27288163,1024,0.0,NSE,India,INR,Equity,1,1,2026-08-04,2026-08-04
SEC48725EE1,SAGCEM,SAGCEM.NS,Sagar Cements Limited,Basic Materials,Building Materials,22043827172.42444,Small Cap,172.02999877929688,29766251.871871743,1243,0.0,NSE,India,INR,Equity,1,1,2026-08-04,2026-08-04
SEC71E420DD,HINDOILEXP,HINDOILEXP.NS,Hindustan Oil Exploration Company Limited,Energy,Oil & Gas E&P,21939160837.95102,Small Cap,162.67999267578125,190856208.20799643,1244,0.0,NSE,India,INR,Equity,1,1,2026-08-04,2026-08-04
SECF9457F12,KICL,KICL.NS,Kalyani Investment Company Limited,Financial Services,Asset Management,21824347347.0,Small Cap,5212.0,21640286.946859904,1242,0.0,NSE,India,INR,Equity,1,1,2026-08-04,2026-08-04
SECF85632CB,EPACK,EPACK.NS,EPACK Durable Limited,Consumer Cyclical,"Furnishings, Fixtures & Appliances",21816920422.906403,Small Cap,230.38999938964844,287599787.5044221,592,0.0,NSE,India,INR,Equity,1,1,2026-08-04,2026-08-04
SECDFCA5289,VERANDA,VERANDA.NS,Veranda Learning Solutions Limited,Consumer Defensive,Education & Training Services,21542129558.35495,Small Cap,244.88999938964844,64800492.69524474,1037,0.0,NSE,India,INR,Equity,1,1,2026-08-04,2026-08-04
SEC693A8DC4,MMFL,MMFL.NS,M M Forgings Limited,Industrials,Metal Fabrication,21519109709.375,Small Cap,469.7999877929688,45035372.00442308,1244,0.0,NSE,India,INR,Equity,1,1,2026-08-04,2026-08-04
SECEED546B8,KCP,KCP.NS,The KCP Limited,Basic Materials,Building Materials,21413805462.872314,Small Cap,167.85000610351562,71981662.33455886,1243,0.0,NSE,India,INR,Equity,1,1,2026-08-04,2026-08-04
SEC0E7ECEE4,APOLLOPIPE,APOLLOPIPE.NS,Apollo Pipes Limited,Industrials,Building Products & Equipment,21406293846.337524,Small Cap,494.25,108314935.57415594,1244,0.0,NSE,India,INR,Equity,1,1,2026-08-04,2026-08-04
SECE39CF1CB,RISHABH,RISHABH.NS,Rishabh Instruments Limited,Technology,Scientific & Technical Instruments,21383876803.705444,Small Cap,578.6500244140625,88536834.13593343,683,0.0,NSE,India,INR,Equity,1,1,2026-08-04,2026-08-04
SEC3F198202,STOVEKRAFT,STOVEKRAFT.NS,Stove Kraft Limited,Consumer Cyclical,"Furnishings, Fixtures & Appliances",21355877006.90789,Small Cap,694.25,128957426.211786,1243,0.0,NSE,India,INR,Equity,1,1,2026-08-04,2026-08-04
SEC0A7FE35A,RAMCOSYS,RAMCOSYS.NS,Ramco Systems Limited,Technology,Software - Application,21281927542.5,Small Cap,557.2000122070312,96679181.53314154,1244,0.0,NSE,India,INR,Equity,1,1,2026-08-04,2026-08-04
SECCC8C25FA,AWFIS,AWFIS.NS,AWFIS SPACE SOLUTIONS LTD,Industrials,Rental & Leasing Services,21107562584.274048,Small Cap,304.1000061035156,120886721.78058422,512,0.0,NSE,India,INR,Equity,1,1,2026-08-04,2026-08-04
SECEC88247B,ARKADE,ARKADE.NS,ARKADE DEVELOPERS LIMITED,Real Estate,Real Estate - Development,21018977910.58988,Small Cap,114.25,159246295.28306267,431,0.0,NSE,India,INR,Equity,1,1,2026-08-04,2026-08-04
SEC00361F10,STALLION,STALLION.NS,STALLION IND FLUOROCHEM L,Basic Materials,Specialty Chemicals,21015001008.433777,Small Cap,188.72999572753903,270680892.55073386,349,0.0,NSE,India,INR,Equity,1,1,2026-08-04,2026-08-04
SEC5BCC1E1F,TASTYBITE,TASTYBITE.NS,Tasty Bite Eatables Limited,Consumer Defensive,Packaged Foods,21014257000.0,Small Cap,8297.5,28033340.72606597,1243,0.0,NSE,India,INR,Equity,1,1,2026-08-04,2026-08-04
SECE5E4A898,SOMANYCERA,SOMANYCERA.NS,Somany Ceramics Limited,Industrials,Building Products & Equipment,20957543866.0,Small Cap,516.4000244140625,32085295.199679807,1242,0.0,NSE,India,INR,Equity,1,1,2026-08-04,2026-08-04
SEC605815D0,GEOJITFSL,GEOJITFSL.NS,Geojit Financial Services Limited,Financial Services,Capital Markets,20867170212.70917,Small Cap,78.3499984741211,77398893.28202455,1243,0.0,NSE,India,INR,Equity,1,1,2026-08-04,2026-08-04
SECE6DF5A54,PENIND,PENIND.NS,Pennar Industries Limited,Industrials,Specialty Industrial Machinery,20811407909.54929,Small Cap,160.89999389648438,188863526.39711076,1243,0.0,NSE,India,INR,Equity,1,1,2026-08-04,2026-08-04
SEC7ED7DBD4,INSECTICID,INSECTICID.NS,Insecticides (India) Limited,Basic Materials,Agricultural Inputs,20806407991.651794,Small Cap,688.5,39598652.65728077,1243,0.0,NSE,India,INR,Equity,1,1,2026-08-04,2026-08-04
SECA8EBA4FD,BLSE,BLSE.NS,BLS E-SERVICES LIMITED,Industrials,Specialty Business Services,20796044710.491425,Small Cap,227.02999877929688,153838053.89684138,587,0.0,NSE,India,INR,Equity,1,1,2026-08-04,2026-08-04
SEC901C28A0,SANSTAR,SANSTAR.NS,SANSTAR LIMITED,Basic Materials,Chemicals,20566263334.417343,Small Cap,116.4499969482422,130940133.49662344,473,0.0,NSE,India,INR,Equity,1,1,2026-08-04,2026-08-04
SEC2D7DC362,RANEHOLDIN,RANEHOLDIN.NS,Rane Holdings Limited,Consumer Cyclical,Auto Parts,20557190095.358643,Small Cap,1688.300048828125,53226414.062698215,1244,0.0,NSE,India,INR,Equity,1,1,2026-08-04,2026-08-04
SECB95B7056,SCILAL,SCILAL.NS,Shipping Corporation of India Land and Assets Limited,Real Estate,Real Estate Services,20527762228.549423,Small Cap,45.86000061035156,80823460.93269527,556,0.0,NSE,India,INR,Equity,1,1,2026-08-04,2026-08-04
SECD6249A62,TAJGVK,TAJGVK.NS,TAJGVK Hotels & Resorts Limited,Consumer Cyclical,Lodging,20431282528.449554,Small Cap,338.45001220703125,105843751.45714518,1244,0.0,NSE,India,INR,Equity,1,1,2026-08-04,2026-08-04
SEC31074C1A,GMBREW,GMBREW.NS,G.M. Breweries Limited,Consumer Defensive,Beverages - Wineries & Distilleries,20390878777.5,Small Cap,920.3499755859376,154720280.01970044,1244,0.0,NSE,India,INR,Equity,1,1,2026-08-04,2026-08-04
SEC8AAA55FA,DCXINDIA,DCXINDIA.NS,DCX Systems Limited,Industrials,Aerospace & Defense,20382602888.59392,Small Cap,204.32000732421875,247787028.2739419,892,0.0,NSE,India,INR,Equity,1,1,2026-08-04,2026-08-04
SEC1581AF54,TIRUMALCHM,TIRUMALCHM.NS,Thirumalai Chemicals Limited,Basic Materials,Specialty Chemicals,20343280612.5,Small Cap,167.0,99648356.94770716,1243,0.0,NSE,India,INR,Equity,1,1,2026-08-04,2026-08-04
SECCF0C4612,DPABHUSHAN,DPABHUSHAN.NS,D. P. Abhushan Limited,Consumer Cyclical,Luxury Goods,20288313900.0,Small Cap,918.2999877929688,22494756.288907927,1243,0.0,NSE,India,INR,Equity,1,1,2026-08-04,2026-08-04
SEC00CA1C97,SPANDANA,SPANDANA.NS,Spandana Sphoorty Financial Limited,Financial Services,Credit Services,20192079737.306305,Small Cap,254.6999969482422,76117354.93026201,1244,0.0,NSE,India,INR,Equity,1,1,2026-08-04,2026-08-04
SECD53FA6CF,SIMPLEXINF,SIMPLEXINF.NS,Simplex Infrastructures Limited,Industrials,Engineering & Construction,20090217884.0,Small Cap,274.8500061035156,43491719.69173413,1242,0.0,NSE,India,INR,Equity,1,1,2026-08-04,2026-08-04
SEC31BE1978,SPAL,SPAL.NS,S.P. Apparels Limited,Consumer Cyclical,Apparel Manufacturing,20047002555.22113,Small Cap,1028.4000244140625,71984769.24004199,1243,0.0,NSE,India,INR,Equity,1,1,2026-08-04,2026-08-04
SEC9FD03B8A,HINDWAREAP,HINDWAREAP.NS,Hindware Home Innovation Limited,Consumer Cyclical,"Furnishings, Fixtures & Appliances",20031629216.984207,Small Cap,248.6499938964844,40355955.02166662,1243,0.0,NSE,India,INR,Equity,1,1,2026-08-04,2026-08-04
SEC1AD00020,INDNIPPON,INDNIPPON.NS,India Nippon Electricals Limited,Consumer Cyclical,Auto Parts,19957751324.0,Small Cap,914.2999877929688,36009493.913758256,1243,0.0,NSE,India,INR,Equity,1,1,2026-08-04,2026-08-04
SECA01EFFA9,ADOR,ADOR.NS,Ador Welding Limited,Industrials,Specialty Industrial Machinery,19870535016.746822,Small Cap,1216.4000244140625,35204173.38567389,1244,0.0,NSE,India,INR,Equity,1,1,2026-08-04,2026-08-04
SECA0A395D5,HGS,HGS.NS,Hinduja Global Solutions Limited,Industrials,Specialty Business Services,19815315963.624573,Small Cap,424.8999938964844,27023072.50876743,1243,0.0,NSE,India,INR,Equity,1,1,2026-08-04,2026-08-04
SEC24E6F7D5,EXICOM,EXICOM.NS,Exicom Tele-Systems Limited,Industrials,Electrical Equipment & Parts,19770188598.774445,Small Cap,172.52999877929688,256785748.1874471,567,0.0,NSE,India,INR,Equity,1,1,2026-08-04,2026-08-04
SEC323746A5,TCIEXP,TCIEXP.NS,TCI Express Limited,Industrials,Integrated Freight & Logistics,19705100908.963623,Small Cap,537.5499877929688,24568717.863977894,1242,0.0,NSE,India,INR,Equity,1,1,2026-08-04,2026-08-04
SEC89A597C6,MTNL,MTNL.NS,Mahanagar Telephone Nigam Limited,Communication Services,Telecom Services,19700100288.39112,Small Cap,31.8700008392334,179965827.52243617,1244,0.0,NSE,India,INR,Equity,1,1,2026-08-04,2026-08-04
SEC8E03D7A5,JAICORPLTD,JAICORPLTD.NS,Jai Corp Limited,Basic Materials,Specialty Chemicals,19621458976.59874,Small Cap,121.16000366210938,250443933.90311173,1244,0.0,NSE,India,INR,Equity,1,1,2026-08-04,2026-08-04
SEC3D414C89,NUCLEUS,NUCLEUS.NS,Nucleus Software Exports Limited,Technology,Software - Application,19616302408.607662,Small Cap,785.3499755859375,63932514.7579936,1243,0.0,NSE,India,INR,Equity,1,1,2026-08-04,2026-08-04
SEC7C4C6778,PFS,PFS.NS,PTC India Financial Services Limited,Financial Services,Credit Services,19589641717.5,Small Cap,31.049999237060547,58479514.59997827,1244,0.0,NSE,India,INR,Equity,1,1,2026-08-04,2026-08-04
SECEA07D6FE,PARACABLES,PARACABLES.NS,Paramount Communications Limited,Technology,Communication Equipment,19576157283.67472,Small Cap,73.05999755859375,88075470.26080091,1244,0.0,NSE,India,INR,Equity,1,1,2026-08-04,2026-08-04
SEC70BF5589,GOCLCORP,GOCLCORP.NS,GOCL Corporation Limited,Basic Materials,Specialty Chemicals,19524125489.066467,Small Cap,437.5,49119454.74658085,1243,0.0,NSE,India,INR,Equity,1,1,2026-08-04,2026-08-04
SECB6C3C4C2,VENKEYS,VENKEYS.NS,Venky's (India) Limited,Consumer Defensive,Farm Products,19436296791.3418,Small Cap,1423.5,109456909.50362028,1243,0.0,NSE,India,INR,Equity,1,1,2026-08-04,2026-08-04
SEC8B5C7C55,GRMOVER,GRMOVER.NS,GRM Overseas Limited,Consumer Defensive,Packaged Foods,19426308661.262512,Small Cap,93.30999755859376,109211764.02579108,936,0.0,NSE,India,INR,Equity,1,1,2026-08-04,2026-08-04
SEC0D38B825,LAOPALA,LAOPALA.NS,La Opala RG Limited,Consumer Cyclical,"Furnishings, Fixtures & Appliances",19360619796.75293,Small Cap,183.4600067138672,37992764.49769103,1244,0.0,NSE,India,INR,Equity,1,1,2026-08-04,2026-08-04
SEC685E3CE7,ORIENTHOT,ORIENTHOT.NS,Oriental Hotels Limited,Consumer Cyclical,Lodging,19222629252.8627,Small Cap,121.30999755859376,73640775.20481047,1244,0.0,NSE,India,INR,Equity,1,1,2026-08-04,2026-08-04
SECB0CC9F37,MUKANDLTD,MUKANDLTD.NS,Mukand Limited,Basic Materials,Steel,19123988644.980927,Small Cap,135.80999755859375,29736926.60643506,1244,0.0,NSE,India,INR,Equity,1,1,2026-08-04,2026-08-04
SECB1379651,NILKAMAL,NILKAMAL.NS,Nilkamal Limited,Consumer Cyclical,"Furnishings, Fixtures & Appliances",19023798932.06543,Small Cap,1290.9000244140625,11379844.97609014,1242,0.0,NSE,India,INR,Equity,1,1,2026-08-04,2026-08-04
SEC2F619DB8,COSMOFIRST,COSMOFIRST.NS,Cosmo First Limited,Consumer Cyclical,Packaging & Containers,18805385706.62201,Small Cap,780.75,88496084.17940468,1243,0.0,NSE,India,INR,Equity,1,1,2026-08-04,2026-08-04
SEC1F6C0F80,NDRAUTO,NDRAUTO.NS,NDR Auto Components Limited,Consumer Cyclical,Auto Parts,18759761318.40332,Small Cap,855.3499755859375,52964724.5144264,1243,0.0,NSE,India,INR,Equity,1,1,2026-08-04,2026-08-04
SECBC9B7A4D,GOCOLORS,GOCOLORS.NS,Go Fashion (India) Limited,Consumer Cyclical,Apparel Retail,18524306206.84082,Small Cap,354.1000061035156,68692669.55546352,1127,0.0,NSE,India,INR,Equity,1,1,2026-08-04,2026-08-04
SECA1E7E258,NGLFINE,NGLFINE.NS,NGL Fine-Chem Limited,Healthcare,Drug Manufacturers - General,18454992991.13867,Small Cap,3055.60009765625,19622800.84517282,976,0.0,NSE,India,INR,Equity,1,1,2026-08-04,2026-08-04
SEC849C5525,VINYAS,VINYAS.NS,"VINYAS.NS,0P0001RNO8,14000",,,18421523997.088623,Small Cap,1402.050048828125,25010743.185142323,659,0.0,NSE,India,INR,Equity,1,1,2026-08-04,2026-08-04
SEC7DF552A7,CAPACITE,CAPACITE.NS,Capacit'e Infraprojects Limited,Industrials,Engineering & Construction,18375997881.40895,Small Cap,233.75999450683597,179152753.50028545,1244,0.0,NSE,India,INR,Equity,1,1,2026-08-04,2026-08-04
SECE666B88F,IPL,IPL.NS,India Pesticides Limited,Basic Materials,Agricultural Inputs,18249961253.34045,Small Cap,160.27999877929688,105569337.28696306,1227,0.0,NSE,India,INR,Equity,1,1,2026-08-04,2026-08-04
SEC312DBE7B,SAKAR,SAKAR.NS,Sakar Healthcare Limited,Healthcare,Drug Manufacturers - Specialty & Generic,18210743367.386475,Small Cap,803.5999755859375,40751570.88958475,1244,0.0,NSE,India,INR,Equity,1,1,2026-08-04,2026-08-04
SEC722AB3F4,EIHAHOTELS,EIHAHOTELS.NS,EIH Associated Hotels Limited,Consumer Cyclical,Lodging,18140735467.651245,Small Cap,325.1000061035156,22089062.194995664,1243,0.0,NSE,India,INR,Equity,1,1,2026-08-04,2026-08-04
SEC5911EEC6,WALCHANNAG,WALCHANNAG.NS,Walchandnagar Industries Limited,Industrials,Engineering & Construction,17992823686.08264,Small Cap,312.04998779296875,180783540.3618416,1244,0.0,NSE,India,INR,Equity,1,1,2026-08-04,2026-08-04
SEC39B45788,CANTABIL,CANTABIL.NS,Cantabil Retail India Limited,Consumer Cyclical,Apparel Manufacturing,17975487403.654175,Small Cap,227.19000244140625,49575264.33216099,1242,0.0,NSE,India,INR,Equity,1,1,2026-08-04,2026-08-04
SEC371872B6,RICOAUTO,RICOAUTO.NS,Rico Auto Industries Limited,Consumer Cyclical,Auto Parts,17973965182.57141,Small Cap,145.27999877929688,285909408.56976,1244,0.0,NSE,India,INR,Equity,1,1,2026-08-04,2026-08-04
SEC9FF116C5,SURYODAY,SURYODAY.NS,Suryoday Small Finance Bank Limited,Financial Services,Banks - Regional,17894954833.51416,Small Cap,175.08999633789062,83784333.38746504,1243,0.0,NSE,India,INR,Equity,1,1,2026-08-04,2026-08-04
SECA537BAF0,SHALBY,SHALBY.NS,Shalby Limited,Healthcare,Medical Care Facilities,17886702131.050186,Small Cap,170.82000732421875,48607888.48810668,1244,0.0,NSE,India,INR,Equity,1,1,2026-08-04,2026-08-04
SEC623703C6,SAKSOFT,SAKSOFT.NS,Saksoft Limited,Technology,Information Technology Services,17862969891.70204,Small Cap,139.9600067138672,81734717.1081372,1244,0.0,NSE,India,INR,Equity,1,1,2026-08-04,2026-08-04
SECBFFA5FDC,SBC,SBC.NS,SBC Exports Limited,Industrials,Conglomerates,17833315863.30414,Small Cap,43.59000015258789,260101970.9271131,1133,0.0,NSE,India,INR,Equity,1,1,2026-08-04,2026-08-04
SEC393DCEB9,HITECH,HITECH.NS,Hi-Tech Pipes Limited,Basic Materials,Steel,17820257413.28705,Small Cap,92.5999984741211,107602002.00087044,1244,0.0,NSE,India,INR,Equity,1,1,2026-08-04,2026-08-04
SECAC93FA77,DLINKINDIA,DLINKINDIA.NS,D-Link (India) Limited,Technology,Communication Equipment,17789704659.091187,Small Cap,525.0499877929688,212531439.6271664,1244,0.0,NSE,India,INR,Equity,1,1,2026-08-04,2026-08-04
SECD8F7B024,ASIANENE,ASIANENE.NS,Asian Energy Services Limited,Energy,Oil & Gas Equipment & Services,17769460843.75,Small Cap,367.25,57225143.00022302,1121,0.0,NSE,India,INR,Equity,1,1,2026-08-04,2026-08-04
SECCFE04AD7,ASIANTILES,ASIANTILES.NS,Asian Granito India Limited,Industrials,Building Products & Equipment,17749974996.28023,Small Cap,59.18999862670898,81721128.23291819,1244,0.0,NSE,India,INR,Equity,1,1,2026-08-04,2026-08-04
SECBDE670A3,ASTEC,ASTEC.NS,Astec LifeSciences Limited,Basic Materials,Agricultural Inputs,17346722283.0,Small Cap,797.7000122070312,100985032.47035216,1244,0.0,NSE,India,INR,Equity,1,1,2026-08-04,2026-08-04
SEC7B80C127,JINDRILL,JINDRILL.NS,Jindal Drilling & Industries Limited,Energy,Oil & Gas Equipment & Services,17337945468.0,Small Cap,580.2000122070312,192102514.2240272,1244,0.0,NSE,India,INR,Equity,1,1,2026-08-04,2026-08-04
SEC062AB2B0,KRSNAA,KRSNAA.NS,Krsnaa Diagnostics Limited,Healthcare,Diagnostics & Research,17322250848.0,Small Cap,531.2999877929688,59971116.2377132,1199,0.0,NSE,India,INR,Equity,1,1,2026-08-04,2026-08-04
SECDA0100DA,LANDMARK,LANDMARK.NS,Landmark Cars Limited,Consumer Cyclical,Auto & Truck Dealerships,17313672664.336548,Small Cap,426.0499877929688,59901268.486517824,861,0.0,NSE,India,INR,Equity,1,1,2026-08-04,2026-08-04
SEC91BD6E8B,KRISHNADEF,KRISHNADEF.NS,KRISHNA DEF AND ALD IND L,Industrials,Specialty Industrial Machinery,17309472124.72412,Small Cap,1350.5999755859375,83502079.78882726,1028,0.0,NSE,India,INR,Equity,1,1,2026-08-04,2026-08-04
SEC0C8A07D4,SHK,SHK.NS,S H Kelkar and Company Limited,Basic Materials,Specialty Chemicals,17219547855.61338,Small Cap,140.07000732421875,63776610.42891131,1244,0.0,NSE,India,INR,Equity,1,1,2026-08-04,2026-08-04
SEC07EBF0B5,DELTACORP,DELTACORP.NS,Delta Corp Limited,Consumer Cyclical,Resorts & Casinos,17113250768.411371,Small Cap,65.94999694824219,281106244.0488144,1244,0.0,NSE,India,INR,Equity,1,1,2026-08-04,2026-08-04
SECCBA8DA88,ARMANFIN,ARMANFIN.NS,Arman Financial Services Limited,Financial Services,Credit Services,17111722308.108032,Small Cap,1694.199951171875,52708637.68186257,1243,0.0,NSE,India,INR,Equity,1,1,2026-08-04,2026-08-04
SEC2E1767B1,JGCHEM,JGCHEM.NS,J.G.CHEMICALS LIMITED,Basic Materials,Other Industrial Metals & Mining,16926420391.195496,Small Cap,437.6000061035156,128725937.30487876,561,0.0,NSE,India,INR,Equity,1,1,2026-08-04,2026-08-04
SEC161D70CB,WINDLAS,WINDLAS.NS,Windlas Biotech Limited,Healthcare,Drug Manufacturers - Specialty & Generic,16785509172.414185,Small Cap,816.0,66441973.78297162,1198,0.0,NSE,India,INR,Equity,1,1,2026-08-04,2026-08-04
SECB7566315,GOODYEAR,GOODYEAR.NS,Goodyear India Limited,Consumer Cyclical,Auto Parts,16733597784.723572,Small Cap,749.0499877929688,20219044.368992858,665,0.0,NSE,India,INR,Equity,1,1,2026-08-04,2026-08-04
SEC6480ABB4,HESTERBIO,HESTERBIO.NS,Hester Biosciences Limited,Healthcare,Drug Manufacturers - Specialty & Generic,16667501009.874268,Small Cap,2076.39990234375,22292189.260172594,1243,0.0,NSE,India,INR,Equity,1,1,2026-08-04,2026-08-04
SEC809B5433,EMSLIMITED,EMSLIMITED.NS,EMS Limited,Industrials,Engineering & Construction,16623147414.383148,Small Cap,350.1499938964844,176226533.37396604,678,0.0,NSE,India,INR,Equity,1,1,2026-08-04,2026-08-04
SEC5C1A08DD,ACCELYA,ACCELYA.NS,Accelya Solutions India Limited,Technology,Information Technology Services,16621883885.189331,Small Cap,1127.699951171875,41729915.73293312,1244,0.0,NSE,India,INR,Equity,1,1,2026-08-04,2026-08-04
SECB05313F9,THEJO,THEJO.NS,Thejo Engineering Limited,Industrials,Specialty Industrial Machinery,16620280410.792849,Small Cap,1817.699951171875,15103681.608768778,1242,0.0,NSE,India,INR,Equity,1,1,2026-08-04,2026-08-04
SEC8426E1B2,BFINVEST,BFINVEST.NS,BF Investment Limited,Financial Services,Asset Management,16472053264.590088,Small Cap,458.0,34959762.33467417,1243,0.0,NSE,India,INR,Equity,1,1,2026-08-04,2026-08-04
SEC4EAF8CE1,NELCO,NELCO.NS,Nelco Limited,Technology,Communication Equipment,16458911641.455078,Small Cap,940.3499755859376,170903644.7685804,1244,0.0,NSE,India,INR,Equity,1,1,2026-08-04,2026-08-04
SECB58AE111,ASALCBR,ASALCBR.NS,Associated Alcohols & Breweries Limited,Consumer Defensive,Beverages - Wineries & Distilleries,16379607400.0,Small Cap,843.8499755859375,62273479.2017782,1243,0.0,NSE,India,INR,Equity,1,1,2026-08-04,2026-08-04
SEC23887F17,INFOBEAN,INFOBEAN.NS,InfoBeans Technologies Limited,Technology,Software - Application,16270763389.682615,Small Cap,166.8300018310547,53973011.30221586,1244,0.0,NSE,India,INR,Equity,1,1,2026-08-04,2026-08-04
SECF0F11B12,SUMMITSEC,SUMMITSEC.NS,Summit Securities Limited,Financial Services,Capital Markets,16201266960.0,Small Cap,1550.0,19322954.13987138,1244,0.0,NSE,India,INR,Equity,1,1,2026-08-04,2026-08-04
SEC4EFCFF66,DSSL,DSSL.NS,Dynacons Systems & Solutions Limited,Technology,Information Technology Services,16167176265.927734,Small Cap,1449.300048828125,115035085.23306943,1243,0.0,NSE,India,INR,Equity,1,1,2026-08-04,2026-08-04
SEC5DE792A3,YATRA,YATRA.NS,Yatra Online Limited,Consumer Cyclical,Travel Services,16146676499.135109,Small Cap,112.95999908447266,164773430.39207926,673,0.0,NSE,India,INR,Equity,1,1,2026-08-04,2026-08-04
SEC72942533,AMRUTANJAN,AMRUTANJAN.NS,Amrutanjan Health Care Limited,Healthcare,Drug Manufacturers - Specialty & Generic,16127689849.265808,Small Cap,545.4500122070312,24365612.463222194,1244,0.0,NSE,India,INR,Equity,1,1,2026-08-04,2026-08-04
SECDFC96F3F,SDBL,SDBL.NS,Som Distilleries & Breweries Limited,Consumer Defensive,Beverages - Brewers,15946029995.935549,Small Cap,75.30999755859375,94104356.3116156,1244,0.0,NSE,India,INR,Equity,1,1,2026-08-04,2026-08-04
SEC948C2ABF,SPMLINFRA,SPMLINFRA.NS,SPML Infra Limited,Industrials,Engineering & Construction,15699038920.975113,Small Cap,198.3000030517578,51546115.86449599,1244,0.0,NSE,India,INR,Equity,1,1,2026-08-04,2026-08-04
SEC9F13ACE6,TINNARUBR,TINNARUBR.NS,Tinna Rubber and Infrastructure Limited,Basic Materials,Specialty Chemicals,15636776508.068909,Small Cap,891.25,31345848.52739726,292,0.0,NSE,India,INR,Equity,1,1,2026-08-04,2026-08-04
SEC5EC5219D,JAYBARMARU,JAYBARMARU.NS,Jay Bharat Maruti Limited,Consumer Cyclical,Auto Parts,15584752632.141111,Small Cap,169.5500030517578,43355584.903051205,1243,0.0,NSE,India,INR,Equity,1,1,2026-08-04,2026-08-04
SECAFCA8308,GNA,GNA.NS,G N A Axles Limited,Consumer Cyclical,Auto Parts,15575293715.942385,Small Cap,413.1499938964844,67065750.43599792,1244,0.0,NSE,India,INR,Equity,1,1,2026-08-04,2026-08-04
SECEC28F024,GANDHAR,GANDHAR.NS,Gandhar Oil Refinery (India) Limited,Energy,Oil & Gas Refining & Marketing,15513905505.0,Small Cap,180.25999450683597,132878832.64371502,632,0.0,NSE,India,INR,Equity,1,1,2026-08-04,2026-08-04
SEC86591443,WENDT,WENDT.NS,Wendt (India) Limited,Industrials,Tools & Accessories,15489000000.0,Small Cap,7909.0,41859066.50442478,1243,0.0,NSE,India,INR,Equity,1,1,2026-08-04,2026-08-04
SEC80C09350,INDIANHUME,INDIANHUME.NS,The Indian Hume Pipe Company Limited,Industrials,Engineering & Construction,15388345338.544006,Small Cap,317.6499938964844,35977554.77745087,1243,0.0,NSE,India,INR,Equity,1,1,2026-08-04,2026-08-04
SEC1D29A585,CLSEL,CLSEL.NS,Chaman Lal Setia Exports Ltd.,Consumer Defensive,Packaged Foods,15357758040.5011,Small Cap,295.3500061035156,54664715.338724256,1242,0.0,NSE,India,INR,Equity,1,1,2026-08-04,2026-08-04
SEC1573D88F,GARUDA,GARUDA.NS,GARUDA CONSTRUCT N ENG L,Industrials,Engineering & Construction,15286758494.540865,Small Cap,170.16000366210938,338427428.7366932,418,0.0,NSE,India,INR,Equity,1,1,2026-08-04,2026-08-04
SEC966ADF9C,NAVKARCORP,NAVKARCORP.NS,Navkar Corporation Limited,Industrials,Integrated Freight & Logistics,15265655061.411148,Small Cap,104.9800033569336,130712775.6202216,1244,0.0,NSE,India,INR,Equity,1,1,2026-08-04,2026-08-04
SEC4D18C18B,DYCL,DYCL.NS,Dynamic Cables Limited,Industrials,Electrical Equipment & Parts,15254778650.863892,Small Cap,366.75,93663873.0957944,963,0.0,NSE,India,INR,Equity,1,1,2026-08-04,2026-08-04
SEC471418D8,KALAMANDIR,KALAMANDIR.NS,Sai Silks (Kalamandir) Limited,Consumer Cyclical,Apparel Retail,15250721584.5,Small Cap,109.30999755859376,108100122.3937762,674,0.0,NSE,India,INR,Equity,1,1,2026-08-04,2026-08-04
SEC7A89E71F,MOBIKWIK,MOBIKWIK.NS,ONE MOBIKWIK SYSTEMS LTD,Technology,Software - Infrastructure,15237454378.895475,Small Cap,198.33999633789065,1133946846.5217524,374,0.0,NSE,India,INR,Equity,1,1,2026-08-04,2026-08-04
SECDE1948A2,ELECTHERM,ELECTHERM.NS,Electrotherm (India) Limited,Basic Materials,Steel,15125082455.092283,Small Cap,1073.699951171875,39938460.27360151,1243,0.0,NSE,India,INR,Equity,1,1,2026-08-04,2026-08-04
SECFF785474,SMCGLOBAL,SMCGLOBAL.NS,SMC Global Securities Limited,Financial Services,Capital Markets,15055860319.519045,Small Cap,72.08999633789062,48147073.103300825,1242,0.0,NSE,India,INR,Equity,1,1,2026-08-04,2026-08-04
SEC9C5EA3BE,RACLGEAR,RACLGEAR.NS,RACL Geartech Limited,Consumer Cyclical,Auto Parts,14927649163.196411,Small Cap,1318.800048828125,72161236.91069272,380,0.0,NSE,India,INR,Equity,1,1,2026-08-04,2026-08-04
SECF1DF8303,ONEPOINT,ONEPOINT.NS,One Point One Solutions Limited,Industrials,Specialty Business Services,14867838698.984451,Small Cap,58.31999969482422,63288002.56910129,1243,0.0,NSE,India,INR,Equity,1,1,2026-08-04,2026-08-04
SEC931BB437,IZMO,IZMO.NS,IZMO Limited,Technology,Software - Application,14711952852.0,Small Cap,1075.550048828125,124888016.55220346,1243,0.0,NSE,India,INR,Equity,1,1,2026-08-04,2026-08-04
SECE9986A0A,SHRIRAMPPS,SHRIRAMPPS.NS,Shriram Properties Limited,Real Estate,Real Estate - Development,14584124184.081238,Small Cap,91.80999755859376,162089651.54510716,1114,0.0,NSE,India,INR,Equity,1,1,2026-08-04,2026-08-04
SEC62026E52,5PAISA,5PAISA.NS,5paisa Capital Limited,Financial Services,Capital Markets,14455219182.078278,Small Cap,325.20001220703125,30837546.64684892,1243,0.0,NSE,India,INR,Equity,1,1,2026-08-04,2026-08-04
SEC10E92690,UGROCAP,UGROCAP.NS,UGRO Capital Limited,Financial Services,Credit Services,14425783716.377953,Small Cap,99.7300033569336,32766978.090995222,1201,0.0,NSE,India,INR,Equity,1,1,2026-08-04,2026-08-04
SECC77DCC23,GPTINFRA,GPTINFRA.NS,GPT Infraprojects Limited,Industrials,Engineering & Construction,14341118184.056091,Small Cap,121.38999938964844,37683228.568758,1243,0.0,NSE,India,INR,Equity,1,1,2026-08-04,2026-08-04
SEC823E442A,SESHAPAPER,SESHAPAPER.NS,Seshasayee Paper and Boards Limited,Basic Materials,Paper & Paper Products,14316467780.0,Small Cap,225.75999450683597,19427830.81481461,1243,0.0,NSE,India,INR,Equity,1,1,2026-08-04,2026-08-04
SEC188AEFB8,KODYTECH,KODYTECH.NS,"KODYTECH.NS,0P0001RM18,8200",,,14242211410.0,Small Cap,904.2000122070312,16349388.914416429,666,0.0,NSE,India,INR,Equity,1,1,2026-08-04,2026-08-04
SEC08BA578F,VIDHIING,VIDHIING.NS,Vidhi Specialty Food Ingredients Limited,Basic Materials,Specialty Chemicals,14241816445.159912,Small Cap,284.3999938964844,16404332.24504765,1242,0.0,NSE,India,INR,Equity,1,1,2026-08-04,2026-08-04
SEC78832F16,INDSWFTLAB,INDSWFTLAB.NS,Ind-Swift Laboratories Limited,Healthcare,Drug Manufacturers - Specialty & Generic,14183430640.571228,Small Cap,187.3800048828125,69760911.92282563,1243,0.0,NSE,India,INR,Equity,1,1,2026-08-04,2026-08-04
SECA107AD9E,MAHASTEEL,MAHASTEEL.NS,Mahamaya Steel Industries Limited,Basic Materials,Steel,14181244161.230469,Small Cap,830.0999755859375,32549166.436899677,1242,0.0,NSE,India,INR,Equity,1,1,2026-08-04,2026-08-04
SECF9A9BF81,SIGNPOST,SIGNPOST.NS,Signpost India Limited,Communication Services,Advertising Agencies,14164250000.0,Small Cap,248.0,29913414.341968916,579,0.0,NSE,India,INR,Equity,1,1,2026-08-04,2026-08-04
SECBAA209BC,GODAVARIB,GODAVARIB.NS,GODAVARI BIOREFINERIES L,Basic Materials,Chemicals,14137363646.25,Small Cap,294.04998779296875,74387896.79860082,406,0.0,NSE,India,INR,Equity,1,1,2026-08-04,2026-08-04
SECB974CD7A,ESAFSFB,ESAFSFB.NS,ESAF Small Finance Bank,Financial Services,Banks - Regional,14116441426.111984,Small Cap,36.33000183105469,44897420.042920105,643,0.0,NSE,India,INR,Equity,1,1,2026-08-04,2026-08-04
SEC08308654,SURAKSHA,SURAKSHA.NS,SURAKSHA DIAGNOSTIC LTD,Healthcare,Diagnostics & Research,14059201257.85144,Small Cap,268.3500061035156,28366824.14755449,381,0.0,NSE,India,INR,Equity,1,1,2026-08-04,2026-08-04
SEC78F19E93,SPIC,SPIC.NS,Southern Petrochemical Industries Corporation Limited,Basic Materials,Agricultural Inputs,14030819461.130491,Small Cap,70.66000366210938,102762177.50946292,1243,0.0,NSE,India,INR,Equity,1,1,2026-08-04,2026-08-04
SECA056F1CC,BHARATWIRE,BHARATWIRE.NS,Bharat Wire Ropes Limited,Basic Materials,Steel,14025151498.392822,Small Cap,214.57000732421875,73381932.09402838,1244,0.0,NSE,India,INR,Equity,1,1,2026-08-04,2026-08-04
SECACA3E8A6,OMAXE,OMAXE.NS,Omaxe Limited,Real Estate,Real Estate - Development,14022004303.165802,Small Cap,78.1500015258789,33757984.93285762,1243,0.0,NSE,India,INR,Equity,1,1,2026-08-04,2026-08-04
SEC9CCB870E,AURUM,AURUM.NS,Aurum PropTech Limited,Real Estate,Real Estate Services,13964349489.684843,Small Cap,203.91000366210935,40065651.61245857,1244,0.0,NSE,India,INR,Equity,1,1,2026-08-04,2026-08-04
SECFA6BCBB9,DIFFNKG,DIFFNKG.NS,DIFFUSION ENGINEERS LTD,Industrials,Specialty Industrial Machinery,13940910254.5,Small Cap,375.5499877929688,84270855.88552994,423,0.0,NSE,India,INR,Equity,1,1,2026-08-04,2026-08-04
SEC85F2A6CF,DOLLAR,DOLLAR.NS,Dollar Industries Limited,Consumer Cyclical,Apparel Manufacturing,13940822469.083862,Small Cap,258.75,35465994.24074819,1243,0.0,NSE,India,INR,Equity,1,1,2026-08-04,2026-08-04
SEC3D2FF49C,JAGSNPHARM,JAGSNPHARM.NS,Jagsonpal Pharmaceuticals Limited,Healthcare,Drug Manufacturers - Specialty & Generic,13893259153.734436,Small Cap,212.27999877929688,52300682.64522883,1244,0.0,NSE,India,INR,Equity,1,1,2026-08-04,2026-08-04
SEC4C873767,BOROSCI,BOROSCI.NS,Borosil Scientific Limited,Consumer Cyclical,Packaging & Containers,13758329042.532349,Small Cap,154.7100067138672,26286545.941634227,505,0.0,NSE,India,INR,Equity,1,1,2026-08-04,2026-08-04
SEC7AEFE9F5,MIRCELECTR,MIRCELECTR.NS,Onida Electronics Limited,Consumer Cyclical,"Furnishings, Fixtures & Appliances",13663824164.372818,Small Cap,40.09999847412109,39765359.9897486,1244,0.0,NSE,India,INR,Equity,1,1,2026-08-04,2026-08-04
SEC5F63E9B1,DCW,DCW.NS,DCW Limited,Basic Materials,Chemicals,13627306594.445024,Small Cap,49.59999847412109,139243020.22955438,1244,0.0,NSE,India,INR,Equity,1,1,2026-08-04,2026-08-04
SEC42650E7D,JAGRAN,JAGRAN.NS,Jagran Prakashan Limited,Communication Services,Publishing,13603392000.0,Small Cap,66.04000091552734,25595757.680760887,1243,0.0,NSE,India,INR,Equity,1,1,2026-08-04,2026-08-04
SEC64A009C0,QUADFUTURE,QUADFUTURE.NS,QUADRANT FUTURE TEK LTD,Industrials,Railroads,13568000488.28125,Small Cap,408.75,768290359.0133427,356,0.0,NSE,India,INR,Equity,1,1,2026-08-04,2026-08-04
SEC205E4825,PRECAM,PRECAM.NS,Precision Camshafts Limited,Consumer Cyclical,Auto Parts,13556378487.149506,Small Cap,152.32000732421875,68180701.83431354,1244,0.0,NSE,India,INR,Equity,1,1,2026-08-04,2026-08-04
SEC4DE42EC9,GENESYS,GENESYS.NS,Genesys International Corporation Limited,Technology,Software - Application,13471128281.01822,Small Cap,350.75,95902223.45779742,1244,0.0,NSE,India,INR,Equity,1,1,2026-08-04,2026-08-04
SEC28BE5F3A,IFGLEXPOR,IFGLEXPOR.NS,IFGL Refractories Limited,Basic Materials,Building Materials,13459241151.566896,Small Cap,192.67999267578125,17025790.092070207,1244,0.0,NSE,India,INR,Equity,1,1,2026-08-04,2026-08-04
SECCCE9B744,IGPL,IGPL.NS,I G Petrochemicals Limited,Basic Materials,Chemicals,13258722291.586304,Small Cap,446.7999877929688,25615153.02158497,1242,0.0,NSE,India,INR,Equity,1,1,2026-08-04,2026-08-04
SECAD3336B7,FAZE3Q,FAZE3Q.NS,Faze Three Limited,Consumer Cyclical,Textile Manufacturing,13234933470.324097,Small Cap,597.5,32248133.775395032,886,0.0,NSE,India,INR,Equity,1,1,2026-08-04,2026-08-04
SEC06DB5144,SULA,SULA.NS,Sula Vineyards Limited,Consumer Defensive,Beverages - Wineries & Distilleries,13165322485.675018,Small Cap,156.8699951171875,103551861.64755867,863,0.0,NSE,India,INR,Equity,1,1,2026-08-04,2026-08-04
SECF2BB016D,DOLATALGO,DOLATALGO.NS,Dolat Algotech Limited,Financial Services,Capital Markets,13053919677.734377,Small Cap,76.94999694824219,37063985.07589701,1243,0.0,NSE,India,INR,Equity,1,1,2026-08-04,2026-08-04
SEC57F41F4B,MCLOUD,MCLOUD.NS,Magellanic Cloud Limited,Technology,Information Technology Services,12953585833.973236,Small Cap,29.239999771118164,182245012.49391612,337,0.0,NSE,India,INR,Equity,1,1,2026-08-04,2026-08-04
SEC2EE351D8,HUHTAMAKI,HUHTAMAKI.NS,Huhtamaki India Limited,Consumer Cyclical,Packaging & Containers,12891593903.325348,Small Cap,185.8500061035156,34507194.174049474,1244,0.0,NSE,India,INR,Equity,1,1,2026-08-04,2026-08-04
SECD622DAFA,DEN,DEN.NS,DEN Networks Limited,Communication Services,Entertainment,12848841746.043526,Small Cap,33.08000183105469,56878139.40369902,1242,0.0,NSE,India,INR,Equity,1,1,2026-08-04,2026-08-04
SEC7533BD6C,CAPITALSFB,CAPITALSFB.NS,Capital Small Finance Bank Limited,Financial Services,Banks - Regional,12800349073.75,Small Cap,285.5,21447475.47582038,579,0.0,NSE,India,INR,Equity,1,1,2026-08-04,2026-08-04
SEC66F2E403,LINCOLN,LINCOLN.NS,Lincoln Pharmaceuticals Limited,Healthcare,Drug Manufacturers - Specialty & Generic,12796993708.207031,Small Cap,614.6500244140625,65361616.85193766,1242,0.0,NSE,India,INR,Equity,1,1,2026-08-04,2026-08-04
SEC2D46DC19,DHANBANK,DHANBANK.NS,Dhanlaxmi Bank Limited,Financial Services,Banks - Regional,12748772586.168674,Small Cap,34.310001373291016,72312294.588204,1244,0.0,NSE,India,INR,Equity,1,1,2026-08-04,2026-08-04
SEC41F27B32,APEX,APEX.NS,Apex Frozen Foods Limited,Consumer Defensive,Farm Products,12737500190.734863,Small Cap,419.75,143220637.12600482,1244,0.0,NSE,India,INR,Equity,1,1,2026-08-04,2026-08-04
SECD015BFE0,AYMSYNTEX,AYMSYNTEX.NS,AYM Syntex Limited,Consumer Cyclical,Textile Manufacturing,12721016098.179596,Small Cap,215.25,13293800.690466613,1243,0.0,NSE,India,INR,Equity,1,1,2026-08-04,2026-08-04
SEC602FA635,GULPOLY,GULPOLY.NS,Gulshan Polyols Limited,Basic Materials,Chemicals,12707183073.9375,Small Cap,209.47000122070312,37134424.39308121,1243,0.0,NSE,India,INR,Equity,1,1,2026-08-04,2026-08-04
SEC8FA852C4,AWHCL,AWHCL.NS,Antony Waste Handling Cell Limited,Industrials,Waste Management,12625398045.0,Small Cap,474.5,128119365.4762862,1244,0.0,NSE,India,INR,Equity,1,1,2026-08-04,2026-08-04
SEC6072C03A,TEXINFRA,TEXINFRA.NS,Texmaco Infrastructure & Holdings Limited,Real Estate,Real Estate Services,12573181401.974943,Small Cap,102.38999938964844,44158270.46315826,1243,0.0,NSE,India,INR,Equity,1,1,2026-08-04,2026-08-04
SEC10ED7681,SKMEGGPROD,SKMEGGPROD.NS,SKM Egg Products Export (India) Limited,Consumer Defensive,Packaged Foods,12571321742.857485,Small Cap,237.25999450683597,81533046.59939547,1244,0.0,NSE,India,INR,Equity,1,1,2026-08-04,2026-08-04
SEC7F4D9EA1,HARIOMPIPE,HARIOMPIPE.NS,Hariom Pipe Industries Limited,Basic Materials,Steel,12557235689.5,Small Cap,415.2000122070313,101764830.18960416,1035,0.0,NSE,India,INR,Equity,1,1,2026-08-04,2026-08-04
SEC631A4622,LAXMIDENTL,LAXMIDENTL.NS,LAXMI DENTAL LIMITED,Healthcare,Medical Instruments & Supplies,12551705698.760132,Small Cap,223.7400054931641,117482095.55124262,352,0.0,NSE,India,INR,Equity,1,1,2026-08-04,2026-08-04
SECDC22ADDD,TTKHLTCARE,TTKHLTCARE.NS,TTK Healthcare Limited,Healthcare,Drug Manufacturers - General,12525833860.339417,Small Cap,929.4000244140624,15112797.338102652,1243,0.0,NSE,India,INR,Equity,1,1,2026-08-04,2026-08-04
SEC7AA1D9DD,AEROENTER,AEROENTER.NS,Aeroflex Enterprises Limited,Basic Materials,Steel,12499284911.956787,Small Cap,135.8699951171875,84540873.301144,885,0.0,NSE,India,INR,Equity,1,1,2026-08-04,2026-08-04
SECBDB31293,ALLDIGI,ALLDIGI.NS,Alldigi Tech Limited,Industrials,Specialty Business Services,12426854853.0,Small Cap,815.6500244140625,25097008.360874075,1241,0.0,NSE,India,INR,Equity,1,1,2026-08-04,2026-08-04
SEC218C59E2,ROTO,ROTO.NS,Roto Pumps Limited,Industrials,Specialty Industrial Machinery,12386904769.118889,Small Cap,64.38999938964844,66706134.96006047,1031,0.0,NSE,India,INR,Equity,1,1,2026-08-04,2026-08-04
SECDB568DDC,UDS,UDS.NS,Updater Services Limited,Industrials,Specialty Business Services,12364438459.701584,Small Cap,181.0200042724609,57726018.44586611,669,0.0,NSE,India,INR,Equity,1,1,2026-08-04,2026-08-04
SEC8A12565E,PLATIND,PLATIND.NS,Platinum Industries Limited,Basic Materials,Specialty Chemicals,12361787159.46643,Small Cap,228.3000030517578,99495491.97443192,567,0.0,NSE,India,INR,Equity,1,1,2026-08-04,2026-08-04
SECFD1DEBE9,WEL,WEL.NS,Wonder Electricals Limited,Consumer Cyclical,"Furnishings, Fixtures & Appliances",12342136595.52002,Small Cap,94.37000274658205,27077508.800365567,1244,0.0,NSE,India,INR,Equity,1,1,2026-08-04,2026-08-04
SECAFB155C2,ATULAUTO,ATULAUTO.NS,Atul Auto Limited,Consumer Cyclical,Auto Manufacturers,12300754860.0,Small Cap,473.9500122070313,140481543.88169977,1244,0.0,NSE,India,INR,Equity,1,1,2026-08-04,2026-08-04
SECB05993CF,TBZ,TBZ.NS,Tribhovandas Bhimji Zaveri Limited,Consumer Cyclical,Luxury Goods,12259082648.22052,Small Cap,188.8800048828125,94350100.72139728,1244,0.0,NSE,India,INR,Equity,1,1,2026-08-04,2026-08-04
SECA4627E68,ICEMAKE,ICEMAKE.NS,Ice Make Refrigeration Limited,Industrials,Specialty Industrial Machinery,12252176209.82373,Small Cap,752.0999755859375,36997840.07698025,1244,0.0,NSE,India,INR,Equity,1,1,2026-08-04,2026-08-04
SEC6503C16C,PUNJABCHEM,PUNJABCHEM.NS,Punjab Chemicals and Crop Protection Limited,Basic Materials,Chemicals,12236434710.869753,Small Cap,1042.800048828125,26979689.22977705,1241,0.0,NSE,India,INR,Equity,1,1,2026-08-04,2026-08-04
SEC36E29187,ANDHRAPAP,ANDHRAPAP.NS,Andhra Paper Limited,Basic Materials,Paper & Paper Products,12193493896.715736,Small Cap,63.2599983215332,30098203.59618019,1243,0.0,NSE,India,INR,Equity,1,1,2026-08-04,2026-08-04
SEC80C8086B,IGARASHI,IGARASHI.NS,Igarashi Motors India Limited,Consumer Cyclical,Auto Parts,12086418432.0,Small Cap,414.2999877929688,50540256.686834745,1244,0.0,NSE,India,INR,Equity,1,1,2026-08-04,2026-08-04
SEC0520455D,INDOBORAX,INDOBORAX.NS,Indo Borax & Chemicals Limited,Basic Materials,Chemicals,12065840000.0,Small Cap,364.1000061035156,42448531.61789303,1045,0.0,NSE,India,INR,Equity,1,1,2026-08-04,2026-08-04
SECB418D8A3,EKC,EKC.NS,Everest Kanto Cylinder Limited,Industrials,Specialty Industrial Machinery,12053348994.981598,Small Cap,113.5500030517578,86608923.78666246,1243,0.0,NSE,India,INR,Equity,1,1,2026-08-04,2026-08-04
SEC9BCF7B42,NELCAST,NELCAST.NS,Nelcast Limited,Industrials,Metal Fabrication,12047476689.904177,Small Cap,137.19000244140625,39672133.956898525,1243,0.0,NSE,India,INR,Equity,1,1,2026-08-04,2026-08-04
SECC079F0B1,BLKASHYAP,BLKASHYAP.NS,B.L. Kashyap and Sons Limited,Industrials,Engineering & Construction,12040760931.25885,Small Cap,54.470001220703125,40864909.69848228,1244,0.0,NSE,India,INR,Equity,1,1,2026-08-04,2026-08-04
SEC06E1D1EB,GPTHEALTH,GPTHEALTH.NS,GPT Healthcare Limited,Healthcare,Medical Care Facilities,12017749927.485184,Small Cap,147.82000732421875,47000588.241330855,568,0.0,NSE,India,INR,Equity,1,1,2026-08-04,2026-08-04
SECD77C2034,MOL,MOL.NS,Meghmani Organics Limited,Basic Materials,Agricultural Inputs,11996000867.206772,Small Cap,50.290000915527344,62129484.636419706,1197,0.0,NSE,India,INR,Equity,1,1,2026-08-04,2026-08-04
SEC75AD32DC,EXPLEOSOL,EXPLEOSOL.NS,Expleo Solutions Limited,Technology,Information Technology Services,11984342645.24994,Small Cap,810.4500122070312,24814509.86216296,1242,0.0,NSE,India,INR,Equity,1,1,2026-08-04,2026-08-04
SEC317E4B41,GALAPREC,GALAPREC.NS,GALA PRECISION ENG LTD,Industrials,Specialty Industrial Machinery,11972747746.279907,Small Cap,1060.3499755859375,71754662.5170001,442,0.0,NSE,India,INR,Equity,1,1,2026-08-04,2026-08-04
SECFF8007E7,RIIL,RIIL.NS,Reliance Industrial Infrastructure Limited,Industrials,Engineering & Construction,11856520184.326172,Small Cap,858.4000244140625,461172094.7517304,1244,0.0,NSE,India,INR,Equity,1,1,2026-08-04,2026-08-04
SECB995A13D,IKIO,IKIO.NS,IKIO Technologies Limited,Technology,Electronic Components,11823174870.50557,Small Cap,162.1699981689453,63044480.03098998,744,0.0,NSE,India,INR,Equity,1,1,2026-08-04,2026-08-04
SEC4AA81023,HARDWYN,HARDWYN.NS,Hardwyn India Limited,Industrials,Building Products & Equipment,11815220027.111929,Small Cap,25.190000534057617,27915766.8291804,1035,0.0,NSE,India,INR,Equity,1,1,2026-08-04,2026-08-04
SECDA1BB0C1,RUPA,RUPA.NS,Rupa & Company Limited,Consumer Cyclical,Apparel Manufacturing,11810760041.589432,Small Cap,160.75999450683594,50113120.22855336,1243,0.0,NSE,India,INR,Equity,1,1,2026-08-04,2026-08-04
SECF2A07FF8,NIITLTD,NIITLTD.NS,NIIT Limited,Consumer Defensive,Education & Training Services,11810094180.081978,Small Cap,94.91000366210938,112275860.60150504,1244,0.0,NSE,India,INR,Equity,1,1,2026-08-04,2026-08-04
SEC725BF8CB,KROSS,KROSS.NS,KROSS LIMITED,Consumer Cyclical,Auto Parts,11692977477.35916,Small Cap,188.4600067138672,176386849.92348832,438,0.0,NSE,India,INR,Equity,1,1,2026-08-04,2026-08-04
SEC1E858EE5,RATNAVEER,RATNAVEER.NS,Ratnaveer Precision Engineering Limited,Basic Materials,Steel,11671119239.446136,Small Cap,188.9900054931641,156847420.0647443,684,0.0,NSE,India,INR,Equity,1,1,2026-08-04,2026-08-04
SEC21DC2603,INDORAMA,INDORAMA.NS,Indo Rama Synthetics (India) Limited,Consumer Cyclical,Textile Manufacturing,11619535219.5,Small Cap,46.16999816894531,13463875.335851653,1244,0.0,NSE,India,INR,Equity,1,1,2026-08-04,2026-08-04
SEC4071B53D,SHREEPUSHK,SHREEPUSHK.NS,Shree Pushkar Chemicals & Fertilisers Limited,Basic Materials,Specialty Chemicals,11496049150.5,Small Cap,396.0,52327873.881028935,1244,0.0,NSE,India,INR,Equity,1,1,2026-08-04,2026-08-04
SECF81F54DB,MANAKCOAT,MANAKCOAT.NS,Manaksia Coated Metals & Industries Limited,Industrials,Metal Fabrication,11472411181.489944,Small Cap,116.0999984741211,28811967.609906137,1243,0.0,NSE,India,INR,Equity,1,1,2026-08-04,2026-08-04
SECD277B0FE,ORIENTTECH,ORIENTTECH.NS,ORIENT TECHNOLOGIES LTD,Technology,Information Technology Services,11467511350.177124,Small Cap,254.6999969482422,268895754.9289279,451,0.0,NSE,India,INR,Equity,1,1,2026-08-04,2026-08-04
SECD0EE2CAF,EXCELINDUS,EXCELINDUS.NS,Excel Industries Limited,Basic Materials,Specialty Chemicals,11465727866.29834,Small Cap,927.0499877929688,25343900.07022669,1242,0.0,NSE,India,INR,Equity,1,1,2026-08-04,2026-08-04
SEC5B9F2CED,SOLEX,SOLEX.NS,SOLEX ENERGY LIMITED,Technology,Solar,11425792087.834717,Small Cap,1103.800048828125,23605880.296454787,1241,0.0,NSE,India,INR,Equity,1,1,2026-08-04,2026-08-04
SEC735C43FC,JPOLYINVST,JPOLYINVST.NS,Jindal Poly Investment and Finance Company Limited,Financial Services,Asset Management,11308733731.477783,Small Cap,1092.0,27511694.1352657,1242,0.0,NSE,India,INR,Equity,1,1,2026-08-04,2026-08-04
SECCCCD1648,DPEL,DPEL.NS,"DPEL.NS,0P0001T8MW,69000",,,11305048846.101074,Small Cap,488.1499938964844,36130174.18593255,483,0.0,NSE,India,INR,Equity,1,1,2026-08-04,2026-08-04
SEC9ED76CF7,JINDALPHOT,JINDALPHOT.NS,Jindal Photo Limited,Financial Services,Asset Management,11304558677.605955,Small Cap,1114.0,44736615.640901774,1242,0.0,NSE,India,INR,Equity,1,1,2026-08-04,2026-08-04
SEC0B9A6D3A,RUBYMILLS,RUBYMILLS.NS,The Ruby Mills Limited,Consumer Cyclical,Textile Manufacturing,11269280000.0,Small Cap,339.8999938964844,24942273.42772049,1242,0.0,NSE,India,INR,Equity,1,1,2026-08-04,2026-08-04
SEC9ED1871E,BUTTERFLY,BUTTERFLY.NS,Butterfly Gandhimathi Appliances Limited,Consumer Cyclical,"Furnishings, Fixtures & Appliances",11254283595.206238,Small Cap,649.5999755859375,25998118.80794304,1243,0.0,NSE,India,INR,Equity,1,1,2026-08-04,2026-08-04
SECEED09910,FINOPB,FINOPB.NS,Fino Payments Bank Limited,Financial Services,Banks - Regional,11252792420.024963,Small Cap,156.2100067138672,61546553.79436003,1139,0.0,NSE,India,INR,Equity,1,1,2026-08-04,2026-08-04
SEC363C9564,BCLIND,BCLIND.NS,BCL Industries Limited,Consumer Defensive,Beverages - Wineries & Distilleries,11245722803.616486,Small Cap,37.150001525878906,53467229.20726644,1243,0.0,NSE,India,INR,Equity,1,1,2026-08-04,2026-08-04
SEC3A398938,RGL,RGL.NS,Renaissance Global Limited,Consumer Cyclical,Luxury Goods,11229270925.021309,Small Cap,111.33000183105467,60970092.34569867,1244,0.0,NSE,India,INR,Equity,1,1,2026-08-04,2026-08-04
SECCA9415AE,MWL,MWL.NS,MANGALAM WORLDWIDE LTD,Basic Materials,Steel,11210519763.857056,Small Cap,375.8500061035156,13494772.181150978,962,0.0,NSE,India,INR,Equity,1,1,2026-08-04,2026-08-04
SEC35822BE7,HMAAGRO,HMAAGRO.NS,HMA Agro Industries Limited,Consumer Defensive,Packaged Foods,11207227032.337284,Small Cap,22.270000457763672,15978299.55159242,732,0.0,NSE,India,INR,Equity,1,1,2026-08-04,2026-08-04
SECB2433881,ANDHRSUGAR,ANDHRSUGAR.NS,The Andhra Sugars Limited,Basic Materials,Chemicals,11162694803.124235,Small Cap,84.41999816894531,35574609.01201045,1244,0.0,NSE,India,INR,Equity,1,1,2026-08-04,2026-08-04
SEC1B935D19,BHARATSE,BHARATSE.NS,Bharat Seats Limited,Consumer Cyclical,Auto Parts,11116227655.029297,Small Cap,191.30999755859372,60313479.11330512,307,0.0,NSE,India,INR,Equity,1,1,2026-08-04,2026-08-04
SEC8FEB9113,MANALIPETC,MANALIPETC.NS,Manali Petrochemicals Limited,Basic Materials,Specialty Chemicals,11093950270.5,Small Cap,65.5,48209506.9738746,1244,0.0,NSE,India,INR,Equity,1,1,2026-08-04,2026-08-04
SEC814F4537,OAL,OAL.NS,Oriental Aromatics Limited,Basic Materials,Specialty Chemicals,11011450478.010254,Small Cap,343.29998779296875,11028685.276869511,1243,0.0,NSE,India,INR,Equity,1,1,2026-08-04,2026-08-04
SEC8E64C2A4,MADRASFERT,MADRASFERT.NS,Madras Fertilizers Limited,Basic Materials,Agricultural Inputs,10996775082.149506,Small Cap,71.83999633789062,63476537.13034476,1242,0.0,NSE,India,INR,Equity,1,1,2026-08-04,2026-08-04
SECE1CBE8D2,SALZERELEC,SALZERELEC.NS,Salzer Electronics Limited,Industrials,Electrical Equipment & Parts,10978326834.742554,Small Cap,652.7000122070312,104017193.25629956,1244,0.0,NSE,India,INR,Equity,1,1,2026-08-04,2026-08-04
SEC3C4BD991,MONTECARLO,MONTECARLO.NS,Monte Carlo Fashions Limited,Consumer Cyclical,Apparel Manufacturing,10956895824.0,Small Cap,560.7000122070312,39299722.98748052,1242,0.0,NSE,India,INR,Equity,1,1,2026-08-04,2026-08-04
SEC56D43AD1,SRM,SRM.NS,SRM CONTRACTORS LIMITED,Industrials,Engineering & Construction,10946448333.0,Small Cap,489.75,72726968.78375913,548,0.0,NSE,India,INR,Equity,1,1,2026-08-04,2026-08-04
SECBA93528F,CENTENKA,CENTENKA.NS,Century Enka Limited,Consumer Cyclical,Textile Manufacturing,10868482835.234589,Small Cap,524.8499755859375,38037818.78890901,1243,0.0,NSE,India,INR,Equity,1,1,2026-08-04,2026-08-04
SEC7B82D055,TARSONS,TARSONS.NS,Tarsons Products Limited,Healthcare,Medical Instruments & Supplies,10868447247.191755,Small Cap,262.6199951171875,49535804.83303147,1130,0.0,NSE,India,INR,Equity,1,1,2026-08-04,2026-08-04
SECB382A57E,ARIHANTSUP,ARIHANTSUP.NS,Arihant Superstructures Limited,Real Estate,Real Estate - Development,10849260506.326996,Small Cap,270.79998779296875,31689332.685206465,1242,0.0,NSE,India,INR,Equity,1,1,2026-08-04,2026-08-04
SECB0C31AA0,AVTNPL,AVTNPL.NS,AVT Natural Products Limited,Basic Materials,Specialty Chemicals,10795412667.053225,Small Cap,72.16999816894531,18533847.416742764,1242,0.0,NSE,India,INR,Equity,1,1,2026-08-04,2026-08-04
SEC1EB3B164,SHREDIGCEM,SHREDIGCEM.NS,Shree Digvijay Cement Company Limited,Basic Materials,Building Materials,10773755685.332245,Small Cap,76.26000213623047,37977313.64739114,1244,0.0,NSE,India,INR,Equity,1,1,2026-08-04,2026-08-04
SECA7EED879,HITECHGEAR,HITECHGEAR.NS,The Hi-Tech Gears Limited,Consumer Cyclical,Auto Parts,10761348884.0,Small Cap,574.2999877929688,12751676.00906952,1242,0.0,NSE,India,INR,Equity,1,1,2026-08-04,2026-08-04
SEC767B9F8C,BALAJITELE,BALAJITELE.NS,Balaji Telefilms Limited,Communication Services,Entertainment,10525043358.520475,Small Cap,89.66000366210938,36510270.41058052,1243,0.0,NSE,India,INR,Equity,1,1,2026-08-04,2026-08-04
SECBEEEEC0B,CNL,CNL.NS,Creative Newtech Limited,Technology,Electronics & Computer Distribution,10466622475.0,Small Cap,753.25,28276522.24074074,1242,0.0,NSE,India,INR,Equity,1,1,2026-08-04,2026-08-04
SEC447BB08A,ALICON,ALICON.NS,Alicon Castalloy Limited,Industrials,Metal Fabrication,10422087277.424316,Small Cap,651.1500244140625,17392349.269495867,1242,0.0,NSE,India,INR,Equity,1,1,2026-08-04,2026-08-04
SECB414525F,IRMENERGY,IRMENERGY.NS,IRM Energy Limited,Utilities,Utilities - Regulated Gas,10388098281.0,Small Cap,279.8500061035156,203139825.3182564,655,0.0,NSE,India,INR,Equity,1,1,2026-08-04,2026-08-04
SEC19E0E62F,GANDHITUBE,GANDHITUBE.NS,Gandhi Special Tubes Limited,Industrials,Metal Fabrication,10327985096.679688,Small Cap,852.2999877929688,14555419.9857335,1242,0.0,NSE,India,INR,Equity,1,1,2026-08-04,2026-08-04
SEC991DDC57,CENTRUM,CENTRUM.NS,Centrum Capital Limited,Financial Services,Financial Conglomerates,10320537255.0,Small Cap,21.82999992370605,18130353.03560706,1244,0.0,NSE,India,INR,Equity,1,1,2026-08-04,2026-08-04
SECDC50C568,DAMCAPITAL,DAMCAPITAL.NS,DAM CAPITAL ADVISORS LTD,Financial Services,Capital Markets,10265727477.996826,Small Cap,154.88999938964844,199290441.261507,368,0.0,NSE,India,INR,Equity,1,1,2026-08-04,2026-08-04
SEC3A4F5360,CREST,CREST.NS,Crest Ventures Limited,Financial Services,Financial Conglomerates,10260839325.0,Small Cap,402.1499938964844,16778121.265644755,1242,0.0,NSE,India,INR,Equity,1,1,2026-08-04,2026-08-04
SEC80BA614C,MICEL,MICEL.NS,MIC Electronics Limited,Technology,Electronic Components,10221300222.824554,Small Cap,42.290000915527344,41604145.250172965,1244,0.0,NSE,India,INR,Equity,1,1,2026-08-04,2026-08-04
SEC7AA53932,AFSL,AFSL.NS,Abans Financial Services Limited,Financial Services,Capital Markets,10218791559.0,Small Cap,201.0200042724609,42258395.61264448,860,0.0,NSE,India,INR,Equity,1,1,2026-08-04,2026-08-04
SECD77343CA,UNIECOM,UNIECOM.NS,UNICOMMERCE ESOLUTIONS L,Technology,Software - Application,10206276457.564598,Small Cap,89.69000244140625,92459848.98064232,461,0.0,NSE,India,INR,Equity,1,1,2026-08-04,2026-08-04
SEC0F638153,STEL,STEL.NS,STEL Holdings Limited,Financial Services,Asset Management,10187383560.0,Small Cap,598.0499877929688,18458630.669897687,1244,0.0,NSE,India,INR,Equity,1,1,2026-08-04,2026-08-04
SEC4C673A22,GAYAPROJ,GAYAPROJ.NS,Gayatri Projects Limited,Industrials,Engineering & Construction,10158861730.344772,Small Cap,23.520000457763672,19355296.86609619,1244,0.0,NSE,India,INR,Equity,1,1,2026-08-04,2026-08-04
SECE5C52385,ACCENTMIC,ACCENTMIC.NS,"ACCENTMIC.NS,0P0001S1I0,23500",,,10055286016.0,Small Cap,449.8999938964844,26057008.648298025,612,0.0,NSE,India,INR,Equity,1,1,2026-08-04,2026-08-04
SECA201AE9C,TNPL,TNPL.NS,Tamil Nadu Newsprint and Papers Limited,Basic Materials,Paper & Paper Products,9964941892.300417,Small Cap,145.38999938964844,47176392.28178315,1243,0.0,NSE,India,INR,Equity,1,1,2026-08-04,2026-08-04
SECF1E4496B,BHAGYANGR,BHAGYANGR.NS,Bhagyanagar India Limited,Basic Materials,Copper,9918450000.0,Small Cap,388.0499877929688,51389561.26304185,1244,0.0,NSE,India,INR,Equity,1,1,2026-08-04,2026-08-04
SECF4D0A109,MODISONLTD,MODISONLTD.NS,Modison Limited,Industrials,Electrical Equipment & Parts,9895627896.118164,Small Cap,322.1499938964844,32846126.734167244,1243,0.0,NSE,India,INR,Equity,1,1,2026-08-04,2026-08-04
SEC18D142F2,MUNJALAU,MUNJALAU.NS,Munjal Auto Industries Limited,Consumer Cyclical,Auto Parts,9880999755.859377,Small Cap,98.52999877929688,35457168.256250754,1243,0.0,NSE,India,INR,Equity,1,1,2026-08-04,2026-08-04
SEC73DE6A56,RSWM,RSWM.NS,RSWM Limited,Consumer Cyclical,Textile Manufacturing,9821171872.102722,Small Cap,191.6300048828125,25440895.031993616,1243,0.0,NSE,India,INR,Equity,1,1,2026-08-04,2026-08-04
SEC91F79291,SWELECTES,SWELECTES.NS,Swelect Energy Systems Limited,Technology,Solar,9820455660.497314,Small Cap,639.3499755859375,34940682.59036103,1242,0.0,NSE,India,INR,Equity,1,1,2026-08-04,2026-08-04
SEC522B366F,VILAS,VILAS.NS,"VILAS.NS,0P0001T1AQ,307000",,,9787103701.171877,Small Cap,367.9500122070313,22377468.85869233,503,0.0,NSE,India,INR,Equity,1,1,2026-08-04,2026-08-04
SEC0447AAEE,MACPOWER,MACPOWER.NS,Macpower CNC Machines Limited,Industrials,Specialty Industrial Machinery,9765060331.757812,Small Cap,1182.050048828125,35392877.896361426,1243,0.0,NSE,India,INR,Equity,1,1,2026-08-04,2026-08-04
SEC3E7AF496,BAJAJHCARE,BAJAJHCARE.NS,Bajaj HealthCare Limited,Healthcare,Drug Manufacturers - Specialty & Generic,9684747980.621157,Small Cap,312.95001220703125,67178897.76770549,1131,0.0,NSE,India,INR,Equity,1,1,2026-08-04,2026-08-04
SECCF0F59FC,THEMISMED,THEMISMED.NS,Themis Medicare Limited,Healthcare,Drug Manufacturers - Specialty & Generic,9678472712.141691,Small Cap,101.7300033569336,14913044.747991776,1244,0.0,NSE,India,INR,Equity,1,1,2026-08-04,2026-08-04
SECEE08B849,PRIMESECU,PRIMESECU.NS,Prime Securities Limited,Financial Services,Capital Markets,9653117543.75,Small Cap,299.8999938964844,21640481.72785343,1242,0.0,NSE,India,INR,Equity,1,1,2026-08-04,2026-08-04
SECF1708BA4,CONTROLPR,CONTROLPR.NS,Control Print Limited,Industrials,Business Equipment & Supplies,9638111760.716309,Small Cap,623.4500122070312,25880499.287331007,1242,0.0,NSE,India,INR,Equity,1,1,2026-08-04,2026-08-04
SEC0FDBC57B,BIRLANU,BIRLANU.NS,BirlaNu Limited,Industrials,Building Products & Equipment,9572417374.70398,Small Cap,1423.0999755859375,22506029.348276727,1242,0.0,NSE,India,INR,Equity,1,1,2026-08-04,2026-08-04
SEC1A175B8F,RAJOOENG,RAJOOENG.NS,Rajoo Engineers Limited,Industrials,Specialty Industrial Machinery,9535900196.564198,Small Cap,55.43999862670898,49212955.17733496,265,0.0,NSE,India,INR,Equity,1,1,2026-08-04,2026-08-04
SEC579464B0,MASTERTR,MASTERTR.NS,Master Trust Limited,Financial Services,Capital Markets,9521438587.70752,Small Cap,78.62999725341797,44464333.54362982,380,0.0,NSE,India,INR,Equity,1,1,2026-08-04,2026-08-04
SEC925CB3D7,INDOAMIN,INDOAMIN.NS,Indo Amines Limited,Basic Materials,Chemicals,9456707228.19214,Small Cap,143.5500030517578,38684368.322056815,1024,0.0,NSE,India,INR,Equity,1,1,2026-08-04,2026-08-04
SEC430FFEB9,NAHARSPING,NAHARSPING.NS,Nahar Spinning Mills Limited,Consumer Cyclical,Textile Manufacturing,9450912210.89972,Small Cap,255.5,14633889.325020114,1243,0.0,NSE,India,INR,Equity,1,1,2026-08-04,2026-08-04
SECC39B1FF7,MENONBE,MENONBE.NS,Menon Bearings Limited,Consumer Cyclical,Auto Parts,9431532171.020508,Small Cap,175.42999267578125,22690165.919915933,1243,0.0,NSE,India,INR,Equity,1,1,2026-08-04,2026-08-04
SECBAAB47CE,WCIL,WCIL.NS,WESTERN CARRIERS (IND) L,Industrials,Integrated Freight & Logistics,9428818440.49688,Small Cap,102.4499969482422,45317331.810514025,432,0.0,NSE,India,INR,Equity,1,1,2026-08-04,2026-08-04
SEC86497ECC,HIMATSEIDE,HIMATSEIDE.NS,Himatsingka Seide Limited,Consumer Cyclical,Textile Manufacturing,9411810139.782494,Small Cap,83.94000244140625,58340111.53499719,1244,0.0,NSE,India,INR,Equity,1,1,2026-08-04,2026-08-04
SEC6D992F5C,DHARMAJ,DHARMAJ.NS,Dharmaj Crop Guard Limited,Basic Materials,Agricultural Inputs,9385509511.764648,Small Cap,264.6000061035156,40189988.7229321,872,0.0,NSE,India,INR,Equity,1,1,2026-08-04,2026-08-04
SECEF3F5304,PRIZOR,PRIZOR.NS,"PRIZOR.NS,0P0001TBGW,1345600",,,9333420219.0,Small Cap,830.5499877929688,40644885.07426248,469,0.0,NSE,India,INR,Equity,1,1,2026-08-04,2026-08-04
SEC82CC30AA,YUKEN,YUKEN.NS,Yuken India Limited,Industrials,Specialty Industrial Machinery,9256137931.640623,Small Cap,692.4500122070312,10676367.69263771,1186,0.0,NSE,India,INR,Equity,1,1,2026-08-04,2026-08-04
SEC2D17BC45,AMBIKCO,AMBIKCO.NS,Ambika Cotton Mills Limited,Consumer Cyclical,Textile Manufacturing,9190915139.770508,Small Cap,1679.0999755859375,36396733.022200495,1243,0.0,NSE,India,INR,Equity,1,1,2026-08-04,2026-08-04
SECE174CB35,LIKHITHA,LIKHITHA.NS,Likhitha Infrastructure Limited,Energy,Oil & Gas Equipment & Services,9136353721.614532,Small Cap,243.2100067138672,50125524.31831645,1244,0.0,NSE,India,INR,Equity,1,1,2026-08-04,2026-08-04
SECF337BD5E,WANBURY,WANBURY.NS,Wanbury Limited,Healthcare,Drug Manufacturers - Specialty & Generic,9113942181.553162,Small Cap,266.75,19438360.92477876,1243,0.0,NSE,India,INR,Equity,1,1,2026-08-04,2026-08-04
SEC26782FF6,QUICKHEAL,QUICKHEAL.NS,Quick Heal Technologies Limited,Technology,Software - Application,9113700288.0,Small Cap,178.6999969482422,59771567.07852471,1244,0.0,NSE,India,INR,Equity,1,1,2026-08-04,2026-08-04
SECF3DC6BF3,AVADHSUGAR,AVADHSUGAR.NS,Avadh Sugar & Energy Limited,Consumer Defensive,Confectioners,9108381100.0,Small Cap,448.4500122070313,57322566.48701797,1243,0.0,NSE,India,INR,Equity,1,1,2026-08-04,2026-08-04
SEC22948A71,ESTER,ESTER.NS,Ester Industries Limited,Basic Materials,Specialty Chemicals,9072625480.781754,Small Cap,92.7300033569336,24357711.033312734,1244,0.0,NSE,India,INR,Equity,1,1,2026-08-04,2026-08-04
SECC187FB8A,BHAGERIA,BHAGERIA.NS,Bhageria Industries Limited,Basic Materials,Specialty Chemicals,9064459850.753174,Small Cap,224.6699981689453,22606199.238471244,1243,0.0,NSE,India,INR,Equity,1,1,2026-08-04,2026-08-04
SEC7E64B41E,NDTV,NDTV.NS,New Delhi Television Limited,Communication Services,Broadcasting,9056439654.844915,Small Cap,81.02999877929688,38378539.77427757,1244,0.0,NSE,India,INR,Equity,1,1,2026-08-04,2026-08-04
SEC24FDDB3F,DHAMPURSUG,DHAMPURSUG.NS,Dhampur Sugar Mills Limited,Consumer Defensive,Confectioners,9051783853.593796,Small Cap,141.13999938964844,69160036.96902442,1244,0.0,NSE,India,INR,Equity,1,1,2026-08-04,2026-08-04
SECA4BF5AC5,SURAJEST,SURAJEST.NS,SURAJ ESTATE DEVELOPERS L,Real Estate,Real Estate - Development,9041162674.136414,Small Cap,196.1000061035156,46537623.132362925,615,0.0,NSE,India,INR,Equity,1,1,2026-08-04,2026-08-04
SECE2EC9085,ZUARI,ZUARI.NS,Zuari Agro Chemicals Limited,Basic Materials,Agricultural Inputs,9015974540.858644,Small Cap,238.4600067138672,86670067.15567131,1244,0.0,NSE,India,INR,Equity,1,1,2026-08-04,2026-08-04
SECDB6D00E3,CIFL,CIFL.NS,Capital India Finance Limited,Financial Services,Credit Services,9009937510.022736,Small Cap,25.549999237060547,11809042.826068524,291,0.0,NSE,India,INR,Equity,1,1,2026-08-04,2026-08-04
SEC82E99FC3,GRPLTD,GRPLTD.NS,GRP Limited,Consumer Cyclical,Auto Parts,8997331084.0,Small Cap,1905.0,15237849.58937198,1242,0.0,NSE,India,INR,Equity,1,1,2026-08-04,2026-08-04
SEC39FB36B5,ORICONENT,ORICONENT.NS,Oricon Enterprises Limited,Consumer Cyclical,Packaging & Containers,8967494425.699554,Small Cap,56.41999816894531,23189737.7069497,1243,0.0,NSE,India,INR,Equity,1,1,2026-08-04,2026-08-04
SEC6E2AA57B,UTTAMSUGAR,UTTAMSUGAR.NS,Uttam Sugar Mills Limited,Consumer Defensive,Confectioners,8800752361.70105,Small Cap,237.8500061035156,45192799.392418325,1244,0.0,NSE,India,INR,Equity,1,1,2026-08-04,2026-08-04
SEC2CBFE87B,EIMCOELECO,EIMCOELECO.NS,Eimco Elecon (India) Limited,Industrials,Farm & Heavy Construction Machinery,8796787125.0,Small Cap,1596.4000244140625,36553001.43598493,1242,0.0,NSE,India,INR,Equity,1,1,2026-08-04,2026-08-04
SEC275AA521,MAMATA,MAMATA.NS,MAMATA MACHINERY LIMITED,Industrials,Specialty Industrial Machinery,8796058410.388184,Small Cap,369.7999877929688,213983509.8369862,368,0.0,NSE,India,INR,Equity,1,1,2026-08-04,2026-08-04
SEC68C82476,UNIHEALTH,UNIHEALTH.NS,Unihealth Hospitals Limited,,,8716372832.0,Small Cap,465.75,16455455.717488788,669,0.0,NSE,India,INR,Equity,1,1,2026-08-04,2026-08-04
SEC42475672,GHCLTEXTIL,GHCLTEXTIL.NS,GHCL Textiles Limited,Consumer Cyclical,Textile Manufacturing,8715511996.650467,Small Cap,95.33000183105467,40437434.44187092,747,0.0,NSE,India,INR,Equity,1,1,2026-08-04,2026-08-04
SEC8D3ACB4E,KOPRAN,KOPRAN.NS,Kopran Limited,Healthcare,Drug Manufacturers - General,8681268598.766861,Small Cap,194.00999450683597,73878941.18621942,1244,0.0,NSE,India,INR,Equity,1,1,2026-08-04,2026-08-04
SEC8FC82BCF,ZTECH,ZTECH.NS,"ZTECH.NS,0P0001T2S3,255600",,,8644005768.529785,Small Cap,583.5,34268488.2,500,0.0,NSE,India,INR,Equity,1,1,2026-08-04,2026-08-04
SEC2B3035A7,ARROWGREEN,ARROWGREEN.NS,Arrow Greentech Limited,Consumer Cyclical,Packaging & Containers,8631054748.72107,Small Cap,596.5,34958965.12590507,1243,0.0,NSE,India,INR,Equity,1,1,2026-08-04,2026-08-04
SEC5844839E,ROHLTD,ROHLTD.NS,Royal Orchid Hotels Limited,Consumer Cyclical,Lodging,8611517510.0,Small Cap,330.20001220703125,43654127.97341319,1242,0.0,NSE,India,INR,Equity,1,1,2026-08-04,2026-08-04
SEC0ADE89BB,BORANA,BORANA.NS,BORANA WEAVES LIMITED,Consumer Cyclical,Textile Manufacturing,8606430285.0,Small Cap,307.6000061035156,45543665.489355005,265,0.0,NSE,India,INR,Equity,1,1,2026-08-04,2026-08-04
SEC984FC7D0,IFBAGRO,IFBAGRO.NS,IFB Agro Industries Limited,Consumer Defensive,Beverages - Wineries & Distilleries,8568096546.044617,Small Cap,914.7000122070312,20057477.16220868,1244,0.0,NSE,India,INR,Equity,1,1,2026-08-04,2026-08-04
SECE7A2760D,TAC,TAC.NS,"TAC.NS,0P0001SMEB,32400",,,8544017752.075195,Small Cap,348.3999938964844,20989063.52840275,539,0.0,NSE,India,INR,Equity,1,1,2026-08-04,2026-08-04
SEC33EA48A7,SRHHYPOLTD,SRHHYPOLTD.NS,Sree Rayalaseema Hi-Strength Hypo Limited,Basic Materials,Chemicals,8525766800.231506,Small Cap,490.25,21740494.76749799,1243,0.0,NSE,India,INR,Equity,1,1,2026-08-04,2026-08-04
SEC7810B6E8,BODALCHEM,BODALCHEM.NS,Bodal Chemicals Limited,Basic Materials,Specialty Chemicals,8501224387.5,Small Cap,70.6500015258789,42952803.9999674,1243,0.0,NSE,India,INR,Equity,1,1,2026-08-04,2026-08-04
SECC695B342,SGIL,SGIL.NS,Synergy Green Industries Limited,Industrials,Metal Fabrication,8499975629.272461,Small Cap,586.4000244140625,19580556.878684103,1210,0.0,NSE,India,INR,Equity,1,1,2026-08-04,2026-08-04
SEC032BD25B,TVSELECT,TVSELECT.NS,TVS Electronics Limited,Technology,Computer Hardware,8497259347.5,Small Cap,482.3500061035156,87231493.34583715,1243,0.0,NSE,India,INR,Equity,1,1,2026-08-04,2026-08-04
SEC70D0EC3A,TEMBO,TEMBO.NS,Tembo Global Industries Limited,Industrials,Metal Fabrication,8490689985.507935,Small Cap,561.5999755859375,53220084.93981776,1243,0.0,NSE,India,INR,Equity,1,1,2026-08-04,2026-08-04
SEC647C217E,SAHANA,SAHANA.NS,"SAHANA.NS,0P0001R3DD,19500",,,8431480710.650391,Small Cap,713.8499755859375,26761485.993944056,739,0.0,NSE,India,INR,Equity,1,1,2026-08-04,2026-08-04
SEC45B012DE,MAXIND,MAXIND.NS,Max India Limited,Healthcare,Medical Care Facilities,8383285303.531616,Small Cap,167.97000122070312,23539878.575904343,1242,0.0,NSE,India,INR,Equity,1,1,2026-08-04,2026-08-04
SECE71B7AEA,KOKUYOCMLN,KOKUYOCMLN.NS,Kokuyo Camlin Limited,Industrials,Business Equipment & Supplies,8351295101.8320465,Small Cap,87.0999984741211,17664568.081851043,1243,0.0,NSE,India,INR,Equity,1,1,2026-08-04,2026-08-04
SECBA354594,NCLIND,NCLIND.NS,NCL Industries Limited,Basic Materials,Building Materials,8348163611.968384,Small Cap,191.8800048828125,35172045.308256805,1243,0.0,NSE,India,INR,Equity,1,1,2026-08-04,2026-08-04
SEC2FB7EF93,GICHSGFIN,GICHSGFIN.NS,GIC Housing Finance Limited,Financial Services,Mortgage Finance,8321066948.396576,Small Cap,163.7100067138672,58554064.06358155,1243,0.0,NSE,India,INR,Equity,1,1,2026-08-04,2026-08-04
SECF3B3FD7B,SUDARCOLOR,SUDARCOLOR.NS,Sudarshan Colorants India Limited,Basic Materials,Specialty Chemicals,8304830638.63977,Small Cap,362.6499938964844,21197213.655955285,1243,0.0,NSE,India,INR,Equity,1,1,2026-08-04,2026-08-04
SEC2514A6D9,VIVIANA,VIVIANA.NS,VIVIANA POWER TECH LTD,Industrials,Engineering & Construction,8254852800.0,Small Cap,813.8499755859375,16523997.705983106,926,0.0,NSE,India,INR,Equity,1,1,2026-08-04,2026-08-04
SEC3A41E3D3,DWARKESH,DWARKESH.NS,Dwarikesh Sugar Industries Limited,Consumer Defensive,Confectioners,8234797072.327156,Small Cap,44.02999877929688,83206512.59420736,1243,0.0,NSE,India,INR,Equity,1,1,2026-08-04,2026-08-04
SEC593EFD72,DVL,DVL.NS,Dhunseri Ventures Limited,Financial Services,Capital Markets,8213304813.0,Small Cap,241.72999572753903,16040428.27982651,1242,0.0,NSE,India,INR,Equity,1,1,2026-08-04,2026-08-04
SEC23A573E9,SALSTEEL,SALSTEEL.NS,S.A.L. Steel Limited,Basic Materials,Steel,8208272000.448227,Small Cap,57.5099983215332,12948427.658830827,1242,0.0,NSE,India,INR,Equity,1,1,2026-08-04,2026-08-04
SEC07B603A9,KABRAEXTRU,KABRAEXTRU.NS,Kabra Extrusiontechnik Limited,Industrials,Specialty Industrial Machinery,8199381293.4713745,Small Cap,237.7400054931641,31094932.04238201,1243,0.0,NSE,India,INR,Equity,1,1,2026-08-04,2026-08-04
SEC5270F760,PROSTARM,PROSTARM.NS,PROSTARM INFO SYSTEMS LTD,Industrials,Electrical Equipment & Parts,8195343026.729004,Small Cap,140.3699951171875,204079739.85987544,261,0.0,NSE,India,INR,Equity,1,1,2026-08-04,2026-08-04
SECCA9E2CE9,SARLAPOLY,SARLAPOLY.NS,Sarla Performance Fibers Limited,Consumer Cyclical,Textile Manufacturing,8155737857.10144,Small Cap,96.48999786376952,34636206.08038586,1244,0.0,NSE,India,INR,Equity,1,1,2026-08-04,2026-08-04
SECFA944620,EFFWA,EFFWA.NS,"EFFWA.NS,0P0001TAFY,195200",,,8144330850.229095,Small Cap,308.1499938964844,23421479.873644352,474,0.0,NSE,India,INR,Equity,1,1,2026-08-04,2026-08-04
SEC24651090,TNPETRO,TNPETRO.NS,Tamilnadu Petroproducts Limited,Basic Materials,Specialty Chemicals,8124424376.771149,Small Cap,90.58999633789062,38677220.159580566,1244,0.0,NSE,India,INR,Equity,1,1,2026-08-04,2026-08-04
SEC16BE46A8,SUYOG,SUYOG.NS,Suyog Telematics Limited,Communication Services,Telecom Services,8090085647.03125,Small Cap,813.0499877929688,27665115.85771632,455,0.0,NSE,India,INR,Equity,1,1,2026-08-04,2026-08-04
SEC5F392165,KRYSTAL,KRYSTAL.NS,KRYSTAL INTEGRATED SER L,Industrials,Specialty Business Services,8072295268.0,Small Cap,608.5,83853795.50902528,554,0.0,NSE,India,INR,Equity,1,1,2026-08-04,2026-08-04
SEC5B13B0B6,DECCANCE,DECCANCE.NS,Deccan Cements Limited,Basic Materials,Building Materials,8052211033.02002,Small Cap,569.0999755859375,20772143.15212369,1242,0.0,NSE,India,INR,Equity,1,1,2026-08-04,2026-08-04
SEC483821CD,MATRIMONY,MATRIMONY.NS,Matrimony.com Limited,Communication Services,Internet Content & Information,8051079123.5,Small Cap,389.1499938964844,13802735.148438385,1243,0.0,NSE,India,INR,Equity,1,1,2026-08-04,2026-08-04
SEC330136D0,VASCONEQ,VASCONEQ.NS,Vascon Engineers Limited,Industrials,Engineering & Construction,8049158025.035908,Small Cap,36.310001373291016,66300367.49605403,1244,0.0,NSE,India,INR,Equity,1,1,2026-08-04,2026-08-04
SECAC340782,PVP,PVP.NS,PVP Ventures Limited,Industrials,Conglomerates,8023037272.539431,Small Cap,29.850000381469727,15502719.18737771,1243,0.0,NSE,India,INR,Equity,1,1,2026-08-04,2026-08-04
SEC9D9B10BD,KAMDHENU,KAMDHENU.NS,Kamdhenu Limited,Basic Materials,Steel,8019571565.059662,Small Cap,28.82999992370605,62845353.99278958,1244,0.0,NSE,India,INR,Equity,1,1,2026-08-04,2026-08-04
SEC78284504,STANLEY,STANLEY.NS,STANLEY LIFESTYLES LTD,Consumer Cyclical,"Furnishings, Fixtures & Appliances",8009589592.764114,Small Cap,146.9600067138672,37750174.53455544,491,0.0,NSE,India,INR,Equity,1,1,2026-08-04,2026-08-04
SEC1B67D575,SIGACHI,SIGACHI.NS,Sigachi Industries Limited,Healthcare,Drug Manufacturers - Specialty & Generic,7902147789.137363,Small Cap,22.950000762939453,81449280.7794309,1137,0.0,NSE,India,INR,Equity,1,1,2026-08-04,2026-08-04
SECC6403F7C,BAJAJINDEF,BAJAJINDEF.NS,INDEF MANUFACTURING LTD,Industrials,Farm & Heavy Construction Machinery,7870399902.34375,Small Cap,248.8500061035156,18197487.987432,326,0.0,NSE,India,INR,Equity,1,1,2026-08-04,2026-08-04
SECFA4D0F0D,CELLECOR,CELLECOR.NS,"CELLECOR.NS,0P0001RM26,155400",,,7869052802.149963,Small Cap,34.75,20891950.82706767,665,0.0,NSE,India,INR,Equity,1,1,2026-08-04,2026-08-04
SECAA321F57,GANESHBE,GANESHBE.NS,Ganesh Benzoplast Limited,Basic Materials,Specialty Chemicals,7841807651.499428,Small Cap,106.9800033569336,27188003.57886084,1177,0.0,NSE,India,INR,Equity,1,1,2026-08-04,2026-08-04
SEC9751FF38,OMINFRAL,OMINFRAL.NS,Om Infra Limited,Industrials,Engineering & Construction,7831425718.49041,Small Cap,87.97000122070312,18617153.284122653,1243,0.0,NSE,India,INR,Equity,1,1,2026-08-04,2026-08-04
SECEA5CAAA3,ASAL,ASAL.NS,Automotive Stampings and Assemblies Limited,Consumer Cyclical,Auto Parts,7818768158.278595,Small Cap,509.9500122070313,36055377.76565522,1244,0.0,NSE,India,INR,Equity,1,1,2026-08-04,2026-08-04
SECB03518BD,EMKAY,EMKAY.NS,Emkay Global Financial Services Limited,Financial Services,Capital Markets,7802793705.65094,Small Cap,290.3500061035156,27874133.40038957,1243,0.0,NSE,India,INR,Equity,1,1,2026-08-04,2026-08-04
SEC2DDBF88C,DBOL,DBOL.NS,Dhampur Bio Organics Limited,Consumer Defensive,Farm Products,7690686271.385422,Small Cap,117.38999938964844,21708588.08392819,934,0.0,NSE,India,INR,Equity,1,1,2026-08-04,2026-08-04
SECAA9966AA,PDMJEPAPER,PDMJEPAPER.NS,Pudumjee Paper Products Limited,Basic Materials,Paper & Paper Products,7652020152.282715,Small Cap,82.7300033569336,36897286.45125121,1243,0.0,NSE,India,INR,Equity,1,1,2026-08-04,2026-08-04
SECC413F2C4,NRAIL,NRAIL.NS,N R Agarwal Industries Limited,Basic Materials,Paper & Paper Products,7632215602.752686,Small Cap,462.6000061035156,11763576.50854659,1243,0.0,NSE,India,INR,Equity,1,1,2026-08-04,2026-08-04
SECD718C0BF,BLAL,BLAL.NS,BEML Land Assets Limited,Financial Services,Shell Companies,7630938408.760071,Small Cap,182.7700042724609,38804076.55638968,785,0.0,NSE,India,INR,Equity,1,1,2026-08-04,2026-08-04
SEC47D75C81,VALIANTORG,VALIANTORG.NS,Valiant Organics Limited,Basic Materials,Chemicals,7587710045.963745,Small Cap,290.95001220703125,24262667.28462551,1242,0.0,NSE,India,INR,Equity,1,1,2026-08-04,2026-08-04
SECF6CDE043,STERTOOLS,STERTOOLS.NS,Sterling Tools Limited,Industrials,Tools & Accessories,7573451667.343018,Small Cap,245.5200042724609,35341137.22313681,1243,0.0,NSE,India,INR,Equity,1,1,2026-08-04,2026-08-04
SEC6A019558,GGBL,GGBL.NS,"GGBL.NS,0P0001TAFZ,726600",,,7550664752.746582,Small Cap,300.6000061035156,25458289.148495324,475,0.0,NSE,India,INR,Equity,1,1,2026-08-04,2026-08-04
SEC0AFDE940,JITFINFRA,JITFINFRA.NS,JITF Infralogistics Limited,Industrials,Engineering & Construction,7550463637.5,Small Cap,289.6000061035156,13367661.126784775,1243,0.0,NSE,India,INR,Equity,1,1,2026-08-04,2026-08-04
SEC73CF3A17,ARIHANTCAP,ARIHANTCAP.NS,Arihant Capital Markets Limited,Financial Services,Capital Markets,7519410472.744751,Small Cap,70.0199966430664,45011191.33741334,1242,0.0,NSE,India,INR,Equity,1,1,2026-08-04,2026-08-04
SEC57E840D1,ECOSMOBLTY,ECOSMOBLTY.NS,ECOS (INDIA) MOB & HOSP L,Industrials,Rental & Leasing Services,7440000000.0,Small Cap,136.6999969482422,68857990.37488806,446,0.0,NSE,India,INR,Equity,1,1,2026-08-04,2026-08-04
SECEFFA8220,BAHETI,BAHETI.NS,"BAHETI.NS,0P0001Q4XC,12750",,,7411425117.43103,Small Cap,598.25,17928048.229768787,865,0.0,NSE,India,INR,Equity,1,1,2026-08-04,2026-08-04
SEC0C08514F,HERANBA,HERANBA.NS,Heranba Industries Limited,Basic Materials,Agricultural Inputs,7372881209.619461,Small Cap,188.3500061035156,21290712.38072516,1244,0.0,NSE,India,INR,Equity,1,1,2026-08-04,2026-08-04
SECA4052D92,SCODATUBES,SCODATUBES.NS,Scoda Tubes Limited,Basic Materials,Steel,7350821847.172546,Small Cap,144.3800048828125,68077647.22999263,261,0.0,NSE,India,INR,Equity,1,1,2026-08-04,2026-08-04
SECB580D91F,MAANALU,MAANALU.NS,Maan Aluminium Limited,Basic Materials,Aluminum,7346946344.085205,Small Cap,127.13999938964844,33714135.56292981,1243,0.0,NSE,India,INR,Equity,1,1,2026-08-04,2026-08-04
SEC76F593ED,FAIRCHEMOR,FAIRCHEMOR.NS,Fairchem Organics Limited,Basic Materials,Specialty Chemicals,7335853632.317139,Small Cap,608.9000244140625,17611255.607256755,1242,0.0,NSE,India,INR,Equity,1,1,2026-08-04,2026-08-04
SEC96F30AEB,SOUTHWEST,SOUTHWEST.NS,South West Pinnacle Exploration Limited,Energy,Oil & Gas Equipment & Services,7335199522.832062,Small Cap,244.3500061035156,25629192.91003609,1244,0.0,NSE,India,INR,Equity,1,1,2026-08-04,2026-08-04
SECE81E52DB,BIRLAMONEY,BIRLAMONEY.NS,Aditya Birla Money Limited,Financial Services,Capital Markets,7315681540.85527,Small Cap,144.39999389648438,37199425.060313314,1243,0.0,NSE,India,INR,Equity,1,1,2026-08-04,2026-08-04
SECDE186C4A,ZUARIIND,ZUARIIND.NS,Zuari Industries Limited,Industrials,Conglomerates,7236827712.0,Small Cap,267.3500061035156,42809787.30669827,1243,0.0,NSE,India,INR,Equity,1,1,2026-08-04,2026-08-04
SEC91996B78,COFFEEDAY,COFFEEDAY.NS,Coffee Day Enterprises Limited,Consumer Cyclical,Restaurants,7212133557.722183,Small Cap,34.439998626708984,104771016.08844133,1244,0.0,NSE,India,INR,Equity,1,1,2026-08-04,2026-08-04
SECAC3D256E,PROZONER,PROZONER.NS,Prozone Realty Limited,Real Estate,Real Estate - Diversified,7210486221.75,Small Cap,47.93000030517578,34317016.59162184,1243,0.0,NSE,India,INR,Equity,1,1,2026-08-04,2026-08-04
SECF922AE28,VLSFINANCE,VLSFINANCE.NS,VLS Finance Limited,Financial Services,Capital Markets,7204227123.257904,Small Cap,242.2400054931641,21383499.706030905,1242,0.0,NSE,India,INR,Equity,1,1,2026-08-04,2026-08-04
SECD3D67294,STCINDIA,STCINDIA.NS,The State Trading Corporation of India Limited,Industrials,Conglomerates,7188000183.105469,Small Cap,135.9499969482422,29905328.022988297,1244,0.0,NSE,India,INR,Equity,1,1,2026-08-04,2026-08-04
SEC52B0AD01,AGARIND,AGARIND.NS,Agarwal Industrial Corporation Limited,Basic Materials,Specialty Chemicals,7113924539.695099,Small Cap,547.7999877929688,35695671.352393106,1242,0.0,NSE,India,INR,Equity,1,1,2026-08-04,2026-08-04
SEC20C507F3,MVGJL,MVGJL.NS,Manoj Vaibhav Gems 'N' Jewellers Limited,Consumer Cyclical,Luxury Goods,7083367151.082993,Small Cap,147.5,39962466.25186846,669,0.0,NSE,India,INR,Equity,1,1,2026-08-04,2026-08-04
SEC590EABEB,SARTELE,SARTELE.NS,"SARTELE.NS,0P0001RT0P,168000",,,7077901875.0,Small Cap,107.5500030517578,18811218.424618024,639,0.0,NSE,India,INR,Equity,1,1,2026-08-04,2026-08-04
SEC67CBEC76,CHEMCON,CHEMCON.NS,Chemcon Speciality Chemicals Limited,Basic Materials,Specialty Chemicals,7072289710.361267,Small Cap,192.6000061035156,28183096.553995032,1242,0.0,NSE,India,INR,Equity,1,1,2026-08-04,2026-08-04
SEC3982BA8B,RITCO,RITCO.NS,Ritco Logistics Limited,Industrials,Integrated Freight & Logistics,7012285960.985092,Small Cap,274.6499938964844,25154626.906997383,1034,0.0,NSE,India,INR,Equity,1,1,2026-08-04,2026-08-04
SEC9EC6FF0E,XCHANGING,XCHANGING.NS,Xchanging Solutions Limited,Technology,Information Technology Services,6997267554.949722,Small Cap,63.20000076293945,30744571.948295195,1243,0.0,NSE,India,INR,Equity,1,1,2026-08-04,2026-08-04
SECC25C66F8,ATL,ATL.NS,Allcargo Terminals Limited,Industrials,Integrated Freight & Logistics,6960844964.885496,Small Cap,24.459999084472656,18923347.18889068,703,0.0,NSE,India,INR,Equity,1,1,2026-08-04,2026-08-04
SEC34ECA5EA,KOTHARIPET,KOTHARIPET.NS,Kothari Petrochemicals Limited,Basic Materials,Specialty Chemicals,6943286610.290527,Small Cap,122.66999816894533,23406882.702279832,1242,0.0,NSE,India,INR,Equity,1,1,2026-08-04,2026-08-04
SEC226A38BE,MUKKA,MUKKA.NS,Mukka Proteins Limited,Consumer Defensive,Packaged Foods,6917999839.782715,Small Cap,24.309999465942383,29274017.521871928,564,0.0,NSE,India,INR,Equity,1,1,2026-08-04,2026-08-04
SEC46D6121A,BIGBLOC,BIGBLOC.NS,Bigbloc Construction Limited,Industrials,Building Products & Equipment,6914559651.602745,Small Cap,49.40999984741211,16395253.872985564,1244,0.0,NSE,India,INR,Equity,1,1,2026-08-04,2026-08-04
SEC68E0852B,COMSYN,COMSYN.NS,Commercial Syn Bags Limited,Consumer Cyclical,Packaging & Containers,6852823492.96875,Small Cap,163.41000366210938,18731946.05621353,595,0.0,NSE,India,INR,Equity,1,1,2026-08-04,2026-08-04
SEC61A47777,GEECEE,GEECEE.NS,GeeCee Ventures Limited,Real Estate,Real Estate - Development,6832907450.75,Small Cap,353.75,13372188.843523731,1243,0.0,NSE,India,INR,Equity,1,1,2026-08-04,2026-08-04
SECBDCCAD9E,KSOLVES,KSOLVES.NS,Ksolves India Limited,Technology,Software - Application,6779290030.444336,Small Cap,291.04998779296875,21673550.65585327,1244,0.0,NSE,India,INR,Equity,1,1,2026-08-04,2026-08-04
SECEE43133D,MCLEODRUSS,MCLEODRUSS.NS,McLeod Russel India Limited,Consumer Defensive,Packaged Foods,6697702015.096245,Small Cap,65.0,55427701.83574879,1242,0.0,NSE,India,INR,Equity,1,1,2026-08-04,2026-08-04
SECC7D0FF4E,PVSL,PVSL.NS,Popular Vehicles and Services Limited,Consumer Cyclical,Auto & Truck Dealerships,6691918477.92424,Small Cap,95.31999969482422,11434238.056031369,557,0.0,NSE,India,INR,Equity,1,1,2026-08-04,2026-08-04
SECE61BC755,MINDTECK,MINDTECK.NS,Mindteck (India) Limited,Technology,Information Technology Services,6612925938.433456,Small Cap,209.25999450683597,26500864.324501917,1243,0.0,NSE,India,INR,Equity,1,1,2026-08-04,2026-08-04
SEC017E0F6F,APTECHT,APTECHT.NS,Aptech Limited,Consumer Defensive,Education & Training Services,6581579715.79422,Small Cap,110.9499969482422,46365600.951208815,1244,0.0,NSE,India,INR,Equity,1,1,2026-08-04,2026-08-04
SEC13826F36,RADHIKAJWE,RADHIKAJWE.NS,Radhika Jeweltech Limited,Consumer Cyclical,Luxury Goods,6577284001.489349,Small Cap,56.65999984741211,47823305.0420155,968,0.0,NSE,India,INR,Equity,1,1,2026-08-04,2026-08-04
SEC4B3F17F1,KECL,KECL.NS,Kirloskar Electric Company Limited,Industrials,Specialty Industrial Machinery,6574993029.0,Small Cap,104.55999755859376,45474438.3391025,1244,0.0,NSE,India,INR,Equity,1,1,2026-08-04,2026-08-04
SECED50E8C7,ADSL,ADSL.NS,Allied Digital Services Limited,Technology,Information Technology Services,6571000419.640137,Small Cap,123.83000183105467,62993464.6713458,1244,0.0,NSE,India,INR,Equity,1,1,2026-08-04,2026-08-04
SEC76F5FB17,VISAKAIND,VISAKAIND.NS,Visaka Industries Limited,Industrials,Building Products & Equipment,6532199724.156799,Small Cap,77.16999816894531,23892241.0611408,1243,0.0,NSE,India,INR,Equity,1,1,2026-08-04,2026-08-04
SEC6FE60667,MMP,MMP.NS,MMP Industries Limited,Basic Materials,Aluminum,6511959997.595245,Small Cap,269.8999938964844,13003082.617140053,1242,0.0,NSE,India,INR,Equity,1,1,2026-08-04,2026-08-04
SECD71C2C85,20MICRONS,20MICRONS.NS,20 Microns Limited,Basic Materials,Other Industrial Metals & Mining,6490951935.214142,Small Cap,184.13999938964844,44058467.31502548,1243,0.0,NSE,India,INR,Equity,1,1,2026-08-04,2026-08-04
SEC60DA435D,DENTA,DENTA.NS,DENTA WATER N INFRA SOL L,Industrials,Engineering & Construction,6470745162.963867,Small Cap,292.0,160354692.91594204,345,0.0,NSE,India,INR,Equity,1,1,2026-08-04,2026-08-04
SECFF595918,KUANTUM,KUANTUM.NS,Kuantum Papers Limited,Basic Materials,Paper & Paper Products,6461872067.807465,Small Cap,75.55000305175781,11665483.263967762,1242,0.0,NSE,India,INR,Equity,1,1,2026-08-04,2026-08-04
SEC0F10D866,SAURASHCEM,SAURASHCEM.NS,Saurashtra Cement Limited,Basic Materials,Building Materials,6449097960.905457,Small Cap,58.4900016784668,12057102.313073687,571,0.0,NSE,India,INR,Equity,1,1,2026-08-04,2026-08-04
SEC5629C26E,OCCLLTD,OCCLLTD.NS,OCCL Limited,Basic Materials,Chemicals,6443609340.0,Small Cap,129.0500030517578,25815404.45973861,405,0.0,NSE,India,INR,Equity,1,1,2026-08-04,2026-08-04
SECAE813A45,MAGADSUGAR,MAGADSUGAR.NS,Magadh Sugar & Energy Limited,Consumer Defensive,Confectioners,6289799136.508484,Small Cap,452.8999938964844,19042330.35986802,1243,0.0,NSE,India,INR,Equity,1,1,2026-08-04,2026-08-04
SEC5F1EE778,INDOFARM,INDOFARM.NS,INDO FARM EQUIPMENT LTD,Industrials,Farm & Heavy Construction Machinery,6231331136.05957,Small Cap,149.38999938964844,74410437.05929239,360,0.0,NSE,India,INR,Equity,1,1,2026-08-04,2026-08-04
SEC345D308E,MANBA,MANBA.NS,MANBA FINANCE LIMITED,Financial Services,Credit Services,6229686840.0,Small Cap,132.35000610351562,28654514.1882292,426,0.0,NSE,India,INR,Equity,1,1,2026-08-04,2026-08-04
SECF160FCCE,TVTODAY,TVTODAY.NS,T.V. Today Network Limited,Communication Services,Broadcasting,6225823070.587006,Small Cap,107.37000274658205,18518686.486694563,1243,0.0,NSE,India,INR,Equity,1,1,2026-08-04,2026-08-04
SEC85F57CF8,SNOWMAN,SNOWMAN.NS,Snowman Logistics Limited,Industrials,Integrated Freight & Logistics,6223662220.57724,Small Cap,39.38999938964844,42916319.45590008,1244,0.0,NSE,India,INR,Equity,1,1,2026-08-04,2026-08-04
SEC8ADAE2E5,TREL,TREL.NS,Transindia Real Estate Limited,Real Estate,Real Estate Services,6216096569.749191,Small Cap,26.06999969482422,16303064.649781097,704,0.0,NSE,India,INR,Equity,1,1,2026-08-04,2026-08-04
SECD417D2F9,FOCUS,FOCUS.NS,Focus Lighting and Fixtures Limited,Consumer Cyclical,"Furnishings, Fixtures & Appliances",6168439416.605949,Small Cap,92.20999908447266,19346472.10685148,1242,0.0,NSE,India,INR,Equity,1,1,2026-08-04,2026-08-04
SECCD996D31,PYRAMID,PYRAMID.NS,Pyramid Technoplast Limited,Consumer Cyclical,Packaging & Containers,6118377839.302856,Small Cap,175.41000366210938,25460576.73572761,692,0.0,NSE,India,INR,Equity,1,1,2026-08-04,2026-08-04
SECC0D96DD6,ZIMLAB,ZIMLAB.NS,ZIM Laboratories Limited,Healthcare,Drug Manufacturers - Specialty & Generic,6104590218.0,Small Cap,119.43000030517578,23533397.558034275,881,0.0,NSE,India,INR,Equity,1,1,2026-08-04,2026-08-04
SECB29C6107,SUPREMEPWR,SUPREMEPWR.NS,"SUPREMEPWR.NS,0P0001S3NK,113000",,,6091589156.25,Small Cap,234.9499969482422,30988073.312256467,603,0.0,NSE,India,INR,Equity,1,1,2026-08-04,2026-08-04
SEC717DB81E,APS,APS.NS,"APS.NS,0P0001S7LV,53000",,,6064128240.966797,Small Cap,302.1000061035156,26334247.30624084,589,0.0,NSE,India,INR,Equity,1,1,2026-08-04,2026-08-04
SECA2EEE99A,DENTALKART,DENTALKART.NS,"DENTALKART.NS,0P0001R1DI,44500",,,6043716186.555176,Small Cap,386.1499938964844,12512944.349199334,745,0.0,NSE,India,INR,Equity,1,1,2026-08-04,2026-08-04
SECBB214552,DMCC,DMCC.NS,DMCC Speciality Chemicals Limited,Basic Materials,Chemicals,6025487965.021271,Small Cap,251.25,11977273.76,1125,0.0,NSE,India,INR,Equity,1,1,2026-08-04,2026-08-04
SECFCD167DF,VINSYS,VINSYS.NS,"VINSYS.NS,0P0001REJ0,9000",,,6013546871.073914,Small Cap,367.25,12200377.424568964,696,0.0,NSE,India,INR,Equity,1,1,2026-08-04,2026-08-04
SECC4C710E2,NAHARPOLY,NAHARPOLY.NS,Nahar Poly Films Limited,Consumer Cyclical,Packaging & Containers,5999469804.0,Small Cap,252.6499938964844,12308063.538048416,1242,0.0,NSE,India,INR,Equity,1,1,2026-08-04,2026-08-04
SECB0799FBA,PCCL,PCCL.NS,"PCCL.NS,0P0001T8EA,262400",,,5994689924.621582,Small Cap,271.54998779296875,11984030.54011808,482,0.0,NSE,India,INR,Equity,1,1,2026-08-04,2026-08-04
SEC38E0B440,PASUPTAC,PASUPTAC.NS,Pasupati Acrylon Limited,Consumer Cyclical,Textile Manufacturing,5962114409.28746,Small Cap,67.44999694824219,17247843.281101163,1159,0.0,NSE,India,INR,Equity,1,1,2026-08-04,2026-08-04
SECEF1E50D9,OSWALGREEN,OSWALGREEN.NS,Oswal Greentech Limited,Financial Services,Asset Management,5955404557.550888,Small Cap,23.81999969482422,15222288.58377012,1244,0.0,NSE,India,INR,Equity,1,1,2026-08-04,2026-08-04
SEC97B35442,MVKAGRO,MVKAGRO.NS,"MVKAGRO.NS,0P0001SHLC,55200",,,5896268405.456543,Small Cap,452.2000122070313,24535185.230666783,556,0.0,NSE,India,INR,Equity,1,1,2026-08-04,2026-08-04
SEC71EFA0D7,LINC,LINC.NS,Linc Limited,Industrials,Business Equipment & Supplies,5837499563.501656,Small Cap,104.12999725341795,11009425.353552269,1243,0.0,NSE,India,INR,Equity,1,1,2026-08-04,2026-08-04
SEC4E2ABED5,PREMIERPOL,PREMIERPOL.NS,Premier Polyfilm Ltd.,Basic Materials,Specialty Chemicals,5827871245.070267,Small Cap,63.33000183105469,16367039.197868785,1243,0.0,NSE,India,INR,Equity,1,1,2026-08-04,2026-08-04
SEC1D59729C,BIRLACABLE,BIRLACABLE.NS,Birla Cable Limited,Technology,Communication Equipment,5823900146.484375,Small Cap,227.3500061035156,47661485.36147531,1243,0.0,NSE,India,INR,Equity,1,1,2026-08-04,2026-08-04
SEC050761D8,PPL,PPL.NS,Prakash Pipes Limited,Industrials,Building Products & Equipment,5798508587.929031,Small Cap,259.6300048828125,35369884.32963561,1243,0.0,NSE,India,INR,Equity,1,1,2026-08-04,2026-08-04
SEC9EE92A68,HMVL,HMVL.NS,Hindustan Media Ventures Limited,Communication Services,Publishing,5748858777.850571,Small Cap,86.12999725341797,11718076.694585497,1242,0.0,NSE,India,INR,Equity,1,1,2026-08-04,2026-08-04
SEC108C6DFA,MUFTI,MUFTI.NS,CREDO BRANDS MARKETING L,Consumer Cyclical,Apparel Retail,5683401731.210358,Small Cap,89.9000015258789,29591944.854794662,613,0.0,NSE,India,INR,Equity,1,1,2026-08-04,2026-08-04
SECB355FBD0,CHEMFAB,CHEMFAB.NS,Chemfab Alkalis Limited,Basic Materials,Specialty Chemicals,5662520078.3602295,Small Cap,379.8999938964844,12336836.002358625,1242,0.0,NSE,India,INR,Equity,1,1,2026-08-04,2026-08-04
SEC526CF0AF,ABSMARINE,ABSMARINE.NS,"ABSMARINE.NS,0P0001SWTJ,135000",,,5597400000.0,Small Cap,228.75,24649267.367906064,511,0.0,NSE,India,INR,Equity,1,1,2026-08-04,2026-08-04
SEC54C57C51,LOKESHMACH,LOKESHMACH.NS,Lokesh Machines Limited,Industrials,Specialty Industrial Machinery,5539290006.985168,Small Cap,270.25,32364433.175583266,1243,0.0,NSE,India,INR,Equity,1,1,2026-08-04,2026-08-04
SEC339713B7,SWARAJ,SWARAJ.NS,"SWARAJ.NS,0P0001OO59,36000",,,5496858474.611206,Small Cap,249.6000061035156,10080635.265958913,1028,0.0,NSE,India,INR,Equity,1,1,2026-08-04,2026-08-04
SECD1F2D6EC,ONWARDTEC,ONWARDTEC.NS,Onward Technologies Limited,Technology,Information Technology Services,5473362395.219513,Small Cap,256.79998779296875,20030361.830462027,1242,0.0,NSE,India,INR,Equity,1,1,2026-08-04,2026-08-04
SEC732C75E5,SATIA,SATIA.NS,Satia Industries Limited,Basic Materials,Paper & Paper Products,5413999938.964844,Small Cap,55.5,24310359.236524537,1243,0.0,NSE,India,INR,Equity,1,1,2026-08-04,2026-08-04
SECC4B6C173,KHAICHEM,KHAICHEM.NS,Khaitan Chemicals and Fertilizers Limited,Basic Materials,Agricultural Inputs,5334406000.0,Small Cap,56.380001068115234,22226186.07082417,1243,0.0,NSE,India,INR,Equity,1,1,2026-08-04,2026-08-04
SEC0500C1DF,TERASOFT,TERASOFT.NS,Tera Software Limited,Technology,Information Technology Services,5303783736.133575,Small Cap,416.5499877929688,34934372.22809575,1243,0.0,NSE,India,INR,Equity,1,1,2026-08-04,2026-08-04
SEC0F7CCEEC,RBZJEWEL,RBZJEWEL.NS,RBZ Jewellers Limited,Consumer Cyclical,Luxury Goods,5297199707.03125,Small Cap,133.32000732421875,22888698.433321785,612,0.0,NSE,India,INR,Equity,1,1,2026-08-04,2026-08-04
SEC1495399B,CEWATER,CEWATER.NS,CONCORD ENVIRO SYSTEMS L,Utilities,Utilities - Regulated Water,5295131339.3697815,Small Cap,350.54998779296875,57431440.28006572,367,0.0,NSE,India,INR,Equity,1,1,2026-08-04,2026-08-04
SECEC83264A,TIRUPATIFL,TIRUPATIFL.NS,Tirupati Forge Limited,Industrials,Metal Fabrication,5286129588.548119,Small Cap,47.97999954223633,20600225.397243265,1242,0.0,NSE,India,INR,Equity,1,1,2026-08-04,2026-08-04
SECC2C0508D,ONMOBILE,ONMOBILE.NS,OnMobile Global Limited,Communication Services,Telecom Services,5231010550.316753,Small Cap,52.52999877929688,55109569.37167543,1244,0.0,NSE,India,INR,Equity,1,1,2026-08-04,2026-08-04
SEC580685C2,HTMEDIA,HTMEDIA.NS,HT Media Limited,Communication Services,Publishing,5216266770.616814,Small Cap,22.770000457763672,13312796.87097122,1242,0.0,NSE,India,INR,Equity,1,1,2026-08-04,2026-08-04
SEC6EECFBA7,GLOBAL,GLOBAL.NS,Global Education Limited,Consumer Defensive,Education & Training Services,5206205357.86438,Small Cap,107.37000274658205,17957193.286546875,1243,0.0,NSE,India,INR,Equity,1,1,2026-08-04,2026-08-04
SEC6D837A13,TPLPLASTEH,TPLPLASTEH.NS,TPL Plastech Limited,Consumer Cyclical,Packaging & Containers,5196560074.241638,Small Cap,66.80999755859375,16996612.197638754,1244,0.0,NSE,India,INR,Equity,1,1,2026-08-04,2026-08-04
SEC934DEA3E,NRL,NRL.NS,Nupur Recyclers Limited,Industrials,Waste Management,5193988288.418152,Small Cap,79.73999786376953,18368719.098830227,1100,0.0,NSE,India,INR,Equity,1,1,2026-08-04,2026-08-04
SEC51767CE2,GPECO,GPECO.NS,"GPECO.NS,0P0001T5Y4,294000",,,5193739800.0,Small Cap,439.2999877929688,28494005.43773213,488,0.0,NSE,India,INR,Equity,1,1,2026-08-04,2026-08-04
SEC9C14554A,SJLOGISTIC,SJLOGISTIC.NS,"SJLOGISTIC.NS,0P0001S278,56500",,,5146080781.036682,Small Cap,341.79998779296875,20432355.0079846,610,0.0,NSE,India,INR,Equity,1,1,2026-08-04,2026-08-04
SEC9AED47A5,EVERESTIND,EVERESTIND.NS,Everest Industries Limited,Industrials,Building Products & Equipment,5137264296.0,Small Cap,378.3999938964844,17537279.502634462,1242,0.0,NSE,India,INR,Equity,1,1,2026-08-04,2026-08-04
SEC63EFE9A2,MUNJALSHOW,MUNJALSHOW.NS,Munjal Showa Limited,Consumer Cyclical,Auto Parts,5119360000.0,Small Cap,128.80999755859375,15258101.490081394,1244,0.0,NSE,India,INR,Equity,1,1,2026-08-04,2026-08-04
SEC7E9F5F08,ELIN,ELIN.NS,Elin Electronics Limited,Industrials,Electrical Equipment & Parts,5081773727.470551,Small Cap,106.47000122070312,29280002.3422674,856,0.0,NSE,India,INR,Equity,1,1,2026-08-04,2026-08-04
SECD0C62A10,REPRO,REPRO.NS,Repro India Limited,Industrials,Specialty Business Services,5078966743.786011,Small Cap,370.5,10999455.905797102,1242,0.0,NSE,India,INR,Equity,1,1,2026-08-04,2026-08-04
SEC731DE68A,SPECIALITY,SPECIALITY.NS,Speciality Restaurants Limited,Consumer Cyclical,Restaurants,5064743985.0,Small Cap,118.41000366210938,19111029.55403045,1243,0.0,NSE,India,INR,Equity,1,1,2026-08-04,2026-08-04
SEC02FF5B4A,CSLFINANCE,CSLFINANCE.NS,CSL Finance Limited,Financial Services,Credit Services,5062832134.034729,Small Cap,225.27999877929688,11160560.234654875,965,0.0,NSE,India,INR,Equity,1,1,2026-08-04,2026-08-04
SECE928CCBB,SCHAND,SCHAND.NS,S Chand And Company Limited,Communication Services,Publishing,5057327061.1875,Small Cap,150.3699951171875,17489208.69363654,1242,0.0,NSE,India,INR,Equity,1,1,2026-08-04,2026-08-04
SEC9A775EA5,INTLCONV,INTLCONV.NS,International Conveyors Limited,Industrials,Specialty Industrial Machinery,5034234349.4644165,Small Cap,83.38999938964844,25800820.29352598,1178,0.0,NSE,India,INR,Equity,1,1,2026-08-04,2026-08-04
SECC876D920,RKSWAMY,RKSWAMY.NS,R K SWAMY LIMITED,Communication Services,Advertising Agencies,5014913816.327843,Small Cap,98.05999755859376,15221002.81161108,562,0.0,NSE,India,INR,Equity,1,1,2026-08-04,2026-08-04
SEC3B2C9DFE,ORBTEXP,ORBTEXP.NS,Orbit Exports Limited,Consumer Cyclical,Textile Manufacturing,4963417909.802246,Small Cap,216.97999572753903,12028127.433658443,1242,0.0,NSE,India,INR,Equity,1,1,2026-08-04,2026-08-04
SEC502C864E,KRONOX,KRONOX.NS,KRONOX LAB SCIENCES LTD,Basic Materials,Specialty Chemicals,4962660000.0,Small Cap,152.77000427246094,35020855.74024837,504,0.0,NSE,India,INR,Equity,1,1,2026-08-04,2026-08-04
SECFFB4931B,SCPL,SCPL.NS,Sheetal Cool Products Limited,Consumer Defensive,Packaged Foods,4882500000.0,Small Cap,482.8500061035156,13741968.59075095,883,0.0,NSE,India,INR,Equity,1,1,2026-08-04,2026-08-04
SEC82A25305,BASILIC,BASILIC.NS,"BASILIC.NS,0P0001RJM3,48300",,,4831595858.154297,Small Cap,205.3500061035156,18612536.29914908,677,0.0,NSE,India,INR,Equity,1,1,2026-08-04,2026-08-04
SECF0C4BAC0,OMAXAUTO,OMAXAUTO.NS,Omax Autos Limited,Consumer Cyclical,Auto Parts,4823198324.466644,Small Cap,226.25999450683597,21513196.551248208,1243,0.0,NSE,India,INR,Equity,1,1,2026-08-04,2026-08-04
SEC93E083DA,KAMATHOTEL,KAMATHOTEL.NS,Kamat Hotels (India) Limited,Consumer Cyclical,Lodging,4750713422.86792,Small Cap,171.0399932861328,22687915.01932213,1243,0.0,NSE,India,INR,Equity,1,1,2026-08-04,2026-08-04
SEC3A92FB98,MANCREDIT,MANCREDIT.NS,Mangal Credit and Fincorp Limited,Financial Services,Credit Services,4693639152.234772,Small Cap,217.7700042724609,12238416.918881876,457,0.0,NSE,India,INR,Equity,1,1,2026-08-04,2026-08-04
SEC6CE5E2BD,ESSARSHPNG,ESSARSHPNG.NS,Essar Shipping Limited,Industrials,Marine Shipping,4683638513.522976,Small Cap,24.239999771118164,10565115.993177235,1243,0.0,NSE,India,INR,Equity,1,1,2026-08-04,2026-08-04
SEC78AED6FD,UNIDT,UNIDT.NS,United Drilling Tools Limited,Energy,Oil & Gas Equipment & Services,4680885761.260223,Small Cap,222.50999450683597,10100681.215593455,1242,0.0,NSE,India,INR,Equity,1,1,2026-08-04,2026-08-04
SECF36D0A5E,DONEAR,DONEAR.NS,Donear Industries Limited,Consumer Cyclical,Textile Manufacturing,4617600158.691406,Small Cap,90.66000366210938,17713331.303844865,1243,0.0,NSE,India,INR,Equity,1,1,2026-08-04,2026-08-04
SEC244B4687,MAZDA,MAZDA.NS,Mazda Limited,Industrials,Specialty Industrial Machinery,4573509737.77771,Small Cap,233.6699981689453,17583834.34985652,1244,0.0,NSE,India,INR,Equity,1,1,2026-08-04,2026-08-04
SEC72848087,SBGLP,SBGLP.NS,Suratwwala Business Group Limited,Real Estate,Real Estate - Development,4498422546.214371,Small Cap,26.049999237060547,11151478.31202089,826,0.0,NSE,India,INR,Equity,1,1,2026-08-04,2026-08-04
SEC7E221411,BANSWRAS,BANSWRAS.NS,Banswara Syntex Limited,Consumer Cyclical,Textile Manufacturing,4471394644.931152,Small Cap,137.7899932861328,11374732.577646105,1242,0.0,NSE,India,INR,Equity,1,1,2026-08-04,2026-08-04
SEC37FD567E,MANAKSTEEL,MANAKSTEEL.NS,Manaksia Steels Limited,Basic Materials,Steel,4439276407.004166,Small Cap,72.4000015258789,11792948.104698809,1243,0.0,NSE,India,INR,Equity,1,1,2026-08-04,2026-08-04
SEC7D81B2B6,ANLON,ANLON.NS,"ANLON.NS,0P0001QAIM,6000",,,4435078600.0,Small Cap,683.0,11194053.269916764,841,0.0,NSE,India,INR,Equity,1,1,2026-08-04,2026-08-04
SEC1E81CB1D,UGARSUGAR,UGARSUGAR.NS,The Ugar Sugar Works Limited,Consumer Defensive,Confectioners,4432500171.661377,Small Cap,39.63999938964844,22126310.399924044,1244,0.0,NSE,India,INR,Equity,1,1,2026-08-04,2026-08-04
SEC658D78FB,VINYLINDIA,VINYLINDIA.NS,Vinyl Chemicals (India) Limited,Basic Materials,Specialty Chemicals,4418326839.489578,Small Cap,253.8999938964844,24369484.547997072,1242,0.0,NSE,India,INR,Equity,1,1,2026-08-04,2026-08-04
SEC00706ADB,ATMASTCO,ATMASTCO.NS,"ATMASTCO.NS,0P0001SEJZ,69600",,,4397827957.484283,Small Cap,173.35000610351562,16710326.960038718,565,0.0,NSE,India,INR,Equity,1,1,2026-08-04,2026-08-04
SEC4D700BE5,ARIES,ARIES.NS,Aries Agro Limited,Basic Materials,Agricultural Inputs,4379861216.455627,Small Cap,328.29998779296875,47028225.45692613,1242,0.0,NSE,India,INR,Equity,1,1,2026-08-04,2026-08-04
SECD23376F4,TAKE,TAKE.NS,TAKE Solutions Limited,Healthcare,Biotechnology,4372126965.819595,Small Cap,30.030000686645508,18260758.19850422,1242,0.0,NSE,India,INR,Equity,1,1,2026-08-04,2026-08-04
SEC99560358,SHALPAINTS,SHALPAINTS.NS,Shalimar Paints Limited,Basic Materials,Specialty Chemicals,4310288695.726433,Small Cap,54.209999084472656,12973273.861945456,1244,0.0,NSE,India,INR,Equity,1,1,2026-08-04,2026-08-04
SEC8952A769,RAMAPHO,RAMAPHO.NS,Rama Phosphates Limited,Basic Materials,Agricultural Inputs,4268664471.188278,Small Cap,129.0800018310547,11452184.425616408,955,0.0,NSE,India,INR,Equity,1,1,2026-08-04,2026-08-04
SEC85C48CDC,KOTYARK,KOTYARK.NS,KOTYARK INDUSTRIES LTD,Basic Materials,Specialty Chemicals,4211353950.67749,Small Cap,393.2999877929688,10901668.18149873,1133,0.0,NSE,India,INR,Equity,1,1,2026-08-04,2026-08-04
SECF650E8E8,CYBERTECH,CYBERTECH.NS,CyberTech Systems and Software Limited,Technology,Information Technology Services,4197960656.056061,Small Cap,150.0,29407428.0772325,1243,0.0,NSE,India,INR,Equity,1,1,2026-08-04,2026-08-04
SECE946E558,RADIANTCMS,RADIANTCMS.NS,Radiant Cash Management Services Limited,Industrials,Specialty Business Services,4182949996.611672,Small Cap,39.81999969482422,15599105.424759427,854,0.0,NSE,India,INR,Equity,1,1,2026-08-04,2026-08-04
SEC9F2563D3,ALBERTDAVD,ALBERTDAVD.NS,Albert David Limited,Healthcare,Drug Manufacturers - Specialty & Generic,4115434378.86499,Small Cap,711.1500244140625,11622180.557689724,1242,0.0,NSE,India,INR,Equity,1,1,2026-08-04,2026-08-04
SECE628B60F,MIRZAINT,MIRZAINT.NS,Mirza International Limited,Consumer Cyclical,Footwear & Accessories,4047933777.5276175,Small Cap,33.40999984741211,26310097.090337098,1243,0.0,NSE,India,INR,Equity,1,1,2026-08-04,2026-08-04
SEC5119236A,MAWANASUG,MAWANASUG.NS,Mawana Sugars Limited,Consumer Defensive,Confectioners,4040772170.5751953,Small Cap,109.41000366210938,25201460.49005628,1244,0.0,NSE,India,INR,Equity,1,1,2026-08-04,2026-08-04
SEC5C0DF2FE,VRAJ,VRAJ.NS,VRAJ IRON AND STEEL LTD,Basic Materials,Steel,4023879640.0,Small Cap,122.33999633789062,16201808.452440506,489,0.0,NSE,India,INR,Equity,1,1,2026-08-04,2026-08-04
SECE981CD55,LIBERTSHOE,LIBERTSHOE.NS,Liberty Shoes Ltd.,Consumer Cyclical,Footwear & Accessories,4023484716.796875,Small Cap,258.6199951171875,42394384.44148167,1243,0.0,NSE,India,INR,Equity,1,1,2026-08-04,2026-08-04
SECC005F1C8,FOODSIN,FOODSIN.NS,Foods and Inns Limited,Consumer Defensive,Packaged Foods,4014087762.440025,Small Cap,56.38999938964844,14387067.408547267,1136,0.0,NSE,India,INR,Equity,1,1,2026-08-04,2026-08-04
SEC78081322,TOLINS,TOLINS.NS,TOLINS TYRES LIMITED,Consumer Cyclical,Auto Parts,3968267082.097107,Small Cap,106.12999725341795,27793708.614468,437,0.0,NSE,India,INR,Equity,1,1,2026-08-04,2026-08-04
SEC0557B767,DENORA,DENORA.NS,De Nora India Limited,Industrials,Electrical Equipment & Parts,3906889257.102661,Small Cap,855.0,20127726.96299276,1243,0.0,NSE,India,INR,Equity,1,1,2026-08-04,2026-08-04
SEC4F7708C3,VERTOZ,VERTOZ.NS,Vertoz Limited,Technology,Software - Infrastructure,3858362139.0151978,Small Cap,43.400001525878906,13574478.10911668,1243,0.0,NSE,India,INR,Equity,1,1,2026-08-04,2026-08-04
SEC1D194F0C,HARRMALAYA,HARRMALAYA.NS,Harrisons Malayalam Limited,Consumer Defensive,Farm Products,3839277879.621429,Small Cap,209.5200042724609,15014542.039290424,1244,0.0,NSE,India,INR,Equity,1,1,2026-08-04,2026-08-04
SEC35CE6544,PAKKA,PAKKA.NS,Pakka Limited,Basic Materials,Paper & Paper Products,3765303117.169952,Small Cap,80.87999725341797,20677625.124168985,727,0.0,NSE,India,INR,Equity,1,1,2026-08-04,2026-08-04
SECF1EF1788,DREAMFOLKS,DREAMFOLKS.NS,Dreamfolks Services Limited,Industrials,Airports & Air Services,3691601599.1667175,Small Cap,70.7300033569336,24119681.139675163,936,0.0,NSE,India,INR,Equity,1,1,2026-08-04,2026-08-04
SEC4A09EDD1,MEGATHERM,MEGATHERM.NS,"MEGATHERM.NS,0P0001SBAB,43600",,,3660753896.497345,Small Cap,190.3999938964844,10127306.6183614,579,0.0,NSE,India,INR,Equity,1,1,2026-08-04,2026-08-04
SECB0C4DDCB,MOLDTECH,MOLDTECH.NS,Mold-Tek Technologies Limited,Industrials,Engineering & Construction,3655369518.153122,Small Cap,134.75999450683594,21940344.581210665,1242,0.0,NSE,India,INR,Equity,1,1,2026-08-04,2026-08-04
SECFCD6CCC4,ATALREAL,ATALREAL.NS,Atal Realtech Limited,Industrials,Engineering & Construction,3596708222.5728035,Small Cap,30.71999931335449,42461940.06887267,1242,0.0,NSE,India,INR,Equity,1,1,2026-08-04,2026-08-04
SEC128875EF,TRANSWORLD,TRANSWORLD.NS,Transworld Shipping Lines Limited,Industrials,Marine Shipping,3513205280.0,Small Cap,177.9499969482422,16260630.92837846,1243,0.0,NSE,India,INR,Equity,1,1,2026-08-04,2026-08-04
SEC6387B22C,MEDICO,MEDICO.NS,Medico Remedies Limited,Healthcare,Drug Manufacturers - Specialty & Generic,3460432863.311768,Small Cap,42.630001068115234,20053375.229365475,1006,0.0,NSE,India,INR,Equity,1,1,2026-08-04,2026-08-04
SECA47987D8,GOACARBON,GOACARBON.NS,Goa Carbon Limited,Basic Materials,Specialty Chemicals,3446286239.053589,Small Cap,417.8999938964844,34767073.32987057,1243,0.0,NSE,India,INR,Equity,1,1,2026-08-04,2026-08-04
SEC22AB46BD,SHEMAROO,SHEMAROO.NS,Shemaroo Entertainment Limited,Communication Services,Entertainment,3430972253.973252,Small Cap,130.60000610351562,11228356.870805504,1242,0.0,NSE,India,INR,Equity,1,1,2026-08-04,2026-08-04
SEC27664F28,SYSTANGO,SYSTANGO.NS,"SYSTANGO.NS,0P0001QKGD,22800",,,3430298969.53125,Small Cap,218.6000061035156,11321889.500559349,797,0.0,NSE,India,INR,Equity,1,1,2026-08-04,2026-08-04
SEC2CC835B5,CGRAPHICS,CGRAPHICS.NS,"CGRAPHICS.NS,0P0001SN5H,145600",,,3424326000.0,Small Cap,145.35000610351562,13742261.135722185,537,0.0,NSE,India,INR,Equity,1,1,2026-08-04,2026-08-04
SEC22D4BB11,TRACXN,TRACXN.NS,Tracxn Technologies Limited,Technology,Software - Application,3343720935.559965,Small Cap,30.549999237060547,29954632.253418997,906,0.0,NSE,India,INR,Equity,1,1,2026-08-04,2026-08-04
SEC9ECFAB56,SHEETAL,SHEETAL.NS,"SHEETAL.NS,0P0001S0OQ,56000",,,3322240000.0,Small Cap,291.0,10709460.291734196,617,0.0,NSE,India,INR,Equity,1,1,2026-08-04,2026-08-04
SEC062A483E,AUTOIND,AUTOIND.NS,Autoline Industries Limited,Consumer Cyclical,Auto Parts,3312404273.0,Small Cap,79.06999969482422,12217477.911606915,1243,0.0,NSE,India,INR,Equity,1,1,2026-08-04,2026-08-04
SEC674FA5AE,VPRPL,VPRPL.NS,Vishnu Prakash R Punglia Limited,Industrials,Engineering & Construction,3308732231.472588,Small Cap,31.46999931335449,55942727.17931023,689,0.0,NSE,India,INR,Equity,1,1,2026-08-04,2026-08-04
SECA64A5AAB,COASTCORP,COASTCORP.NS,Coastal Corporation Limited,Consumer Defensive,Packaged Foods,3288581890.800857,Small Cap,51.84999847412109,11756587.315043705,1161,0.0,NSE,India,INR,Equity,1,1,2026-08-04,2026-08-04
SEC104A83E2,HPAL,HPAL.NS,HP Adhesives Limited,Basic Materials,Specialty Chemicals,3242259482.263832,Small Cap,36.33000183105469,13101982.18412964,1108,0.0,NSE,India,INR,Equity,1,1,2026-08-04,2026-08-04
SEC384AE4C7,RUCHIRA,RUCHIRA.NS,Ruchira Papers Limited,Basic Materials,Paper & Paper Products,3205052920.934067,Small Cap,110.5199966430664,16656744.949611189,1243,0.0,NSE,India,INR,Equity,1,1,2026-08-04,2026-08-04
SECBDB85312,MUTHOOTCAP,MUTHOOTCAP.NS,Muthoot Capital Services Limited,Financial Services,Credit Services,3191479192.893448,Small Cap,205.5200042724609,11182416.017566672,1243,0.0,NSE,India,INR,Equity,1,1,2026-08-04,2026-08-04
SEC0AD52D0E,SPENCERS,SPENCERS.NS,Spencer's Retail Limited,Consumer Cyclical,Department Stores,3134218125.910515,Small Cap,37.06999969482422,16414840.544745572,1244,0.0,NSE,India,INR,Equity,1,1,2026-08-04,2026-08-04
SEC91BC6D58,AARTISURF,AARTISURF.NS,Aarti Surfactants Limited,Basic Materials,Specialty Chemicals,3072370038.5824585,Small Cap,386.7000122070313,10846862.485883188,1242,0.0,NSE,India,INR,Equity,1,1,2026-08-04,2026-08-04
SEC34A3CE07,RPPINFRA,RPPINFRA.NS,R.P.P. Infra Projects Limited,Industrials,Engineering & Construction,3013336259.558632,Small Cap,63.900001525878906,12377973.162832344,1243,0.0,NSE,India,INR,Equity,1,1,2026-08-04,2026-08-04
SECE62E34B3,UNIVASTU,UNIVASTU.NS,Univastu India Limited,Industrials,Engineering & Construction,2928963188.3354187,Small Cap,89.12000274658203,19458503.98800862,1243,0.0,NSE,India,INR,Equity,1,1,2026-08-04,2026-08-04
SECA982AD33,ESFL,ESFL.NS,"ESFL.NS,0P0001R76T,10200",,,2921071066.098633,Small Cap,119.3000030517578,13553524.634795044,722,0.0,NSE,India,INR,Equity,1,1,2026-08-04,2026-08-04
SEC4EB8E056,DYNPRO,DYNPRO.NS,Dynemic Products Limited,Basic Materials,Specialty Chemicals,2901406907.221573,Small Cap,232.1999969482422,10689466.03006561,1243,0.0,NSE,India,INR,Equity,1,1,2026-08-04,2026-08-04
SEC91296DA4,GSMFOILS,GSMFOILS.NS,"GSMFOILS.NS,0P0001T1S3,16000",,,2857573118.2207184,Small Cap,202.9499969482422,12095482.5095716,503,0.0,NSE,India,INR,Equity,1,1,2026-08-04,2026-08-04
SECB0C83734,VETO,VETO.NS,Veto Switchgears and Cables Limited,Industrials,Electrical Equipment & Parts,2802826091.614746,Small Cap,131.74000549316406,24017382.836935323,1244,0.0,NSE,India,INR,Equity,1,1,2026-08-04,2026-08-04
SEC97687874,UFO,UFO.NS,UFO Moviez India Limited,Communication Services,Entertainment,2794662504.0,Small Cap,73.38999938964844,22118163.59141925,1243,0.0,NSE,India,INR,Equity,1,1,2026-08-04,2026-08-04
SEC86E9BE88,SHANKARA,SHANKARA.NS,Shankara Building Products Limited,Consumer Cyclical,Home Improvement Retail,2705012389.30307,Small Cap,121.80999755859376,16524056.365962377,1242,0.0,NSE,India,INR,Equity,1,1,2026-08-04,2026-08-04
SECCA69EDF7,CORDSCABLE,CORDSCABLE.NS,Cords Cable Industries Limited,Industrials,Electrical Equipment & Parts,2703198876.904907,Small Cap,217.82000732421875,21436904.972547684,1243,0.0,NSE,India,INR,Equity,1,1,2026-08-04,2026-08-04
SEC9D777C46,PONNIERODE,PONNIERODE.NS,Ponni Sugars (Erode) Limited,Consumer Defensive,Confectioners,2690444939.7194214,Small Cap,315.20001220703125,16548579.015126644,1242,0.0,NSE,India,INR,Equity,1,1,2026-08-04,2026-08-04
SEC8E92965F,TRANSTEEL,TRANSTEEL.NS,"TRANSTEEL.NS,0P0001RSSZ,92000",,,2639450782.879257,Small Cap,118.6500015258789,13304025.99269049,639,0.0,NSE,India,INR,Equity,1,1,2026-08-04,2026-08-04
SECACE66B0F,KCPSUGIND,KCPSUGIND.NS,K.C.P. Sugar and Industries Corporation Limited,Consumer Defensive,Confectioners,2571357532.5,Small Cap,21.96999931335449,12305696.771908918,1243,0.0,NSE,India,INR,Equity,1,1,2026-08-04,2026-08-04
SECEA2543B1,RBMINFRA,RBMINFRA.NS,"RBMINFRA.NS,0P0001Q9NO,69800",,,2545805651.5197754,Small Cap,305.0,11544953.846153848,845,0.0,NSE,India,INR,Equity,1,1,2026-08-04,2026-08-04
SEC2505EAEF,BPL,BPL.NS,BPL Limited,Technology,Consumer Electronics,2522251176.5,Small Cap,54.43999862670898,12944893.064837713,1244,0.0,NSE,India,INR,Equity,1,1,2026-08-04,2026-08-04
SEC09973898,LYKALABS,LYKALABS.NS,Lyka Labs Limited,Healthcare,Biotechnology,2506151843.5668945,Small Cap,67.37999725341797,11077340.935753772,1242,0.0,NSE,India,INR,Equity,1,1,2026-08-04,2026-08-04
SEC688B6154,JAYSREETEA,JAYSREETEA.NS,Jay Shree Tea & Industries Limited,Consumer Defensive,Farm Products,2503678121.4729004,Small Cap,88.45999908447266,15030310.09561753,1242,0.0,NSE,India,INR,Equity,1,1,2026-08-04,2026-08-04
SECFF4CC396,NOVAAGRI,NOVAAGRI.NS,Nova Agritech Limited,Basic Materials,Agricultural Inputs,2467443060.5940666,Small Cap,25.850000381469727,15590802.765727893,589,0.0,NSE,India,INR,Equity,1,1,2026-08-04,2026-08-04
SECA46F07EA,TRF,TRF.NS,TRF Limited,Industrials,Specialty Industrial Machinery,2453983876.0,Small Cap,233.8000030517578,16881402.73530229,1244,0.0,NSE,India,INR,Equity,1,1,2026-08-04,2026-08-04
SECAF54D28C,KMSUGAR,KMSUGAR.NS,K.M. Sugar Mills Limited,Consumer Defensive,Confectioners,2429724475.661888,Small Cap,27.149999618530277,15199047.988737524,1244,0.0,NSE,India,INR,Equity,1,1,2026-08-04,2026-08-04
SEC7E88137F,INTENTECH,INTENTECH.NS,Intense Technologies Limited,Technology,Software - Infrastructure,2368334229.8389664,Small Cap,101.41000366210938,14197960.145678485,1242,0.0,NSE,India,INR,Equity,1,1,2026-08-04,2026-08-04
SEC173D3C5D,ANNAPURNA,ANNAPURNA.NS,"ANNAPURNA.NS,0P0001PQ2X,67000",,,2322759553.68042,Small Cap,136.0500030517578,13900905.3364573,913,0.0,NSE,India,INR,Equity,1,1,2026-08-04,2026-08-04
SEC6940547E,NURECA,NURECA.NS,Nureca Limited,Healthcare,Medical Devices,2318149503.825928,Small Cap,237.0500030517578,18907806.615983564,1243,0.0,NSE,India,INR,Equity,1,1,2026-08-04,2026-08-04
SECB125C3A7,VIPCLOTHNG,VIPCLOTHNG.NS,VIP Clothing Limited,Consumer Cyclical,Apparel Manufacturing,2316328707.063366,Small Cap,24.989999771118164,10057269.718392938,1243,0.0,NSE,India,INR,Equity,1,1,2026-08-04,2026-08-04
SEC3E19D5C5,STARPAPER,STARPAPER.NS,Star Paper Mills Limited,Basic Materials,Paper & Paper Products,2120313015.886688,Small Cap,137.22000122070312,12625446.743810598,1244,0.0,NSE,India,INR,Equity,1,1,2026-08-04,2026-08-04
SEC27249213,GSLSU,GSLSU.NS,Global Surfaces Limited,Basic Materials,Building Materials,2060603945.8913343,Small Cap,46.81999969482422,15423798.911095755,798,0.0,NSE,India,INR,Equity,1,1,2026-08-04,2026-08-04
SEC92B9ADFD,BHARATGEAR,BHARATGEAR.NS,Bharat Gears Limited,Consumer Cyclical,Auto Parts,1702722372.2480164,Small Cap,137.0500030517578,16181094.828881292,1244,0.0,NSE,India,INR,Equity,1,1,2026-08-04,2026-08-04
SEC32188D23,TRIGYN,TRIGYN.NS,Trigyn Technologies Limited,Technology,Information Technology Services,1662737549.6871643,Small Cap,57.0,11046831.989541432,1243,0.0,NSE,India,INR,Equity,1,1,2026-08-04,2026-08-04
SECAF996F83,OLIL,OLIL.NS,"OLIL.NS,0P0001RNW4,3600",,,1531434853.9916992,Small Cap,449.0,14251820.395738203,657,0.0,NSE,India,INR,Equity,1,1,2026-08-04,2026-08-04
