Symbol,Yahoo_Symbol,Company_Name,Sector,Industry,Last_Updated,Market_Cap,Market_Cap_Status,Market_Cap_Source,Market_Cap_Last_Updated,Market_Cap_Attempts,Market_Cap_Last_Error
20MICRONS,20MICRONS.NS,20 Microns Limited,Basic Materials,Other Industrial Metals & Mining,2026-06-12,6490951935.214142,UNKNOWN,Yahoo,,0,
21STCENMGM,21STCENMGM.NS,Twentyfirst Century Management Services Limited,Financial Services,Capital Markets,2026-06-12,341039995.19348145,UNKNOWN,Yahoo,,0,
360ONE,360ONE.NS,360 One Wam Limited,Financial Services,Asset Management,2026-06-12,437176333998.0,UNKNOWN,Yahoo,,0,
3BBLACKBIO,3BBLACKBIO.NS,3B Blackbio Dx Limited,,,2026-06-20,0.0,NO_MARKET_CAP,Yahoo,2026-08-04T07:12:26.870285+00:00,3,No market cap returned.
3IINFOLTD,3IINFOLTD.NS,3i Infotech Limited,Technology,Information Technology Services,2026-06-12,3542456324.5363483,UNKNOWN,Yahoo,,0,
3MINDIA,3MINDIA.NS,3M India Limited,Industrials,Conglomerates,2026-06-12,352089762850.0,UNKNOWN,Yahoo,,0,
3PLAND,3PLAND.NS,3P Land Holdings Ltd,,,2026-06-20,0.0,NO_MARKET_CAP,Yahoo,2026-08-04T07:12:26.978716+00:00,3,No market cap returned.
5PAISA,5PAISA.NS,5paisa Capital Limited,Financial Services,Capital Markets,2026-06-12,14455219182.078278,UNKNOWN,Yahoo,,0,
63MOONS,63MOONS.NS,63 moons technologies limited,Technology,Software - Application,2026-06-12,30179138370.63214,UNKNOWN,Yahoo,,0,
A2ZINFRA,A2ZINFRA.NS,A2Z Infra Engineering Limited,Industrials,Engineering & Construction,2026-06-12,2511941297.9805946,UNKNOWN,Yahoo,,0,
AAATECH,AAATECH.NS,AAA Technologies Limited,Technology,Information Technology Services,2026-06-12,1254332783.743286,UNKNOWN,Yahoo,,0,
AADHARHFC,AADHARHFC.NS,AADHAR HOUSING FINANCE L,Financial Services,Mortgage Finance,2026-06-12,204393502723.5393,UNKNOWN,Yahoo,,0,
AAKASH,AAKASH.NS,Aakash Exploration Services Limited,Energy,Oil & Gas Equipment & Services,2026-06-12,1027687461.3761902,UNKNOWN,Yahoo,,0,
AAREYDRUGS,AAREYDRUGS.NS,Aarey Drugs & Pharmaceuticals Limited,Healthcare,Drug Manufacturers - Specialty & Generic,2026-06-12,2190696727.185051,UNKNOWN,Yahoo,,0,
AARNAV,AARNAV.NS,Aarnav Fashions Limited,,,2026-06-20,0.0,NO_MARKET_CAP,Yahoo,2026-08-04T07:12:27.095408+00:00,3,No market cap returned.
AARON,AARON.NS,Aaron Industries Limited,Industrials,Specialty Industrial Machinery,2026-06-12,2433142961.188293,UNKNOWN,Yahoo,,0,
AARTECH,AARTECH.NS,Aartech Solonics Limited,Industrials,Electrical Equipment & Parts,2026-06-12,1309257124.663353,UNKNOWN,Yahoo,,0,
AARTIDRUGS,AARTIDRUGS.NS,Aarti Drugs Limited,Healthcare,Drug Manufacturers - Specialty & Generic,2026-06-12,33774462385.864258,UNKNOWN,Yahoo,,0,
AARTIIND,AARTIIND.NS,Aarti Industries Limited,Basic Materials,Specialty Chemicals,2026-06-12,156210649260.5,UNKNOWN,Yahoo,,0,
AARTIPHARM,AARTIPHARM.NS,Aarti Pharmalabs Limited,Healthcare,Drug Manufacturers - Specialty & Generic,2026-06-12,57835113357.112,UNKNOWN,Yahoo,,0,
AARTISURF,AARTISURF.NS,Aarti Surfactants Limited,Basic Materials,Specialty Chemicals,2026-06-12,3072370038.5824585,UNKNOWN,Yahoo,,0,
AARVI,AARVI.NS,Aarvi Encon Limited,Industrials,Staffing & Employment Services,2026-06-12,2123261961.039734,UNKNOWN,Yahoo,,0,
AATMAJ,AATMAJ.NS,"AATMAJ.NS,0P0001R6O5,12000",,,2026-06-20,452000000.0,UNKNOWN,Yahoo,,0,
AAVAS,AAVAS.NS,Aavas Financiers Limited,Financial Services,Mortgage Finance,2026-06-12,111629270213.53688,UNKNOWN,Yahoo,,0,
ABAN,ABAN.NS,Aban Offshore Limited,Energy,Oil & Gas Drilling,2026-06-12,895907708.05,UNKNOWN,Yahoo,,0,
ABANSENT,ABANSENT.NS,ABans Enterprises Limited,,,2026-06-20,0.0,NO_MARKET_CAP,Yahoo,2026-08-04T07:12:27.278200+00:00,3,No market cap returned.
ABB,ABB.NS,ABB India Limited,Industrials,Specialty Industrial Machinery,2026-06-12,1429321989375.0,UNKNOWN,Yahoo,,0,
ABBOTINDIA,ABBOTINDIA.NS,Abbott India Limited,Healthcare,Drug Manufacturers - Specialty & Generic,2026-06-12,559281628640.0,UNKNOWN,Yahoo,,0,
ABCAPITAL,ABCAPITAL.NS,Aditya Birla Capital Limited,Financial Services,Financial Conglomerates,2026-06-12,908472086676.0,UNKNOWN,Yahoo,,0,
ABCOTS,ABCOTS.NS,A B COTSPIN INDIA LIMITED,Consumer Cyclical,Textile Manufacturing,2026-06-12,4590396580.0,UNKNOWN,Yahoo,,0,
ABDL,ABDL.NS,ALLIED BLEND N DISTILS L,Consumer Defensive,Beverages - Wineries & Distilleries,2026-06-12,175560083104.0111,UNKNOWN,Yahoo,,0,
ABFRL,ABFRL.NS,Aditya Birla Fashion and Retail Limited,Consumer Cyclical,Apparel Manufacturing,2026-06-12,71753355387.09378,UNKNOWN,Yahoo,,0,
ABGSEC,ABGSEC.NS,Aditya Birla Sun Life CRISIL Broad Based Gilt ETF,,,2026-06-20,0.0,NO_MARKET_CAP,Yahoo,2026-08-04T07:12:27.382753+00:00,3,No market cap returned.
ABINFRA,ABINFRA.NS,A B INFRABUILD LIMITED,Industrials,Engineering & Construction,2026-06-12,6036559330.160599,UNKNOWN,Yahoo,,0,
ABLBL,ABLBL.NS,ADITYA BIRLA LIFES BRAN L,Consumer Cyclical,Apparel Retail,2026-06-12,117686293100.18369,UNKNOWN,Yahoo,,0,
ABMINTLLTD,ABMINTLLTD.NS,ABM International Limited,Basic Materials,Specialty Chemicals,2026-06-12,403509114.2578125,UNKNOWN,Yahoo,,0,
ABMKNO,ABMKNO.NS,ABM Knowledgeware Limited,,,2026-06-20,0.0,NO_MARKET_CAP,Yahoo,2026-08-04T07:12:27.475250+00:00,3,No market cap returned.
ABREL,ABREL.NS,Aditya Birla Real Estate Limited,Real Estate,Real Estate Services,2026-06-12,131090034062.0,UNKNOWN,Yahoo,,0,
ABSLAMC,ABSLAMC.NS,Aditya Birla Sun Life AMC Limited,Financial Services,Asset Management,2026-06-12,317832281602.26245,UNKNOWN,Yahoo,,0,
ABSMARINE,ABSMARINE.NS,"ABSMARINE.NS,0P0001SWTJ,135000",,,2026-06-20,5597400000.0,UNKNOWN,Yahoo,,0,
ACC,ACC.NS,ACC Limited,Basic Materials,Building Materials,2026-06-12,247353373654.30005,UNKNOWN,Yahoo,,0,
ACCELYA,ACCELYA.NS,Accelya Solutions India Limited,Technology,Information Technology Services,2026-06-12,16621883885.189331,UNKNOWN,Yahoo,,0,
ACCENTMIC,ACCENTMIC.NS,"ACCENTMIC.NS,0P0001S1I0,23500",,,2026-06-20,10055286016.0,UNKNOWN,Yahoo,,0,
ACCORD,ACCORD.NS,"ACCORD.NS,0P0001B90G,2000",,,2026-06-20,345811194.70214844,UNKNOWN,Yahoo,,0,
ACCURACY,ACCURACY.NS,Accuracy Shipping Limited,Industrials,Integrated Freight & Logistics,2026-06-12,817540774.1546631,UNKNOWN,Yahoo,,0,
ACE,ACE.NS,Action Construction Equipment Limited,Industrials,Farm & Heavy Construction Machinery,2026-06-12,109165215160.0818,UNKNOWN,Yahoo,,0,
ACEINTEG,ACEINTEG.NS,Ace Integrated Solutions Limited,Industrials,Staffing & Employment Services,2026-06-12,200838005.4473877,UNKNOWN,Yahoo,,0,
ACI,ACI.NS,Archean Chemical Industries Limited,Basic Materials,Chemicals,2026-06-12,67470012321.0,UNKNOWN,Yahoo,,0,
ACL,ACL.NS,Andhra Cements Limited,Basic Materials,Building Materials,2026-06-12,4917383528.356476,UNKNOWN,Yahoo,,0,
ACMESOLAR,ACMESOLAR.NS,ACME SOLAR HOLDINGS LTD,Utilities,Utilities - Renewable,2026-06-12,237070782144.0,UNKNOWN,Yahoo,,0,
ACSTECH,ACSTECH.NS,ACS Technologies Limited,,,2026-06-20,0.0,NO_MARKET_CAP,Yahoo,2026-08-04T07:12:27.570885+00:00,3,No market cap returned.
ACUTAAS,ACUTAAS.NS,Acutaas Chemicals Limited,Basic Materials,Specialty Chemicals,2026-06-12,256395788769.78665,UNKNOWN,Yahoo,,0,
ADANIENSOL,ADANIENSOL.NS,Adani Energy Solutions Limited,Utilities,Utilities - Independent Power Producers,2026-06-12,1792553899736.021,UNKNOWN,Yahoo,,0,
ADANIENT,ADANIENT.NS,Adani Enterprises Limited,Energy,Thermal Coal,2026-06-12,3787316140402.608,UNKNOWN,Yahoo,,0,
ADANIGREEN,ADANIGREEN.NS,Adani Green Energy Limited,Utilities,Utilities - Renewable,2026-06-12,2422666769202.5234,UNKNOWN,Yahoo,,0,
ADANIPORTS,ADANIPORTS.NS,Adani Ports and Special Economic Zone Limited,Industrials,Marine Shipping,2026-06-12,4125469104629.799,UNKNOWN,Yahoo,,0,
ADANIPOWER,ADANIPOWER.NS,Adani Power Limited,Utilities,Utilities - Independent Power Producers,2026-06-12,4205798997590.7886,UNKNOWN,Yahoo,,0,
ADFFOODS,ADFFOODS.NS,ADF Foods Limited,Consumer Defensive,Packaged Foods,2026-06-12,30871670195.0,UNKNOWN,Yahoo,,0,
ADL,ADL.NS,Archidply Decor Limited,Consumer Cyclical,"Furnishings, Fixtures & Appliances",2026-06-12,387410991.5065765,UNKNOWN,Yahoo,,0,
ADOR,ADOR.NS,Ador Welding Limited,Industrials,Specialty Industrial Machinery,2026-06-12,19870535016.746822,UNKNOWN,Yahoo,,0,
ADROITINFO,ADROITINFO.NS,Adroit Infotech Limited,Technology,Information Technology Services,2026-06-12,527442242.4846172,UNKNOWN,Yahoo,,0,
ADSL,ADSL.NS,Allied Digital Services Limited,Technology,Information Technology Services,2026-06-12,6571000419.640137,UNKNOWN,Yahoo,,0,
ADVAIT,ADVAIT.NS,Advait Energy Transitions Limited,Industrials,Specialty Industrial Machinery,2026-06-12,25576747760.24463,UNKNOWN,Yahoo,,0,
ADVANCE,ADVANCE.NS,ADVANCE AGROLIFE LIMITED,Basic Materials,Agricultural Inputs,2026-06-12,6207428966.252441,UNKNOWN,Yahoo,,0,
ADVANIHOTR,ADVANIHOTR.NS,Advani Hotels & Resorts (India) Limited,Consumer Cyclical,Lodging,2026-06-12,4815121479.104996,UNKNOWN,Yahoo,,0,
ADVENTHTL,ADVENTHTL.NS,Advent Hotels International Limited,Consumer Cyclical,Lodging,2026-06-12,6958093290.447128,UNKNOWN,Yahoo,,0,
ADVENZYMES,ADVENZYMES.NS,Advanced Enzyme Technologies Limited,Basic Materials,Specialty Chemicals,2026-06-12,40955276862.5,UNKNOWN,Yahoo,,0,
AEGISLOG,AEGISLOG.NS,AEGIS LOGISTICS LIMITED,Energy,Oil & Gas Refining & Marketing,2026-06-12,337065295715.33203,UNKNOWN,Yahoo,,0,
AEGISVOPAK,AEGISVOPAK.NS,AEGIS VOPAK TERMINALS LTD,Energy,Oil & Gas Equipment & Services,2026-06-12,240079587721.348,UNKNOWN,Yahoo,,0,
AEPL,AEPL.NS,Artemis Electricals and Projects Limited,Industrials,Electrical Equipment & Parts,2026-06-12,3981445147.81332,UNKNOWN,Yahoo,,0,
AEQUS,AEQUS.NS,AEQUS LIMITED,Industrials,Aerospace & Defense,2026-06-12,119969275533.54378,UNKNOWN,Yahoo,,0,
AEROENTER,AEROENTER.NS,Aeroflex Enterprises Limited,Basic Materials,Steel,2026-06-12,12499284911.956787,UNKNOWN,Yahoo,,0,
AEROFLEX,AEROFLEX.NS,Aeroflex Industries Limited,Industrials,Metal Fabrication,2026-06-12,57828545616.0,UNKNOWN,Yahoo,,0,
AERONEU,AERONEU.NS,Aeroflex Neu Limited,Consumer Cyclical,Packaging & Containers,2026-06-12,2205042166.595459,UNKNOWN,Yahoo,,0,
AETHER,AETHER.NS,Aether Industries Limited,Basic Materials,Specialty Chemicals,2026-06-12,153424754893.93665,UNKNOWN,Yahoo,,0,
AFCONS,AFCONS.NS,AFCONS INFRASTRUCTURE LTD,Industrials,Engineering & Construction,2026-06-12,117378462738.87076,UNKNOWN,Yahoo,,0,
AFFLE,AFFLE.NS,Affle 3i Limited,Communication Services,Advertising Agencies,2026-06-12,197557881879.6819,UNKNOWN,Yahoo,,0,
AFFORDABLE,AFFORDABLE.NS,Affordable Robotic & Automation Limited,Industrials,Specialty Industrial Machinery,2026-06-12,2038390060.0,UNKNOWN,Yahoo,,0,
AFIL,AFIL.NS,AKME FINTRADE (INDIA) LTD,Financial Services,Credit Services,2026-06-12,5816108864.908905,UNKNOWN,Yahoo,,0,
AFSL,AFSL.NS,Abans Financial Services Limited,Financial Services,Capital Markets,2026-06-12,10218791559.0,UNKNOWN,Yahoo,,0,
AGARIND,AGARIND.NS,Agarwal Industrial Corporation Limited,Basic Materials,Specialty Chemicals,2026-06-12,7113924539.695099,UNKNOWN,Yahoo,,0,
AGARWALEYE,AGARWALEYE.NS,DR AGARWALS HEALTH CARE L,Healthcare,Medical Instruments & Supplies,2026-06-12,139773670066.02173,UNKNOWN,Yahoo,,0,
AGARWALFT,AGARWALFT.NS,"AGARWALFT.NS,0P0001QGEH,6000",,,2026-06-20,238310766.25268555,UNKNOWN,Yahoo,,0,
AGI,AGI.NS,AGI Greenpac Limited,Consumer Cyclical,Packaging & Containers,2026-06-12,41571301371.78705,UNKNOWN,Yahoo,,0,
AGIIL,AGIIL.NS,AGI Infra Limited,Real Estate,Real Estate - Development,2026-06-12,46261534061.72351,UNKNOWN,Yahoo,,0,
AGNI,AGNI.NS,"AGNI.NS,0P0001PF4S,37500",,,2026-06-20,355533374.9038696,UNKNOWN,Yahoo,,0,
AGRITECH,AGRITECH.NS,Agri-tech (India) Limited,Consumer Defensive,Farm Products,2026-06-12,711196219.9401855,UNKNOWN,Yahoo,,0,
AGROPHOS,AGROPHOS.NS,Agro Phos (India) Limited,Basic Materials,Agricultural Inputs,2026-06-12,614102961.9115067,UNKNOWN,Yahoo,,0,
AGUL,AGUL.NS,"AGUL.NS,0P0001QT05,2000",,,2026-06-20,350427608.3679199,UNKNOWN,Yahoo,,0,
AHCL,AHCL.NS,ANLON HEALTHCARE LIMITED,Healthcare,Drug Manufacturers - Specialty & Generic,2026-06-12,8052452047.243118,UNKNOWN,Yahoo,,0,
AHIMSA,AHIMSA.NS,"AHIMSA.NS,0P00016URX,0",,,2026-06-20,135207557.17632294,UNKNOWN,Yahoo,,0,
AHLADA,AHLADA.NS,Ahlada Engineers Limited,Industrials,Building Products & Equipment,2026-06-12,514772641.9715881,UNKNOWN,Yahoo,,0,
AHLEAST,AHLEAST.NS,Asian Hotels (East) Limited,Consumer Cyclical,Lodging,2026-06-12,2688858728.0,UNKNOWN,Yahoo,,0,
AHLUCONT,AHLUCONT.NS,Ahluwalia Contracts (India) Limited,Industrials,Engineering & Construction,2026-06-12,53137881970.0,UNKNOWN,Yahoo,,0,
AHLWEST,AHLWEST.NS,Asian Hotels (West) Limited,Consumer Cyclical,Lodging,2026-06-12,6524677600.0,UNKNOWN,Yahoo,,0,
AIAENG,AIAENG.NS,AIA Engineering Limited,Industrials,Specialty Industrial Machinery,2026-06-12,402341434104.6826,UNKNOWN,Yahoo,,0,
AIIL,AIIL.NS,Authum Investment & Infrastructure Limited,Financial Services,Capital Markets,2026-06-12,452722093316.9556,UNKNOWN,Yahoo,,0,
AILIMITED,AILIMITED.NS,"AILIMITED.NS,0P0001MMRJ,0",,,2026-06-20,227916415.3118133,UNKNOWN,Yahoo,,0,
AIMTRON,AIMTRON.NS,"AIMTRON.NS,0P0001T33D,126400",,,2026-06-20,25632619859.6344,UNKNOWN,Yahoo,,0,
AIRAN,AIRAN.NS,Airan Limited,Technology,Information Technology Services,2026-06-12,2025324095.3826904,UNKNOWN,Yahoo,,0,
AIROLAM,AIROLAM.NS,Airo Lam Limited,Consumer Cyclical,"Furnishings, Fixtures & Appliances",2026-06-12,1275170000.0,UNKNOWN,Yahoo,,0,
AISL,AISL.NS,"AISL.NS,0P0001C96S,0",,,2026-06-20,569371000.0,UNKNOWN,Yahoo,,0,
AJANTPHARM,AJANTPHARM.NS,Ajanta Pharma Limited,Healthcare,Drug Manufacturers - Specialty & Generic,2026-06-12,390098980176.85547,UNKNOWN,Yahoo,,0,
AJAXENGG,AJAXENGG.NS,AJAX ENGINEERING LIMITED,Industrials,Farm & Heavy Construction Machinery,2026-06-12,62591957486.865234,UNKNOWN,Yahoo,,0,
AJMERA,AJMERA.NS,Ajmera Realty & Infra India Limited,Real Estate,Real Estate - Development,2026-06-12,23182528170.572662,UNKNOWN,Yahoo,,0,
AJOONI,AJOONI.NS,Ajooni Biotech Limited,Consumer Defensive,Packaged Foods,2026-06-12,652803229.8494282,UNKNOWN,Yahoo,,0,
AKASH,AKASH.NS,Akash Infra-Projects Limited,Industrials,Engineering & Construction,2026-06-12,441292516.0665093,UNKNOWN,Yahoo,,0,
AKCAPIT,AKCAPIT.NS,A. K. Capital Services Limited,,,2026-06-20,0.0,NO_MARKET_CAP,Yahoo,2026-08-04T07:12:27.672814+00:00,3,No market cap returned.
AKG,AKG.NS,AKG Exim Limited,Industrials,Industrial Distribution,2026-06-12,344775861.72180176,UNKNOWN,Yahoo,,0,
AKI,AKI.NS,AKI India Limited,Consumer Cyclical,Footwear & Accessories,2026-06-12,496420642.4545078,UNKNOWN,Yahoo,,0,
AKIKO,AKIKO.NS,"AKIKO.NS,0P0001T8E9,51200",,,2026-06-20,3047258451.464844,UNKNOWN,Yahoo,,0,
AKSHAR,AKSHAR.NS,Akshar Spintex Limited,Consumer Cyclical,Textile Manufacturing,2026-06-12,362235516.5711492,UNKNOWN,Yahoo,,0,
AKSHARCHEM,AKSHARCHEM.NS,AksharChem (India) Limited,Basic Materials,Specialty Chemicals,2026-06-12,1661244897.7150726,UNKNOWN,Yahoo,,0,
AKSHOPTFBR,AKSHOPTFBR.NS,Aksh Optifibre Limited,Technology,Communication Equipment,2026-06-12,1153528639.2157402,UNKNOWN,Yahoo,,0,
AKUMS,AKUMS.NS,AKUMS DRUGS AND PHARMA L,Healthcare,Drug Manufacturers - Specialty & Generic,2026-06-12,95964368085.4784,UNKNOWN,Yahoo,,0,
ALANKIT,ALANKIT.NS,Alankit Limited,Technology,Information Technology Services,2026-06-12,2212650054.624557,UNKNOWN,Yahoo,,0,
ALBERTDAVD,ALBERTDAVD.NS,Albert David Limited,Healthcare,Drug Manufacturers - Specialty & Generic,2026-06-12,4115434378.86499,UNKNOWN,Yahoo,,0,
ALEMBICLTD,ALEMBICLTD.NS,Alembic Limited,Real Estate,Real Estate - Development,2026-06-12,22188518697.84314,UNKNOWN,Yahoo,,0,
ALGOQUANT,ALGOQUANT.NS,Algoquant Fintech Limited,Financial Services,Capital Markets,2026-06-12,15890358119.7052,UNKNOWN,Yahoo,,0,
ALICON,ALICON.NS,Alicon Castalloy Limited,Industrials,Metal Fabrication,2026-06-12,10422087277.424316,UNKNOWN,Yahoo,,0,
ALIVUS,ALIVUS.NS,Alivus Life Sciences Limited,Healthcare,Drug Manufacturers - Specialty & Generic,2026-06-12,129514659536.46288,UNKNOWN,Yahoo,,0,
ALKALI,ALKALI.NS,Alkali Metals Limited,Basic Materials,Specialty Chemicals,2026-06-12,857977977.3121796,UNKNOWN,Yahoo,,0,
ALKEM,ALKEM.NS,Alkem Laboratories Limited,Healthcare,Drug Manufacturers - Specialty & Generic,2026-06-12,633634717500.0,UNKNOWN,Yahoo,,0,
ALKYLAMINE,ALKYLAMINE.NS,Alkyl Amines Chemicals Limited,Basic Materials,Specialty Chemicals,2026-06-12,93169117031.13184,UNKNOWN,Yahoo,,0,
ALLCARGO,ALLCARGO.NS,Allcargo Logistics Limited,Industrials,Integrated Freight & Logistics,2026-06-12,13225383766.998571,UNKNOWN,Yahoo,,0,
ALLDIGI,ALLDIGI.NS,Alldigi Tech Limited,Industrials,Specialty Business Services,2026-06-12,12426854853.0,UNKNOWN,Yahoo,,0,
ALLETEC,ALLETEC.NS,"ALLETEC.NS,0P0001Q78M,263600",,,2026-06-20,2920077972.8554688,UNKNOWN,Yahoo,,0,
ALLTIME,ALLTIME.NS,ALL TIME PLASTICS LIMITED,Consumer Defensive,Household & Personal Products,2026-06-12,14718942798.7511,UNKNOWN,Yahoo,,0,
ALMONDZ,ALMONDZ.NS,Almondz Global Securities Limited,Financial Services,Capital Markets,2026-06-12,2436353654.4551697,UNKNOWN,Yahoo,,0,
ALOKINDS,ALOKINDS.NS,Alok Industries Limited,Consumer Cyclical,Textile Manufacturing,2026-06-12,59334621844.90555,UNKNOWN,Yahoo,,0,
ALPA,ALPA.NS,Alpa Laboratories Limited,Healthcare,Drug Manufacturers - Specialty & Generic,2026-06-12,1478102150.0,UNKNOWN,Yahoo,,0,
ALPEXSOLAR,ALPEXSOLAR.NS,"ALPEXSOLAR.NS,0P0001SDK4,104400",,,2026-06-20,23193441478.74756,UNKNOWN,Yahoo,,0,
ALPHA,ALPHA.NS,Kotak Nifty Alpha 50 ETF,,,2026-06-20,0.0,NO_MARKET_CAP,Yahoo,2026-08-04T07:12:27.760186+00:00,3,No market cap returned.
ALPHAGEO,ALPHAGEO.NS,Alphageo (India) Limited,Energy,Oil & Gas Equipment & Services,2026-06-12,1331827494.75,UNKNOWN,Yahoo,,0,
ALUWIND,ALUWIND.NS,Aluwind Infra-Tech Limited,,,2026-06-20,1227462585.914154,UNKNOWN,Yahoo,,0,
AMAGI,AMAGI.NS,AMAGI MEDIA LABS LIMITED,Technology,Software - Application,2026-06-12,91478923790.82812,UNKNOWN,Yahoo,,0,
AMANTA,AMANTA.NS,AMANTA HEALTHCARE LIMITED,Healthcare,Drug Manufacturers - Specialty & Generic,2026-06-12,5882646676.5,UNKNOWN,Yahoo,,0,
AMBALALSA,AMBALALSA.NS,Ambalal Sarabhai Enterprises Limited,Healthcare,Drug Manufacturers - Specialty & Generic,2026-06-12,2936587879.333374,UNKNOWN,Yahoo,,0,
AMBER,AMBER.NS,Amber Enterprises India Limited,Consumer Cyclical,"Furnishings, Fixtures & Appliances",2026-06-12,256290862789.0,UNKNOWN,Yahoo,,0,
AMBEY,AMBEY.NS,Dhansa Labs Ltd,,,2026-06-20,507667796.5164566,UNKNOWN,Yahoo,,0,
AMBICAAGAR,AMBICAAGAR.NS,Ambica Agarbathies Aroma & Industries Limited,Consumer Defensive,Household & Personal Products,2026-06-12,421533411.7263794,UNKNOWN,Yahoo,,0,
AMBIKCO,AMBIKCO.NS,Ambika Cotton Mills Limited,Consumer Cyclical,Textile Manufacturing,2026-06-12,9190915139.770508,UNKNOWN,Yahoo,,0,
AMBUJACEM,AMBUJACEM.NS,Ambuja Cements Limited,Basic Materials,Building Materials,2026-06-12,1028341607592.2205,UNKNOWN,Yahoo,,0,
AMDIND,AMDIND.NS,AMD Industries Limited,Consumer Cyclical,Packaging & Containers,2026-06-12,883970443.4077034,UNKNOWN,Yahoo,,0,
AMEYA,AMEYA.NS,"AMEYA.NS,0P0001PMCY,60000",,,2026-06-20,787500000.0,UNKNOWN,Yahoo,,0,
AMIABLE,AMIABLE.NS,"AMIABLE.NS,0P0001PYLJ,0",,,2026-06-20,134961034.664917,UNKNOWN,Yahoo,,0,
AMIRCHAND,AMIRCHAND.NS,AMIR CHAND JAG KUM (E) L,Consumer Defensive,Farm Products,2026-06-12,0.0,NO_MARKET_CAP,Yahoo,2026-08-04T07:12:27.854411+00:00,3,No market cap returned.
AMJLAND,AMJLAND.NS,AMJ Land Holdings Limited,Real Estate,Real Estate - Development,2026-06-12,1476409931.182861,UNKNOWN,Yahoo,,0,
AMNPLST,AMNPLST.NS,Amines & Plasticizers Limited,Basic Materials,Chemicals,2026-06-12,10533578832.092283,UNKNOWN,Yahoo,,0,
AMRUTANJAN,AMRUTANJAN.NS,Amrutanjan Health Care Limited,Healthcare,Drug Manufacturers - Specialty & Generic,2026-06-12,16127689849.265808,UNKNOWN,Yahoo,,0,
ANANDRATHI,ANANDRATHI.NS,Anand Rathi Wealth Limited,Financial Services,Asset Management,2026-06-12,290821280902.0,UNKNOWN,Yahoo,,0,
ANANTRAJ,ANANTRAJ.NS,Anant Raj Limited,Real Estate,Real Estate - Development,2026-06-12,190500844109.4421,UNKNOWN,Yahoo,,0,
ANDHRAPAP,ANDHRAPAP.NS,Andhra Paper Limited,Basic Materials,Paper & Paper Products,2026-06-12,12193493896.715736,UNKNOWN,Yahoo,,0,
ANDHRSUGAR,ANDHRSUGAR.NS,The Andhra Sugars Limited,Basic Materials,Chemicals,2026-06-12,11162694803.124235,UNKNOWN,Yahoo,,0,
ANGELONE,ANGELONE.NS,Angel One Limited,Financial Services,Capital Markets,2026-06-12,305926392344.33466,UNKNOWN,Yahoo,,0,
ANIKINDS,ANIKINDS.NS,Anik Industries Limited,Consumer Defensive,Food Distribution,2026-06-12,1185351361.6509247,UNKNOWN,Yahoo,,0,
ANKITMETAL,ANKITMETAL.NS,Ankit Metal & Power Limited,Basic Materials,Steel,2026-06-12,225776803.3643365,UNKNOWN,Yahoo,,0,
ANLON,ANLON.NS,"ANLON.NS,0P0001QAIM,6000",,,2026-06-20,4435078600.0,UNKNOWN,Yahoo,,0,
ANMOL,ANMOL.NS,Anmol India Limited,Energy,Thermal Coal,2026-06-12,636300214.3688202,UNKNOWN,Yahoo,,0,
ANNAPURNA,ANNAPURNA.NS,"ANNAPURNA.NS,0P0001PQ2X,67000",,,2026-06-20,2322759553.68042,UNKNOWN,Yahoo,,0,
ANSALAPI,ANSALAPI.NS,Ansal Properties & Infrastructure Limited,Real Estate,Real Estate - Development,2026-06-12,536750640.6701689,UNKNOWN,Yahoo,,0,
ANTELOPUS,ANTELOPUS.NS,ANTELOPUS SELAN ENRGY LTD,Energy,Oil & Gas E&P,2026-06-12,30366211510.343994,UNKNOWN,Yahoo,,0,
ANTGRAPHIC,ANTGRAPHIC.NS,Antarctica Limited,Consumer Cyclical,Packaging & Containers,2026-06-12,120907483.56513976,UNKNOWN,Yahoo,,0,
ANTHEM,ANTHEM.NS,ANTHEM BIOSCIENCES LTD,Healthcare,Biotechnology,2026-06-12,445719940768.5,UNKNOWN,Yahoo,,0,
ANUHPHR,ANUHPHR.NS,Anuh Pharma Limited,Healthcare,Drug Manufacturers - Specialty & Generic,2026-06-12,7942752000.0,UNKNOWN,Yahoo,,0,
ANUP,ANUP.NS,The Anup Engineering Limited,Industrials,Specialty Industrial Machinery,2026-06-12,37306602767.44946,UNKNOWN,Yahoo,,0,
ANURAS,ANURAS.NS,Anupam Rasayan India Ltd,Basic Materials,Specialty Chemicals,2026-06-12,139464179750.0,UNKNOWN,Yahoo,,0,
AONETMMQ50,AONETMMQ50.NS,Angel One Amc Limited - Angel Mutual Fund - Angel One Nifty Total Market Momentum Quality 50 ETF,,,2026-06-20,0.0,NO_MARKET_CAP,Yahoo,2026-08-04T07:12:27.942978+00:00,3,No market cap returned.
AONETOTAL,AONETOTAL.NS,Angel One Mutual Fund - Angel One Nifty Total Market Etf,,,2026-06-20,0.0,NO_MARKET_CAP,Yahoo,2026-08-04T07:12:28.027945+00:00,3,No market cap returned.
APARINDS,APARINDS.NS,APAR Industries Limited,Industrials,Electrical Equipment & Parts,2026-06-12,612255341400.0,UNKNOWN,Yahoo,,0,
APCL,APCL.NS,Anjani Portland Cement Limited,Basic Materials,Building Materials,2026-06-12,3231224040.0,UNKNOWN,Yahoo,,0,
APCOTEXIND,APCOTEXIND.NS,Apcotex Industries Limited,Basic Materials,Specialty Chemicals,2026-06-12,27330071929.746094,UNKNOWN,Yahoo,,0,
APEX,APEX.NS,Apex Frozen Foods Limited,Consumer Defensive,Farm Products,2026-06-12,12737500190.734863,UNKNOWN,Yahoo,,0,
APLAPOLLO,APLAPOLLO.NS,APL Apollo Tubes Limited,Basic Materials,Steel,2026-06-12,491760794316.7304,UNKNOWN,Yahoo,,0,
APLLTD,APLLTD.NS,Alembic Pharmaceuticals Limited,Healthcare,Drug Manufacturers - Specialty & Generic,2026-06-12,146242964256.0,UNKNOWN,Yahoo,,0,
APOLLO,APOLLO.NS,Apollo Micro Systems Limited,Industrials,Aerospace & Defense,2026-06-12,143771355878.68195,UNKNOWN,Yahoo,,0,
APOLLOHOSP,APOLLOHOSP.NS,Apollo Hospitals Enterprise Limited,Healthcare,Medical Care Facilities,2026-06-12,1224398246683.5,UNKNOWN,Yahoo,,0,
APOLLOPIPE,APOLLOPIPE.NS,Apollo Pipes Limited,Industrials,Building Products & Equipment,2026-06-12,21406293846.337524,UNKNOWN,Yahoo,,0,
APOLLOTYRE,APOLLOTYRE.NS,Apollo Tyres Limited,Consumer Cyclical,Auto Parts,2026-06-12,246042517581.2401,UNKNOWN,Yahoo,,0,
APOLSINHOT,APOLSINHOT.NS,Apollo Sindoori Hotels Limited,Industrials,Specialty Business Services,2026-06-12,3325911600.0,UNKNOWN,Yahoo,,0,
APS,APS.NS,"APS.NS,0P0001S7LV,53000",,,2026-06-20,6064128240.966797,UNKNOWN,Yahoo,,0,
APTECHT,APTECHT.NS,Aptech Limited,Consumer Defensive,Education & Training Services,2026-06-12,6581579715.79422,UNKNOWN,Yahoo,,0,
APTUS,APTUS.NS,Aptus Value Housing Finance India Limited,Financial Services,Mortgage Finance,2026-06-12,134574610300.0,UNKNOWN,Yahoo,,0,
AQYLON,AQYLON.NS,Aqylon Nexus Limited,Communication Services,Broadcasting,2026-06-12,14254582938.232422,UNKNOWN,Yahoo,,0,
ARABIAN,ARABIAN.NS,"ARABIAN.NS,0P0001RNFP,22000",,,2026-06-20,707980000.0,UNKNOWN,Yahoo,,0,
ARCHIDPLY,ARCHIDPLY.NS,Archidply Industries Limited,Basic Materials,Lumber & Wood Production,2026-06-12,1640443366.4009476,UNKNOWN,Yahoo,,0,
ARCHIES,ARCHIES.NS,Archies Limited,Consumer Cyclical,Specialty Retail,2026-06-12,479000410.3088379,UNKNOWN,Yahoo,,0,
ARE&M,ARE&M.NS,Amara Raja Energy & Mobility Limited,Industrials,Electrical Equipment & Parts,2026-06-12,148872835545.99268,UNKNOWN,Yahoo,,0,
ARENTERP,ARENTERP.NS,Rajdarshan Industries Limited,Basic Materials,Other Industrial Metals & Mining,2026-06-12,116903352.15,UNKNOWN,Yahoo,,0,
ARFIN,ARFIN.NS,Arfin India Limited,Basic Materials,Aluminum,2026-06-12,14171000902.749891,UNKNOWN,Yahoo,,0,
ARIES,ARIES.NS,Aries Agro Limited,Basic Materials,Agricultural Inputs,2026-06-12,4379861216.455627,UNKNOWN,Yahoo,,0,
ARIHANT,ARIHANT.NS,Arihant Foundations & Housing Limited,Real Estate,Real Estate - Development,2026-06-12,9073443611.50116,UNKNOWN,Yahoo,,0,
ARIHANTACA,ARIHANTACA.NS,"ARIHANTACA.NS,0P0001Q8CK,8000",,,2026-06-20,2815668000.0,UNKNOWN,Yahoo,,0,
ARIHANTCAP,ARIHANTCAP.NS,Arihant Capital Markets Limited,Financial Services,Capital Markets,2026-06-12,7519410472.744751,UNKNOWN,Yahoo,,0,
ARIHANTSUP,ARIHANTSUP.NS,Arihant Superstructures Limited,Real Estate,Real Estate - Development,2026-06-12,10849260506.326996,UNKNOWN,Yahoo,,0,
ARIS,ARIS.NS,Arisinfra Solutions Limited,Industrials,Engineering & Construction,2026-06-12,9606946405.0,UNKNOWN,Yahoo,,0,
ARISTO,ARISTO.NS,"ARISTO.NS,0P0001QC7C,12800",,,2026-06-20,678737639.2242432,UNKNOWN,Yahoo,,0,
ARKADE,ARKADE.NS,ARKADE DEVELOPERS LIMITED,Real Estate,Real Estate - Development,2026-06-12,21018977910.58988,UNKNOWN,Yahoo,,0,
ARMANFIN,ARMANFIN.NS,Arman Financial Services Limited,Financial Services,Credit Services,2026-06-12,17111722308.108032,UNKNOWN,Yahoo,,0,
AROGRANITE,AROGRANITE.NS,Aro Granite Industries Limited,Industrials,Building Products & Equipment,2026-06-12,377144994.1635132,UNKNOWN,Yahoo,,0,
ARROWGREEN,ARROWGREEN.NS,Arrow Greentech Limited,Consumer Cyclical,Packaging & Containers,2026-06-12,8631054748.72107,UNKNOWN,Yahoo,,0,
ARSHIYA,ARSHIYA.NS,Arshiya Limited,Industrials,Integrated Freight & Logistics,2026-06-12,295093026.05635107,UNKNOWN,Yahoo,,0,
ARSSBL,ARSSBL.NS,ANAND RATHI SH N STK BR L,Financial Services,Financial Conglomerates,2026-06-12,33463920875.0,UNKNOWN,Yahoo,,0,
ARTEMISMED,ARTEMISMED.NS,Artemis Medicare Services Limited,,,2026-06-20,0.0,NO_MARKET_CAP,Yahoo,2026-08-04T07:12:28.117484+00:00,3,No market cap returned.
ARTNIRMAN,ARTNIRMAN.NS,Art Nirman Limited,Real Estate,Real Estate - Development,2026-06-12,1000735561.920166,UNKNOWN,Yahoo,,0,
ARVEE,ARVEE.NS,Arvee Laboratories (India) Ltd.,Basic Materials,Specialty Chemicals,2026-06-12,1862380000.0,UNKNOWN,Yahoo,,0,
ARVIND,ARVIND.NS,Arvind Limited,Consumer Cyclical,Textile Manufacturing,2026-06-12,129288046180.0,UNKNOWN,Yahoo,,0,
ARVINDFASN,ARVINDFASN.NS,Arvind Fashions Limited,Consumer Cyclical,Apparel Retail,2026-06-12,59924215133.91531,UNKNOWN,Yahoo,,0,
ARVSMART,ARVSMART.NS,Arvind SmartSpaces Limited,Real Estate,Real Estate - Development,2026-06-12,26006577093.0,UNKNOWN,Yahoo,,0,
ASAHIINDIA,ASAHIINDIA.NS,Asahi India Glass Limited,Consumer Cyclical,Auto Parts,2026-06-12,222959315899.3916,UNKNOWN,Yahoo,,0,
ASAHISONG,ASAHISONG.NS,Asahi Songwon Colors Limited,Basic Materials,Specialty Chemicals,2026-06-12,3017539072.0,UNKNOWN,Yahoo,,0,
ASAL,ASAL.NS,Automotive Stampings and Assemblies Limited,Consumer Cyclical,Auto Parts,2026-06-12,7818768158.278595,UNKNOWN,Yahoo,,0,
ASALCBR,ASALCBR.NS,Associated Alcohols & Breweries Limited,Consumer Defensive,Beverages - Wineries & Distilleries,2026-06-12,16379607400.0,UNKNOWN,Yahoo,,0,
ASCOM,ASCOM.NS,"ASCOM.NS,0P0001IT9Q,1000",,,2026-06-20,2749317775.5511627,UNKNOWN,Yahoo,,0,
ASHAPURMIN,ASHAPURMIN.NS,Ashapura Minechem Limited,Basic Materials,Other Industrial Metals & Mining,2026-06-12,65440152268.80994,UNKNOWN,Yahoo,,0,
ASHIANA,ASHIANA.NS,Ashiana Housing Limited,Real Estate,Real Estate - Development,2026-06-12,36063292448.75,UNKNOWN,Yahoo,,0,
ASHIKA,ASHIKA.NS,Ashika Credit Capital Limited,,,2026-06-20,0.0,NO_MARKET_CAP,Yahoo,2026-08-04T07:12:28.305082+00:00,3,No market cap returned.
ASHIMASYN,ASHIMASYN.NS,Ashima Limited,Real Estate,Real Estate - Development,2026-06-12,3066561248.0,UNKNOWN,Yahoo,,0,
ASHOKA,ASHOKA.NS,Ashoka Buildcon Limited,Industrials,Engineering & Construction,2026-06-12,33686786040.0,UNKNOWN,Yahoo,,0,
ASHOKAMET,ASHOKAMET.NS,Ashoka Metcast Limited,Basic Materials,Steel,2026-06-12,387188034.2788696,UNKNOWN,Yahoo,,0,
ASHOKLEY,ASHOKLEY.NS,Ashok Leyland Limited,Industrials,Farm & Heavy Construction Machinery,2026-06-12,862105657692.8541,UNKNOWN,Yahoo,,0,
ASIANENE,ASIANENE.NS,Asian Energy Services Limited,Energy,Oil & Gas Equipment & Services,2026-06-12,17769460843.75,UNKNOWN,Yahoo,,0,
ASIANHOTNR,ASIANHOTNR.NS,Asian Hotels (North) Limited,Consumer Cyclical,Lodging,2026-06-12,12664200154.02484,UNKNOWN,Yahoo,,0,
ASIANPAINT,ASIANPAINT.NS,Asian Paints Limited,Basic Materials,Specialty Chemicals,2026-06-12,2621316866630.393,UNKNOWN,Yahoo,,0,
ASIANTILES,ASIANTILES.NS,Asian Granito India Limited,Industrials,Building Products & Equipment,2026-06-12,17749974996.28023,UNKNOWN,Yahoo,,0,
ASKAUTOLTD,ASKAUTOLTD.NS,ASK AUTOMOTIVE LIMITED,Consumer Cyclical,Auto Parts,2026-06-12,84051748713.26294,UNKNOWN,Yahoo,,0,
ASMS,ASMS.NS,Avio Smart Market Stack Limited,Technology,Information Technology Services,2026-06-12,2208181365.0,UNKNOWN,Yahoo,,0,
ASPINWALL,ASPINWALL.NS,Aspinwall and Company Limited,Consumer Defensive,Farm Products,2026-06-12,1830652087.480957,UNKNOWN,Yahoo,,0,
ASPIRE,ASPIRE.NS,"ASPIRE.NS,0P0001SM6J,54000",,,2026-06-20,209456402.89497373,UNKNOWN,Yahoo,,0,
ASTAR,ASTAR.NS,Asian Star Company Limited,,,2026-06-20,0.0,NO_MARKET_CAP,Yahoo,2026-08-04T07:12:28.441111+00:00,3,No market cap returned.
ASTEC,ASTEC.NS,Astec LifeSciences Limited,Basic Materials,Agricultural Inputs,2026-06-12,17346722283.0,UNKNOWN,Yahoo,,0,
ASTERDM,ASTERDM.NS,Aster DM Healthcare Limited,Healthcare,Medical Care Facilities,2026-06-12,419160299058.5592,UNKNOWN,Yahoo,,0,
ASTRAL,ASTRAL.NS,Astral Limited,Industrials,Building Products & Equipment,2026-06-12,405393095967.0,UNKNOWN,Yahoo,,0,
ASTRAMICRO,ASTRAMICRO.NS,Astra Microwave Products Limited,Technology,Communication Equipment,2026-06-12,135828326126.80664,UNKNOWN,Yahoo,,0,
ASTRAZEN,ASTRAZEN.NS,AstraZeneca Pharma India Limited,Healthcare,Drug Manufacturers - Specialty & Generic,2026-06-12,205675000000.0,UNKNOWN,Yahoo,,0,
ASTRON,ASTRON.NS,Astron Paper & Board Mill Limited,Basic Materials,Paper & Paper Products,2026-06-12,184322958.9072837,UNKNOWN,Yahoo,,0,
ATALREAL,ATALREAL.NS,Atal Realtech Limited,Industrials,Engineering & Construction,2026-06-12,3596708222.5728035,UNKNOWN,Yahoo,,0,
ATAM,ATAM.NS,Atam Valves Limited,Industrials,Specialty Industrial Machinery,2026-06-12,822928780.49469,UNKNOWN,Yahoo,,0,
ATGL,ATGL.NS,Adani Total Gas Limited,Utilities,Utilities - Regulated Gas,2026-06-12,794612784967.5,UNKNOWN,Yahoo,,0,
ATHERENERG,ATHERENERG.NS,Ather Energy Limited,Consumer Cyclical,Auto Manufacturers,2026-06-12,401338390830.5786,UNKNOWN,Yahoo,,0,
ATL,ATL.NS,Allcargo Terminals Limited,Industrials,Integrated Freight & Logistics,2026-06-12,6960844964.885496,UNKNOWN,Yahoo,,0,
ATLANTAA,ATLANTAA.NS,Atlantaa Limited,Industrials,Infrastructure Operations,2026-06-12,3260000000.0,UNKNOWN,Yahoo,,0,
ATLANTAELE,ATLANTAELE.NS,ATLANTA ELECTRICALS LTD,Industrials,Electrical Equipment & Parts,2026-06-12,140505509445.28198,UNKNOWN,Yahoo,,0,
ATLASCYCLE,ATLASCYCLE.NS,Atlas Cycles (Haryana) Limited,Consumer Cyclical,Leisure,2026-06-12,642188950.2263031,UNKNOWN,Yahoo,,0,
ATMASTCO,ATMASTCO.NS,"ATMASTCO.NS,0P0001SEJZ,69600",,,2026-06-20,4397827957.484283,UNKNOWN,Yahoo,,0,
ATUL,ATUL.NS,Atul Ltd,Basic Materials,Specialty Chemicals,2026-06-12,192460752435.0,UNKNOWN,Yahoo,,0,
ATULAUTO,ATULAUTO.NS,Atul Auto Limited,Consumer Cyclical,Auto Manufacturers,2026-06-12,12300754860.0,UNKNOWN,Yahoo,,0,
AUBANK,AUBANK.NS,AU Small Finance Bank Limited,Financial Services,Banks - Regional,2026-06-12,726431885617.5391,UNKNOWN,Yahoo,,0,
AURIGROW,AURIGROW.NS,Auri Grow India Limited,Industrials,Electrical Equipment & Parts,2026-06-12,233183996.0289001,UNKNOWN,Yahoo,,0,
AURIONPRO,AURIONPRO.NS,Aurionpro Solutions Limited,Technology,Software - Application,2026-06-12,42856742659.993286,UNKNOWN,Yahoo,,0,
AUROIMPEX,AUROIMPEX.NS,"AUROIMPEX.NS,0P0001QZIR,40000",,,2026-06-20,348332830.6915283,UNKNOWN,Yahoo,,0,
AUROPHARMA,AUROPHARMA.NS,Aurobindo Pharma Limited,Healthcare,Drug Manufacturers - Specialty & Generic,2026-06-12,848394706177.5,UNKNOWN,Yahoo,,0,
AURUM,AURUM.NS,Aurum PropTech Limited,Real Estate,Real Estate Services,2026-06-12,13964349489.684843,UNKNOWN,Yahoo,,0,
AUSOMENT,AUSOMENT.NS,AuSom Enterprise Limited,Financial Services,Capital Markets,2026-06-12,1566708480.0,UNKNOWN,Yahoo,,0,
AUTOAXLES,AUTOAXLES.NS,Automotive Axles Limited,Consumer Cyclical,Auto Parts,2026-06-12,24993689205.844604,UNKNOWN,Yahoo,,0,
AUTOIND,AUTOIND.NS,Autoline Industries Limited,Consumer Cyclical,Auto Parts,2026-06-12,3312404273.0,UNKNOWN,Yahoo,,0,
AVADHSUGAR,AVADHSUGAR.NS,Avadh Sugar & Energy Limited,Consumer Defensive,Confectioners,2026-06-12,9108381100.0,UNKNOWN,Yahoo,,0,
AVAILFC,AVAILFC.NS,Available Finance Limited,,,2026-06-20,0.0,NO_MARKET_CAP,Yahoo,2026-08-04T07:12:28.632854+00:00,3,No market cap returned.
AVALON,AVALON.NS,Avalon Technologies Limited,Technology,Electronic Components,2026-06-12,110921010438.71802,UNKNOWN,Yahoo,,0,
AVANTEL,AVANTEL.NS,Avantel Limited,Technology,Communication Equipment,2026-06-12,43496865334.11484,UNKNOWN,Yahoo,,0,
AVANTIFEED,AVANTIFEED.NS,Avanti Feeds Limited,Consumer Defensive,Packaged Foods,2026-06-12,141899823645.0,UNKNOWN,Yahoo,,0,
AVG,AVG.NS,AVG Logistics Limited,Industrials,Integrated Freight & Logistics,2026-06-12,2853209876.5039062,UNKNOWN,Yahoo,,0,
AVL,AVL.NS,Aditya Vision Limited,Consumer Cyclical,Specialty Retail,2026-06-12,68314028450.0,UNKNOWN,Yahoo,,0,
AVONMORE,AVONMORE.NS,Avonmore Capital & Management Services Limited,Financial Services,Capital Markets,2026-06-12,3098388327.006077,UNKNOWN,Yahoo,,0,
AVPINFRA,AVPINFRA.NS,"AVPINFRA.NS,0P0001SKGX,219200",,,2026-06-20,1721066918.1152344,UNKNOWN,Yahoo,,0,
AVROIND,AVROIND.NS,Avro India Limited,Consumer Cyclical,"Furnishings, Fixtures & Appliances",2026-06-12,1442342550.0,UNKNOWN,Yahoo,,0,
AVSL,AVSL.NS,"AVSL.NS,0P00018TIN,0",,,2026-06-20,638135047.7307129,UNKNOWN,Yahoo,,0,
AVTNPL,AVTNPL.NS,AVT Natural Products Limited,Basic Materials,Specialty Chemicals,2026-06-12,10795412667.053225,UNKNOWN,Yahoo,,0,
AWFIS,AWFIS.NS,AWFIS SPACE SOLUTIONS LTD,Industrials,Rental & Leasing Services,2026-06-12,21107562584.274048,UNKNOWN,Yahoo,,0,
AWHCL,AWHCL.NS,Antony Waste Handling Cell Limited,Industrials,Waste Management,2026-06-12,12625398045.0,UNKNOWN,Yahoo,,0,
AWL,AWL.NS,AWL Agri Business Limited,Consumer Defensive,Packaged Foods,2026-06-12,243048983890.9189,UNKNOWN,Yahoo,,0,
AXISBANK,AXISBANK.NS,Axis Bank Limited,Financial Services,Banks - Regional,2026-06-12,4179866654206.567,UNKNOWN,Yahoo,,0,
AXISCADES,AXISCADES.NS,AXISCADES Technologies Limited,Industrials,Engineering & Construction,2026-06-12,80766348111.0,UNKNOWN,Yahoo,,0,
AXITA,AXITA.NS,Axita Cotton Limited,Consumer Cyclical,Textile Manufacturing,2026-06-12,2950412954.027837,UNKNOWN,Yahoo,,0,
AYE,AYE.NS,AYE FINANCE LIMITED,Financial Services,Credit Services,2026-06-12,36224954511.70163,UNKNOWN,Yahoo,,0,
AYMSYNTEX,AYMSYNTEX.NS,AYM Syntex Limited,Consumer Cyclical,Textile Manufacturing,2026-06-12,12721016098.179596,UNKNOWN,Yahoo,,0,
AZAD,AZAD.NS,AZAD ENGINEERING LIMITED,Industrials,Specialty Industrial Machinery,2026-06-12,136958499226.69458,UNKNOWN,Yahoo,,0,
BABAFP,BABAFP.NS,"BABAFP.NS,0P0001RTBC,30400",,,2026-06-20,426935458.37197113,UNKNOWN,Yahoo,,0,
BAFNAPH,BAFNAPH.NS,Bafna Pharmaceuticals Limited,Healthcare,Drug Manufacturers - Specialty & Generic,2026-06-12,3913940553.556595,UNKNOWN,Yahoo,,0,
BAGFILMS,BAGFILMS.NS,B.A.G. Films and Media Limited,Communication Services,Broadcasting,2026-06-12,1036513221.5571022,UNKNOWN,Yahoo,,0,
BAHETI,BAHETI.NS,"BAHETI.NS,0P0001Q4XC,12750",,,2026-06-20,7411425117.43103,UNKNOWN,Yahoo,,0,
BAIDFIN,BAIDFIN.NS,Baid Finserv Limited,Financial Services,Credit Services,2026-06-12,1534941116.7359505,UNKNOWN,Yahoo,,0,
BAJAJ-AUTO,BAJAJ-AUTO.NS,Bajaj Auto Limited,Consumer Cyclical,Auto Manufacturers,2026-06-12,2812545623043.0,UNKNOWN,Yahoo,,0,
BAJAJCON,BAJAJCON.NS,Bajaj Consumer Care Limited,Consumer Defensive,Household & Personal Products,2026-06-12,76039458759.07385,UNKNOWN,Yahoo,,0,
BAJAJELEC,BAJAJELEC.NS,Bajaj Electricals Limited,Consumer Cyclical,"Furnishings, Fixtures & Appliances",2026-06-12,35275570891.90314,UNKNOWN,Yahoo,,0,
BAJAJFINSV,BAJAJFINSV.NS,Bajaj Finserv Ltd.,Financial Services,Financial Conglomerates,2026-06-12,2658958766870.2817,UNKNOWN,Yahoo,,0,
BAJAJHCARE,BAJAJHCARE.NS,Bajaj HealthCare Limited,Healthcare,Drug Manufacturers - Specialty & Generic,2026-06-12,9684747980.621157,UNKNOWN,Yahoo,,0,
BAJAJHFL,BAJAJHFL.NS,BAJAJ HOUSING FINANCE LTD,Financial Services,Mortgage Finance,2026-06-12,697775292695.8562,UNKNOWN,Yahoo,,0,
BAJAJHIND,BAJAJHIND.NS,Bajaj Hindusthan Sugar Limited,Consumer Defensive,Confectioners,2026-06-12,44279223468.94319,UNKNOWN,Yahoo,,0,
BAJAJHLDNG,BAJAJHLDNG.NS,Bajaj Holdings & Investment Limited,Financial Services,Asset Management,2026-06-12,1113380274040.0,UNKNOWN,Yahoo,,0,
BAJAJINDEF,BAJAJINDEF.NS,INDEF MANUFACTURING LTD,Industrials,Farm & Heavy Construction Machinery,2026-06-12,7870399902.34375,UNKNOWN,Yahoo,,0,
BAJAJST,BAJAJST.NS,Bajaj Steel Industries Limited,,,2026-06-20,0.0,NO_MARKET_CAP,Yahoo,2026-08-04T07:12:28.796887+00:00,3,No market cap returned.
BAJEL,BAJEL.NS,Bajel Projects Limited,Utilities,Utilities - Regulated Electric,2026-06-12,22700896393.123856,UNKNOWN,Yahoo,,0,
BAJFINANCE,BAJFINANCE.NS,Bajaj Finance Limited,Financial Services,Credit Services,2026-06-12,5546034873797.011,UNKNOWN,Yahoo,,0,
BALAJEE,BALAJEE.NS,SHREE TIRUPATI BALAJEE L,Consumer Cyclical,Packaging & Containers,2026-06-12,2326400736.3801727,UNKNOWN,Yahoo,,0,
BALAJITELE,BALAJITELE.NS,Balaji Telefilms Limited,Communication Services,Entertainment,2026-06-12,10525043358.520475,UNKNOWN,Yahoo,,0,
BALAMINES,BALAMINES.NS,Balaji Amines Limited,Basic Materials,Specialty Chemicals,2026-06-12,68379067235.83984,UNKNOWN,Yahoo,,0,
BALAXI,BALAXI.NS,Balaxi Pharmaceuticals Limited,Healthcare,Drug Manufacturers - Specialty & Generic,2026-06-12,1258730957.88002,UNKNOWN,Yahoo,,0,
BALKRISHNA,BALKRISHNA.NS,Balkrishna Paper Mills Limited,Consumer Cyclical,Packaging & Containers,2026-06-12,578662765.2221375,UNKNOWN,Yahoo,,0,
BALKRISIND,BALKRISIND.NS,Balkrishna Industries Limited,Consumer Cyclical,Auto Parts,2026-06-12,386769692593.6841,UNKNOWN,Yahoo,,0,
BALMLAWRIE,BALMLAWRIE.NS,Balmer Lawrie & Co. Ltd.,Industrials,Conglomerates,2026-06-12,29754669204.0,UNKNOWN,Yahoo,,0,
BALPHARMA,BALPHARMA.NS,Bal Pharma Limited,Healthcare,Drug Manufacturers - Specialty & Generic,2026-06-12,1381772495.4559937,UNKNOWN,Yahoo,,0,
BALRAMCHIN,BALRAMCHIN.NS,Balrampur Chini Mills Limited,Consumer Defensive,Confectioners,2026-06-12,114306119768.4046,UNKNOWN,Yahoo,,0,
BALUFORGE,BALUFORGE.NS,Balu Forge Industries Limited,Industrials,Metal Fabrication,2026-06-12,50366452200.0,UNKNOWN,Yahoo,,0,
BANARBEADS,BANARBEADS.NS,Banaras Beads Limited,Consumer Cyclical,Footwear & Accessories,2026-06-12,663678575.396286,UNKNOWN,Yahoo,,0,
BANARISUG,BANARISUG.NS,Bannari Amman Sugars Limited,Consumer Defensive,Confectioners,2026-06-12,45455157305.41992,UNKNOWN,Yahoo,,0,
BANCOINDIA,BANCOINDIA.NS,Banco Products (India) Limited,Consumer Cyclical,Auto Parts,2026-06-12,97551438600.0,UNKNOWN,Yahoo,,0,
BANDHANBNK,BANDHANBNK.NS,Bandhan Bank Limited,Financial Services,Banks - Regional,2026-06-12,318111616407.9206,UNKNOWN,Yahoo,,0,
BANG,BANG.NS,Bang Overseas Limited,Consumer Cyclical,Apparel Manufacturing,2026-06-12,467006381.3781738,UNKNOWN,Yahoo,,0,
BANKA,BANKA.NS,Banka BioLoo Limited,Industrials,Pollution & Treatment Controls,2026-06-12,1004994191.0287324,UNKNOWN,Yahoo,,0,
BANKBARODA,BANKBARODA.NS,Bank of Baroda Limited,Financial Services,Banks - Regional,2026-06-12,1413074715411.75,UNKNOWN,Yahoo,,0,
BANKINDIA,BANKINDIA.NS,Bank of India Limited,Financial Services,Banks - Regional,2026-06-12,653489914919.6326,UNKNOWN,Yahoo,,0,
BANSALWIRE,BANSALWIRE.NS,BANSAL WIRE INDUSTRIES L,Basic Materials,Steel,2026-06-12,46825886198.7417,UNKNOWN,Yahoo,,0,
BANSWRAS,BANSWRAS.NS,Banswara Syntex Limited,Consumer Cyclical,Textile Manufacturing,2026-06-12,4471394644.931152,UNKNOWN,Yahoo,,0,
BASF,BASF.NS,BASF India Limited,Basic Materials,Specialty Chemicals,2026-06-12,143275468400.0,UNKNOWN,Yahoo,,0,
BASILIC,BASILIC.NS,"BASILIC.NS,0P0001RJM3,48300",,,2026-06-20,4831595858.154297,UNKNOWN,Yahoo,,0,
BASML,BASML.NS,Bannari Amman Spinning Mills Ltd,Consumer Cyclical,Textile Manufacturing,2026-06-12,1974058023.47517,UNKNOWN,Yahoo,,0,
BATAINDIA,BATAINDIA.NS,Bata India Limited,Consumer Cyclical,Footwear & Accessories,2026-06-12,85181627135.0,UNKNOWN,Yahoo,,0,
BATLIBOI,BATLIBOI.NS,Batliboi Limited,Industrials,Specialty Industrial Machinery,2026-06-12,3527471303.890381,UNKNOWN,Yahoo,,0,
BAWEJA,BAWEJA.NS,"BAWEJA.NS,0P0001SBAC,56800",,,2026-06-20,525169528.5,UNKNOWN,Yahoo,,0,
BAYERCROP,BAYERCROP.NS,Bayer CropScience Limited,Basic Materials,Agricultural Inputs,2026-06-12,191376901585.8477,UNKNOWN,Yahoo,,0,
BBL,BBL.NS,Bharat Bijlee Limited,Industrials,Electrical Equipment & Parts,2026-06-12,31131052552.089844,UNKNOWN,Yahoo,,0,
BBOX,BBOX.NS,Black Box Limited,Technology,Software - Application,2026-06-12,181826063911.0409,UNKNOWN,Yahoo,,0,
BBTC,BBTC.NS,The Bombay Burmah Trading Corporation Limited,Consumer Defensive,Packaged Foods,2026-06-12,104769483336.58447,UNKNOWN,Yahoo,,0,
BBTCL,BBTCL.NS,B&B Triplewall Containers Limited,Consumer Cyclical,Packaging & Containers,2026-06-12,4553495280.0,UNKNOWN,Yahoo,,0,
BCG,BCG.NS,Brightcom Group Limited,Communication Services,Advertising Agencies,2026-06-12,21295406145.152493,UNKNOWN,Yahoo,,0,
BCLIND,BCLIND.NS,BCL Industries Limited,Consumer Defensive,Beverages - Wineries & Distilleries,2026-06-12,11245722803.616486,UNKNOWN,Yahoo,,0,
BCONCEPTS,BCONCEPTS.NS,Brand Concepts Limited,Consumer Cyclical,Footwear & Accessories,2026-06-12,2222148547.0733337,UNKNOWN,Yahoo,,0,
BCPL,BCPL.NS,BCPL Railway Infrastructure Limited,Industrials,Infrastructure Operations,2026-06-12,1289058047.6618958,UNKNOWN,Yahoo,,0,
BDL,BDL.NS,Bharat Dynamics Limited,Industrials,Aerospace & Defense,2026-06-12,434193281250.0,UNKNOWN,Yahoo,,0,
BEACON,BEACON.NS,"BEACON.NS,0P0001T25O,98000",,,2026-06-20,1602357727.9702606,UNKNOWN,Yahoo,,0,
BEARDSELL,BEARDSELL.NS,Beardsell Limited,Industrials,Building Products & Equipment,2026-06-12,1074263870.973587,UNKNOWN,Yahoo,,0,
BECTORFOOD,BECTORFOOD.NS,Mrs. Bectors Food Specialities Limited,Consumer Defensive,Packaged Foods,2026-06-12,55675814496.57219,UNKNOWN,Yahoo,,0,
BEDMUTHA,BEDMUTHA.NS,Bedmutha Industries Limited,Basic Materials,Steel,2026-06-12,3531927420.864624,UNKNOWN,Yahoo,,0,
BEEKAY,BEEKAY.NS,Beekay Steel Industries Limited,,,2026-06-20,0.0,NO_MARKET_CAP,Yahoo,2026-08-04T07:12:28.895175+00:00,3,No market cap returned.
BEL,BEL.NS,Bharat Electronics Limited,Industrials,Aerospace & Defense,2026-06-12,2957170936041.2515,UNKNOWN,Yahoo,,0,
BELLACASA,BELLACASA.NS,Bella Casa Fashion & Retail Limited,Consumer Cyclical,Textile Manufacturing,2026-06-12,3029055676.460266,UNKNOWN,Yahoo,,0,
BELRISE,BELRISE.NS,BELRISE INDUSTRIES LTD,Consumer Cyclical,Auto Parts,2026-06-12,201700020917.55493,UNKNOWN,Yahoo,,0,
BEML,BEML.NS,BEML Limited,Industrials,Conglomerates,2026-06-12,146505351000.0,UNKNOWN,Yahoo,,0,
BENGALASM,BENGALASM.NS,Bengal & Assam Company Limited,,,2026-06-20,0.0,NO_MARKET_CAP,Yahoo,2026-08-04T07:12:28.991570+00:00,3,No market cap returned.
BEPL,BEPL.NS,Bhansali Engineering Polymers Limited,Basic Materials,Chemicals,2026-06-12,23897877610.0177,UNKNOWN,Yahoo,,0,
BERGEPAINT,BERGEPAINT.NS,Berger Paints India Limited,Basic Materials,Specialty Chemicals,2026-06-12,605155459428.0,UNKNOWN,Yahoo,,0,
BESTAGRO,BESTAGRO.NS,Best Agrolife Limited,Basic Materials,Agricultural Inputs,2026-06-12,5550602579.703712,UNKNOWN,Yahoo,,0,
BEWLTD,BEWLTD.NS,"BEWLTD.NS,0P0001N6OA,2250",,,2026-06-20,938010997.0,UNKNOWN,Yahoo,,0,
BFINVEST,BFINVEST.NS,BF Investment Limited,Financial Services,Asset Management,2026-06-12,16472053264.590088,UNKNOWN,Yahoo,,0,
BFSI,BFSI.NS,MIRAEAMC - MAFSETF,,,2026-06-20,0.0,NO_MARKET_CAP,Yahoo,2026-08-04T07:12:29.095241+00:00,3,No market cap returned.
BFUTILITIE,BFUTILITIE.NS,BF Utilities Limited,Industrials,Infrastructure Operations,2026-06-12,23566752377.819824,UNKNOWN,Yahoo,,0,
BGRENERGY,BGRENERGY.NS,BGR Energy Systems Limited,Industrials,Engineering & Construction,2026-06-12,23506628170.0,UNKNOWN,Yahoo,,0,
BHAGCHEM,BHAGCHEM.NS,Bhagiradha Chemicals & Industries Limited,Basic Materials,Agricultural Inputs,2026-06-12,34329888930.0,UNKNOWN,Yahoo,,0,
BHAGERIA,BHAGERIA.NS,Bhageria Industries Limited,Basic Materials,Specialty Chemicals,2026-06-12,9064459850.753174,UNKNOWN,Yahoo,,0,
BHAGYANGR,BHAGYANGR.NS,Bhagyanagar India Limited,Basic Materials,Copper,2026-06-12,9918450000.0,UNKNOWN,Yahoo,,0,
BHANDARI,BHANDARI.NS,Bhandari Hosiery Exports Limited,Consumer Cyclical,Apparel Manufacturing,2026-06-12,1012187543.61872,UNKNOWN,Yahoo,,0,
BHARATCOAL,BHARATCOAL.NS,BHARAT COKING COAL LTD,Basic Materials,Coking Coal,2026-06-12,0.0,NO_MARKET_CAP,Yahoo,2026-08-04T07:12:29.304440+00:00,3,No market cap returned.
BHARATFORG,BHARATFORG.NS,Bharat Forge Limited,Consumer Cyclical,Auto Parts,2026-06-12,921802679687.1144,UNKNOWN,Yahoo,,0,
BHARATGEAR,BHARATGEAR.NS,Bharat Gears Limited,Consumer Cyclical,Auto Parts,2026-06-12,1702722372.2480164,UNKNOWN,Yahoo,,0,
BHARATRAS,BHARATRAS.NS,Bharat Rasayan Limited,Basic Materials,Agricultural Inputs,2026-06-12,23070047936.0,UNKNOWN,Yahoo,,0,
BHARATSE,BHARATSE.NS,Bharat Seats Limited,Consumer Cyclical,Auto Parts,2026-06-12,11116227655.029297,UNKNOWN,Yahoo,,0,
BHARATWIRE,BHARATWIRE.NS,Bharat Wire Ropes Limited,Basic Materials,Steel,2026-06-12,14025151498.392822,UNKNOWN,Yahoo,,0,
BHARTIARTL,BHARTIARTL.NS,Bharti Airtel Limited,Communication Services,Telecom Services,2026-06-12,11056629986929.332,UNKNOWN,Yahoo,,0,
BHARTIHEXA,BHARTIHEXA.NS,BHARTI HEXACOM LIMITED,Communication Services,Telecom Services,2026-06-12,734900024414.0625,UNKNOWN,Yahoo,,0,
BHEL,BHEL.NS,Bharat Heavy Electricals Limited,Industrials,Specialty Industrial Machinery,2026-06-12,1296720372149.172,UNKNOWN,Yahoo,,0,
BI,BI.NS,Bilcare Limited,,,2026-06-20,0.0,NO_MARKET_CAP,Yahoo,2026-08-04T07:12:29.420859+00:00,3,No market cap returned.
BIGBLOC,BIGBLOC.NS,Bigbloc Construction Limited,Industrials,Building Products & Equipment,2026-06-12,6914559651.602745,UNKNOWN,Yahoo,,0,
BIKAJI,BIKAJI.NS,Bikaji Foods International Limited,Consumer Defensive,Packaged Foods,2026-06-12,169247070000.0,UNKNOWN,Yahoo,,0,
BIL,BIL.NS,Bhartiya International Ltd.,Consumer Cyclical,Footwear & Accessories,2026-06-12,9301460742.197388,UNKNOWN,Yahoo,,0,
BIMETAL,BIMETAL.NS,Bimetal Bearings Limited,Consumer Cyclical,Auto Parts,2026-06-12,2467698843.383789,UNKNOWN,Yahoo,,0,
BIOCON,BIOCON.NS,Biocon Limited,Healthcare,Biotechnology,2026-06-12,678087757681.8772,UNKNOWN,Yahoo,,0,
BIOFILCHEM,BIOFILCHEM.NS,Biofil Chemicals and Pharmaceuticals Limited,Healthcare,Drug Manufacturers - Specialty & Generic,2026-06-12,580323705.5168152,UNKNOWN,Yahoo,,0,
BIRDYS,BIRDYS.NS,"BIRDYS.NS,0P0001SPW7,1200",,,2026-06-20,498945575.894165,UNKNOWN,Yahoo,,0,
BIRET,BIRET.NS,"BIRET.NS,0P0001LR17,171521",,,2026-06-20,267146953578.9045,UNKNOWN,Yahoo,,0,
BIRLACABLE,BIRLACABLE.NS,Birla Cable Limited,Technology,Communication Equipment,2026-06-12,5823900146.484375,UNKNOWN,Yahoo,,0,
BIRLACORPN,BIRLACORPN.NS,Birla Corporation Limited,Basic Materials,Building Materials,2026-06-12,72100105456.09332,UNKNOWN,Yahoo,,0,
BIRLAMONEY,BIRLAMONEY.NS,Aditya Birla Money Limited,Financial Services,Capital Markets,2026-06-12,7315681540.85527,UNKNOWN,Yahoo,,0,
BIRLANU,BIRLANU.NS,BirlaNu Limited,Industrials,Building Products & Equipment,2026-06-12,9572417374.70398,UNKNOWN,Yahoo,,0,
BIRLAPREC,BIRLAPREC.NS,Birla Precision Technologies Limited,,,2026-06-20,0.0,NO_MARKET_CAP,Yahoo,2026-08-04T07:12:29.522944+00:00,3,No market cap returned.
BLACKBUCK,BLACKBUCK.NS,BlackBuck Limited,Technology,Software - Application,2026-06-12,98376526137.97302,UNKNOWN,Yahoo,,0,
BLACKROSE,BLACKROSE.NS,Black Rose Industries Limited,,,2026-06-20,0.0,NO_MARKET_CAP,Yahoo,2026-08-04T07:12:29.615378+00:00,3,No market cap returned.
BLAL,BLAL.NS,BEML Land Assets Limited,Financial Services,Shell Companies,2026-06-12,7630938408.760071,UNKNOWN,Yahoo,,0,
BLBLIMITED,BLBLIMITED.NS,BLB Limited,Financial Services,Capital Markets,2026-06-12,839500303.0899487,UNKNOWN,Yahoo,,0,
BLIL,BLIL.NS,Balmer Lawrie Investments Limited,,,2026-06-20,0.0,NO_MARKET_CAP,Yahoo,2026-08-04T07:12:29.705713+00:00,3,No market cap returned.
BLISSGVS,BLISSGVS.NS,Bliss GVS Pharma Limited,Healthcare,Drug Manufacturers - Specialty & Generic,2026-06-12,46705831138.0,UNKNOWN,Yahoo,,0,
BLKASHYAP,BLKASHYAP.NS,B.L. Kashyap and Sons Limited,Industrials,Engineering & Construction,2026-06-12,12040760931.25885,UNKNOWN,Yahoo,,0,
BLS,BLS.NS,BLS International Services Limited,Industrials,Specialty Business Services,2026-06-12,105473148420.435,UNKNOWN,Yahoo,,0,
BLSE,BLSE.NS,BLS E-SERVICES LIMITED,Industrials,Specialty Business Services,2026-06-12,20796044710.491425,UNKNOWN,Yahoo,,0,
BLUECHIP,BLUECHIP.NS,Blue Chip India Limited,Financial Services,Capital Markets,2026-06-12,135495633.0,UNKNOWN,Yahoo,,0,
BLUECOAST,BLUECOAST.NS,Blue Coast Hotels Limited,Consumer Cyclical,Lodging,2026-06-12,560867374.5,UNKNOWN,Yahoo,,0,
BLUEDART,BLUEDART.NS,Blue Dart Express Limited,Industrials,Integrated Freight & Logistics,2026-06-12,112517863028.0,UNKNOWN,Yahoo,,0,
BLUEJET,BLUEJET.NS,Blue Jet Healthcare Limited,Healthcare,Biotechnology,2026-06-12,89126533247.50214,UNKNOWN,Yahoo,,0,
BLUEPEBBLE,BLUEPEBBLE.NS,"BLUEPEBBLE.NS,0P0001SM6K,6400",,,2026-06-20,308040000.0,UNKNOWN,Yahoo,,0,
BLUESTARCO,BLUESTARCO.NS,Blue Star Limited,Industrials,Building Products & Equipment,2026-06-12,321958067976.0,UNKNOWN,Yahoo,,0,
BLUESTONE,BLUESTONE.NS,BLUESTONE JEWEL LFSTL LTD,Consumer Cyclical,Luxury Goods,2026-06-12,78700283429.1466,UNKNOWN,Yahoo,,0,
BLUSPRING,BLUSPRING.NS,Bluspring Enterprises Limited,Industrials,Specialty Business Services,2026-06-12,13228515047.936554,UNKNOWN,Yahoo,,0,
BMETRICS,BMETRICS.NS,"BMETRICS.NS,0P0001NGLP,12800",,,2026-06-20,443916806.6052246,UNKNOWN,Yahoo,,0,
BMWVENTLTD,BMWVENTLTD.NS,BMW VENTURES LIMITED,Basic Materials,Steel,2026-06-12,5116185000.0,UNKNOWN,Yahoo,,0,
BNAGROCHEM,BNAGROCHEM.NS,BN Agrochem Limited,,,2026-06-20,0.0,NO_MARKET_CAP,Yahoo,2026-08-04T07:12:29.801598+00:00,3,No market cap returned.
BNALTD,BNALTD.NS,B & A Limited,,,2026-06-20,0.0,NO_MARKET_CAP,Yahoo,2026-08-04T07:12:30.195069+00:00,3,No market cap returned.
BODALCHEM,BODALCHEM.NS,Bodal Chemicals Limited,Basic Materials,Specialty Chemicals,2026-06-12,8501224387.5,UNKNOWN,Yahoo,,0,
BOHRAIND,BOHRAIND.NS,Bohra Industries Limited,Basic Materials,Agricultural Inputs,2026-06-12,167946543.62072754,UNKNOWN,Yahoo,,0,
BOMDYEING,BOMDYEING.NS,The Bombay Dyeing and Manufacturing Company Limited,Consumer Cyclical,Textile Manufacturing,2026-06-12,25973829465.206142,UNKNOWN,Yahoo,,0,
BONLON,BONLON.NS,Bonlon Industries Limited,Basic Materials,Other Industrial Metals & Mining,2026-06-12,671717678.0,UNKNOWN,Yahoo,,0,
BORANA,BORANA.NS,BORANA WEAVES LIMITED,Consumer Cyclical,Textile Manufacturing,2026-06-12,8606430285.0,UNKNOWN,Yahoo,,0,
BOROLTD,BOROLTD.NS,Borosil Limited,Consumer Cyclical,"Furnishings, Fixtures & Appliances",2026-06-12,26309278380.0,UNKNOWN,Yahoo,,0,
BORORENEW,BORORENEW.NS,Borosil Renewables Limited,Technology,Solar,2026-06-12,75858131207.25,UNKNOWN,Yahoo,,0,
BOROSCI,BOROSCI.NS,Borosil Scientific Limited,Consumer Cyclical,Packaging & Containers,2026-06-12,13758329042.532349,UNKNOWN,Yahoo,,0,
BOSCH-HCIL,BOSCH-HCIL.NS,Bosch Home Comfort India Limited,Consumer Cyclical,"Furnishings, Fixtures & Appliances",2026-06-12,204015687380.27344,UNKNOWN,Yahoo,,0,
BOSCHLTD,BOSCHLTD.NS,Bosch Limited,Consumer Cyclical,Auto Parts,2026-06-12,1153444990500.0,UNKNOWN,Yahoo,,0,
BPCL,BPCL.NS,Bharat Petroleum Corporation Limited,Energy,Oil & Gas Refining & Marketing,2026-06-12,1259985253264.8115,UNKNOWN,Yahoo,,0,
BPL,BPL.NS,BPL Limited,Technology,Consumer Electronics,2026-06-12,2522251176.5,UNKNOWN,Yahoo,,0,
BRIGADE,BRIGADE.NS,Brigade Enterprises Limited,Real Estate,Real Estate - Development,2026-06-12,161205756315.0,UNKNOWN,Yahoo,,0,
BRIGHOTEL,BRIGHOTEL.NS,BRIGADE HOTEL VENTURE LTD,Consumer Cyclical,Lodging,2026-06-12,23565433080.35625,UNKNOWN,Yahoo,,0,
BRITANNIA,BRITANNIA.NS,Britannia Industries Limited,Consumer Defensive,Packaged Foods,2026-06-12,1236136095072.0,UNKNOWN,Yahoo,,0,
BRNL,BRNL.NS,Bharat Road Network Limited,Industrials,Infrastructure Operations,2026-06-12,1599247435.951233,UNKNOWN,Yahoo,,0,
BROOKS,BROOKS.NS,Brooks Laboratories Limited,Healthcare,Drug Manufacturers - Specialty & Generic,2026-06-12,1938287008.2963867,UNKNOWN,Yahoo,,0,
BSE,BSE.NS,BSE Limited,Financial Services,Financial Data & Stock Exchanges,2026-06-12,1613632028905.879,UNKNOWN,Yahoo,,0,
BSHSL,BSHSL.NS,Bombay Super Hybrid Seeds Limited,Basic Materials,Agricultural Inputs,2026-06-12,9864104320.0,UNKNOWN,Yahoo,,0,
BSL,BSL.NS,BSL Limited,Consumer Cyclical,Textile Manufacturing,2026-06-12,1276125888.3335571,UNKNOWN,Yahoo,,0,
BSOFT,BSOFT.NS,Birlasoft Limited,Technology,Information Technology Services,2026-06-12,86850363996.0,UNKNOWN,Yahoo,,0,
BTML,BTML.NS,Bodhi Tree Multimedia Limited,Communication Services,Entertainment,2026-06-12,1181035550.5,UNKNOWN,Yahoo,,0,
BTTL,BTTL.NS,Bhilwara Technical Textiles Limited,Consumer Cyclical,Textile Manufacturing,2026-06-12,1999285696.25,UNKNOWN,Yahoo,,0,
BUILDPRO,BUILDPRO.NS,Shankara Buildpro Limited,Consumer Cyclical,Home Improvement Retail,2026-06-12,24722187857.0,UNKNOWN,Yahoo,,0,
BUTTERFLY,BUTTERFLY.NS,Butterfly Gandhimathi Appliances Limited,Consumer Cyclical,"Furnishings, Fixtures & Appliances",2026-06-12,11254283595.206238,UNKNOWN,Yahoo,,0,
BVCL,BVCL.NS,Barak Valley Cements Limited,Basic Materials,Building Materials,2026-06-12,908560000.0,UNKNOWN,Yahoo,,0,
BYKE,BYKE.NS,The Byke Hospitality Limited,Consumer Cyclical,Lodging,2026-06-12,1802590240.068436,UNKNOWN,Yahoo,,0,
CADSYS,CADSYS.NS,"CADSYS.NS,0P0001BQED,21000",,,2026-06-20,704711319.4732666,UNKNOWN,Yahoo,,0,
CALSOFT,CALSOFT.NS,California Software Company Limited,Technology,Software - Application,2026-06-12,1236568480.0,UNKNOWN,Yahoo,,0,
CAMLINFINE,CAMLINFINE.NS,Camlin Fine Sciences Limited,Basic Materials,Specialty Chemicals,2026-06-12,26318470841.93925,UNKNOWN,Yahoo,,0,
CAMPUS,CAMPUS.NS,Campus Activewear Limited,Consumer Cyclical,Footwear & Accessories,2026-06-12,72532549071.9429,UNKNOWN,Yahoo,,0,
CAMS,CAMS.NS,Computer Age Management Services Limited,Technology,Information Technology Services,2026-06-12,183409328666.49097,UNKNOWN,Yahoo,,0,
CANARYS,CANARYS.NS,"CANARYS.NS,0P0001RNPL,128000",,,2026-06-20,1141062497.9871712,UNKNOWN,Yahoo,,0,
CANBK,CANBK.NS,Canara Bank,Financial Services,Banks - Regional,2026-06-12,1176191332275.3416,UNKNOWN,Yahoo,,0,
CANFINHOME,CANFINHOME.NS,Can Fin Homes Limited,Financial Services,Mortgage Finance,2026-06-12,114745968794.25,UNKNOWN,Yahoo,,0,
CANHLIFE,CANHLIFE.NS,CANARA HSBC LIFE INS CO L,Financial Services,Insurance - Life,2026-06-12,130989790881.25,UNKNOWN,Yahoo,,0,
CANTABIL,CANTABIL.NS,Cantabil Retail India Limited,Consumer Cyclical,Apparel Manufacturing,2026-06-12,17975487403.654175,UNKNOWN,Yahoo,,0,
CAPACITE,CAPACITE.NS,Capacit'e Infraprojects Limited,Industrials,Engineering & Construction,2026-06-12,18375997881.40895,UNKNOWN,Yahoo,,0,
CAPILLARY,CAPILLARY.NS,CAPILLARY TECHNO INDIA L,Technology,Software - Infrastructure,2026-06-12,39402208201.28302,UNKNOWN,Yahoo,,0,
CAPITALSFB,CAPITALSFB.NS,Capital Small Finance Bank Limited,Financial Services,Banks - Regional,2026-06-12,12800349073.75,UNKNOWN,Yahoo,,0,
CAPLIPOINT,CAPLIPOINT.NS,Caplin Point Laboratories Limited,Healthcare,Drug Manufacturers - Specialty & Generic,2026-06-12,181318292215.3828,UNKNOWN,Yahoo,,0,
CAPTRUST,CAPTRUST.NS,Capital Trust Limited,Financial Services,Credit Services,2026-06-12,441058882.2869682,UNKNOWN,Yahoo,,0,
CARBORUNIV,CARBORUNIV.NS,Carborundum Universal Limited,Industrials,Conglomerates,2026-06-12,195846364755.4797,UNKNOWN,Yahoo,,0,
CARERATING,CARERATING.NS,CARE Ratings Limited,Financial Services,Financial Data & Stock Exchanges,2026-06-12,48541556380.1936,UNKNOWN,Yahoo,,0,
CARRARO,CARRARO.NS,CARRARO INDIA LIMITED,Consumer Cyclical,Auto Parts,2026-06-12,29275700187.0885,UNKNOWN,Yahoo,,0,
CARTRADE,CARTRADE.NS,CarTrade Tech Limited,Consumer Cyclical,Auto & Truck Dealerships,2026-06-12,112181809760.0,UNKNOWN,Yahoo,,0,
CARYSIL,CARYSIL.NS,Carysil Limited,Consumer Cyclical,"Furnishings, Fixtures & Appliances",2026-06-12,33420062050.0,UNKNOWN,Yahoo,,0,
CASTROLIND,CASTROLIND.NS,Castrol India Limited,Energy,Oil & Gas Refining & Marketing,2026-06-12,180821460604.19043,UNKNOWN,Yahoo,,0,
CBAZAAR,CBAZAAR.NS,"CBAZAAR.NS,0P0001S08Q,24000",,,2026-06-20,96543351.0,UNKNOWN,Yahoo,,0,
CCAVENUE,CCAVENUE.NS,AvenuesAI Limited,Technology,Software - Infrastructure,2026-06-12,46819714166.54819,UNKNOWN,Yahoo,,0,
CCCL,CCCL.NS,Consolidated Construction Consortium Limited,Industrials,Engineering & Construction,2026-06-12,6656715649.474794,UNKNOWN,Yahoo,,0,
CCHHL,CCHHL.NS,Country Club Hospitality & Holidays Limited,Consumer Cyclical,Lodging,2026-06-12,2043309187.5,UNKNOWN,Yahoo,,0,
CCL,CCL.NS,CCL Products (India) Limited,Consumer Defensive,Packaged Foods,2026-06-12,149952914253.19067,UNKNOWN,Yahoo,,0,
CDSL,CDSL.NS,Central Depository Services (India) Limited,Financial Services,Capital Markets,2026-06-12,252681000000.0,UNKNOWN,Yahoo,,0,
CEATLTD,CEATLTD.NS,CEAT Limited,Consumer Cyclical,Auto Parts,2026-06-12,130141743520.0,UNKNOWN,Yahoo,,0,
CEIGALL,CEIGALL.NS,CEIGALL INDIA LIMITED,Industrials,Engineering & Construction,2026-06-12,65692654146.36209,UNKNOWN,Yahoo,,0,
CEINSYS,CEINSYS.NS,Ceinsys Tech Limited,Industrials,Engineering & Construction,2026-06-12,19263694747.46332,UNKNOWN,Yahoo,,0,
CELEBRITY,CELEBRITY.NS,Celebrity Fashions Limited,Consumer Cyclical,Apparel Manufacturing,2026-06-12,487985492.066514,UNKNOWN,Yahoo,,0,
CELLECOR,CELLECOR.NS,"CELLECOR.NS,0P0001RM26,155400",,,2026-06-20,7869052802.149963,UNKNOWN,Yahoo,,0,
CELLO,CELLO.NS,Cello World Limited,Consumer Cyclical,"Furnishings, Fixtures & Appliances",2026-06-12,82500560199.0,UNKNOWN,Yahoo,,0,
CELLPOINT,CELLPOINT.NS,"CELLPOINT.NS,0P0001R5TB,28800",,,2026-06-20,301772432.8720093,UNKNOWN,Yahoo,,0,
CEMPRO,CEMPRO.NS,Cemindia Projects Limited,Industrials,Engineering & Construction,2026-06-12,193381274920.7344,UNKNOWN,Yahoo,,0,
CENTENKA,CENTENKA.NS,Century Enka Limited,Consumer Cyclical,Textile Manufacturing,2026-06-12,10868482835.234589,UNKNOWN,Yahoo,,0,
CENTEXT,CENTEXT.NS,Century Extrusions Limited,Basic Materials,Aluminum,2026-06-12,1553600006.1035156,UNKNOWN,Yahoo,,0,
CENTRALBK,CENTRALBK.NS,Central Bank of India,Financial Services,Banks - Regional,2026-06-12,278240073091.05865,UNKNOWN,Yahoo,,0,
CENTRUM,CENTRUM.NS,Centrum Capital Limited,Financial Services,Financial Conglomerates,2026-06-12,10320537255.0,UNKNOWN,Yahoo,,0,
CENTUM,CENTUM.NS,Centum Electronics Limited,Technology,Electronic Components,2026-06-12,52946663459.17456,UNKNOWN,Yahoo,,0,
CENTURYPLY,CENTURYPLY.NS,Century Plyboards (India) Limited,Basic Materials,Lumber & Wood Production,2026-06-12,159120298150.07263,UNKNOWN,Yahoo,,0,
CERA,CERA.NS,Cera Sanitaryware Limited,Industrials,Building Products & Equipment,2026-06-12,77576970405.0,UNKNOWN,Yahoo,,0,
CEREBRAINT,CEREBRAINT.NS,Cerebra Integrated Technologies Limited,Industrials,Waste Management,2026-06-12,439906943.52869225,UNKNOWN,Yahoo,,0,
CESC,CESC.NS,CESC Limited,Utilities,Utilities - Regulated Electric,2026-06-12,223093507414.31992,UNKNOWN,Yahoo,,0,
CEWATER,CEWATER.NS,CONCORD ENVIRO SYSTEMS L,Utilities,Utilities - Regulated Water,2026-06-12,5295131339.3697815,UNKNOWN,Yahoo,,0,
CGCL,CGCL.NS,Capri Global Capital Limited,Financial Services,Credit Services,2026-06-12,193008090649.7217,UNKNOWN,Yahoo,,0,
CGPOWER,CGPOWER.NS,CG Power and Industrial Solutions Limited,Industrials,Electrical Equipment & Parts,2026-06-12,1425337215345.0,UNKNOWN,Yahoo,,0,
CGRAPHICS,CGRAPHICS.NS,"CGRAPHICS.NS,0P0001SN5H,145600",,,2026-06-20,3424326000.0,UNKNOWN,Yahoo,,0,
CHALET,CHALET.NS,Chalet Hotels Limited,Consumer Cyclical,Lodging,2026-06-12,158354647887.1637,UNKNOWN,Yahoo,,0,
CHAMBLFERT,CHAMBLFERT.NS,Chambal Fertilisers and Chemicals Limited,Basic Materials,Agricultural Inputs,2026-06-12,187324976571.5749,UNKNOWN,Yahoo,,0,
CHAVDA,CHAVDA.NS,"CHAVDA.NS,0P0001RKX4,217000",,,2026-06-20,2214108875.2441406,UNKNOWN,Yahoo,,0,
CHEMBOND,CHEMBOND.NS,Chembond Material Technologies Limited,Basic Materials,Specialty Chemicals,2026-06-12,1997877632.4472656,UNKNOWN,Yahoo,,0,
CHEMBONDCH,CHEMBONDCH.NS,Chembond Chemicals Limited,Basic Materials,Specialty Chemicals,2026-06-12,4627555982.881836,UNKNOWN,Yahoo,,0,
CHEMCON,CHEMCON.NS,Chemcon Speciality Chemicals Limited,Basic Materials,Specialty Chemicals,2026-06-12,7072289710.361267,UNKNOWN,Yahoo,,0,
CHEMFAB,CHEMFAB.NS,Chemfab Alkalis Limited,Basic Materials,Specialty Chemicals,2026-06-12,5662520078.3602295,UNKNOWN,Yahoo,,0,
CHEMICAL,CHEMICAL.NS,Kotak Mahindra AMC Ltd - Kotak Mutual Fund - Kotak Nifty Chemicals ETF,,,2026-06-20,0.0,NO_MARKET_CAP,Yahoo,2026-08-04T07:12:30.283033+00:00,3,No market cap returned.
CHEMPLASTS,CHEMPLASTS.NS,Chemplast Sanmar Limited,Basic Materials,Chemicals,2026-06-12,31780024374.0,UNKNOWN,Yahoo,,0,
CHENNPETRO,CHENNPETRO.NS,Chennai Petroleum Corporation Limited,Energy,Oil & Gas Refining & Marketing,2026-06-12,168627272995.53223,UNKNOWN,Yahoo,,0,
CHEVIOT,CHEVIOT.NS,Cheviot Company Limited,Consumer Cyclical,Textile Manufacturing,2026-06-12,6280015625.0,UNKNOWN,Yahoo,,0,
CHOICEIN,CHOICEIN.NS,Choice International Limited,Financial Services,Capital Markets,2026-06-12,150173633211.1206,UNKNOWN,Yahoo,,0,
CHOLAFIN,CHOLAFIN.NS,Cholamandalam Investment and Finance Company Limited,Financial Services,Credit Services,2026-06-12,1291434860067.0078,UNKNOWN,Yahoo,,0,
CHOLAHLDNG,CHOLAHLDNG.NS,Cholamandalam Financial Holdings Limited,Financial Services,Credit Services,2026-06-12,278793188662.5786,UNKNOWN,Yahoo,,0,
CIEINDIA,CIEINDIA.NS,CIE Automotive India Limited,Consumer Cyclical,Auto Parts,2026-06-12,169347362777.3558,UNKNOWN,Yahoo,,0,
CIFL,CIFL.NS,Capital India Finance Limited,Financial Services,Credit Services,2026-06-12,9009937510.022736,UNKNOWN,Yahoo,,0,
CIGNITITEC,CIGNITITEC.NS,Cigniti Technologies Limited,,,2026-06-20,34711922363.36682,UNKNOWN,Yahoo,,0,
CINELINE,CINELINE.NS,Cineline India Limited,Communication Services,Entertainment,2026-06-12,2681348460.5,UNKNOWN,Yahoo,,0,
CINEVISTA,CINEVISTA.NS,Cinevista Limited,Communication Services,Entertainment,2026-06-12,883372992.0730829,UNKNOWN,Yahoo,,0,
CIPLA,CIPLA.NS,Cipla Limited,Healthcare,Drug Manufacturers - Specialty & Generic,2026-06-12,1126944215820.0,UNKNOWN,Yahoo,,0,
CLEAN,CLEAN.NS,Clean Science and Technology Limited,Basic Materials,Specialty Chemicals,2026-06-12,81082937102.78809,UNKNOWN,Yahoo,,0,
CLEANMAX,CLEANMAX.NS,CLEAN MAX ENVIRO EN SOL L,Utilities,Utilities - Renewable,2026-06-12,145587952869.0,UNKNOWN,Yahoo,,0,
CLEDUCATE,CLEDUCATE.NS,CL Educate Limited,Consumer Defensive,Education & Training Services,2026-06-12,2917791254.4452744,UNKNOWN,Yahoo,,0,
CLSEL,CLSEL.NS,Chaman Lal Setia Exports Ltd.,Consumer Defensive,Packaged Foods,2026-06-12,15357758040.5011,UNKNOWN,Yahoo,,0,
CLSL,CLSL.NS,"CLSL.NS,0P0001RHEQ,94000",,,2026-06-20,754160000.0,UNKNOWN,Yahoo,,0,
CMNL,CMNL.NS,"CMNL.NS,0P0001QB2R,36000",,,2026-06-20,2459332488.426728,UNKNOWN,Yahoo,,0,
CMPDI,CMPDI.NS,CENTRAL MINE P N D INST L,Basic Materials,Other Industrial Metals & Mining,2026-06-12,0.0,NO_MARKET_CAP,Yahoo,2026-08-04T07:12:30.553530+00:00,3,No market cap returned.
CMRSL,CMRSL.NS,"CMRSL.NS,0P0001PRY5,8800",,,2026-06-20,194712000.0,UNKNOWN,Yahoo,,0,
CMSINFO,CMSINFO.NS,CMS Info Systems Limited,Industrials,Specialty Business Services,2026-06-12,48526915209.75,UNKNOWN,Yahoo,,0,
CNL,CNL.NS,Creative Newtech Limited,Technology,Electronics & Computer Distribution,2026-06-12,10466622475.0,UNKNOWN,Yahoo,,0,
COALINDIA,COALINDIA.NS,Coal India Limited,Energy,Thermal Coal,2026-06-12,2723309610086.991,UNKNOWN,Yahoo,,0,
COASTCORP,COASTCORP.NS,Coastal Corporation Limited,Consumer Defensive,Packaged Foods,2026-06-12,3288581890.800857,UNKNOWN,Yahoo,,0,
COCHINSHIP,COCHINSHIP.NS,Cochin Shipyard Limited,Industrials,Aerospace & Defense,2026-06-12,368812951904.8706,UNKNOWN,Yahoo,,0,
COCKERILL,COCKERILL.NS,John Cockerill India Limited,Industrials,Metal Fabrication,2026-06-12,0.0,NO_MARKET_CAP,Yahoo,2026-08-04T07:12:30.639748+00:00,3,No market cap returned.
COFFEEDAY,COFFEEDAY.NS,Coffee Day Enterprises Limited,Consumer Cyclical,Restaurants,2026-06-12,7212133557.722183,UNKNOWN,Yahoo,,0,
COFORGE,COFORGE.NS,Coforge Limited,Technology,Information Technology Services,2026-06-12,607345361112.0,UNKNOWN,Yahoo,,0,
COHANCE,COHANCE.NS,COHANCE LIFESCIENCES LTD,Healthcare,Drug Manufacturers - Specialty & Generic,2026-06-12,162554860683.0,UNKNOWN,Yahoo,,0,
COLPAL,COLPAL.NS,Colgate-Palmolive (India) Limited,Consumer Defensive,Household & Personal Products,2026-06-12,559800818618.2515,UNKNOWN,Yahoo,,0,
COMFINTE,COMFINTE.NS,Comfort Intech Limited,,,2026-06-20,0.0,NO_MARKET_CAP,Yahoo,2026-08-04T07:12:30.732194+00:00,3,No market cap returned.
COMMITTED,COMMITTED.NS,"COMMITTED.NS,0P0001RPD8,49600",,,2026-06-20,3419544570.0561523,UNKNOWN,Yahoo,,0,
COMPINFO,COMPINFO.NS,Compuage Infocom Limited,Technology,Electronics & Computer Distribution,2026-06-12,117006243.5145557,UNKNOWN,Yahoo,,0,
COMPUSOFT,COMPUSOFT.NS,Compucom Software Limited,Consumer Defensive,Education & Training Services,2026-06-12,1090345069.5112953,UNKNOWN,Yahoo,,0,
COMSYN,COMSYN.NS,Commercial Syn Bags Limited,Consumer Cyclical,Packaging & Containers,2026-06-12,6852823492.96875,UNKNOWN,Yahoo,,0,
CONCOR,CONCOR.NS,Container Corporation of India Limited,Industrials,Railroads,2026-06-12,336025842219.09393,UNKNOWN,Yahoo,,0,
CONCORDBIO,CONCORDBIO.NS,Concord Biotech Limited,Healthcare,Biotechnology,2026-06-12,141890962593.4131,UNKNOWN,Yahoo,,0,
CONFIPET,CONFIPET.NS,Confidence Petroleum India Limited,Energy,Oil & Gas Refining & Marketing,2026-06-12,23974514879.58304,UNKNOWN,Yahoo,,0,
CONS,CONS.NS,Kotak NIFTY India Consumption ETF,,,2026-06-20,0.0,NO_MARKET_CAP,Yahoo,2026-08-04T07:12:30.830133+00:00,3,No market cap returned.
CONSOFINVT,CONSOFINVT.NS,Consolidated Finvest & Holdings Limited,Financial Services,Capital Markets,2026-06-12,7305758716.0,UNKNOWN,Yahoo,,0,
CONSUMER,CONSUMER.NS,Mirae Asset Nifty India New Age Consumption ETF,,,2026-06-20,0.0,NO_MARKET_CAP,Yahoo,2026-08-04T07:12:30.909619+00:00,3,No market cap returned.
CONTI,CONTI.NS,Continental Seeds and Chemicals Limited,,,2026-06-20,165132994.0,UNKNOWN,Yahoo,,0,
CONTROLPR,CONTROLPR.NS,Control Print Limited,Industrials,Business Equipment & Supplies,2026-06-12,9638111760.716309,UNKNOWN,Yahoo,,0,
COOLCAPS,COOLCAPS.NS,"COOLCAPS.NS,0P0001ON67,1250",,,2026-06-20,3887609065.781508,UNKNOWN,Yahoo,,0,
CORALFINAC,CORALFINAC.NS,Coral India Finance and Housing Limited,Real Estate,Real Estate Services,2026-06-12,1281610724.2518425,UNKNOWN,Yahoo,,0,
CORDSCABLE,CORDSCABLE.NS,Cords Cable Industries Limited,Industrials,Electrical Equipment & Parts,2026-06-12,2703198876.904907,UNKNOWN,Yahoo,,0,
COROMANDEL,COROMANDEL.NS,Coromandel International Limited,Basic Materials,Agricultural Inputs,2026-06-12,552884617928.4154,UNKNOWN,Yahoo,,0,
CORONA,CORONA.NS,CORONA REMEDIES LIMITED,Healthcare,Drug Manufacturers - General,2026-06-12,0.0,NO_MARKET_CAP,Yahoo,2026-08-04T07:12:31.006725+00:00,3,No market cap returned.
COSMOFIRST,COSMOFIRST.NS,Cosmo First Limited,Consumer Cyclical,Packaging & Containers,2026-06-12,18805385706.62201,UNKNOWN,Yahoo,,0,
COUNCODOS,COUNCODOS.NS,Country Condo's Limited,Real Estate,Real Estate - Development,2026-06-12,373243008.5598469,UNKNOWN,Yahoo,,0,
CPCAP,CPCAP.NS,CP Capital Limited,Financial Services,Credit Services,2026-06-12,1710706564.0,UNKNOWN,Yahoo,,0,
CPEDU,CPEDU.NS,Career Point Edutech Ltd.,Consumer Defensive,Education & Training Services,2026-06-12,3169209918.2795563,UNKNOWN,Yahoo,,0,
CPPLUS,CPPLUS.NS,ADITYA INFOTECH LIMITED,Industrials,Building Products & Equipment,2026-06-12,399065306552.5818,UNKNOWN,Yahoo,,0,
CPS,CPS.NS,"CPS.NS,0P0001RJ4S,0",,,2026-06-20,2312831520.0,UNKNOWN,Yahoo,,0,
CRAFTSMAN,CRAFTSMAN.NS,Craftsman Automation Limited,Consumer Cyclical,Auto Parts,2026-06-12,210406242060.0,UNKNOWN,Yahoo,,0,
CRAMC,CRAMC.NS,CANARA ROBECO AMC LIMITED,Financial Services,Asset Management,2026-06-12,49170356682.53687,UNKNOWN,Yahoo,,0,
CRAYONS,CRAYONS.NS,"CRAYONS.NS,0P0001R10R,12000",,,2026-06-20,701141018.6386108,UNKNOWN,Yahoo,,0,
CREATIVEYE,CREATIVEYE.NS,Creative Eye Limited,Communication Services,Entertainment,2026-06-12,129375708.67419244,UNKNOWN,Yahoo,,0,
CREDITACC,CREDITACC.NS,CreditAccess Grameen Limited,Financial Services,Credit Services,2026-06-12,206556766282.4359,UNKNOWN,Yahoo,,0,
CREST,CREST.NS,Crest Ventures Limited,Financial Services,Financial Conglomerates,2026-06-12,10260839325.0,UNKNOWN,Yahoo,,0,
CRISIL,CRISIL.NS,CRISIL Limited,Financial Services,Financial Data & Stock Exchanges,2026-06-12,285016921114.1968,UNKNOWN,Yahoo,,0,
CRIZAC,CRIZAC.NS,CRIZAC LIMITED,Consumer Defensive,Education & Training Services,2026-06-12,35871412500.0,UNKNOWN,Yahoo,,0,
CROMPTON,CROMPTON.NS,Crompton Greaves Consumer Electricals Limited,Consumer Cyclical,"Furnishings, Fixtures & Appliances",2026-06-12,165458293257.15527,UNKNOWN,Yahoo,,0,
CROWN,CROWN.NS,Crown Lifters Limited,Industrials,Rental & Leasing Services,2026-06-12,1241301829.274536,UNKNOWN,Yahoo,,0,
CSBBANK,CSBBANK.NS,CSB Bank Limited,Financial Services,Banks - Regional,2026-06-12,60613657956.1409,UNKNOWN,Yahoo,,0,
CSLFINANCE,CSLFINANCE.NS,CSL Finance Limited,Financial Services,Credit Services,2026-06-12,5062832134.034729,UNKNOWN,Yahoo,,0,
CTE,CTE.NS,Cambridge Technology Enterprises Limited,Technology,Information Technology Services,2026-06-12,607939346.7112827,UNKNOWN,Yahoo,,0,
CUB,CUB.NS,City Union Bank Limited,Financial Services,Banks - Regional,2026-06-12,200238106644.9853,UNKNOWN,Yahoo,,0,
CUBEXTUB,CUBEXTUB.NS,Cubex Tubings Limited,Basic Materials,Copper,2026-06-12,1181888209.6094131,UNKNOWN,Yahoo,,0,
CUMMINSIND,CUMMINSIND.NS,Cummins India Limited,Industrials,Specialty Industrial Machinery,2026-06-12,1558695600000.0,UNKNOWN,Yahoo,,0,
CUPID,CUPID.NS,Cupid Limited,Consumer Defensive,Household & Personal Products,2026-06-12,214594396188.70544,UNKNOWN,Yahoo,,0,
CURAA,CURAA.NS,CURA TECHNOLOGIES LIMITED,Technology,Software - Application,2026-06-12,844767018.1274414,UNKNOWN,Yahoo,,0,
CYBERMEDIA,CYBERMEDIA.NS,Cyber Media (India) Limited,Communication Services,Publishing,2026-06-12,353688653.04491043,UNKNOWN,Yahoo,,0,
CYBERTECH,CYBERTECH.NS,CyberTech Systems and Software Limited,Technology,Information Technology Services,2026-06-12,4197960656.056061,UNKNOWN,Yahoo,,0,
CYIENT,CYIENT.NS,Cyient Limited,Industrials,Conglomerates,2026-06-12,96102064273.3396,UNKNOWN,Yahoo,,0,
CYIENTDLM,CYIENTDLM.NS,Cyient DLM Limited,Industrials,Aerospace & Defense,2026-06-12,35555249408.0,UNKNOWN,Yahoo,,0,
DABUR,DABUR.NS,Dabur India Limited,Consumer Defensive,Household & Personal Products,2026-06-12,748696583700.7078,UNKNOWN,Yahoo,,0,
DAICHI,DAICHI.NS,Dai-ichi Karkaria Limited,,,2026-06-20,0.0,NO_MARKET_CAP,Yahoo,2026-08-04T07:12:31.088344+00:00,3,No market cap returned.
DALBHARAT,DALBHARAT.NS,Dalmia Bharat Limited,Basic Materials,Building Materials,2026-06-12,308288216340.355,UNKNOWN,Yahoo,,0,
DALMIASUG,DALMIASUG.NS,Dalmia Bharat Sugar and Industries Limited,Consumer Defensive,Confectioners,2026-06-12,26341697149.3786,UNKNOWN,Yahoo,,0,
DAMCAPITAL,DAMCAPITAL.NS,DAM CAPITAL ADVISORS LTD,Financial Services,Capital Markets,2026-06-12,10265727477.996826,UNKNOWN,Yahoo,,0,
DAMODARIND,DAMODARIND.NS,Damodar Industries Limited,Consumer Cyclical,Textile Manufacturing,2026-06-12,705058005.3329468,UNKNOWN,Yahoo,,0,
DANGEE,DANGEE.NS,Dangee Dums Limited,Consumer Cyclical,Restaurants,2026-06-12,492720007.34210014,UNKNOWN,Yahoo,,0,
DATAMATICS,DATAMATICS.NS,Datamatics Global Services Limited,Technology,Information Technology Services,2026-06-12,45689238697.0,UNKNOWN,Yahoo,,0,
DATAPATTNS,DATAPATTNS.NS,Data Patterns (India) Limited,Industrials,Aerospace & Defense,2026-06-12,251759908593.0,UNKNOWN,Yahoo,,0,
DAVANGERE,DAVANGERE.NS,Davangere Sugar Company Limited,Consumer Defensive,Confectioners,2026-06-12,5176566525.11054,UNKNOWN,Yahoo,,0,
DBCORP,DBCORP.NS,D. B. Corp Limited,Communication Services,Publishing,2026-06-12,35697281037.3578,UNKNOWN,Yahoo,,0,
DBEIL,DBEIL.NS,DEEPAK BUILDERS & ENG I L,Industrials,Engineering & Construction,2026-06-12,3702712461.892548,UNKNOWN,Yahoo,,0,
DBL,DBL.NS,Dilip Buildcon Limited,Industrials,Engineering & Construction,2026-06-12,69055299499.78458,UNKNOWN,Yahoo,,0,
DBOL,DBOL.NS,Dhampur Bio Organics Limited,Consumer Defensive,Farm Products,2026-06-12,7690686271.385422,UNKNOWN,Yahoo,,0,
DBREALTY,DBREALTY.NS,Valor Estate Limited,Real Estate,Real Estate - Development,2026-06-12,60478353851.5,UNKNOWN,Yahoo,,0,
DBSTOCKBRO,DBSTOCKBRO.NS,DB (International) Stock Brokers Limited,Financial Services,Capital Markets,2026-06-12,1100400018.6920166,UNKNOWN,Yahoo,,0,
DCAL,DCAL.NS,Dishman Carbogen Amcis Limited,Healthcare,Biotechnology,2026-06-12,28589398330.17807,UNKNOWN,Yahoo,,0,
DCBBANK,DCBBANK.NS,DCB Bank Limited,Financial Services,Banks - Regional,2026-06-12,56830561011.247696,UNKNOWN,Yahoo,,0,
DCG,DCG.NS,"DCG.NS,0P0001SPAE,75600",,,2026-06-20,1066289000.0,UNKNOWN,Yahoo,,0,
DCI,DCI.NS,DC Infotech and Communication Limited,Technology,Electronics & Computer Distribution,2026-06-12,4428000000.0,UNKNOWN,Yahoo,,0,
DCM,DCM.NS,DCM Limited,Industrials,Metal Fabrication,2026-06-12,1724890091.6500168,UNKNOWN,Yahoo,,0,
DCMFINSERV,DCMFINSERV.NS,DCM Financial Services Limited,Financial Services,Credit Services,2026-06-12,121909052.60402298,UNKNOWN,Yahoo,,0,
DCMNVL,DCMNVL.NS,DCM Nouvelle Limited,Consumer Cyclical,Textile Manufacturing,2026-06-12,2996844770.0500336,UNKNOWN,Yahoo,,0,
DCMSHRIRAM,DCMSHRIRAM.NS,DCM Shriram Limited,Industrials,Conglomerates,2026-06-12,158748689851.93262,UNKNOWN,Yahoo,,0,
DCMSIL,DCMSIL.NS,DCM Shriram International Limited,Industrials,Industrial Distribution,2026-06-12,5637093853.47908,UNKNOWN,Yahoo,,0,
DCMSRIND,DCMSRIND.NS,DCM Shriram Industries Limited,Consumer Defensive,Confectioners,2026-06-12,3297873720.076046,UNKNOWN,Yahoo,,0,
DCW,DCW.NS,DCW Limited,Basic Materials,Chemicals,2026-06-12,13627306594.445024,UNKNOWN,Yahoo,,0,
DCXINDIA,DCXINDIA.NS,DCX Systems Limited,Industrials,Aerospace & Defense,2026-06-12,20382602888.59392,UNKNOWN,Yahoo,,0,
DDEVPLSTIK,DDEVPLSTIK.NS,Ddev Plastiks Industries Limited,Basic Materials,Specialty Chemicals,2026-06-12,26528311844.42285,UNKNOWN,Yahoo,,0,
DECCANCE,DECCANCE.NS,Deccan Cements Limited,Basic Materials,Building Materials,2026-06-12,8052211033.02002,UNKNOWN,Yahoo,,0,
DEEDEV,DEEDEV.NS,DEE DEVELOPMENT ENG LTD,Industrials,Metal Fabrication,2026-06-12,45485237536.89978,UNKNOWN,Yahoo,,0,
DEEM,DEEM.NS,"DEEM.NS,0P0001SEV0,4000",,,2026-06-20,433538144.0,UNKNOWN,Yahoo,,0,
DEEPAKFERT,DEEPAKFERT.NS,Deepak Fertilisers And Petrochemicals Corporation Limited,Basic Materials,Chemicals,2026-06-12,196788733021.88208,UNKNOWN,Yahoo,,0,
DEEPAKNTR,DEEPAKNTR.NS,Deepak Nitrite Limited,Basic Materials,Chemicals,2026-06-12,226180586550.1165,UNKNOWN,Yahoo,,0,
DEEPINDS,DEEPINDS.NS,Deep Industries Limited,Energy,Oil & Gas E&P,2026-06-12,31494400390.625,UNKNOWN,Yahoo,,0,
DEFENCE,DEFENCE.NS,Mirae Asset Im (India) Private Limited – Mirae Mutual Fund -Mirae Asset Bse India Defence Etf,,,2026-06-20,0.0,NO_MARKET_CAP,Yahoo,2026-08-04T07:12:31.178817+00:00,3,No market cap returned.
DELAPLEX,DELAPLEX.NS,"DELAPLEX.NS,0P0001SALQ,21600",,,2026-06-20,916921513.9007568,UNKNOWN,Yahoo,,0,
DELHIVERY,DELHIVERY.NS,Delhivery Limited,Industrials,Integrated Freight & Logistics,2026-06-12,328557114405.0,UNKNOWN,Yahoo,,0,
DELPHIFX,DELPHIFX.NS,Delphi World Money Limited,Financial Services,Capital Markets,2026-06-12,2195146539.4688845,UNKNOWN,Yahoo,,0,
DELTACORP,DELTACORP.NS,Delta Corp Limited,Consumer Cyclical,Resorts & Casinos,2026-06-12,17113250768.411371,UNKNOWN,Yahoo,,0,
DELTAMAGNT,DELTAMAGNT.NS,Delta Manufacturing Limited,Consumer Cyclical,Textile Manufacturing,2026-06-12,624047892.9867554,UNKNOWN,Yahoo,,0,
DEN,DEN.NS,DEN Networks Limited,Communication Services,Entertainment,2026-06-12,12848841746.043526,UNKNOWN,Yahoo,,0,
DENEERS,DENEERS.NS,"DENEERS.NS,0P0001QW7E,4800",,,2026-06-20,1897280853.735352,UNKNOWN,Yahoo,,0,
DENORA,DENORA.NS,De Nora India Limited,Industrials,Electrical Equipment & Parts,2026-06-12,3906889257.102661,UNKNOWN,Yahoo,,0,
DENTA,DENTA.NS,DENTA WATER N INFRA SOL L,Industrials,Engineering & Construction,2026-06-12,6470745162.963867,UNKNOWN,Yahoo,,0,
DENTALKART,DENTALKART.NS,"DENTALKART.NS,0P0001R1DI,44500",,,2026-06-20,6043716186.555176,UNKNOWN,Yahoo,,0,
DESTINY,DESTINY.NS,"DESTINY.NS,0P0001NGLQ,54000",,,2026-06-20,1629589223.4802246,UNKNOWN,Yahoo,,0,
DEVIT,DEVIT.NS,Dev Information Technology Limited,Technology,Information Technology Services,2026-06-12,1560147620.7208405,UNKNOWN,Yahoo,,0,
DEVX,DEVX.NS,Dev Accelerator Limited,Real Estate,Real Estate Services,2026-06-12,3289138782.1421814,UNKNOWN,Yahoo,,0,
DEVYANI,DEVYANI.NS,Devyani International Limited,Consumer Cyclical,Restaurants,2026-06-12,133021873298.46329,UNKNOWN,Yahoo,,0,
DGCONTENT,DGCONTENT.NS,Digicontent Limited,Communication Services,Internet Content & Information,2026-06-12,1485954237.2240753,UNKNOWN,Yahoo,,0,
DHAMPURSUG,DHAMPURSUG.NS,Dhampur Sugar Mills Limited,Consumer Defensive,Confectioners,2026-06-12,9051783853.593796,UNKNOWN,Yahoo,,0,
DHANBANK,DHANBANK.NS,Dhanlaxmi Bank Limited,Financial Services,Banks - Regional,2026-06-12,12748772586.168674,UNKNOWN,Yahoo,,0,
DHANLAXMI,DHANLAXMI.NS,,,,2026-06-20,470246387.5427246,UNKNOWN,Yahoo,,0,
DHANUKA,DHANUKA.NS,Dhanuka Agritech Limited,Basic Materials,Agricultural Inputs,2026-06-12,48801792461.85498,UNKNOWN,Yahoo,,0,
DHARMAJ,DHARMAJ.NS,Dharmaj Crop Guard Limited,Basic Materials,Agricultural Inputs,2026-06-12,9385509511.764648,UNKNOWN,Yahoo,,0,
DHRUV,DHRUV.NS,Dhruv Consultancy Services Limited,Industrials,Engineering & Construction,2026-06-12,531063932.0,UNKNOWN,Yahoo,,0,
DHTL,DHTL.NS,"DHTL.NS,0P0001SBAD,16800",,,2026-06-20,127283400.0,UNKNOWN,Yahoo,,0,
DHUNINV,DHUNINV.NS,Dhunseri Investments Limited,Financial Services,Capital Markets,2026-06-12,4865548044.0,UNKNOWN,Yahoo,,0,
DIACABS,DIACABS.NS,Diamond Power Infrastructure Limited,Industrials,Specialty Industrial Machinery,2026-06-12,105473254442.6239,UNKNOWN,Yahoo,,0,
DIAMINESQ,DIAMINESQ.NS,Diamines and Chemicals Limited,Basic Materials,Chemicals,2026-06-12,2443979656.561035,UNKNOWN,Yahoo,,0,
DIAMONDYD,DIAMONDYD.NS,Prataap Snacks Limited,Consumer Defensive,Packaged Foods,2026-06-12,26734359654.9469,UNKNOWN,Yahoo,,0,
DICIND,DICIND.NS,DIC India Limited,Basic Materials,Specialty Chemicals,2026-06-12,4580309523.0,UNKNOWN,Yahoo,,0,
DIFFNKG,DIFFNKG.NS,DIFFUSION ENGINEERS LTD,Industrials,Specialty Industrial Machinery,2026-06-12,13940910254.5,UNKNOWN,Yahoo,,0,
DIGIDRIVE,DIGIDRIVE.NS,Digidrive Distributors Limited,Consumer Cyclical,Internet Retail,2026-06-12,688595407.5252342,UNKNOWN,Yahoo,,0,
DIGIKORE,DIGIKORE.NS,"DIGIKORE.NS,0P0001RN4F,15800",,,2026-06-20,614281600.0,UNKNOWN,Yahoo,,0,
DIGISPICE,DIGISPICE.NS,DiGiSPICE Technologies Limited,Financial Services,Financial Conglomerates,2026-06-12,4282625132.6264935,UNKNOWN,Yahoo,,0,
DIGITIDE,DIGITIDE.NS,Digitide Solutions Limited,Industrials,Specialty Business Services,2026-06-12,12304623293.084925,UNKNOWN,Yahoo,,0,
DIGJAMLMTD,DIGJAMLMTD.NS,Digjam Limited,Consumer Cyclical,Textile Manufacturing,2026-06-12,935599975.5859376,UNKNOWN,Yahoo,,0,
DISAQ,DISAQ.NS,DISA India Limited,,,2026-06-20,0.0,NO_MARKET_CAP,Yahoo,2026-08-04T07:12:31.264848+00:00,3,No market cap returned.
DISHTV,DISHTV.NS,Dish TV India Limited,Communication Services,Entertainment,2026-06-12,5763131972.7350445,UNKNOWN,Yahoo,,0,
DIVGIITTS,DIVGIITTS.NS,Divgi TorqTransfer Systems Limited,Consumer Cyclical,Auto Parts,2026-06-12,24831807950.976746,UNKNOWN,Yahoo,,0,
DIVISLAB,DIVISLAB.NS,Divi's Laboratories Limited,Healthcare,Drug Manufacturers - Specialty & Generic,2026-06-12,1764171448390.0,UNKNOWN,Yahoo,,0,
DIXON,DIXON.NS,Dixon Technologies (India) Limited,Technology,Consumer Electronics,2026-06-12,695999269171.0,UNKNOWN,Yahoo,,0,
DJML,DJML.NS,DJ Mediaprint & Logistics Limited,Industrials,Specialty Business Services,2026-06-12,3684285553.976166,UNKNOWN,Yahoo,,0,
DKEGL,DKEGL.NS,"DKEGL.NS,0P0001NHVS,0",,,2026-06-20,480512000.0,UNKNOWN,Yahoo,,0,
DLF,DLF.NS,DLF Limited,Real Estate,Real Estate - Development,2026-06-12,1417487308873.3147,UNKNOWN,Yahoo,,0,
DLINKINDIA,DLINKINDIA.NS,D-Link (India) Limited,Technology,Communication Equipment,2026-06-12,17789704659.091187,UNKNOWN,Yahoo,,0,
DMART,DMART.NS,Avenue Supermarts Limited,Consumer Defensive,Discount Stores,2026-06-12,2597376186068.2754,UNKNOWN,Yahoo,,0,
DMCC,DMCC.NS,DMCC Speciality Chemicals Limited,Basic Materials,Chemicals,2026-06-12,6025487965.021271,UNKNOWN,Yahoo,,0,
DNAMEDIA,DNAMEDIA.NS,Diligent Media Corporation Limited,Communication Services,Publishing,2026-06-12,343707421.5404091,UNKNOWN,Yahoo,,0,
DODLA,DODLA.NS,Dodla Dairy Limited,Consumer Defensive,Food Distribution,2026-06-12,65582359691.0531,UNKNOWN,Yahoo,,0,
DOLATALGO,DOLATALGO.NS,Dolat Algotech Limited,Financial Services,Capital Markets,2026-06-12,13053919677.734377,UNKNOWN,Yahoo,,0,
DOLLAR,DOLLAR.NS,Dollar Industries Limited,Consumer Cyclical,Apparel Manufacturing,2026-06-12,13940822469.083862,UNKNOWN,Yahoo,,0,
DOLLEX,DOLLEX.NS,"DOLLEX.NS,0P0001Q8L1,4000",,,2026-06-20,806648768.75,UNKNOWN,Yahoo,,0,
DOLPHIN,DOLPHIN.NS,Dolphin Offshore Enterprises (India) Limited,Energy,Oil & Gas Equipment & Services,2026-06-12,15521777040.0,UNKNOWN,Yahoo,,0,
DOMS,DOMS.NS,DOMS Industries Limited,Industrials,Business Equipment & Supplies,2026-06-12,138921675864.1953,UNKNOWN,Yahoo,,0,
DONEAR,DONEAR.NS,Donear Industries Limited,Consumer Cyclical,Textile Manufacturing,2026-06-12,4617600158.691406,UNKNOWN,Yahoo,,0,
DPABHUSHAN,DPABHUSHAN.NS,D. P. Abhushan Limited,Consumer Cyclical,Luxury Goods,2026-06-12,20288313900.0,UNKNOWN,Yahoo,,0,
DPEL,DPEL.NS,"DPEL.NS,0P0001T8MW,69000",,,2026-06-20,11305048846.101074,UNKNOWN,Yahoo,,0,
DPSCLTD,DPSCLTD.NS,India Power Corporation Limited,Utilities,Utilities - Regulated Electric,2026-06-12,7303422300.0,UNKNOWN,Yahoo,,0,
DPWIRES,DPWIRES.NS,D.P. Wires Limited,Industrials,Metal Fabrication,2026-06-12,2685588617.25,UNKNOWN,Yahoo,,0,
DRAGARWQ,DRAGARWQ.NS,Dr. Agarwal's Eye Hospital Limited,,,2026-06-20,0.0,NO_MARKET_CAP,Yahoo,2026-08-04T07:12:31.387696+00:00,3,No market cap returned.
DRCSYSTEMS,DRCSYSTEMS.NS,DRC Systems India Limited,Technology,Information Technology Services,2026-06-12,2017138620.0,UNKNOWN,Yahoo,,0,
DREAMFOLKS,DREAMFOLKS.NS,Dreamfolks Services Limited,Industrials,Airports & Air Services,2026-06-12,3691601599.1667175,UNKNOWN,Yahoo,,0,
DREDGECORP,DREDGECORP.NS,Dredging Corporation of India Limited,Industrials,Engineering & Construction,2026-06-12,30408000000.0,UNKNOWN,Yahoo,,0,
DRONE,DRONE.NS,"DRONE.NS,0P0001RA9W,70000",,,2026-06-20,1017479935.2157212,UNKNOWN,Yahoo,,0,
DRREDDY,DRREDDY.NS,Dr. Reddy's Laboratories Limited,Healthcare,Drug Manufacturers - Specialty & Generic,2026-06-12,1061280604377.5,UNKNOWN,Yahoo,,0,
DRSDILIP,DRSDILIP.NS,"DRSDILIP.NS,0P0001F4D8,800",,,2026-06-20,1656864330.0,UNKNOWN,Yahoo,,0,
DSFCL,DSFCL.NS,DCM SHRIRAM FINE CHEM LTD,Basic Materials,Specialty Chemicals,2026-06-12,2062584626.706276,UNKNOWN,Yahoo,,0,
DSSL,DSSL.NS,Dynacons Systems & Solutions Limited,Technology,Information Technology Services,2026-06-12,16167176265.927734,UNKNOWN,Yahoo,,0,
DTIL,DTIL.NS,Dhunseri Tea & Industries Limited,Consumer Defensive,Packaged Foods,2026-06-12,1407995218.0,UNKNOWN,Yahoo,,0,
DTL,DTL.NS,"DTL.NS,0P0001T8W2,33600",,,2026-06-20,995407843.0,UNKNOWN,Yahoo,,0,
DUCOL,DUCOL.NS,"DUCOL.NS,0P0001QBVJ,40000",,,2026-06-20,1759747464.0,UNKNOWN,Yahoo,,0,
DUCON,DUCON.NS,Ducon Infratechnologies Limited,Industrials,Specialty Industrial Machinery,2026-06-12,1192476929.079855,UNKNOWN,Yahoo,,0,
DUGLOBAL,DUGLOBAL.NS,"DUGLOBAL.NS,0P0001N4GL,40000",,,2026-06-20,2316579189.235229,UNKNOWN,Yahoo,,0,
DURLAX,DURLAX.NS,"DURLAX.NS,0P0001T7GR,332000",,,2026-06-20,841212391.1128006,UNKNOWN,Yahoo,,0,
DVL,DVL.NS,Dhunseri Ventures Limited,Financial Services,Capital Markets,2026-06-12,8213304813.0,UNKNOWN,Yahoo,,0,
DWARKESH,DWARKESH.NS,Dwarikesh Sugar Industries Limited,Consumer Defensive,Confectioners,2026-06-12,8234797072.327156,UNKNOWN,Yahoo,,0,
DYCL,DYCL.NS,Dynamic Cables Limited,Industrials,Electrical Equipment & Parts,2026-06-12,15254778650.863892,UNKNOWN,Yahoo,,0,
DYNAMATECH,DYNAMATECH.NS,Dynamatic Technologies Limited,Consumer Cyclical,Auto Parts,2026-06-12,68335499466.0,UNKNOWN,Yahoo,,0,
DYNAMIC,DYNAMIC.NS,"DYNAMIC.NS,0P0001NGLR,107000",,,2026-06-20,3782901326.743652,UNKNOWN,Yahoo,,0,
DYNPRO,DYNPRO.NS,Dynemic Products Limited,Basic Materials,Specialty Chemicals,2026-06-12,2901406907.221573,UNKNOWN,Yahoo,,0,
E2E,E2E.NS,E2E Networks Limited,Technology,Software - Infrastructure,2026-06-12,78048348200.0,UNKNOWN,Yahoo,,0,
EASEMYTRIP,EASEMYTRIP.NS,Easy Trip Planners Limited,Consumer Cyclical,Travel Services,2026-06-12,30076777529.57927,UNKNOWN,Yahoo,,0,
EASTSILK,EASTSILK.NS,Eastern Silk Industries Limited,Consumer Cyclical,Textile Manufacturing,2026-06-12,257749996.1853028,UNKNOWN,Yahoo,,0,
EBGNG,EBGNG.NS,GNG ELECTRONICS LIMITED,Technology,Computer Hardware,2026-06-12,49492400225.57108,UNKNOWN,Yahoo,,0,
ECAPINSURE,ECAPINSURE.NS,Edelweiss BSE Capital Markets & Insurance ETF,,,2026-06-20,0.0,NO_MARKET_CAP,Yahoo,2026-08-04T07:12:31.494343+00:00,3,No market cap returned.
ECLERX,ECLERX.NS,eClerx Services Limited,Technology,Information Technology Services,2026-06-12,127437501407.5,UNKNOWN,Yahoo,,0,
ECOSMOBLTY,ECOSMOBLTY.NS,ECOS (INDIA) MOB & HOSP L,Industrials,Rental & Leasing Services,2026-06-12,7440000000.0,UNKNOWN,Yahoo,,0,
EDELWEISS,EDELWEISS.NS,Edelweiss Financial Services Limited,Financial Services,Financial Conglomerates,2026-06-12,101752152697.5,UNKNOWN,Yahoo,,0,
EFACTOR,EFACTOR.NS,"EFACTOR.NS,0P0001RNW3,1600",,,2026-06-20,2395121934.0,UNKNOWN,Yahoo,,0,
EFCIL,EFCIL.NS,EFC (I) Limited,Real Estate,Real Estate Services,2026-06-12,28142319116.238342,UNKNOWN,Yahoo,,0,
EFFWA,EFFWA.NS,"EFFWA.NS,0P0001TAFY,195200",,,2026-06-20,8144330850.229095,UNKNOWN,Yahoo,,0,
EFORCE,EFORCE.NS,"EFORCE.NS,0P0001S2ZE,34800",,,2026-06-20,526500022.5,UNKNOWN,Yahoo,,0,
EICHERMOT,EICHERMOT.NS,Eicher Motors Limited,Consumer Cyclical,Auto Manufacturers,2026-06-12,1992028575210.0,UNKNOWN,Yahoo,,0,
EIDPARRY,EIDPARRY.NS,E.I.D.- Parry (India) Limited,Basic Materials,Agricultural Inputs,2026-06-12,127193830857.0,UNKNOWN,Yahoo,,0,
EIEL,EIEL.NS,ENVIRO INFRA ENGINEERS L,Industrials,Engineering & Construction,2026-06-12,31878003407.13501,UNKNOWN,Yahoo,,0,
EIFFL,EIFFL.NS,Euro India Fresh Foods Limited,Consumer Defensive,Packaged Foods,2026-06-12,5730287939.453125,UNKNOWN,Yahoo,,0,
EIHAHOTELS,EIHAHOTELS.NS,EIH Associated Hotels Limited,Consumer Cyclical,Lodging,2026-06-12,18140735467.651245,UNKNOWN,Yahoo,,0,
EIHOTEL,EIHOTEL.NS,EIH Limited,Consumer Cyclical,Lodging,2026-06-12,181637034295.7401,UNKNOWN,Yahoo,,0,
EIMCOELECO,EIMCOELECO.NS,Eimco Elecon (India) Limited,Industrials,Farm & Heavy Construction Machinery,2026-06-12,8796787125.0,UNKNOWN,Yahoo,,0,
EKC,EKC.NS,Everest Kanto Cylinder Limited,Industrials,Specialty Industrial Machinery,2026-06-12,12053348994.981598,UNKNOWN,Yahoo,,0,
ELANTAS,ELANTAS.NS,ELANTAS Beck India Limited,Basic Materials,Specialty Chemicals,2026-06-12,74020766834.0,UNKNOWN,Yahoo,,0,
ELCIDIN,ELCIDIN.NS,Elcid Investments Limited,,,2026-06-20,0.0,NO_MARKET_CAP,Yahoo,2026-08-04T07:12:31.598051+00:00,3,No market cap returned.
ELDEHSG,ELDEHSG.NS,Eldeco Housing and Industries Limited,Real Estate,Real Estate Services,2026-06-12,8111241940.063477,UNKNOWN,Yahoo,,0,
ELECON,ELECON.NS,Elecon Engineering Company Limited,Industrials,Specialty Industrial Machinery,2026-06-12,120390562445.0,UNKNOWN,Yahoo,,0,
ELECTCAST,ELECTCAST.NS,Electrosteel Castings Limited,Industrials,Building Products & Equipment,2026-06-12,43928195527.22028,UNKNOWN,Yahoo,,0,
ELECTHERM,ELECTHERM.NS,Electrotherm (India) Limited,Basic Materials,Steel,2026-06-12,15125082455.092283,UNKNOWN,Yahoo,,0,
ELGIEQUIP,ELGIEQUIP.NS,Elgi Equipments Limited,Industrials,Specialty Industrial Machinery,2026-06-12,190437369163.47485,UNKNOWN,Yahoo,,0,
ELGIRUBCO,ELGIRUBCO.NS,Elgi Rubber Company Limited,Consumer Cyclical,Auto Parts,2026-06-12,2517514961.8148804,UNKNOWN,Yahoo,,0,
ELIN,ELIN.NS,Elin Electronics Limited,Industrials,Electrical Equipment & Parts,2026-06-12,5081773727.470551,UNKNOWN,Yahoo,,0,
ELITECON,ELITECON.NS,Elitecon International Limited,,,2026-06-20,0.0,NO_MARKET_CAP,Yahoo,2026-08-04T07:12:31.685501+00:00,3,No market cap returned.
ELLEN,ELLEN.NS,ELLENBARRIE INDUS GASES L,Basic Materials,Chemicals,2026-06-12,38059657059.59473,UNKNOWN,Yahoo,,0,
ELM250,ELM250.NS,Edelweiss Nifty Large Mid Cap 250 Index Fund,,,2026-06-20,0.0,NO_MARKET_CAP,Yahoo,2026-08-04T07:12:31.800891+00:00,3,No market cap returned.
ELPROINTL,ELPROINTL.NS,Elpro International Limited,,,2026-06-20,28970762895.967407,UNKNOWN,Yahoo,,0,
EMAMILTD,EMAMILTD.NS,Emami Limited,Consumer Defensive,Household & Personal Products,2026-06-12,169209222335.81543,UNKNOWN,Yahoo,,0,
EMAMIPAP,EMAMIPAP.NS,Emami Paper Mills Limited,Basic Materials,Paper & Paper Products,2026-06-12,5084340217.388535,UNKNOWN,Yahoo,,0,
EMAMIREAL,EMAMIREAL.NS,Emami Realty Limited,Real Estate,Real Estate - Development,2026-06-12,4332861762.35569,UNKNOWN,Yahoo,,0,
EMBASSY,EMBASSY.NS,Embassy Office Parks REIT,,,2026-06-20,403641579853.62463,UNKNOWN,Yahoo,,0,
EMBDL,EMBDL.NS,Embassy Developments Limited,Real Estate,Real Estate - Diversified,2026-06-12,81247455219.36134,UNKNOWN,Yahoo,,0,
EMCURE,EMCURE.NS,EMCURE PHARMACEUTICALS L,Healthcare,Drug Manufacturers - Specialty & Generic,2026-06-12,325948892843.84,UNKNOWN,Yahoo,,0,
EMIL,EMIL.NS,Electronics Mart India Limited,Consumer Cyclical,Specialty Retail,2026-06-12,40340907108.61998,UNKNOWN,Yahoo,,0,
EMKAY,EMKAY.NS,Emkay Global Financial Services Limited,Financial Services,Capital Markets,2026-06-12,7802793705.65094,UNKNOWN,Yahoo,,0,
EMKAYTOOLS,EMKAYTOOLS.NS,"EMKAYTOOLS.NS,0P00016J4I,0",,,2026-06-20,1002035086.2831116,UNKNOWN,Yahoo,,0,
EMMBI,EMMBI.NS,Emmbi Industries Limited,Consumer Cyclical,Packaging & Containers,2026-06-12,1591168616.2834167,UNKNOWN,Yahoo,,0,
EMMIL,EMMIL.NS,"EMMIL.NS,0P0001SWJB,60000",,,2026-06-20,1477541890.4342651,UNKNOWN,Yahoo,,0,
EMMVEE,EMMVEE.NS,EMMVEE PHOTOVOLTAIC PWR L,Technology,Solar,2026-06-12,232835626146.4225,UNKNOWN,Yahoo,,0,
EMPOWER,EMPOWER.NS,Empower India Limited,,,2026-06-20,0.0,NO_MARKET_CAP,Yahoo,2026-08-04T07:12:31.918352+00:00,3,No market cap returned.
EMSLIMITED,EMSLIMITED.NS,EMS Limited,Industrials,Engineering & Construction,2026-06-12,16623147414.383148,UNKNOWN,Yahoo,,0,
EMUDHRA,EMUDHRA.NS,eMudhra Limited,Technology,Software - Application,2026-06-12,38318430152.04205,UNKNOWN,Yahoo,,0,
EMULTIMQ,EMULTIMQ.NS,Edelweiss Nifty500 Multicap Momentum Quality 50 ETF,,,2026-06-20,0.0,NO_MARKET_CAP,Yahoo,2026-08-04T07:12:32.001763+00:00,3,No market cap returned.
ENDURANCE,ENDURANCE.NS,Endurance Technologies Limited,Consumer Cyclical,Auto Parts,2026-06-12,349575302981.2969,UNKNOWN,Yahoo,,0,
ENERGYDEV,ENERGYDEV.NS,Energy Development Company Limited,Utilities,Utilities - Regulated Electric,2026-06-12,792775025.3677368,UNKNOWN,Yahoo,,0,
ENFUSE,ENFUSE.NS,"ENFUSE.NS,0P0001SKZT,26400",,,2026-06-20,1459854000.0,UNKNOWN,Yahoo,,0,
ENGINERSIN,ENGINERSIN.NS,Engineers India Limited,Industrials,Engineering & Construction,2026-06-12,127398143658.77968,UNKNOWN,Yahoo,,0,
ENIL,ENIL.NS,Entertainment Network (India) Limited,Communication Services,Broadcasting,2026-06-12,5228014325.762863,UNKNOWN,Yahoo,,0,
ENRIN,ENRIN.NS,Siemens Energy India Limited,Utilities,Utilities - Renewable,2026-06-12,1280110802050.393,UNKNOWN,Yahoo,,0,
ENSER,ENSER.NS,"ENSER.NS,0P0001SKZU,42000",,,2026-06-20,1438149735.0,UNKNOWN,Yahoo,,0,
ENTERO,ENTERO.NS,Entero Healthcare Solutions Limited,Healthcare,Medical Distribution,2026-06-12,48953598369.75549,UNKNOWN,Yahoo,,0,
EPACK,EPACK.NS,EPACK Durable Limited,Consumer Cyclical,"Furnishings, Fixtures & Appliances",2026-06-12,21816920422.906403,UNKNOWN,Yahoo,,0,
EPACKPEB,EPACKPEB.NS,EPACK PREFAB TECHN LTD,Industrials,Engineering & Construction,2026-06-12,23942621305.542297,UNKNOWN,Yahoo,,0,
EPIGRAL,EPIGRAL.NS,Epigral Limited,Basic Materials,Chemicals,2026-06-12,47550380637.08936,UNKNOWN,Yahoo,,0,
EPL,EPL.NS,EPL Limited,Consumer Cyclical,Packaging & Containers,2026-06-12,71771467612.41086,UNKNOWN,Yahoo,,0,
EQUIPPP,EQUIPPP.NS,Equippp Social Impact Technologies Limited,Technology,Information Technology Services,2026-06-12,1855714050.0,UNKNOWN,Yahoo,,0,
EQUITASBNK,EQUITASBNK.NS,Equitas Small Finance Bank Limited,Financial Services,Banks - Regional,2026-06-12,84829844256.80283,UNKNOWN,Yahoo,,0,
ERIS,ERIS.NS,Eris Lifesciences Limited,Healthcare,Drug Manufacturers - Specialty & Generic,2026-06-12,194382153482.7793,UNKNOWN,Yahoo,,0,
ESABINDIA,ESABINDIA.NS,ESAB India Limited,Industrials,Tools & Accessories,2026-06-12,87717124470.0,UNKNOWN,Yahoo,,0,
ESAFSFB,ESAFSFB.NS,ESAF Small Finance Bank,Financial Services,Banks - Regional,2026-06-12,14116441426.111984,UNKNOWN,Yahoo,,0,
ESCONET,ESCONET.NS,"ESCONET.NS,0P0001SEEF,52800",,,2026-06-20,1473311962.2802734,UNKNOWN,Yahoo,,0,
ESCORTS,ESCORTS.NS,Escorts Kubota Limited,Industrials,Farm & Heavy Construction Machinery,2026-06-12,301023925556.1377,UNKNOWN,Yahoo,,0,
ESFL,ESFL.NS,"ESFL.NS,0P0001R76T,10200",,,2026-06-20,2921071066.098633,UNKNOWN,Yahoo,,0,
ESG,ESG.NS,MIRAEAMC - MAESGETF,,,2026-06-20,0.0,NO_MARKET_CAP,Yahoo,2026-08-04T07:12:32.091949+00:00,3,No market cap returned.
ESSARSHPNG,ESSARSHPNG.NS,Essar Shipping Limited,Industrials,Marine Shipping,2026-06-12,4683638513.522976,UNKNOWN,Yahoo,,0,
ESSENTIA,ESSENTIA.NS,Integra Essentia Limited,Consumer Defensive,Food Distribution,2026-06-12,1752406562.7895105,UNKNOWN,Yahoo,,0,
ESTER,ESTER.NS,Ester Industries Limited,Basic Materials,Specialty Chemicals,2026-06-12,9072625480.781754,UNKNOWN,Yahoo,,0,
ETERNAL,ETERNAL.NS,Eternal Limited,Consumer Cyclical,Internet Retail,2026-06-12,2208832596004.75,UNKNOWN,Yahoo,,0,
ETHOSLTD,ETHOSLTD.NS,Ethos Limited,Consumer Cyclical,Luxury Goods,2026-06-12,63688659572.07202,UNKNOWN,Yahoo,,0,
EUREKAFORB,EUREKAFORB.NS,Eureka Forbes Limited,Consumer Cyclical,"Furnishings, Fixtures & Appliances",2026-06-12,84217312914.0,UNKNOWN,Yahoo,,0,
EUROPRATIK,EUROPRATIK.NS,EURO PRATIK SALES LIMITED,Basic Materials,Building Materials,2026-06-12,27195420623.779297,UNKNOWN,Yahoo,,0,
EUROTEXIND,EUROTEXIND.NS,Eurotex Industries and Exports Limited,Real Estate,Real Estate - Development,2026-06-12,229248825.0,UNKNOWN,Yahoo,,0,
EVEREADY,EVEREADY.NS,Eveready Industries India Limited,Industrials,Electrical Equipment & Parts,2026-06-12,25073471224.29565,UNKNOWN,Yahoo,,0,
EVERESTIND,EVERESTIND.NS,Everest Industries Limited,Industrials,Building Products & Equipment,2026-06-12,5137264296.0,UNKNOWN,Yahoo,,0,
EVINDIA,EVINDIA.NS,Mirae Asset Nifty EV and New Age Automotive ETF,,,2026-06-20,0.0,NO_MARKET_CAP,Yahoo,2026-08-04T07:12:32.174893+00:00,3,No market cap returned.
EXCELINDUS,EXCELINDUS.NS,Excel Industries Limited,Basic Materials,Specialty Chemicals,2026-06-12,11465727866.29834,UNKNOWN,Yahoo,,0,
EXCELSOFT,EXCELSOFT.NS,EXCELSOFT TECHNOLOGIES L,Technology,Software - Application,2026-06-12,9167604925.690796,UNKNOWN,Yahoo,,0,
EXICOM,EXICOM.NS,Exicom Tele-Systems Limited,Industrials,Electrical Equipment & Parts,2026-06-12,19770188598.774445,UNKNOWN,Yahoo,,0,
EXIDEIND,EXIDEIND.NS,Exide Industries Limited,Consumer Cyclical,Auto Parts,2026-06-12,331925000000.0,UNKNOWN,Yahoo,,0,
EXPLEOSOL,EXPLEOSOL.NS,Expleo Solutions Limited,Technology,Information Technology Services,2026-06-12,11984342645.24994,UNKNOWN,Yahoo,,0,
EXXARO,EXXARO.NS,Exxaro Tiles Limited,Industrials,Building Products & Equipment,2026-06-12,3436114099.196863,UNKNOWN,Yahoo,,0,
FABTECH,FABTECH.NS,FABTECH TECHNOLOGIES LTD,Healthcare,Health Information Services,2026-06-12,6409804359.146942,UNKNOWN,Yahoo,,0,
FACT,FACT.NS,The Fertilisers and Chemicals Travancore Limited,Basic Materials,Agricultural Inputs,2026-06-12,586117786150.3722,UNKNOWN,Yahoo,,0,
FAIRCHEMOR,FAIRCHEMOR.NS,Fairchem Organics Limited,Basic Materials,Specialty Chemicals,2026-06-12,7335853632.317139,UNKNOWN,Yahoo,,0,
FALCONTECH,FALCONTECH.NS,"FALCONTECH.NS,0P0001T7MB,15600",,,2026-06-20,74098435.51730919,UNKNOWN,Yahoo,,0,
FAZE3Q,FAZE3Q.NS,Faze Three Limited,Consumer Cyclical,Textile Manufacturing,2026-06-12,13234933470.324097,UNKNOWN,Yahoo,,0,
FCL,FCL.NS,Fineotex Chemical Limited,Basic Materials,Specialty Chemicals,2026-06-12,45089476269.50989,UNKNOWN,Yahoo,,0,
FCSSOFT,FCSSOFT.NS,FCS Software Solutions Limited,Technology,Information Technology Services,2026-06-12,2820762574.241078,UNKNOWN,Yahoo,,0,
FDC,FDC.NS,FDC Limited,Healthcare,Drug Manufacturers - Specialty & Generic,2026-06-12,63007502508.0,UNKNOWN,Yahoo,,0,
FEDDERSHOL,FEDDERSHOL.NS,Fedders Holding Limited,,,2026-06-20,0.0,NO_MARKET_CAP,Yahoo,2026-08-04T07:12:32.263503+00:00,3,No market cap returned.
FEDERALBNK,FEDERALBNK.NS,The Federal Bank Limited,Financial Services,Banks - Regional,2026-06-12,778449810214.7582,UNKNOWN,Yahoo,,0,
FEDFINA,FEDFINA.NS,Fedbank Financial Services Limited,Financial Services,Credit Services,2026-06-12,56116793547.29813,UNKNOWN,Yahoo,,0,
FEL,FEL.NS,Future Enterprises Limited,Consumer Cyclical,Department Stores,2026-06-12,212551187.93554544,UNKNOWN,Yahoo,,0,
FELDVR,FELDVR.NS,Future Enterprises Limited,Consumer Cyclical,Department Stores,2026-06-12,1295079253.031273,UNKNOWN,Yahoo,,0,
FELIX,FELIX.NS,Felix Industries Limited,,,2026-06-20,2461836295.226898,UNKNOWN,Yahoo,,0,
FERMENTA,FERMENTA.NS,Fermenta Biotech Limited,,,2026-06-20,0.0,NO_MARKET_CAP,Yahoo,2026-08-04T07:12:32.348513+00:00,3,No market cap returned.
FIBERWEB,FIBERWEB.NS,Fiberweb (India) Limited,Consumer Cyclical,Textile Manufacturing,2026-06-12,809910778.1370354,UNKNOWN,Yahoo,,0,
FIDEL,FIDEL.NS,"FIDEL.NS,0P0001P64U,3000",,,2026-06-20,2077709699.9267576,UNKNOWN,Yahoo,,0,
FIEMIND,FIEMIND.NS,Fiem Industries Limited,Consumer Cyclical,Auto Parts,2026-06-12,60061464120.0,UNKNOWN,Yahoo,,0,
FILATEX,FILATEX.NS,Filatex India Limited,Consumer Cyclical,Textile Manufacturing,2026-06-12,22935615746.329308,UNKNOWN,Yahoo,,0,
FILATFASH,FILATFASH.NS,Filatex Fashions Limited,Consumer Cyclical,Apparel Manufacturing,2026-06-12,1666814569.8374722,UNKNOWN,Yahoo,,0,
FINCABLES,FINCABLES.NS,Finolex Cables Limited,Industrials,Electrical Equipment & Parts,2026-06-12,157374586005.0,UNKNOWN,Yahoo,,0,
FINEORG,FINEORG.NS,Fine Organic Industries Limited,Basic Materials,Specialty Chemicals,2026-06-12,144074296215.73828,UNKNOWN,Yahoo,,0,
FINKURVE,FINKURVE.NS,Finkurve Financial Services Limited,Financial Services,Credit Services,2026-06-12,8829071244.0,UNKNOWN,Yahoo,,0,
FINOPB,FINOPB.NS,Fino Payments Bank Limited,Financial Services,Banks - Regional,2026-06-12,11252792420.024963,UNKNOWN,Yahoo,,0,
FINPIPE,FINPIPE.NS,Finolex Industries Limited,Industrials,Building Products & Equipment,2026-06-12,104748560910.38316,UNKNOWN,Yahoo,,0,
FIRSTCRY,FIRSTCRY.NS,BRAINBEES SOLUTIONS LTD,Consumer Cyclical,Internet Retail,2026-06-12,105140733563.45123,UNKNOWN,Yahoo,,0,
FISCHER,FISCHER.NS,Fischer Medical Ventures Limited,Healthcare,Medical Devices,2026-06-12,23758911061.644325,UNKNOWN,Yahoo,,0,
FIVESTAR,FIVESTAR.NS,Five-Star Business Finance Limited,Financial Services,Credit Services,2026-06-12,128491758113.1311,UNKNOWN,Yahoo,,0,
FLAIR,FLAIR.NS,FLAIR WRITING INDUST LTD,Industrials,Business Equipment & Supplies,2026-06-12,28815095701.917664,UNKNOWN,Yahoo,,0,
FLEXITUFF,FLEXITUFF.NS,Flexituff Ventures International Limited,Consumer Cyclical,Textile Manufacturing,2026-06-12,226149128.9576826,UNKNOWN,Yahoo,,0,
FLFL,FLFL.NS,Future Lifestyle Fashions Limited,Consumer Cyclical,Apparel Manufacturing,2026-06-12,266342844.26351333,UNKNOWN,Yahoo,,0,
FLUOROCHEM,FLUOROCHEM.NS,Gujarat Fluorochemicals Limited,Basic Materials,Specialty Chemicals,2026-06-12,399864995727.5391,UNKNOWN,Yahoo,,0,
FMGOETZE,FMGOETZE.NS,Federal-Mogul Goetze (India) Limited,Consumer Cyclical,Auto Parts,2026-06-12,24828618939.89685,UNKNOWN,Yahoo,,0,
FMNL,FMNL.NS,Future Market Networks Limited,Real Estate,Real Estate Services,2026-06-12,654900678.0621595,UNKNOWN,Yahoo,,0,
FOCUS,FOCUS.NS,Focus Lighting and Fixtures Limited,Consumer Cyclical,"Furnishings, Fixtures & Appliances",2026-06-12,6168439416.605949,UNKNOWN,Yahoo,,0,
FONEBOX,FONEBOX.NS,"FONEBOX.NS,0P0001SATR,25000",,,2026-06-20,841320000.0,UNKNOWN,Yahoo,,0,
FOODSIN,FOODSIN.NS,Foods and Inns Limited,Consumer Defensive,Packaged Foods,2026-06-12,4014087762.440025,UNKNOWN,Yahoo,,0,
FORCEMOT,FORCEMOT.NS,Force Motors Limited,Consumer Cyclical,Auto Manufacturers,2026-06-12,228476383080.0,UNKNOWN,Yahoo,,0,
FORTIS,FORTIS.NS,Fortis Healthcare Limited,Healthcare,Medical Care Facilities,2026-06-12,750994617723.0,UNKNOWN,Yahoo,,0,
FOSECOIND,FOSECOIND.NS,Foseco India Limited,Basic Materials,Chemicals,2026-06-12,37325589501.32324,UNKNOWN,Yahoo,,0,
FRACTAL,FRACTAL.NS,FRACTAL ANALYTICS LIMITED,Technology,Software - Infrastructure,2026-06-12,165069315207.167,UNKNOWN,Yahoo,,0,
FROG,FROG.NS,"FROG.NS,0P000130PO,166000",,,2026-06-20,2524999234.780884,UNKNOWN,Yahoo,,0,
FRONTSP,FRONTSP.NS,Frontier Springs Limited,,,2026-06-20,0.0,NO_MARKET_CAP,Yahoo,2026-08-04T07:12:32.430455+00:00,3,No market cap returned.
FSL,FSL.NS,Firstsource Solutions Limited,Technology,Information Technology Services,2026-06-12,170656503650.7945,UNKNOWN,Yahoo,,0,
FUSION,FUSION.NS,Fusion Finance Limited,Financial Services,Credit Services,2026-06-12,27572635458.5,UNKNOWN,Yahoo,,0,
GABRIEL,GABRIEL.NS,Gabriel India Limited,Consumer Cyclical,Auto Parts,2026-06-12,183362177468.8952,UNKNOWN,Yahoo,,0,
GAEL,GAEL.NS,Gujarat Ambuja Exports Limited,Consumer Defensive,Packaged Foods,2026-06-12,72359880802.04681,UNKNOWN,Yahoo,,0,
GAIL,GAIL.NS,GAIL (India) Limited,Utilities,Utilities - Regulated Gas,2026-06-12,1101851858613.2705,UNKNOWN,Yahoo,,0,
GALAPREC,GALAPREC.NS,GALA PRECISION ENG LTD,Industrials,Specialty Industrial Machinery,2026-06-12,11972747746.279907,UNKNOWN,Yahoo,,0,
GALAXYSURF,GALAXYSURF.NS,Galaxy Surfactants Limited,Basic Materials,Specialty Chemicals,2026-06-12,61010411310.36072,UNKNOWN,Yahoo,,0,
GALLANTT,GALLANTT.NS,Gallantt Ispat Limited,Basic Materials,Steel,2026-06-12,158280299920.0,UNKNOWN,Yahoo,,0,
GANDHAR,GANDHAR.NS,Gandhar Oil Refinery (India) Limited,Energy,Oil & Gas Refining & Marketing,2026-06-12,15513905505.0,UNKNOWN,Yahoo,,0,
GANDHITUBE,GANDHITUBE.NS,Gandhi Special Tubes Limited,Industrials,Metal Fabrication,2026-06-12,10327985096.679688,UNKNOWN,Yahoo,,0,
GANECOS,GANECOS.NS,Ganesha Ecosphere Limited,Consumer Cyclical,Textile Manufacturing,2026-06-12,24351445076.38794,UNKNOWN,Yahoo,,0,
GANESHBE,GANESHBE.NS,Ganesh Benzoplast Limited,Basic Materials,Specialty Chemicals,2026-06-12,7841807651.499428,UNKNOWN,Yahoo,,0,
GANESHCP,GANESHCP.NS,GANESH CONSUMER PRODUCT L,Consumer Defensive,Packaged Foods,2026-06-12,8082185292.534943,UNKNOWN,Yahoo,,0,
GANESHHOU,GANESHHOU.NS,Ganesh Housing Limited,Real Estate,Real Estate - Development,2026-06-12,62832172315.0,UNKNOWN,Yahoo,,0,
GANGAFORGE,GANGAFORGE.NS,Ganga Forging Limited,Industrials,Metal Fabrication,2026-06-12,349137764.1298318,UNKNOWN,Yahoo,,0,
GANGESSECU,GANGESSECU.NS,Ganges Securities Limited,Consumer Defensive,Packaged Foods,2026-06-12,1250460875.0,UNKNOWN,Yahoo,,0,
GARFIBRES,GARFIBRES.NS,Garware Technical Fibres Limited,Consumer Cyclical,Textile Manufacturing,2026-06-12,67626360137.7536,UNKNOWN,Yahoo,,0,
GARUDA,GARUDA.NS,GARUDA CONSTRUCT N ENG L,Industrials,Engineering & Construction,2026-06-12,15286758494.540865,UNKNOWN,Yahoo,,0,
GATECH,GATECH.NS,GACM Technologies Limited,Financial Services,Asset Management,2026-06-12,684976271.9239068,UNKNOWN,Yahoo,,0,
GATECHDVR,GATECHDVR.NS,GACM Technologies Limited,Financial Services,Asset Management,2026-06-12,633279996.0253644,UNKNOWN,Yahoo,,0,
GATEWAY,GATEWAY.NS,Gateway Distriparks Limited,Industrials,Integrated Freight & Logistics,2026-06-12,29169207679.3572,UNKNOWN,Yahoo,,0,
GAUDIUMIVF,GAUDIUMIVF.NS,GAUDIUM IVF N WOMEN H L,Healthcare,Medical Care Facilities,2026-06-12,7245206499.998383,UNKNOWN,Yahoo,,0,
GAYAHWS,GAYAHWS.NS,Gayatri Highways Limited,Industrials,Infrastructure Operations,2026-06-12,515251607.8549862,UNKNOWN,Yahoo,,0,
GAYAPROJ,GAYAPROJ.NS,Gayatri Projects Limited,Industrials,Engineering & Construction,2026-06-12,10158861730.344772,UNKNOWN,Yahoo,,0,
GCSL,GCSL.NS,Gretex Corporate Services Limited,Financial Services,Capital Markets,2026-06-12,9820948452.240784,UNKNOWN,Yahoo,,0,
GEECEE,GEECEE.NS,GeeCee Ventures Limited,Real Estate,Real Estate - Development,2026-06-12,6832907450.75,UNKNOWN,Yahoo,,0,
GEEKAYWIRE,GEEKAYWIRE.NS,Geekay Wires Limited,Industrials,Electrical Equipment & Parts,2026-06-12,2284807263.7939453,UNKNOWN,Yahoo,,0,
GEMAROMA,GEMAROMA.NS,GEM AROMATICS LIMITED,Basic Materials,Chemicals,2026-06-12,8971728451.5,UNKNOWN,Yahoo,,0,
GENCON,GENCON.NS,Generic Engineering Construction and Projects Limited,Industrials,Engineering & Construction,2026-06-12,2188270896.554069,UNKNOWN,Yahoo,,0,
GENESYS,GENESYS.NS,Genesys International Corporation Limited,Technology,Software - Application,2026-06-12,13471128281.01822,UNKNOWN,Yahoo,,0,
GENUSPAPER,GENUSPAPER.NS,Genus Paper & Boards Limited,Basic Materials,Paper & Paper Products,2026-06-12,3103510017.3313904,UNKNOWN,Yahoo,,0,
GENUSPOWER,GENUSPOWER.NS,Genus Power Infrastructures Limited,Industrials,Electrical Equipment & Parts,2026-06-12,86464775627.22488,UNKNOWN,Yahoo,,0,
GEOJITFSL,GEOJITFSL.NS,Geojit Financial Services Limited,Financial Services,Capital Markets,2026-06-12,20867170212.70917,UNKNOWN,Yahoo,,0,
GESHIP,GESHIP.NS,The Great Eastern Shipping Company Limited,Industrials,Marine Shipping,2026-06-12,196262009255.6472,UNKNOWN,Yahoo,,0,
GFLLIMITED,GFLLIMITED.NS,GFL Limited,Financial Services,Asset Management,2026-06-12,5266208849.143982,UNKNOWN,Yahoo,,0,
GGBL,GGBL.NS,"GGBL.NS,0P0001TAFZ,726600",,,2026-06-20,7550664752.746582,UNKNOWN,Yahoo,,0,
GHCL,GHCL.NS,GHCL Limited,Basic Materials,Chemicals,2026-06-12,38847363972.65002,UNKNOWN,Yahoo,,0,
GHCLTEXTIL,GHCLTEXTIL.NS,GHCL Textiles Limited,Consumer Cyclical,Textile Manufacturing,2026-06-12,8715511996.650467,UNKNOWN,Yahoo,,0,
GICHSGFIN,GICHSGFIN.NS,GIC Housing Finance Limited,Financial Services,Mortgage Finance,2026-06-12,8321066948.396576,UNKNOWN,Yahoo,,0,
GICL,GICL.NS,GLOBE INTL CARRIERS LTD,Industrials,Integrated Freight & Logistics,2026-06-12,2475316009.0116577,UNKNOWN,Yahoo,,0,
GICRE,GICRE.NS,General Insurance Corporation of India,Financial Services,Insurance - Reinsurance,2026-06-12,654391200000.0,UNKNOWN,Yahoo,,0,
GILLANDERS,GILLANDERS.NS,Gillanders Arbuthnot and Company Limited,Consumer Defensive,Farm Products,2026-06-12,1940872997.345337,UNKNOWN,Yahoo,,0,
GILLETTE,GILLETTE.NS,Gillette India Limited,Consumer Defensive,Household & Personal Products,2026-06-12,250889878291.5,UNKNOWN,Yahoo,,0,
GINNIFILA,GINNIFILA.NS,Ginni Filaments Limited,Consumer Cyclical,Textile Manufacturing,2026-06-12,3633275600.470047,UNKNOWN,Yahoo,,0,
GIPCL,GIPCL.NS,Gujarat Industries Power Company Limited,Utilities,Utilities - Regulated Electric,2026-06-12,24671573825.11853,UNKNOWN,Yahoo,,0,
GIRIRAJ,GIRIRAJ.NS,"GIRIRAJ.NS,0P0001D2SZ,0",,,2026-06-20,3255580195.999145,UNKNOWN,Yahoo,,0,
GKENERGY,GKENERGY.NS,GK ENERGY LIMITED,Utilities,Utilities - Renewable,2026-06-12,28751374514.051483,UNKNOWN,Yahoo,,0,
GKSL,GKSL.NS,GUJARAT KIDNEY N SUP SP L,Healthcare,Medical Care Facilities,2026-06-12,9956325513.755798,UNKNOWN,Yahoo,,0,
GKWLIMITED,GKWLIMITED.NS,GKW Limited,Industrials,Specialty Business Services,2026-06-12,10739700000.0,UNKNOWN,Yahoo,,0,
GLAND,GLAND.NS,Gland Pharma Limited,Healthcare,Drug Manufacturers - Specialty & Generic,2026-06-12,372709889401.45605,UNKNOWN,Yahoo,,0,
GLAXO,GLAXO.NS,GlaxoSmithKline Pharmaceuticals Limited,Healthcare,Drug Manufacturers - General,2026-06-12,354414380274.958,UNKNOWN,Yahoo,,0,
GLENMARK,GLENMARK.NS,Glenmark Pharmaceuticals Limited,Healthcare,Drug Manufacturers - Specialty & Generic,2026-06-12,610372102227.4272,UNKNOWN,Yahoo,,0,
GLFL,GLFL.NS,Gujarat Lease Financing Limited,Financial Services,Shell Companies,2026-06-12,168993528.92738295,UNKNOWN,Yahoo,,0,
GLOBAL,GLOBAL.NS,Global Education Limited,Consumer Defensive,Education & Training Services,2026-06-12,5206205357.86438,UNKNOWN,Yahoo,,0,
GLOBALE,GLOBALE.NS,Globale Tessile Limited,Consumer Cyclical,Textile Manufacturing,2026-06-12,121283541.31026268,UNKNOWN,Yahoo,,0,
GLOBALPET,GLOBALPET.NS,"GLOBALPET.NS,0P0001R8HU,15000",,,2026-06-20,1709174160.0,UNKNOWN,Yahoo,,0,
GLOBALVECT,GLOBALVECT.NS,Global Vectra Helicorp Limited,Industrials,Airports & Air Services,2026-06-12,2247700042.7246094,UNKNOWN,Yahoo,,0,
GLOBE,GLOBE.NS,Globe Enterprises (India) Limited,Consumer Cyclical,Textile Manufacturing,2026-06-12,1031459007.3378868,UNKNOWN,Yahoo,,0,
GLOBECIVIL,GLOBECIVIL.NS,GLOBE CIVIL PROJECTS LTD,Industrials,Engineering & Construction,2026-06-12,2387565552.682812,UNKNOWN,Yahoo,,0,
GLOBUSSPR,GLOBUSSPR.NS,Globus Spirits Limited,Consumer Defensive,Beverages - Wineries & Distilleries,2026-06-12,24667076935.13281,UNKNOWN,Yahoo,,0,
GLOSTERLTD,GLOSTERLTD.NS,Gloster Limited,Consumer Cyclical,Textile Manufacturing,2026-06-12,7317211066.169434,UNKNOWN,Yahoo,,0,
GLOTTIS,GLOTTIS.NS,GLOTTIS LIMITED,Industrials,Integrated Freight & Logistics,2026-06-12,6150343454.406738,UNKNOWN,Yahoo,,0,
GMBREW,GMBREW.NS,G.M. Breweries Limited,Consumer Defensive,Beverages - Wineries & Distilleries,2026-06-12,20390878777.5,UNKNOWN,Yahoo,,0,
GMDCLTD,GMDCLTD.NS,Gujarat Mineral Development Corporation Limited,Energy,Thermal Coal,2026-06-12,191436000000.0,UNKNOWN,Yahoo,,0,
GMMPFAUDLR,GMMPFAUDLR.NS,GMM Pfaudler Limited,Industrials,Specialty Industrial Machinery,2026-06-12,33830311060.0,UNKNOWN,Yahoo,,0,
GMRAIRPORT,GMRAIRPORT.NS,GMR Airports Limited,Industrials,Airports & Air Services,2026-06-12,1080288803870.37,UNKNOWN,Yahoo,,0,
GMRP&UI,GMRP&UI.NS,GMR Power And Urban Infra Limited,Energy,Thermal Coal,2026-06-12,80913414812.66183,UNKNOWN,Yahoo,,0,
GNA,GNA.NS,G N A Axles Limited,Consumer Cyclical,Auto Parts,2026-06-12,15575293715.942385,UNKNOWN,Yahoo,,0,
GNFC,GNFC.NS,Gujarat Narmada Valley Fertilizers & Chemicals Limited,Basic Materials,Chemicals,2026-06-12,72956049109.5,UNKNOWN,Yahoo,,0,
GNRL,GNRL.NS,Gujarat Natural Resources Limited,,,2026-06-20,0.0,NO_MARKET_CAP,Yahoo,2026-08-04T07:12:32.526118+00:00,3,No market cap returned.
GOACARBON,GOACARBON.NS,Goa Carbon Limited,Basic Materials,Specialty Chemicals,2026-06-12,3446286239.053589,UNKNOWN,Yahoo,,0,
GOCLCORP,GOCLCORP.NS,GOCL Corporation Limited,Basic Materials,Specialty Chemicals,2026-06-12,19524125489.066467,UNKNOWN,Yahoo,,0,
GOCOLORS,GOCOLORS.NS,Go Fashion (India) Limited,Consumer Cyclical,Apparel Retail,2026-06-12,18524306206.84082,UNKNOWN,Yahoo,,0,
GODAVARIB,GODAVARIB.NS,GODAVARI BIOREFINERIES L,Basic Materials,Chemicals,2026-06-12,14137363646.25,UNKNOWN,Yahoo,,0,
GODFRYPHLP,GODFRYPHLP.NS,Godfrey Phillips India Limited,Consumer Defensive,Tobacco,2026-06-12,354562153888.59375,UNKNOWN,Yahoo,,0,
GODIGIT,GODIGIT.NS,GO DIGIT GENERAL INS LTD,Financial Services,Insurance - Property & Casualty,2026-06-12,275391367327.3521,UNKNOWN,Yahoo,,0,
GODREJAGRO,GODREJAGRO.NS,Godrej Agrovet Limited,Consumer Defensive,Packaged Foods,2026-06-12,108596817021.70589,UNKNOWN,Yahoo,,0,
GODREJCP,GODREJCP.NS,Godrej Consumer Products Limited,Consumer Defensive,Household & Personal Products,2026-06-12,1046369883549.0428,UNKNOWN,Yahoo,,0,
GODREJIND,GODREJIND.NS,Godrej Industries Limited,Industrials,Conglomerates,2026-06-12,344315585865.2128,UNKNOWN,Yahoo,,0,
GODREJPROP,GODREJPROP.NS,Godrej Properties Limited,Real Estate,Real Estate - Development,2026-06-12,499492875480.1011,UNKNOWN,Yahoo,,0,
GOKEX,GOKEX.NS,Gokaldas Exports Limited,Consumer Cyclical,Apparel Manufacturing,2026-06-12,48873509876.0,UNKNOWN,Yahoo,,0,
GOKUL,GOKUL.NS,Gokul Refoils & Solvent Limited,Consumer Defensive,Packaged Foods,2026-06-12,4064734835.948944,UNKNOWN,Yahoo,,0,
GOKULAGRO,GOKULAGRO.NS,Gokul Agro Resources Limited,Consumer Defensive,Packaged Foods,2026-06-12,68466021107.06647,UNKNOWN,Yahoo,,0,
GOODLUCK,GOODLUCK.NS,Goodluck India Limited,Basic Materials,Steel,2026-06-12,42807876552.58704,UNKNOWN,Yahoo,,0,
GOODYEAR,GOODYEAR.NS,Goodyear India Limited,Consumer Cyclical,Auto Parts,2026-06-12,16733597784.723572,UNKNOWN,Yahoo,,0,
GOPAL,GOPAL.NS,Gopal Snacks Limited,Consumer Defensive,Packaged Foods,2026-06-12,35050075400.94412,UNKNOWN,Yahoo,,0,
GOYALALUM,GOYALALUM.NS,Goyal Aluminiums Limited,Basic Materials,Aluminum,2026-06-12,994847446.653471,UNKNOWN,Yahoo,,0,
GOYALSALT,GOYALSALT.NS,"GOYALSALT.NS,0P0001RNFN,19800",,,2026-06-20,2112229500.0,UNKNOWN,Yahoo,,0,
GPECO,GPECO.NS,"GPECO.NS,0P0001T5Y4,294000",,,2026-06-20,5193739800.0,UNKNOWN,Yahoo,,0,
GPIL,GPIL.NS,Godawari Power & Ispat Limited,Basic Materials,Steel,2026-06-12,181516682970.0,UNKNOWN,Yahoo,,0,
GPPL,GPPL.NS,Gujarat Pipavav Port Limited,Industrials,Marine Shipping,2026-06-12,73414400648.30887,UNKNOWN,Yahoo,,0,
GPTHEALTH,GPTHEALTH.NS,GPT Healthcare Limited,Healthcare,Medical Care Facilities,2026-06-12,12017749927.485184,UNKNOWN,Yahoo,,0,
GPTINFRA,GPTINFRA.NS,GPT Infraprojects Limited,Industrials,Engineering & Construction,2026-06-12,14341118184.056091,UNKNOWN,Yahoo,,0,
GRADIENTE,GRADIENTE.NS,Gradiente Infotainment Limited,Communication Services,Entertainment,2026-06-12,757871990.4899597,UNKNOWN,Yahoo,,0,
GRANDOAK,GRANDOAK.NS,Grand Oak Canyons Distillery Limited,,,2026-06-20,0.0,NO_MARKET_CAP,Yahoo,2026-08-04T07:12:32.646963+00:00,3,No market cap returned.
GRANULES,GRANULES.NS,Granules India Limited,Healthcare,Drug Manufacturers - Specialty & Generic,2026-06-12,189713316667.87048,UNKNOWN,Yahoo,,0,
GRAPHISAD,GRAPHISAD.NS,"GRAPHISAD.NS,0P0001RZTK,33600",,,2026-06-20,548295000.0,UNKNOWN,Yahoo,,0,
GRAPHITE,GRAPHITE.NS,Graphite India Limited,Industrials,Electrical Equipment & Parts,2026-06-12,123360154821.51196,UNKNOWN,Yahoo,,0,
GRASIM,GRASIM.NS,Grasim Industries Limited,Basic Materials,Building Materials,2026-06-12,2101928744185.5864,UNKNOWN,Yahoo,,0,
GRAUWEIL,GRAUWEIL.NS,Grauer & Weil (India) Limited,Basic Materials,Specialty Chemicals,2026-06-12,32740843999.889374,UNKNOWN,Yahoo,,0,
GRAVISSHO,GRAVISSHO.NS,Graviss Hospitality Limited,,,2026-06-20,0.0,NO_MARKET_CAP,Yahoo,2026-08-04T07:12:32.733685+00:00,3,No market cap returned.
GRAVITA,GRAVITA.NS,Gravita India Limited,Industrials,Metal Fabrication,2026-06-12,115519342432.0,UNKNOWN,Yahoo,,0,
GRCL,GRCL.NS,"GRCL.NS,0P0001QE4W,1500",,,2026-06-20,2971997170.0439453,UNKNOWN,Yahoo,,0,
GREAVESCOT,GREAVESCOT.NS,Greaves Cotton Limited,Industrials,Specialty Industrial Machinery,2026-06-12,42956243007.77728,UNKNOWN,Yahoo,,0,
GREENCHEF,GREENCHEF.NS,"GREENCHEF.NS,0P0001R7SA,39200",,,2026-06-20,1176391494.244995,UNKNOWN,Yahoo,,0,
GREENLAM,GREENLAM.NS,Greenlam Industries Limited,Consumer Cyclical,"Furnishings, Fixtures & Appliances",2026-06-12,64710558935.40161,UNKNOWN,Yahoo,,0,
GREENPANEL,GREENPANEL.NS,Greenpanel Industries Limited,Basic Materials,Lumber & Wood Production,2026-06-12,23501539503.29178,UNKNOWN,Yahoo,,0,
GREENPLY,GREENPLY.NS,Greenply Industries Limited,Basic Materials,Lumber & Wood Production,2026-06-12,36696219296.31683,UNKNOWN,Yahoo,,0,
GREENPOWER,GREENPOWER.NS,Orient Green Power Company Limited,Utilities,Utilities - Independent Power Producers,2026-06-12,13032381439.861538,UNKNOWN,Yahoo,,0,
GRETEX,GRETEX.NS,"GRETEX.NS,0P00018W1G,0",,,2026-06-20,3925858400.0,UNKNOWN,Yahoo,,0,
GRINDWELL,GRINDWELL.NS,Grindwell Norton Limited,Industrials,Building Products & Equipment,2026-06-12,212460610703.125,UNKNOWN,Yahoo,,0,
GRINFRA,GRINFRA.NS,G R Infraprojects Limited,Industrials,Engineering & Construction,2026-06-12,81380441734.2912,UNKNOWN,Yahoo,,0,
GRMOVER,GRMOVER.NS,GRM Overseas Limited,Consumer Defensive,Packaged Foods,2026-06-12,19426308661.262512,UNKNOWN,Yahoo,,0,
GROBTEA,GROBTEA.NS,The Grob Tea Company Limited,Consumer Defensive,Farm Products,2026-06-12,1039123020.0,UNKNOWN,Yahoo,,0,
GRPLTD,GRPLTD.NS,GRP Limited,Consumer Cyclical,Auto Parts,2026-06-12,8997331084.0,UNKNOWN,Yahoo,,0,
GRSE,GRSE.NS,Garden Reach Shipbuilders & Engineers Limited,Industrials,Aerospace & Defense,2026-06-12,300263696806.6406,UNKNOWN,Yahoo,,0,
GRWRHITECH,GRWRHITECH.NS,Garware Hi-Tech Films Limited,Basic Materials,Specialty Chemicals,2026-06-12,144505490680.0,UNKNOWN,Yahoo,,0,
GSFC,GSFC.NS,Gujarat State Fertilizers & Chemicals Limited,Basic Materials,Agricultural Inputs,2026-06-12,64800413982.908936,UNKNOWN,Yahoo,,0,
GSLSU,GSLSU.NS,Global Surfaces Limited,Basic Materials,Building Materials,2026-06-12,2060603945.8913343,UNKNOWN,Yahoo,,0,
GSMFOILS,GSMFOILS.NS,"GSMFOILS.NS,0P0001T1S3,16000",,,2026-06-20,2857573118.2207184,UNKNOWN,Yahoo,,0,
GSPCROP,GSPCROP.NS,GSP CROP SCIENCE LIMITED,Basic Materials,Agricultural Inputs,2026-06-12,20921807812.5,UNKNOWN,Yahoo,,0,
GSS,GSS.NS,GSS Infotech Limited,Technology,Information Technology Services,2026-06-12,320520992.02890587,UNKNOWN,Yahoo,,0,
GSTL,GSTL.NS,"GSTL.NS,0P0001P5HV,17000",,,2026-06-20,307629423.5392418,UNKNOWN,Yahoo,,0,
GTECJAINX,GTECJAINX.NS,G-Tec Jainx Education Limited,Consumer Defensive,Education & Training Services,2026-06-12,318409312.5,UNKNOWN,Yahoo,,0,
GTL,GTL.NS,GTL Limited,Communication Services,Telecom Services,2026-06-12,1332303777.072772,UNKNOWN,Yahoo,,0,
GTLINFRA,GTLINFRA.NS,GTL Infrastructure Limited,Technology,Communication Equipment,2026-06-12,19213667842.5,UNKNOWN,Yahoo,,0,
GTPL,GTPL.NS,GTPL Hathway Limited,Communication Services,Entertainment,2026-06-12,7242619818.804977,UNKNOWN,Yahoo,,0,
GUFICBIO,GUFICBIO.NS,Gufic Biosciences Limited,Healthcare,Drug Manufacturers - Specialty & Generic,2026-06-12,36111731022.67584,UNKNOWN,Yahoo,,0,
GUJALKALI,GUJALKALI.NS,Gujarat Alkalies and Chemicals Limited,Basic Materials,Chemicals,2026-06-12,46019252724.09375,UNKNOWN,Yahoo,,0,
GUJAPOLLO,GUJAPOLLO.NS,Gujarat Apollo Industries Limited,Industrials,Specialty Industrial Machinery,2026-06-12,4825488341.674805,UNKNOWN,Yahoo,,0,
GUJGASLTD,GUJGASLTD.NS,Gujarat Energy Limited,Utilities,Utilities - Regulated Gas,2026-06-12,356340064997.1867,UNKNOWN,Yahoo,,0,
GUJRAFFIA,GUJRAFFIA.NS,Gujarat Raffia Industries Limited,,,2026-06-20,0.0,NO_MARKET_CAP,Yahoo,2026-08-04T07:12:32.822819+00:00,3,No market cap returned.
GUJTHEM,GUJTHEM.NS,Gujarat Themis Biosyn Limited,Healthcare,Drug Manufacturers - Specialty & Generic,2026-06-12,41902081565.6759,UNKNOWN,Yahoo,,0,
GULFOILLUB,GULFOILLUB.NS,Gulf Oil Lubricants India Limited,Basic Materials,Specialty Chemicals,2026-06-12,46055551218.59436,UNKNOWN,Yahoo,,0,
GULFPETRO,GULFPETRO.NS,GP Petroleums Limited,Energy,Oil & Gas Refining & Marketing,2026-06-12,1962898745.5,UNKNOWN,Yahoo,,0,
GULPOLY,GULPOLY.NS,Gulshan Polyols Limited,Basic Materials,Chemicals,2026-06-12,12707183073.9375,UNKNOWN,Yahoo,,0,
GVKPIL,GVKPIL.NS,GVK Power & Infrastructure Limited,Utilities,Utilities - Independent Power Producers,2026-06-12,4532333667.273712,UNKNOWN,Yahoo,,0,
GVPIL,GVPIL.NS,GE Power India Limited,Industrials,Engineering & Construction,2026-06-12,62491294847.40216,UNKNOWN,Yahoo,,0,
GVPTECH,GVPTECH.NS,GVP Infotech Limited,Technology,Information Technology Services,2026-06-12,1051926622.5088788,UNKNOWN,Yahoo,,0,
GVT&D,GVT&D.NS,GE Vernova T&D India Ltd,Industrials,Specialty Industrial Machinery,2026-06-12,1253219765557.5,UNKNOWN,Yahoo,,0,
HAL,HAL.NS,Hindustan Aeronautics Limited,Industrials,Aerospace & Defense,2026-06-12,2798488987500.0,UNKNOWN,Yahoo,,0,
HALDER,HALDER.NS,Halder Venture Limited,Consumer Defensive,Farm Products,2026-06-12,3047343075.0,UNKNOWN,Yahoo,,0,
HALDYNGL,HALDYNGL.NS,Haldyn Glass Limited,,,2026-06-20,0.0,NO_MARKET_CAP,Yahoo,2026-08-04T07:12:32.907482+00:00,3,No market cap returned.
HALEOSLABS,HALEOSLABS.NS,Haleos Labs Limited,Healthcare,Biotechnology,2026-06-12,4322998155.110718,UNKNOWN,Yahoo,,0,
HAPPSTMNDS,HAPPSTMNDS.NS,Happiest Minds Technologies Limited,Technology,Information Technology Services,2026-06-12,52396338917.45215,UNKNOWN,Yahoo,,0,
HAPPYFORGE,HAPPYFORGE.NS,HAPPY FORGINGS LIMITED,Industrials,Metal Fabrication,2026-06-12,126250349560.62196,UNKNOWN,Yahoo,,0,
HARDWYN,HARDWYN.NS,Hardwyn India Limited,Industrials,Building Products & Equipment,2026-06-12,11815220027.111929,UNKNOWN,Yahoo,,0,
HARIOMPIPE,HARIOMPIPE.NS,Hariom Pipe Industries Limited,Basic Materials,Steel,2026-06-12,12557235689.5,UNKNOWN,Yahoo,,0,
HARRMALAYA,HARRMALAYA.NS,Harrisons Malayalam Limited,Consumer Defensive,Farm Products,2026-06-12,3839277879.621429,UNKNOWN,Yahoo,,0,
HARSHA,HARSHA.NS,Harsha Engineers International Limited,Industrials,Tools & Accessories,2026-06-12,36417642000.0,UNKNOWN,Yahoo,,0,
HATHWAY,HATHWAY.NS,Hathway Cable and Datacom Limited,Communication Services,Entertainment,2026-06-12,18674602812.62064,UNKNOWN,Yahoo,,0,
HATSUN,HATSUN.NS,Hatsun Agro Product Limited,Consumer Defensive,Packaged Foods,2026-06-12,203179838094.3901,UNKNOWN,Yahoo,,0,
HAVELLS,HAVELLS.NS,Havells India Limited,Industrials,Electrical Equipment & Parts,2026-06-12,718648133251.6245,UNKNOWN,Yahoo,,0,
HAVISHA,HAVISHA.NS,Sri Havisha Hospitality and Infrastructure Limited,Consumer Cyclical,Lodging,2026-06-12,213414759.8036528,UNKNOWN,Yahoo,,0,
HAWKINCOOK,HAWKINCOOK.NS,Hawkins Cookers Limited,Consumer Cyclical,"Furnishings, Fixtures & Appliances",2026-06-12,45350945347.5,UNKNOWN,Yahoo,,0,
HBESD,HBESD.NS,HB Estate Developers Limited,,,2026-06-20,0.0,NO_MARKET_CAP,Yahoo,2026-08-04T07:12:33.008454+00:00,3,No market cap returned.
HBLENGINE,HBLENGINE.NS,HBL ENGINEERING LTD,Industrials,Electrical Equipment & Parts,2026-06-12,211000796278.92737,UNKNOWN,Yahoo,,0,
HBSL,HBSL.NS,HB Stockholdings Limited,Financial Services,Capital Markets,2026-06-12,382578833.10878754,UNKNOWN,Yahoo,,0,
HCC,HCC.NS,Hindustan Construction Company Limited,Industrials,Engineering & Construction,2026-06-12,60771661036.89553,UNKNOWN,Yahoo,,0,
HCG,HCG.NS,HealthCare Global Enterprises Limited,Healthcare,Medical Care Facilities,2026-06-12,94508294499.0,UNKNOWN,Yahoo,,0,
HCL-INSYS,HCL-INSYS.NS,HCL Infosystems Limited,Technology,Electronics & Computer Distribution,2026-06-12,4006484848.876724,UNKNOWN,Yahoo,,0,
HCLTECH,HCLTECH.NS,HCL Technologies Limited,Technology,Information Technology Services,2026-06-12,2995283752398.0,UNKNOWN,Yahoo,,0,
HDBFS,HDBFS.NS,HDB FINANCIAL SERVICES L,Financial Services,Credit Services,2026-06-12,524849602763.67175,UNKNOWN,Yahoo,,0,
HDFCAMC,HDFCAMC.NS,HDFC Asset Management Company Limited,Financial Services,Asset Management,2026-06-12,1032840015513.0,UNKNOWN,Yahoo,,0,
HDFCBANK,HDFCBANK.NS,HDFC Bank Limited,Financial Services,Banks - Regional,2026-06-12,11779119316350.0,UNKNOWN,Yahoo,,0,
HDFCLIFE,HDFCLIFE.NS,HDFC Life Insurance Company Limited,Financial Services,Insurance - Life,2026-06-12,1187762732396.9636,UNKNOWN,Yahoo,,0,
HDIL,HDIL.NS,Housing Development and Infrastructure Limited,Real Estate,Real Estate - Diversified,2026-06-12,881647420.7406814,UNKNOWN,Yahoo,,0,
HEADSUP,HEADSUP.NS,Heads UP Ventures Limited,Consumer Cyclical,Apparel Retail,2026-06-12,153694959.48238468,UNKNOWN,Yahoo,,0,
HECPROJECT,HECPROJECT.NS,HEC Infra Projects Limited,Industrials,Engineering & Construction,2026-06-12,1278902880.0,UNKNOWN,Yahoo,,0,
HEG,HEG.NS,HEG Limited,Industrials,Electrical Equipment & Parts,2026-06-12,99605356820.86548,UNKNOWN,Yahoo,,0,
HEIDELBERG,HEIDELBERG.NS,HeidelbergCement India Limited,Basic Materials,Building Materials,2026-06-12,33722739470.823868,UNKNOWN,Yahoo,,0,
HEMIPROP,HEMIPROP.NS,Hemisphere Properties India Limited,Real Estate,Real Estate - Diversified,2026-06-12,39535396937.91797,UNKNOWN,Yahoo,,0,
HERANBA,HERANBA.NS,Heranba Industries Limited,Basic Materials,Agricultural Inputs,2026-06-12,7372881209.619461,UNKNOWN,Yahoo,,0,
HERITGFOOD,HERITGFOOD.NS,Heritage Foods Limited,Consumer Defensive,Packaged Foods,2026-06-12,29694720000.0,UNKNOWN,Yahoo,,0,
HEROMOTOCO,HEROMOTOCO.NS,Hero MotoCorp Limited,Consumer Cyclical,Auto Manufacturers,2026-06-12,985477748484.126,UNKNOWN,Yahoo,,0,
HESTERBIO,HESTERBIO.NS,Hester Biosciences Limited,Healthcare,Drug Manufacturers - Specialty & Generic,2026-06-12,16667501009.874268,UNKNOWN,Yahoo,,0,
HEXATRADEX,HEXATRADEX.NS,Hexa Tradex Limited,Financial Services,Credit Services,2026-06-12,8811530288.0,UNKNOWN,Yahoo,,0,
HEXT,HEXT.NS,Hexaware Technologies Limited,Technology,Information Technology Services,2026-06-12,301437525937.03143,UNKNOWN,Yahoo,,0,
HFCL,HFCL.NS,HFCL Limited,Technology,Communication Equipment,2026-06-12,262991114057.17883,UNKNOWN,Yahoo,,0,
HGINFRA,HGINFRA.NS,H.G. Infra Engineering Limited,Industrials,Engineering & Construction,2026-06-12,36072209938.5,UNKNOWN,Yahoo,,0,
HGM,HGM.NS,Handson Global Management (HGM) Limited,Technology,Information Technology Services,2026-06-12,672571524.0184021,UNKNOWN,Yahoo,,0,
HGS,HGS.NS,Hinduja Global Solutions Limited,Industrials,Specialty Business Services,2026-06-12,19815315963.624573,UNKNOWN,Yahoo,,0,
HIGREEN,HIGREEN.NS,"HIGREEN.NS,0P0001RMIX,52800",,,2026-06-20,3727258347.473145,UNKNOWN,Yahoo,,0,
HIKAL,HIKAL.NS,Hikal Limited,Healthcare,Drug Manufacturers - Specialty & Generic,2026-06-12,22265649660.770416,UNKNOWN,Yahoo,,0,
HILINFRA,HILINFRA.NS,HIGHWAY INFRASTRUCTURE L,Industrials,Infrastructure Operations,2026-06-12,3370869704.0,UNKNOWN,Yahoo,,0,
HILTON,HILTON.NS,Hilton Metal Forging Limited,Industrials,Metal Fabrication,2026-06-12,970659183.2726898,UNKNOWN,Yahoo,,0,
HIMATSEIDE,HIMATSEIDE.NS,Himatsingka Seide Limited,Consumer Cyclical,Textile Manufacturing,2026-06-12,9411810139.782494,UNKNOWN,Yahoo,,0,
HINDALCO,HINDALCO.NS,Hindalco Industries Limited,Basic Materials,Aluminum,2026-06-12,2295858389466.432,UNKNOWN,Yahoo,,0,
HINDCOMPOS,HINDCOMPOS.NS,Hindustan Composites Limited,Consumer Cyclical,Auto Parts,2026-06-12,6077443500.0,UNKNOWN,Yahoo,,0,
HINDCON,HINDCON.NS,Hindcon Chemicals Limited,Basic Materials,Specialty Chemicals,2026-06-12,1052479222.6612568,UNKNOWN,Yahoo,,0,
HINDCOPPER,HINDCOPPER.NS,Hindustan Copper Limited,Basic Materials,Copper,2026-06-12,491635005865.7538,UNKNOWN,Yahoo,,0,
HINDOILEXP,HINDOILEXP.NS,Hindustan Oil Exploration Company Limited,Energy,Oil & Gas E&P,2026-06-12,21939160837.95102,UNKNOWN,Yahoo,,0,
HINDPETRO,HINDPETRO.NS,Hindustan Petroleum Corporation Limited,Energy,Oil & Gas Refining & Marketing,2026-06-12,806231938704.102,UNKNOWN,Yahoo,,0,
HINDUNILVR,HINDUNILVR.NS,Hindustan Unilever Limited,Consumer Defensive,Household & Personal Products,2026-06-12,5059844782717.0,UNKNOWN,Yahoo,,0,
HINDWAREAP,HINDWAREAP.NS,Hindware Home Innovation Limited,Consumer Cyclical,"Furnishings, Fixtures & Appliances",2026-06-12,20031629216.984207,UNKNOWN,Yahoo,,0,
HINDZINC,HINDZINC.NS,Hindustan Zinc Limited,Basic Materials,Other Industrial Metals & Mining,2026-06-12,2358995546121.399,UNKNOWN,Yahoo,,0,
HIRECT,HIRECT.NS,Hind Rectifiers Limited,Industrials,Electrical Equipment & Parts,2026-06-12,38840630070.0,UNKNOWN,Yahoo,,0,
HISARMETAL,HISARMETAL.NS,Hisar Metal Industries Limited,Basic Materials,Steel,2026-06-12,832247973.6328125,UNKNOWN,Yahoo,,0,
HITECH,HITECH.NS,Hi-Tech Pipes Limited,Basic Materials,Steel,2026-06-12,17820257413.28705,UNKNOWN,Yahoo,,0,
HITECHCORP,HITECHCORP.NS,Hitech Corporation Limited,Consumer Cyclical,Packaging & Containers,2026-06-12,5324467000.0,UNKNOWN,Yahoo,,0,
HITECHGEAR,HITECHGEAR.NS,The Hi-Tech Gears Limited,Consumer Cyclical,Auto Parts,2026-06-12,10761348884.0,UNKNOWN,Yahoo,,0,
HLEGLAS,HLEGLAS.NS,HLE Glascoat Limited,Industrials,Specialty Industrial Machinery,2026-06-12,26194854389.931915,UNKNOWN,Yahoo,,0,
HLVLTD,HLVLTD.NS,HLV Limited,Consumer Cyclical,Lodging,2026-06-12,5109264217.25,UNKNOWN,Yahoo,,0,
HMAAGRO,HMAAGRO.NS,HMA Agro Industries Limited,Consumer Defensive,Packaged Foods,2026-06-12,11207227032.337284,UNKNOWN,Yahoo,,0,
HMT,HMT.NS,HMT Limited,Industrials,Farm & Heavy Construction Machinery,2026-06-12,65081152223.35098,UNKNOWN,Yahoo,,0,
HMVL,HMVL.NS,Hindustan Media Ventures Limited,Communication Services,Publishing,2026-06-12,5748858777.850571,UNKNOWN,Yahoo,,0,
HNDFDS,HNDFDS.NS,Hindustan Foods Limited,Industrials,Conglomerates,2026-06-12,63992084019.37378,UNKNOWN,Yahoo,,0,
HOACFOODS,HOACFOODS.NS,"HOACFOODS.NS,0P0001SY8L,51000",,,2026-06-20,2440438350.0,UNKNOWN,Yahoo,,0,
HOLMARC,HOLMARC.NS,"HOLMARC.NS,0P0001RM25,6000",,,2026-06-20,973342484.664917,UNKNOWN,Yahoo,,0,
HOMEFIRST,HOMEFIRST.NS,Home First Finance Company India Limited,Financial Services,Mortgage Finance,2026-06-12,114517837820.81177,UNKNOWN,Yahoo,,0,
HOMESFY,HOMESFY.NS,"HOMESFY.NS,0P0001Q9NP,600",,,2026-06-20,345203400.0,UNKNOWN,Yahoo,,0,
HONASA,HONASA.NS,Honasa Consumer Limited,Consumer Defensive,Household & Personal Products,2026-06-12,136475211224.11322,UNKNOWN,Yahoo,,0,
HONAUT,HONAUT.NS,Honeywell Automation India Limited,Industrials,Electrical Equipment & Parts,2026-06-12,319389659900.0,UNKNOWN,Yahoo,,0,
HPAL,HPAL.NS,HP Adhesives Limited,Basic Materials,Specialty Chemicals,2026-06-12,3242259482.263832,UNKNOWN,Yahoo,,0,
HPIL,HPIL.NS,Hindprakash Industries Limited,Basic Materials,Specialty Chemicals,2026-06-12,1439552125.504532,UNKNOWN,Yahoo,,0,
HPL,HPL.NS,HPL Electric & Power Limited,Industrials,Electrical Equipment & Parts,2026-06-12,22649846193.5,UNKNOWN,Yahoo,,0,
HRHNEXT,HRHNEXT.NS,"HRHNEXT.NS,0P0001S4DY,12000",,,2026-06-20,322848519.1741867,UNKNOWN,Yahoo,,0,
HSCL,HSCL.NS,Himadri Speciality Chemical Limited,Basic Materials,Specialty Chemicals,2026-06-12,339051954528.0,UNKNOWN,Yahoo,,0,
HTMEDIA,HTMEDIA.NS,HT Media Limited,Communication Services,Publishing,2026-06-12,5216266770.616814,UNKNOWN,Yahoo,,0,
HUBTOWN,HUBTOWN.NS,Hubtown Limited,Real Estate,Real Estate - Development,2026-06-12,25856636501.76494,UNKNOWN,Yahoo,,0,
HUDCO,HUDCO.NS,Housing and Urban Development Corporation Limited,Financial Services,Credit Services,2026-06-12,406105435221.8628,UNKNOWN,Yahoo,,0,
HUHTAMAKI,HUHTAMAKI.NS,Huhtamaki India Limited,Consumer Cyclical,Packaging & Containers,2026-06-12,12891593903.325348,UNKNOWN,Yahoo,,0,
HYBRIDFIN,HYBRIDFIN.NS,Hybrid Financial Services Limited,Financial Services,Capital Markets,2026-06-12,479516946.69971466,UNKNOWN,Yahoo,,0,
HYUNDAI,HYUNDAI.NS,HYUNDAI MOTOR INDIA LTD,Consumer Cyclical,Auto Manufacturers,2026-06-12,1606718790977.4292,UNKNOWN,Yahoo,,0,
IBLFL,IBLFL.NS,"IBLFL.NS,0P0001S7M0,24000",,,2026-06-20,1422012375.0,UNKNOWN,Yahoo,,0,
IBULLSLTD,IBULLSLTD.NS,INDIABULLS LIMITED,Real Estate,Real Estate - Development,2026-06-12,52090862102.04298,UNKNOWN,Yahoo,,0,
ICDSLTD,ICDSLTD.NS,ICDS Limited,Real Estate,Real Estate Services,2026-06-12,556370345.0737,UNKNOWN,Yahoo,,0,
ICEMAKE,ICEMAKE.NS,Ice Make Refrigeration Limited,Industrials,Specialty Industrial Machinery,2026-06-12,12252176209.82373,UNKNOWN,Yahoo,,0,
ICICIAMC,ICICIAMC.NS,ICICI PRUDENTIAL AMC LTD,Financial Services,Asset Management,2026-06-12,1600755044590.2832,UNKNOWN,Yahoo,,0,
ICICIBANK,ICICIBANK.NS,ICICI Bank Limited,Financial Services,Banks - Regional,2026-06-12,9573305787285.0,UNKNOWN,Yahoo,,0,
ICICIGI,ICICIGI.NS,ICICI Lombard General Insurance Company Limited,Financial Services,Insurance - Diversified,2026-06-12,836753988637.0,UNKNOWN,Yahoo,,0,
ICICIPRULI,ICICIPRULI.NS,ICICI Prudential Life Insurance Company Limited,Financial Services,Insurance - Life,2026-06-12,676504752871.1039,UNKNOWN,Yahoo,,0,
ICIL,ICIL.NS,Indo Count Industries Limited,Consumer Cyclical,Textile Manufacturing,2026-06-12,66625478767.17224,UNKNOWN,Yahoo,,0,
ICRA,ICRA.NS,ICRA Limited,Financial Services,Financial Data & Stock Exchanges,2026-06-12,49502283840.0,UNKNOWN,Yahoo,,0,
IDBI,IDBI.NS,IDBI Bank Limited,Financial Services,Banks - Regional,2026-06-12,801161509028.8591,UNKNOWN,Yahoo,,0,
IDEA,IDEA.NS,Vodafone Idea Limited,Communication Services,Telecom Services,2026-06-12,1617561545628.6003,UNKNOWN,Yahoo,,0,
IDEAFORGE,IDEAFORGE.NS,ideaForge Technology Limited,Technology,Computer Hardware,2026-06-12,37704951493.0,UNKNOWN,Yahoo,,0,
IDFCFIRSTB,IDFCFIRSTB.NS,IDFC First Bank Limited,Financial Services,Banks - Regional,2026-06-12,643494062943.7166,UNKNOWN,Yahoo,,0,
IEML,IEML.NS,"IEML.NS,0P0001SWJA,35000",,,2026-06-20,654079349.3827057,UNKNOWN,Yahoo,,0,
IEX,IEX.NS,Indian Energy Exchange Limited,Financial Services,Capital Markets,2026-06-12,106242326896.76828,UNKNOWN,Yahoo,,0,
IFBAGRO,IFBAGRO.NS,IFB Agro Industries Limited,Consumer Defensive,Beverages - Wineries & Distilleries,2026-06-12,8568096546.044617,UNKNOWN,Yahoo,,0,
IFBIND,IFBIND.NS,IFB Industries Limited,Consumer Cyclical,"Furnishings, Fixtures & Appliances",2026-06-12,51661464900.0,UNKNOWN,Yahoo,,0,
IFCI,IFCI.NS,IFCI Limited,Financial Services,Credit Services,2026-06-12,227858162150.4305,UNKNOWN,Yahoo,,0,
IFGLEXPOR,IFGLEXPOR.NS,IFGL Refractories Limited,Basic Materials,Building Materials,2026-06-12,13459241151.566896,UNKNOWN,Yahoo,,0,
IGARASHI,IGARASHI.NS,Igarashi Motors India Limited,Consumer Cyclical,Auto Parts,2026-06-12,12086418432.0,UNKNOWN,Yahoo,,0,
IGCL,IGCL.NS,INDOGULF CROPSCIENCES LTD,Basic Materials,Agricultural Inputs,2026-06-12,3794704328.881649,UNKNOWN,Yahoo,,0,
IGIL,IGIL.NS,International Gemological Institute Limited,Basic Materials,Other Precious Metals & Mining,2026-06-12,155966431648.70654,UNKNOWN,Yahoo,,0,
IGL,IGL.NS,Indraprastha Gas Limited,Utilities,Utilities - Regulated Gas,2026-06-12,227458261660.9864,UNKNOWN,Yahoo,,0,
IGPL,IGPL.NS,I G Petrochemicals Limited,Basic Materials,Chemicals,2026-06-12,13258722291.586304,UNKNOWN,Yahoo,,0,
IIFL,IIFL.NS,IIFL Finance Limited,Financial Services,Credit Services,2026-06-12,217482828454.9206,UNKNOWN,Yahoo,,0,
IIFLCAPS,IIFLCAPS.NS,IIFL Capital Services Limited,Financial Services,Capital Markets,2026-06-12,105921039167.6825,UNKNOWN,Yahoo,,0,
IITL,IITL.NS,Industrial Investment Trust Limited,Financial Services,Credit Services,2026-06-12,3146961718.6431885,UNKNOWN,Yahoo,,0,
IKIO,IKIO.NS,IKIO Technologies Limited,Technology,Electronic Components,2026-06-12,11823174870.50557,UNKNOWN,Yahoo,,0,
IKS,IKS.NS,INVENTURUS KNOWLEDGE SO L,Healthcare,Health Information Services,2026-06-12,280859651026.1792,UNKNOWN,Yahoo,,0,
IL&FSENGG,IL&FSENGG.NS,IL&FS Engineering and Construction Company Limited,Industrials,Engineering & Construction,2026-06-12,3738261963.791233,UNKNOWN,Yahoo,,0,
IL&FSTRANS,IL&FSTRANS.NS,IL&FS Transportation Networks Limited,Industrials,Infrastructure Operations,2026-06-12,789504096.1720729,UNKNOWN,Yahoo,,0,
IMAGICAA,IMAGICAA.NS,Imagicaaworld Entertainment Limited,Communication Services,Entertainment,2026-06-12,23732228310.08756,UNKNOWN,Yahoo,,0,
IMFA,IMFA.NS,Indian Metals and Ferro Alloys Limited,Basic Materials,Other Industrial Metals & Mining,2026-06-12,74909882087.63892,UNKNOWN,Yahoo,,0,
IMPAL,IMPAL.NS,India Motor Parts & Accessories Limited,Consumer Cyclical,Auto Parts,2026-06-12,13216320000.0,UNKNOWN,Yahoo,,0,
IMPEXFERRO,IMPEXFERRO.NS,Impex Ferro Tech Limited,Basic Materials,Other Industrial Metals & Mining,2026-06-12,237670616.96,UNKNOWN,Yahoo,,0,
INA,INA.NS,Insolation Energy Limited,Technology,Solar,2026-06-12,25920437916.15486,UNKNOWN,Yahoo,,0,
INCREDIBLE,INCREDIBLE.NS,Incredible Industries Limited,Basic Materials,Steel,2026-06-12,1629249057.135582,UNKNOWN,Yahoo,,0,
INDBANK,INDBANK.NS,Indbank Merchant Banking Services Limited,Financial Services,Capital Markets,2026-06-12,1489776160.456848,UNKNOWN,Yahoo,,0,
INDGN,INDGN.NS,INDEGENE LIMITED,Healthcare,Health Information Services,2026-06-12,122838093398.92072,UNKNOWN,Yahoo,,0,
INDHOTEL,INDHOTEL.NS,The Indian Hotels Company Limited,Consumer Cyclical,Lodging,2026-06-12,954909474731.1866,UNKNOWN,Yahoo,,0,
INDIACEM,INDIACEM.NS,The India Cements Limited,Basic Materials,Building Materials,2026-06-12,179825375807.34006,UNKNOWN,Yahoo,,0,
INDIAGLYCO,INDIAGLYCO.NS,India Glycols Limited,Basic Materials,Chemicals,2026-06-12,64308830497.447815,UNKNOWN,Yahoo,,0,
INDIAMART,INDIAMART.NS,IndiaMART InterMESH Limited,Communication Services,Internet Content & Information,2026-06-12,120914780285.3711,UNKNOWN,Yahoo,,0,
INDIANB,INDIANB.NS,Indian Bank,Financial Services,Banks - Regional,2026-06-12,1121482177695.7373,UNKNOWN,Yahoo,,0,
INDIANCARD,INDIANCARD.NS,The Indian Card Clothing Company Limited,Consumer Cyclical,Textile Manufacturing,2026-06-12,1277340800.0,UNKNOWN,Yahoo,,0,
INDIANHUME,INDIANHUME.NS,The Indian Hume Pipe Company Limited,Industrials,Engineering & Construction,2026-06-12,15388345338.544006,UNKNOWN,Yahoo,,0,
INDIASHLTR,INDIASHLTR.NS,India Shelter Finance Corporation Limited,Financial Services,Mortgage Finance,2026-06-12,81523555846.4862,UNKNOWN,Yahoo,,0,
INDIFRA,INDIFRA.NS,"INDIFRA.NS,0P0001S3NL,8000",,,2026-06-20,92218497.2190857,UNKNOWN,Yahoo,,0,
INDIGO,INDIGO.NS,InterGlobe Aviation Limited,Industrials,Airlines,2026-06-12,1814544934604.6787,UNKNOWN,Yahoo,,0,
INDIGOPNTS,INDIGOPNTS.NS,Indigo Paints Limited,Basic Materials,Specialty Chemicals,2026-06-12,46097598751.75659,UNKNOWN,Yahoo,,0,
INDIGRID,INDIGRID.NS,Indigrid Infrastructure Trust,,,2026-06-20,165879619585.26062,UNKNOWN,Yahoo,,0,
INDIQUBE,INDIQUBE.NS,INDIQUBE SPACES LIMITED,Real Estate,Real Estate Services,2026-06-12,32391117228.326035,UNKNOWN,Yahoo,,0,
INDNIPPON,INDNIPPON.NS,India Nippon Electricals Limited,Consumer Cyclical,Auto Parts,2026-06-12,19957751324.0,UNKNOWN,Yahoo,,0,
INDOAMIN,INDOAMIN.NS,Indo Amines Limited,Basic Materials,Chemicals,2026-06-12,9456707228.19214,UNKNOWN,Yahoo,,0,
INDOBORAX,INDOBORAX.NS,Indo Borax & Chemicals Limited,Basic Materials,Chemicals,2026-06-12,12065840000.0,UNKNOWN,Yahoo,,0,
INDOCO,INDOCO.NS,Indoco Remedies Limited,Healthcare,Drug Manufacturers - Specialty & Generic,2026-06-12,23035130954.10019,UNKNOWN,Yahoo,,0,
INDOFARM,INDOFARM.NS,INDO FARM EQUIPMENT LTD,Industrials,Farm & Heavy Construction Machinery,2026-06-12,6231331136.05957,UNKNOWN,Yahoo,,0,
INDORAMA,INDORAMA.NS,Indo Rama Synthetics (India) Limited,Consumer Cyclical,Textile Manufacturing,2026-06-12,11619535219.5,UNKNOWN,Yahoo,,0,
INDOSTAR,INDOSTAR.NS,IndoStar Capital Finance Limited,Financial Services,Credit Services,2026-06-12,38248101632.81081,UNKNOWN,Yahoo,,0,
INDOTECH,INDOTECH.NS,Indo Tech Transformers Limited,Industrials,Electrical Equipment & Parts,2026-06-12,26974800000.0,UNKNOWN,Yahoo,,0,
INDOTHAI,INDOTHAI.NS,Indo Thai Securities Limited,Financial Services,Capital Markets,2026-06-12,30321738292.5,UNKNOWN,Yahoo,,0,
INDOUS,INDOUS.NS,Indo Us Bio-Tech Limited,Basic Materials,Agricultural Inputs,2026-06-12,1786633169.4030762,UNKNOWN,Yahoo,,0,
INDOWIND,INDOWIND.NS,Indowind Energy Limited,Utilities,Utilities - Renewable,2026-06-12,1453849552.1077824,UNKNOWN,Yahoo,,0,
INDPRUD,INDPRUD.NS,Industrial And Prudential Investment Company Limited,,,2026-06-20,0.0,NO_MARKET_CAP,Yahoo,2026-08-04T07:12:33.140315+00:00,3,No market cap returned.
INDRAMEDCO,INDRAMEDCO.NS,Indraprastha Medical Corporation Limited,Healthcare,Medical Care Facilities,2026-06-12,34945748719.055176,UNKNOWN,Yahoo,,0,
INDSWFTLAB,INDSWFTLAB.NS,Ind-Swift Laboratories Limited,Healthcare,Drug Manufacturers - Specialty & Generic,2026-06-12,14183430640.571228,UNKNOWN,Yahoo,,0,
INDTERRAIN,INDTERRAIN.NS,Indian Terrain Fashions Limited,Consumer Cyclical,Apparel Retail,2026-06-12,1596022060.5,UNKNOWN,Yahoo,,0,
INDUSINDBK,INDUSINDBK.NS,IndusInd Bank Limited,Financial Services,Banks - Regional,2026-06-12,704141224620.0,UNKNOWN,Yahoo,,0,
INDUSTOWER,INDUSTOWER.NS,Indus Towers Limited,Communication Services,Telecom Services,2026-06-12,1108015280054.4707,UNKNOWN,Yahoo,,0,
INFINIUM,INFINIUM.NS,"INFINIUM.NS,0P0001QQ8H,15000",,,2026-06-20,3269338623.555908,UNKNOWN,Yahoo,,0,
INFOBEAN,INFOBEAN.NS,InfoBeans Technologies Limited,Technology,Software - Application,2026-06-12,16270763389.682615,UNKNOWN,Yahoo,,0,
INFOLLION,INFOLLION.NS,"INFOLLION.NS,0P0001R233,16800",,,2026-06-20,1667879184.0,UNKNOWN,Yahoo,,0,
INFOMEDIA,INFOMEDIA.NS,Infomedia Press Limited,Financial Services,Shell Companies,2026-06-12,284099005.8609772,UNKNOWN,Yahoo,,0,
INFY,INFY.NS,Infosys Limited,Technology,Information Technology Services,2026-06-12,4524720842451.505,UNKNOWN,Yahoo,,0,
INGERRAND,INGERRAND.NS,Ingersoll-Rand (India) Limited,Industrials,Specialty Industrial Machinery,2026-06-12,129984399882.8125,UNKNOWN,Yahoo,,0,
INM,INM.NS,"INM.NS,0P0001SEEG,8400",,,2026-06-20,2210546400.0,UNKNOWN,Yahoo,,0,
INNOVACAP,INNOVACAP.NS,Innova Captab Limited,Healthcare,Drug Manufacturers - Specialty & Generic,2026-06-12,54950238072.25,UNKNOWN,Yahoo,,0,
INNOVANA,INNOVANA.NS,INNOVANA THINKLABS LTD,Technology,Software - Application,2026-06-12,6722763873.901367,UNKNOWN,Yahoo,,0,
INNOVISION,INNOVISION.NS,INNOVISION LIMITED,Industrials,Staffing & Employment Services,2026-06-12,6890376764.244812,UNKNOWN,Yahoo,,0,
INOXGREEN,INOXGREEN.NS,Inox Green Energy Services Limited,Utilities,Utilities - Renewable,2026-06-12,75360055621.24352,UNKNOWN,Yahoo,,0,
INOXINDIA,INOXINDIA.NS,INOX India Limited,Industrials,Specialty Industrial Machinery,2026-06-12,164599607250.0,UNKNOWN,Yahoo,,0,
INOXWIND,INOXWIND.NS,Inox Wind Limited,Industrials,Specialty Industrial Machinery,2026-06-12,148369214381.61835,UNKNOWN,Yahoo,,0,
INSECTICID,INSECTICID.NS,Insecticides (India) Limited,Basic Materials,Agricultural Inputs,2026-06-12,20806407991.651794,UNKNOWN,Yahoo,,0,
INSPIRE,INSPIRE.NS,"INSPIRE.NS,0P0001RN8Z,14000",,,2026-06-20,125886015.75,UNKNOWN,Yahoo,,0,
INSPIRISYS,INSPIRISYS.NS,Inspirisys Solutions Limited,Technology,Information Technology Services,2026-06-12,4444617078.590881,UNKNOWN,Yahoo,,0,
INTELLECT,INTELLECT.NS,Intellect Design Arena Limited,Technology,Software - Application,2026-06-12,103306919659.42664,UNKNOWN,Yahoo,,0,
INTENTECH,INTENTECH.NS,Intense Technologies Limited,Technology,Software - Infrastructure,2026-06-12,2368334229.8389664,UNKNOWN,Yahoo,,0,
INTERARCH,INTERARCH.NS,Interarch Building Solutions Limited,Industrials,Engineering & Construction,2026-06-12,29508398577.669067,UNKNOWN,Yahoo,,0,
INTERNET,INTERNET.NS,Mirae Asset Nifty India Internet ETF,,,2026-06-20,0.0,NO_MARKET_CAP,Yahoo,2026-08-04T07:12:33.225250+00:00,3,No market cap returned.
INTLCONV,INTLCONV.NS,International Conveyors Limited,Industrials,Specialty Industrial Machinery,2026-06-12,5034234349.4644165,UNKNOWN,Yahoo,,0,
INVENTURE,INVENTURE.NS,Inventure Growth & Securities Limited,Financial Services,Capital Markets,2026-06-12,976500007.5101852,UNKNOWN,Yahoo,,0,
INVPRECQ,INVPRECQ.NS,Investment & Precision Castings Limited,,,2026-06-20,0.0,NO_MARKET_CAP,Yahoo,2026-08-04T07:12:33.321079+00:00,3,No market cap returned.
IOB,IOB.NS,Indian Overseas Bank,Financial Services,Banks - Regional,2026-06-12,633349226604.2604,UNKNOWN,Yahoo,,0,
IOC,IOC.NS,Indian Oil Corporation Limited,Energy,Oil & Gas Refining & Marketing,2026-06-12,1950848996422.251,UNKNOWN,Yahoo,,0,
IOLCP,IOLCP.NS,IOL Chemicals and Pharmaceuticals Limited,Healthcare,Drug Manufacturers - Specialty & Generic,2026-06-12,38795530459.23508,UNKNOWN,Yahoo,,0,
IONEXCHANG,IONEXCHANG.NS,Ion Exchange (India) Limited,Industrials,Pollution & Treatment Controls,2026-06-12,42183583167.19208,UNKNOWN,Yahoo,,0,
IPCALAB,IPCALAB.NS,Ipca Laboratories Limited,Healthcare,Drug Manufacturers - Specialty & Generic,2026-06-12,405977477255.6987,UNKNOWN,Yahoo,,0,
IPL,IPL.NS,India Pesticides Limited,Basic Materials,Agricultural Inputs,2026-06-12,18249961253.34045,UNKNOWN,Yahoo,,0,
IPSL,IPSL.NS,"IPSL.NS,0P0001PYEW,1000",,,2026-06-20,2237692600.0,UNKNOWN,Yahoo,,0,
IRB,IRB.NS,IRB Infrastructure Developers Limited,Industrials,Infrastructure Operations,2026-06-12,249048370136.261,UNKNOWN,Yahoo,,0,
IRBINVIT,IRBINVIT.NS,IRB InvIT Fund,,,2026-06-20,77844386151.12305,UNKNOWN,Yahoo,,0,
IRCON,IRCON.NS,Ircon International Limited,Industrials,Engineering & Construction,2026-06-12,125605879947.22626,UNKNOWN,Yahoo,,0,
IRCTC,IRCTC.NS,Indian Railway Catering & Tourism Corporation Limited,Consumer Cyclical,Travel Services,2026-06-12,417639990234.375,UNKNOWN,Yahoo,,0,
IREDA,IREDA.NS,Indian Renewable Energy Development Agency Limited,Financial Services,Credit Services,2026-06-12,339439419256.2961,UNKNOWN,Yahoo,,0,
IRFC,IRFC.NS,Indian Railway Finance Corporation Limited,Financial Services,Credit Services,2026-06-12,1234320351818.0847,UNKNOWN,Yahoo,,0,
IRIS,IRIS.NS,IRIS RegTech Solutions Limited,Technology,Software - Application,2026-06-12,4819140334.869308,UNKNOWN,Yahoo,,0,
IRISDOREME,IRISDOREME.NS,Iris Clothings Limited,Consumer Cyclical,Apparel Manufacturing,2026-06-12,6127355215.334587,UNKNOWN,Yahoo,,0,
IRMENERGY,IRMENERGY.NS,IRM Energy Limited,Utilities,Utilities - Regulated Gas,2026-06-12,10388098281.0,UNKNOWN,Yahoo,,0,
ISFT,ISFT.NS,IntraSoft Technologies Limited,Consumer Cyclical,Internet Retail,2026-06-12,1370180952.0,UNKNOWN,Yahoo,,0,
ISGEC,ISGEC.NS,Isgec Heavy Engineering Limited,Industrials,Specialty Industrial Machinery,2026-06-12,66356707197.07703,UNKNOWN,Yahoo,,0,
ISHAN,ISHAN.NS,"ISHAN.NS,0P0001POR6,144000",,,2026-06-20,140552933.34454894,UNKNOWN,Yahoo,,0,
ISHANCH,ISHANCH.NS,Ishan Dyes and Chemicals Limited,Basic Materials,Chemicals,2026-06-12,1574612191.79105,UNKNOWN,Yahoo,,0,
IT,IT.NS,Kotak Nifty IT ETF,,,2026-06-20,0.0,NO_MARKET_CAP,Yahoo,2026-08-04T07:12:33.403225+00:00,3,No market cap returned.
ITALIANE,ITALIANE.NS,"ITALIANE.NS,0P0001SC4D,20000",,,2026-06-20,480257407.5,UNKNOWN,Yahoo,,0,
ITC,ITC.NS,ITC Limited,Consumer Defensive,Tobacco,2026-06-12,3564633711719.5,UNKNOWN,Yahoo,,0,
ITCHOTELS,ITCHOTELS.NS,ITC HOTELS LIMITED,Consumer Cyclical,Resorts & Casinos,2026-06-12,316195810062.9392,UNKNOWN,Yahoo,,0,
ITDC,ITDC.NS,India Tourism Development Corporation Limited,Consumer Cyclical,Lodging,2026-06-12,50020715126.98975,UNKNOWN,Yahoo,,0,
ITI,ITI.NS,ITI Limited,Technology,Communication Equipment,2026-06-12,288663007953.03595,UNKNOWN,Yahoo,,0,
IVC,IVC.NS,IL&FS Investment Managers Limited,Financial Services,Financial Conglomerates,2026-06-12,2619033099.5175934,UNKNOWN,Yahoo,,0,
IVP,IVP.NS,IVP Limited,Basic Materials,Specialty Chemicals,2026-06-12,1657674986.7846985,UNKNOWN,Yahoo,,0,
IWP,IWP.NS,The Indian Wood Products Company Limited,,,2026-06-20,0.0,NO_MARKET_CAP,Yahoo,2026-08-04T07:12:33.497864+00:00,3,No market cap returned.
IXIGO,IXIGO.NS,LE TRAVENUES TECHNOLOGY L,Consumer Cyclical,Travel Services,2026-06-12,76253852368.35713,UNKNOWN,Yahoo,,0,
IZMO,IZMO.NS,IZMO Limited,Technology,Software - Application,2026-06-12,14711952852.0,UNKNOWN,Yahoo,,0,
J&KBANK,J&KBANK.NS,Jammu and Kashmir Bank Limited,Financial Services,Banks - Regional,2026-06-12,171916600746.6925,UNKNOWN,Yahoo,,0,
JAGRAN,JAGRAN.NS,Jagran Prakashan Limited,Communication Services,Publishing,2026-06-12,13603392000.0,UNKNOWN,Yahoo,,0,
JAGSNPHARM,JAGSNPHARM.NS,Jagsonpal Pharmaceuticals Limited,Healthcare,Drug Manufacturers - Specialty & Generic,2026-06-12,13893259153.734436,UNKNOWN,Yahoo,,0,
JAIBALAJI,JAIBALAJI.NS,Jai Balaji Industries Limited,Basic Materials,Steel,2026-06-12,59752468665.0,UNKNOWN,Yahoo,,0,
JAICORPLTD,JAICORPLTD.NS,Jai Corp Limited,Basic Materials,Specialty Chemicals,2026-06-12,19621458976.59874,UNKNOWN,Yahoo,,0,
JAINAM,JAINAM.NS,"JAINAM.NS,0P0001NFCD,8000",,,2026-06-20,2588022092.2302246,UNKNOWN,Yahoo,,0,
JAINREC,JAINREC.NS,JAIN RESOURCE RECYCLING L,Basic Materials,Other Industrial Metals & Mining,2026-06-12,108650270644.13666,UNKNOWN,Yahoo,,0,
JAIPURKURT,JAIPURKURT.NS,Nandani Creation Limited,Consumer Cyclical,Apparel Manufacturing,2026-06-12,487640369.5,UNKNOWN,Yahoo,,0,
JAKHARIA,JAKHARIA.NS,"JAKHARIA.NS,0P0001DYWB,0",,,2026-06-20,737585145.0,UNKNOWN,Yahoo,,0,
JALAN,JALAN.NS,Jalan Transolutions (India) Limited,,,2026-06-20,32708745.0,UNKNOWN,Yahoo,,0,
JAMNAAUTO,JAMNAAUTO.NS,Jamna Auto Industries Limited,Consumer Cyclical,Auto Parts,2026-06-12,47434684852.77599,UNKNOWN,Yahoo,,0,
JARO,JARO.NS,JARO INS OF TEC MG N RE L,Consumer Defensive,Education & Training Services,2026-06-12,12412399650.73938,UNKNOWN,Yahoo,,0,
JASH,JASH.NS,Jash Engineering Limited,Industrials,Specialty Industrial Machinery,2026-06-12,28228672600.0,UNKNOWN,Yahoo,,0,
JAYAGROGN,JAYAGROGN.NS,Jayant Agro-Organics Limited,Basic Materials,Specialty Chemicals,2026-06-12,6759299926.7578125,UNKNOWN,Yahoo,,0,
JAYBARMARU,JAYBARMARU.NS,Jay Bharat Maruti Limited,Consumer Cyclical,Auto Parts,2026-06-12,15584752632.141111,UNKNOWN,Yahoo,,0,
JAYKAY,JAYKAY.NS,Jaykay Enterprises Limited,Industrials,Specialty Business Services,2026-06-12,22481033635.90457,UNKNOWN,Yahoo,,0,
JAYNECOIND,JAYNECOIND.NS,Jayaswal Neco Industries Limited,Basic Materials,Steel,2026-06-12,87205349923.03882,UNKNOWN,Yahoo,,0,
JAYSREETEA,JAYSREETEA.NS,Jay Shree Tea & Industries Limited,Consumer Defensive,Farm Products,2026-06-12,2503678121.4729004,UNKNOWN,Yahoo,,0,
JBCHEPHARM,JBCHEPHARM.NS,J. B. Chemicals & Pharmaceuticals Limited,Healthcare,Drug Manufacturers - Specialty & Generic,2026-06-12,362525486597.83887,UNKNOWN,Yahoo,,0,
JBMA,JBMA.NS,JBM Auto Limited,Consumer Cyclical,Auto Parts,2026-06-12,159574504634.0,UNKNOWN,Yahoo,,0,
JETFREIGHT,JETFREIGHT.NS,Jet Freight Logistics Limited,Industrials,Integrated Freight & Logistics,2026-06-12,1026915700.9763948,UNKNOWN,Yahoo,,0,
JETKNIT,JETKNIT.NS,"JETKNIT.NS,0P00018TWT,0",,,2026-06-20,337371173.44970703,UNKNOWN,Yahoo,,0,
JFLLIFE,JFLLIFE.NS,"JFLLIFE.NS,0P0001PMCX,0",,,2026-06-20,316283718.013916,UNKNOWN,Yahoo,,0,
JGCHEM,JGCHEM.NS,J.G.CHEMICALS LIMITED,Basic Materials,Other Industrial Metals & Mining,2026-06-12,16926420391.195496,UNKNOWN,Yahoo,,0,
JHS,JHS.NS,JHS Svendgaard Laboratories Limited,Consumer Defensive,Household & Personal Products,2026-06-12,707112668.3670616,UNKNOWN,Yahoo,,0,
JINDALPHOT,JINDALPHOT.NS,Jindal Photo Limited,Financial Services,Asset Management,2026-06-12,11304558677.605955,UNKNOWN,Yahoo,,0,
JINDALPOLY,JINDALPOLY.NS,Jindal Poly Films Limited,Consumer Cyclical,Packaging & Containers,2026-06-12,32434785429.75,UNKNOWN,Yahoo,,0,
JINDALSAW,JINDALSAW.NS,Jindal Saw Limited,Basic Materials,Steel,2026-06-12,147386111986.3697,UNKNOWN,Yahoo,,0,
JINDALSTEL,JINDALSTEL.NS,Jindal Steel Limited,Basic Materials,Steel,2026-06-12,1161869682805.318,UNKNOWN,Yahoo,,0,
JINDRILL,JINDRILL.NS,Jindal Drilling & Industries Limited,Energy,Oil & Gas Equipment & Services,2026-06-12,17337945468.0,UNKNOWN,Yahoo,,0,
JINDWORLD,JINDWORLD.NS,Jindal Worldwide Limited,Consumer Cyclical,Textile Manufacturing,2026-06-12,30689647831.939697,UNKNOWN,Yahoo,,0,
JIOFIN,JIOFIN.NS,Jio Financial Services Limited,Financial Services,Asset Management,2026-06-12,1545597408058.4636,UNKNOWN,Yahoo,,0,
JISLDVREQS,JISLDVREQS.NS,Jain Irrigation Systems Limited,Industrials,Conglomerates,2026-06-12,17178810134.382393,UNKNOWN,Yahoo,,0,
JISLJALEQS,JISLJALEQS.NS,Jain Irrigation Systems Limited,Industrials,Conglomerates,2026-06-12,22548104947.85283,UNKNOWN,Yahoo,,0,
JITFINFRA,JITFINFRA.NS,JITF Infralogistics Limited,Industrials,Engineering & Construction,2026-06-12,7550463637.5,UNKNOWN,Yahoo,,0,
JIWANRAM,JIWANRAM.NS,"JIWANRAM.NS,0P0001RKSL,0",,,2026-06-20,149726765.9703493,UNKNOWN,Yahoo,,0,
JKCEMENT,JKCEMENT.NS,J.K. Cement Limited,Basic Materials,Building Materials,2026-06-12,363238047951.0,UNKNOWN,Yahoo,,0,
JKIL,JKIL.NS,J. Kumar Infraprojects Limited,Industrials,Engineering & Construction,2026-06-12,34843965513.0,UNKNOWN,Yahoo,,0,
JKIPL,JKIPL.NS,JINKUSHAL INDUSTRIES LTD,Industrials,Farm & Heavy Construction Machinery,2026-06-12,3938787483.428955,UNKNOWN,Yahoo,,0,
JKLAKSHMI,JKLAKSHMI.NS,JK Lakshmi Cement Limited,Basic Materials,Building Materials,2026-06-12,73605233206.26978,UNKNOWN,Yahoo,,0,
JKPAPER,JKPAPER.NS,JK Paper Limited,Basic Materials,Paper & Paper Products,2026-06-12,63787941424.4361,UNKNOWN,Yahoo,,0,
JKTYRE,JKTYRE.NS,JK Tyre & Industries Limited,Consumer Cyclical,Auto Parts,2026-06-12,105542791736.67952,UNKNOWN,Yahoo,,0,
JLHL,JLHL.NS,Jupiter Life Line Hospitals Limited,Healthcare,Medical Care Facilities,2026-06-12,86940545172.0,UNKNOWN,Yahoo,,0,
JMA,JMA.NS,Jullundur Motor Agency (Delhi) Limited,Consumer Cyclical,Auto Parts,2026-06-12,2138151078.881073,UNKNOWN,Yahoo,,0,
JMFINANCIL,JMFINANCIL.NS,JM Financial Limited,Financial Services,Capital Markets,2026-06-12,113035175098.81032,UNKNOWN,Yahoo,,0,
JNKINDIA,JNKINDIA.NS,JNK India Limited,Industrials,Specialty Industrial Machinery,2026-06-12,27730760615.515594,UNKNOWN,Yahoo,,0,
JOCIL,JOCIL.NS,Jocil Limited,Basic Materials,Specialty Chemicals,2026-06-12,1337323583.261871,UNKNOWN,Yahoo,,0,
JPOLYINVST,JPOLYINVST.NS,Jindal Poly Investment and Finance Company Limited,Financial Services,Asset Management,2026-06-12,11308733731.477783,UNKNOWN,Yahoo,,0,
JPPOWER,JPPOWER.NS,Jaiprakash Power Ventures Limited,Utilities,Utilities - Independent Power Producers,2026-06-12,124458811252.56516,UNKNOWN,Yahoo,,0,
JSFB,JSFB.NS,Jana Small Finance Bank Limited,Financial Services,Banks - Regional,2026-06-12,48962516894.89856,UNKNOWN,Yahoo,,0,
JSL,JSL.NS,Jindal Stainless Limited,Basic Materials,Steel,2026-06-12,570997228032.0,UNKNOWN,Yahoo,,0,
JSLL,JSLL.NS,JEENA SIKHO LIFECARE LTD,Healthcare,Medical Care Facilities,2026-06-12,74456137270.0,UNKNOWN,Yahoo,,0,
JSWCEMENT,JSWCEMENT.NS,JSW CEMENT LIMITED,Basic Materials,Building Materials,2026-06-12,169682147739.73938,UNKNOWN,Yahoo,,0,
JSWDULUX,JSWDULUX.NS,JSW Dulux Limited,,,2026-06-20,149909607848.84814,UNKNOWN,Yahoo,,0,
JSWENERGY,JSWENERGY.NS,JSW Energy Limited,Utilities,Utilities - Independent Power Producers,2026-06-12,1013856805993.3586,UNKNOWN,Yahoo,,0,
JSWHL,JSWHL.NS,JSW Holdings Limited,Industrials,Conglomerates,2026-06-12,134291099800.0,UNKNOWN,Yahoo,,0,
JSWINFRA,JSWINFRA.NS,JSW Infrastructure Limited,Industrials,Marine Shipping,2026-06-12,610848160994.9846,UNKNOWN,Yahoo,,0,
JSWSTEEL,JSWSTEEL.NS,JSW Steel Limited,Basic Materials,Steel,2026-06-12,3165996605790.6978,UNKNOWN,Yahoo,,0,
JTEKTINDIA,JTEKTINDIA.NS,JTEKT India Limited,Consumer Cyclical,Auto Parts,2026-06-12,34119817470.0,UNKNOWN,Yahoo,,0,
JTLIND,JTLIND.NS,JTL Industries Limited,Basic Materials,Steel,2026-06-12,29021217462.65396,UNKNOWN,Yahoo,,0,
JUBLCPL,JUBLCPL.NS,Jubilant Agri and Consumer Products Limited,Basic Materials,Specialty Chemicals,2026-06-12,28366981775.36609,UNKNOWN,Yahoo,,0,
JUBLFOOD,JUBLFOOD.NS,Jubilant FoodWorks Limited,Consumer Cyclical,Restaurants,2026-06-12,273132235493.84613,UNKNOWN,Yahoo,,0,
JUBLINGREA,JUBLINGREA.NS,Jubilant Ingrevia Limited,Basic Materials,Specialty Chemicals,2026-06-12,98249526124.80084,UNKNOWN,Yahoo,,0,
JUBLPHARMA,JUBLPHARMA.NS,Jubilant Pharmova Limited,Healthcare,Drug Manufacturers - Specialty & Generic,2026-06-12,153128712088.9629,UNKNOWN,Yahoo,,0,
JUNIPER,JUNIPER.NS,Juniper Hotels Limited,Consumer Cyclical,Lodging,2026-06-12,43276713688.0,UNKNOWN,Yahoo,,0,
JUSTDIAL,JUSTDIAL.NS,Just Dial Limited,Communication Services,Internet Content & Information,2026-06-12,45513991551.19238,UNKNOWN,Yahoo,,0,
JWL,JWL.NS,Jupiter Wagons Limited,Industrials,Railroads,2026-06-12,116415691355.13815,UNKNOWN,Yahoo,,0,
JYOTHYLAB,JYOTHYLAB.NS,Jyothy Labs Limited,Consumer Defensive,Household & Personal Products,2026-06-12,73354768700.19044,UNKNOWN,Yahoo,,0,
JYOTICNC,JYOTICNC.NS,Jyoti CNC Automation Limited,Industrials,Specialty Industrial Machinery,2026-06-12,151827653337.27832,UNKNOWN,Yahoo,,0,
JYOTISTRUC,JYOTISTRUC.NS,Jyoti Structures Limited,Industrials,Specialty Industrial Machinery,2026-06-12,14562651003.727436,UNKNOWN,Yahoo,,0,
K2INFRA,K2INFRA.NS,"K2INFRA.NS,0P0001SN5I,70800",,,2026-06-20,871300144.2082825,UNKNOWN,Yahoo,,0,
KABRAEXTRU,KABRAEXTRU.NS,Kabra Extrusiontechnik Limited,Industrials,Specialty Industrial Machinery,2026-06-12,8199381293.4713745,UNKNOWN,Yahoo,,0,
KAJARIACER,KAJARIACER.NS,Kajaria Ceramics Limited,Industrials,Building Products & Equipment,2026-06-12,172603372896.0327,UNKNOWN,Yahoo,,0,
KAKATCEM,KAKATCEM.NS,Kakatiya Cement Sugar and Industries Limited,Basic Materials,Building Materials,2026-06-12,925866475.938034,UNKNOWN,Yahoo,,0,
KALAMANDIR,KALAMANDIR.NS,Sai Silks (Kalamandir) Limited,Consumer Cyclical,Apparel Retail,2026-06-12,15250721584.5,UNKNOWN,Yahoo,,0,
KALPATARU,KALPATARU.NS,KALPATARU LIMITED,Real Estate,Real Estate - Development,2026-06-12,64039251823.0,UNKNOWN,Yahoo,,0,
KALYANI,KALYANI.NS,Kalyani Commercials Limited,Consumer Cyclical,Auto & Truck Dealerships,2026-06-12,138090000.0,UNKNOWN,Yahoo,,0,
KALYANIFRG,KALYANIFRG.NS,Kalyani Forge Limited,Consumer Cyclical,Auto Parts,2026-06-12,2186438000.0,UNKNOWN,Yahoo,,0,
KALYANKJIL,KALYANKJIL.NS,Kalyan Jewellers India Limited,Consumer Cyclical,Luxury Goods,2026-06-12,351183294783.658,UNKNOWN,Yahoo,,0,
KAMAHOLD,KAMAHOLD.NS,KAMA Holdings Limited,,,2026-06-20,0.0,NO_MARKET_CAP,Yahoo,2026-08-04T07:12:33.599280+00:00,3,No market cap returned.
KAMATHOTEL,KAMATHOTEL.NS,Kamat Hotels (India) Limited,Consumer Cyclical,Lodging,2026-06-12,4750713422.86792,UNKNOWN,Yahoo,,0,
KAMDHENU,KAMDHENU.NS,Kamdhenu Limited,Basic Materials,Steel,2026-06-12,8019571565.059662,UNKNOWN,Yahoo,,0,
KAMOPAINTS,KAMOPAINTS.NS,Kamdhenu Ventures Limited,Basic Materials,Steel,2026-06-12,1684479962.348938,UNKNOWN,Yahoo,,0,
KANANIIND,KANANIIND.NS,Kanani Industries Limited,Consumer Cyclical,Luxury Goods,2026-06-12,300759356.2259674,UNKNOWN,Yahoo,,0,
KANCHI,KANCHI.NS,Kanchi Karpooram Limited,,,2026-06-20,0.0,NO_MARKET_CAP,Yahoo,2026-08-04T07:12:33.699416+00:00,3,No market cap returned.
KANDARP,KANDARP.NS,"KANDARP.NS,0P0001PQC1,28000",,,2026-06-20,1009462500.0,UNKNOWN,Yahoo,,0,
KANORICHEM,KANORICHEM.NS,Kanoria Chemicals & Industries Limited,Basic Materials,Chemicals,2026-06-12,4233447007.701706,UNKNOWN,Yahoo,,0,
KANPRPLA,KANPRPLA.NS,Kanpur Plastipack Limited,Consumer Cyclical,Packaging & Containers,2026-06-12,4536433521.391876,UNKNOWN,Yahoo,,0,
KANSAINER,KANSAINER.NS,Kansai Nerolac Paints Limited,Basic Materials,Specialty Chemicals,2026-06-12,173056813877.70126,UNKNOWN,Yahoo,,0,
KAPSTON,KAPSTON.NS,Kapston Services Limited,Industrials,Specialty Business Services,2026-06-12,10246516724.28662,UNKNOWN,Yahoo,,0,
KARMAENG,KARMAENG.NS,Karma Energy Limited,Utilities,Utilities - Renewable,2026-06-12,484432454.3019943,UNKNOWN,Yahoo,,0,
KARNIKA,KARNIKA.NS,"KARNIKA.NS,0P0001RNO9,8800",,,2026-06-20,8245667500.0,UNKNOWN,Yahoo,,0,
KARURVYSYA,KARURVYSYA.NS,The Karur Vysya Bank Limited,Financial Services,Banks - Regional,2026-06-12,276598005784.2761,UNKNOWN,Yahoo,,0,
KAUSHALYA,KAUSHALYA.NS,Kaushalya Infrastructure Development Corporation Limited,Industrials,Engineering & Construction,2026-06-12,288836515.07263184,UNKNOWN,Yahoo,,0,
KAVDEFENCE,KAVDEFENCE.NS,KAVVERI DFS & WIR TEC LTD,Technology,Communication Equipment,2026-06-12,3592424535.0,UNKNOWN,Yahoo,,0,
KAYA,KAYA.NS,Kaya Limited,Consumer Defensive,Household & Personal Products,2026-06-12,3799939725.451096,UNKNOWN,Yahoo,,0,
KAYNES,KAYNES.NS,Kaynes Technology India Limited,Technology,Electronic Components,2026-06-12,204254590738.0,UNKNOWN,Yahoo,,0,
KCEIL,KCEIL.NS,"KCEIL.NS,0P0001S4DX,40000",,,2026-06-20,918448033.4472656,UNKNOWN,Yahoo,,0,
KCK,KCK.NS,"KCK.NS,0P0001PANE,12000",,,2026-06-20,868163180.7378769,UNKNOWN,Yahoo,,0,
KCP,KCP.NS,The KCP Limited,Basic Materials,Building Materials,2026-06-12,21413805462.872314,UNKNOWN,Yahoo,,0,
KCPSUGIND,KCPSUGIND.NS,K.C.P. Sugar and Industries Corporation Limited,Consumer Defensive,Confectioners,2026-06-12,2571357532.5,UNKNOWN,Yahoo,,0,
KDDL,KDDL.NS,KDDL Limited,Consumer Cyclical,Luxury Goods,2026-06-12,34905356640.0,UNKNOWN,Yahoo,,0,
KDL,KDL.NS,"KDL.NS,0P0001R3KN,9800",,,2026-06-20,1545685236.694336,UNKNOWN,Yahoo,,0,
KEC,KEC.NS,KEC International Limited,Industrials,Engineering & Construction,2026-06-12,133659021624.75586,UNKNOWN,Yahoo,,0,
KECL,KECL.NS,Kirloskar Electric Company Limited,Industrials,Specialty Industrial Machinery,2026-06-12,6574993029.0,UNKNOWN,Yahoo,,0,
KEEPLEARN,KEEPLEARN.NS,DSJ Keep Learning Limited,Consumer Defensive,Education & Training Services,2026-06-12,309867046.65498614,UNKNOWN,Yahoo,,0,
KEI,KEI.NS,KEI Industries Limited,Industrials,Electrical Equipment & Parts,2026-06-12,507782560342.5,UNKNOWN,Yahoo,,0,
KEL,KEL.NS,"KEL.NS,0P0001RKX7,13200",,,2026-06-20,814056000.0,UNKNOWN,Yahoo,,0,
KELLTONTEC,KELLTONTEC.NS,Kellton Tech Solutions Limited,Technology,Software - Application,2026-06-12,8114549554.157753,UNKNOWN,Yahoo,,0,
KENNAMET,KENNAMET.NS,Kennametal India Limited,Industrials,Tools & Accessories,2026-06-12,60826979170.3125,UNKNOWN,Yahoo,,0,
KERNEX,KERNEX.NS,Kernex Microsystems (India) Limited,Technology,Software - Application,2026-06-12,32939468499.01538,UNKNOWN,Yahoo,,0,
KESORAMIND,KESORAMIND.NS,Kesoram Industries Limited,Basic Materials,Building Materials,2026-06-12,3411086877.529461,UNKNOWN,Yahoo,,0,
KEYFINSERV,KEYFINSERV.NS,Keynote Financial Services Limited,Financial Services,Capital Markets,2026-06-12,1370784361.25,UNKNOWN,Yahoo,,0,
KFINTECH,KFINTECH.NS,KFin Technologies Limited,Technology,Software - Application,2026-06-12,141545835522.0,UNKNOWN,Yahoo,,0,
KHADIM,KHADIM.NS,Khadim India Limited,Consumer Cyclical,Footwear & Accessories,2026-06-12,1819459818.0,UNKNOWN,Yahoo,,0,
KHAICHEM,KHAICHEM.NS,Khaitan Chemicals and Fertilizers Limited,Basic Materials,Agricultural Inputs,2026-06-12,5334406000.0,UNKNOWN,Yahoo,,0,
KHAITANLTD,KHAITANLTD.NS,Khaitan (India) Limited,Industrials,Industrial Distribution,2026-06-12,671547782.5,UNKNOWN,Yahoo,,0,
KHANDSE,KHANDSE.NS,Khandwala Securities Limited,Financial Services,Capital Markets,2026-06-12,281127630.80509186,UNKNOWN,Yahoo,,0,
KHFM,KHFM.NS,"KHFM.NS,0P0001H3QI,49600",,,2026-06-20,1222244160.0,UNKNOWN,Yahoo,,0,
KICL,KICL.NS,Kalyani Investment Company Limited,Financial Services,Asset Management,2026-06-12,21824347347.0,UNKNOWN,Yahoo,,0,
KILITCH,KILITCH.NS,Kilitch Drugs (India) Limited,Healthcare,Drug Manufacturers - Specialty & Generic,2026-06-12,6592352422.484619,UNKNOWN,Yahoo,,0,
KIMS,KIMS.NS,Krishna Institute of Medical Sciences Limited,Healthcare,Medical Care Facilities,2026-06-12,314789305049.0085,UNKNOWN,Yahoo,,0,
KINGFA,KINGFA.NS,Kingfa Science & Technology (India) Limited,Basic Materials,Specialty Chemicals,2026-06-12,68780034265.5,UNKNOWN,Yahoo,,0,
KIOCL,KIOCL.NS,KIOCL Limited,Basic Materials,Steel,2026-06-12,242492687703.0,UNKNOWN,Yahoo,,0,
KIRANVYPAR,KIRANVYPAR.NS,Kiran Vyapar Limited,,,2026-06-20,0.0,NO_MARKET_CAP,Yahoo,2026-08-04T07:12:33.798908+00:00,3,No market cap returned.
KIRIINDUS,KIRIINDUS.NS,Kiri Industries Limited,Basic Materials,Specialty Chemicals,2026-06-12,25979222802.246094,UNKNOWN,Yahoo,,0,
KIRLFER,KIRLFER.NS,Kirloskar Ferrous Industries Limited,Industrials,Metal Fabrication,2026-06-12,69173823866.0506,UNKNOWN,Yahoo,,0,
KIRLOSBROS,KIRLOSBROS.NS,Kirloskar Brothers Limited,Industrials,Specialty Industrial Machinery,2026-06-12,136654822692.09448,UNKNOWN,Yahoo,,0,
KIRLOSENG,KIRLOSENG.NS,Kirloskar Oil Engines Limited,Industrials,Specialty Industrial Machinery,2026-06-12,268952896400.0,UNKNOWN,Yahoo,,0,
KIRLOSIND,KIRLOSIND.NS,Kirloskar Industries Limited,Industrials,Metal Fabrication,2026-06-12,32796821193.06299,UNKNOWN,Yahoo,,0,
KIRLPNU,KIRLPNU.NS,Kirloskar Pneumatic Company Limited,Industrials,Specialty Industrial Machinery,2026-06-12,103082153296.89333,UNKNOWN,Yahoo,,0,
KISSHT,KISSHT.NS,ONEMI TECHNOLOGY SOL LTD,Financial Services,Credit Services,2026-06-12,45692597623.07752,UNKNOWN,Yahoo,,0,
KITEX,KITEX.NS,Kitex Garments Limited,Consumer Cyclical,Apparel Manufacturing,2026-06-12,28696079269.40918,UNKNOWN,Yahoo,,0,
KKCL,KKCL.NS,Kewal Kiran Clothing Limited,Consumer Cyclical,Apparel Manufacturing,2026-06-12,26751493184.63028,UNKNOWN,Yahoo,,0,
KKVAPOW,KKVAPOW.NS,KKV Agro Powers Limited,,,2026-06-20,363131315.4763184,UNKNOWN,Yahoo,,0,
KLBRENG-B,KLBRENG-B.NS,Kilburn Engineering Limited,,,2026-06-20,0.0,NO_MARKET_CAP,Yahoo,2026-08-04T07:12:33.896636+00:00,3,No market cap returned.
KLL,KLL.NS,"KLL.NS,0P0001S4T8,46400",,,2026-06-20,621681485.8627319,UNKNOWN,Yahoo,,0,
KMEW,KMEW.NS,Knowledge Marine & Engineering Works Limited,Industrials,Marine Shipping,2026-06-12,46614913956.0,UNKNOWN,Yahoo,,0,
KMSUGAR,KMSUGAR.NS,K.M. Sugar Mills Limited,Consumer Defensive,Confectioners,2026-06-12,2429724475.661888,UNKNOWN,Yahoo,,0,
KNAGRI,KNAGRI.NS,KN AGRI RESOURCES LIMITED,Consumer Defensive,Farm Products,2026-06-12,5098027533.202515,UNKNOWN,Yahoo,,0,
KNRCON,KNRCON.NS,KNR Constructions Limited,Industrials,Engineering & Construction,2026-06-12,34215002465.911865,UNKNOWN,Yahoo,,0,
KODYTECH,KODYTECH.NS,"KODYTECH.NS,0P0001RM18,8200",,,2026-06-20,14242211410.0,UNKNOWN,Yahoo,,0,
KOHINOOR,KOHINOOR.NS,Kohinoor Foods Limited,Consumer Defensive,Packaged Foods,2026-06-12,889716720.0,UNKNOWN,Yahoo,,0,
KOKUYOCMLN,KOKUYOCMLN.NS,Kokuyo Camlin Limited,Industrials,Business Equipment & Supplies,2026-06-12,8351295101.8320465,UNKNOWN,Yahoo,,0,
KOLTEPATIL,KOLTEPATIL.NS,Kolte-Patil Developers Limited,Real Estate,Real Estate - Development,2026-06-12,30842935610.67932,UNKNOWN,Yahoo,,0,
KONSTELEC,KONSTELEC.NS,"KONSTELEC.NS,0P0001S9XI,43000",,,2026-06-20,734615023.0407715,UNKNOWN,Yahoo,,0,
KONTOR,KONTOR.NS,"KONTOR.NS,0P0001RNW5,57600",,,2026-06-20,420000000.0,UNKNOWN,Yahoo,,0,
KOPRAN,KOPRAN.NS,Kopran Limited,Healthcare,Drug Manufacturers - General,2026-06-12,8681268598.766861,UNKNOWN,Yahoo,,0,
KORE,KORE.NS,"KORE.NS,0P0001PMGT,6000",,,2026-06-20,1558200000.0,UNKNOWN,Yahoo,,0,
KOTAKBANK,KOTAKBANK.NS,Kotak Mahindra Bank Limited,Financial Services,Banks - Regional,2026-06-12,3987537737746.596,UNKNOWN,Yahoo,,0,
KOTARISUG,KOTARISUG.NS,Kothari Sugars and Chemicals Limited,Consumer Defensive,Confectioners,2026-06-12,2069727810.654928,UNKNOWN,Yahoo,,0,
KOTHARIPET,KOTHARIPET.NS,Kothari Petrochemicals Limited,Basic Materials,Specialty Chemicals,2026-06-12,6943286610.290527,UNKNOWN,Yahoo,,0,
KOTHARIPRO,KOTHARIPRO.NS,Kothari Products Limited,Industrials,Conglomerates,2026-06-12,4144716116.921997,UNKNOWN,Yahoo,,0,
KOTIC,KOTIC.NS,Kothari Industrial Corporation Limited,,,2026-06-20,0.0,NO_MARKET_CAP,Yahoo,2026-08-04T07:12:34.011899+00:00,3,No market cap returned.
KOTYARK,KOTYARK.NS,KOTYARK INDUSTRIES LTD,Basic Materials,Specialty Chemicals,2026-06-12,4211353950.67749,UNKNOWN,Yahoo,,0,
KOVAI,KOVAI.NS,Kovai Medical Center and Hospital Limited,Healthcare,Medical Care Facilities,2026-06-12,63410408290.0,UNKNOWN,Yahoo,,0,
KPEL,KPEL.NS,K.P. Energy Limited,Industrials,Engineering & Construction,2026-06-12,22949656511.5,UNKNOWN,Yahoo,,0,
KPIGREEN,KPIGREEN.NS,KPI Green Energy Limited,Utilities,Utilities - Renewable,2026-06-12,78179263344.0,UNKNOWN,Yahoo,,0,
KPIL,KPIL.NS,Kalpataru Projects International Limited,Industrials,Engineering & Construction,2026-06-12,217512983501.6968,UNKNOWN,Yahoo,,0,
KPITTECH,KPITTECH.NS,KPIT Technologies Limited,Technology,Software - Infrastructure,2026-06-12,202360096597.4777,UNKNOWN,Yahoo,,0,
KPL,KPL.NS,Kwality Pharmaceuticals Limited,,,2026-06-20,0.0,NO_MARKET_CAP,Yahoo,2026-08-04T07:12:34.107392+00:00,3,No market cap returned.
KPRMILL,KPRMILL.NS,K.P.R. Mill Limited,Consumer Cyclical,Textile Manufacturing,2026-06-12,364786514685.0,UNKNOWN,Yahoo,,0,
KRBL,KRBL.NS,KRBL Limited,Consumer Defensive,Packaged Foods,2026-06-12,82972585850.0,UNKNOWN,Yahoo,,0,
KREBSBIO,KREBSBIO.NS,Krebs Biochemicals & Industries Limited,Healthcare,Drug Manufacturers - Specialty & Generic,2026-06-12,1404672210.7988434,UNKNOWN,Yahoo,,0,
KRIDHANINF,KRIDHANINF.NS,Kridhan Infra Limited,Basic Materials,Steel,2026-06-12,288779703.996613,UNKNOWN,Yahoo,,0,
KRISHANA,KRISHANA.NS,Krishana Phoschem Limited,Basic Materials,Agricultural Inputs,2026-06-12,41436858274.731445,UNKNOWN,Yahoo,,0,
KRISHCA,KRISHCA.NS,"KRISHCA.NS,0P0001R01T,32000",,,2026-06-20,2494602043.304444,UNKNOWN,Yahoo,,0,
KRISHIVAL,KRISHIVAL.NS,KRISHIVAL FOODS LIMITED,Consumer Defensive,Packaged Foods,2026-06-12,10389713068.977264,UNKNOWN,Yahoo,,0,
KRISHNADEF,KRISHNADEF.NS,KRISHNA DEF AND ALD IND L,Industrials,Specialty Industrial Machinery,2026-06-12,17309472124.72412,UNKNOWN,Yahoo,,0,
KRITI,KRITI.NS,Kriti Industries (India) Limited,Industrials,Building Products & Equipment,2026-06-12,3741416000.0,UNKNOWN,Yahoo,,0,
KRITIKA,KRITIKA.NS,Kritika Wires Limited,Basic Materials,Steel,2026-06-12,1603005594.921112,UNKNOWN,Yahoo,,0,
KRITINUT,KRITINUT.NS,Kriti Nutrients Limited,Consumer Defensive,Packaged Foods,2026-06-12,4121515662.232666,UNKNOWN,Yahoo,,0,
KRN,KRN.NS,KRN HEAT EXCHANGE N REF L,Technology,Electronic Components,2026-06-12,81895110236.49243,UNKNOWN,Yahoo,,0,
KRONOX,KRONOX.NS,KRONOX LAB SCIENCES LTD,Basic Materials,Specialty Chemicals,2026-06-12,4962660000.0,UNKNOWN,Yahoo,,0,
KROSS,KROSS.NS,KROSS LIMITED,Consumer Cyclical,Auto Parts,2026-06-12,11692977477.35916,UNKNOWN,Yahoo,,0,
KRSNAA,KRSNAA.NS,Krsnaa Diagnostics Limited,Healthcare,Diagnostics & Research,2026-06-12,17322250848.0,UNKNOWN,Yahoo,,0,
KRYSTAL,KRYSTAL.NS,KRYSTAL INTEGRATED SER L,Industrials,Specialty Business Services,2026-06-12,8072295268.0,UNKNOWN,Yahoo,,0,
KSB,KSB.NS,KSB Limited,Industrials,Specialty Industrial Machinery,2026-06-12,146149434995.0,UNKNOWN,Yahoo,,0,
KSCL,KSCL.NS,Kaveri Seed Company Limited,Basic Materials,Agricultural Inputs,2026-06-12,44951693951.35748,UNKNOWN,Yahoo,,0,
KSHINTL,KSHINTL.NS,KSH INTERNATIONAL LIMITED,Industrials,Electrical Equipment & Parts,2026-06-12,55979760167.09595,UNKNOWN,Yahoo,,0,
KSHITIJPOL,KSHITIJPOL.NS,Kshitij Polyline Limited,Industrials,Business Equipment & Supplies,2026-06-12,608763269.4203949,UNKNOWN,Yahoo,,0,
KSL,KSL.NS,Kalyani Steels Limited,Basic Materials,Steel,2026-06-12,34317854184.74853,UNKNOWN,Yahoo,,0,
KSOLVES,KSOLVES.NS,Ksolves India Limited,Technology,Software - Application,2026-06-12,6779290030.444336,UNKNOWN,Yahoo,,0,
KSR,KSR.NS,KSR Footwear Limited,Consumer Cyclical,Footwear & Accessories,2026-06-12,560724439.0264778,UNKNOWN,Yahoo,,0,
KTKBANK,KTKBANK.NS,The Karnataka Bank Limited,Financial Services,Banks - Regional,2026-06-12,103243566426.0,UNKNOWN,Yahoo,,0,
KUANTUM,KUANTUM.NS,Kuantum Papers Limited,Basic Materials,Paper & Paper Products,2026-06-12,6461872067.807465,UNKNOWN,Yahoo,,0,
KWIL,KWIL.NS,KWALITY WALL'S (INDIA) L,Consumer Defensive,Packaged Foods,2026-06-12,86230001144.69588,UNKNOWN,Yahoo,,0,
LAGNAM,LAGNAM.NS,Lagnam Spintex Limited,Consumer Cyclical,Textile Manufacturing,2026-06-12,1408219246.0784912,UNKNOWN,Yahoo,,0,
LAHOTIOV,LAHOTIOV.NS,Lahoti Overseas Limited,,,2026-06-20,0.0,NO_MARKET_CAP,Yahoo,2026-08-04T07:12:34.188667+00:00,3,No market cap returned.
LAKPRE,LAKPRE.NS,Lakshmi Precision Screws Limited,Industrials,Tools & Accessories,2026-06-12,113679660.0,UNKNOWN,Yahoo,,0,
LAL,LAL.NS,Lorenzini Apparels Limited,Consumer Cyclical,Apparel Manufacturing,2026-06-12,1276523088.8271823,UNKNOWN,Yahoo,,0,
LALPATHLAB,LALPATHLAB.NS,Dr. Lal PathLabs Limited,Healthcare,Diagnostics & Research,2026-06-12,266496527304.0,UNKNOWN,Yahoo,,0,
LAMBODHARA,LAMBODHARA.NS,Lambodhara Textiles Limited,Consumer Cyclical,Textile Manufacturing,2026-06-12,1060694486.4990234,UNKNOWN,Yahoo,,0,
LANCORHOL,LANCORHOL.NS,Lancor Holdings Limited,Real Estate,Real Estate - Development,2026-06-12,1794633635.942688,UNKNOWN,Yahoo,,0,
LANDMARK,LANDMARK.NS,Landmark Cars Limited,Consumer Cyclical,Auto & Truck Dealerships,2026-06-12,17313672664.336548,UNKNOWN,Yahoo,,0,
LANDSMILL,LANDSMILL.NS,Landsmill Green Limited,Industrials,Conglomerates,2026-06-12,1199090830.3835912,UNKNOWN,Yahoo,,0,
LAOPALA,LAOPALA.NS,La Opala RG Limited,Consumer Cyclical,"Furnishings, Fixtures & Appliances",2026-06-12,19360619796.75293,UNKNOWN,Yahoo,,0,
LASA,LASA.NS,Lasa Supergenerics Limited,Healthcare,Drug Manufacturers - Specialty & Generic,2026-06-12,360728911.243947,UNKNOWN,Yahoo,,0,
LATENTVIEW,LATENTVIEW.NS,Latent View Analytics Limited,Industrials,Consulting Services,2026-06-12,60018587923.0603,UNKNOWN,Yahoo,,0,
LATTEYS,LATTEYS.NS,Latteys Industries Limited,Industrials,Specialty Industrial Machinery,2026-06-12,1256283798.1829166,UNKNOWN,Yahoo,,0,
LAURUSLABS,LAURUSLABS.NS,Laurus Labs Limited,Healthcare,Drug Manufacturers - Specialty & Generic,2026-06-12,755809166617.0,UNKNOWN,Yahoo,,0,
LAXMICOT,LAXMICOT.NS,Laxmi Cotspin Limited,Consumer Cyclical,Textile Manufacturing,2026-06-12,245726109.7917366,UNKNOWN,Yahoo,,0,
LAXMIDENTL,LAXMIDENTL.NS,LAXMI DENTAL LIMITED,Healthcare,Medical Instruments & Supplies,2026-06-12,12551705698.760132,UNKNOWN,Yahoo,,0,
LAXMIINDIA,LAXMIINDIA.NS,LAXMI INDIA FINANCE LTD,Financial Services,Credit Services,2026-06-12,5291700878.0,UNKNOWN,Yahoo,,0,
LCCINFOTEC,LCCINFOTEC.NS,LCC Infotech Limited,Consumer Defensive,Education & Training Services,2026-06-12,572201939.5854235,UNKNOWN,Yahoo,,0,
LEMERITE,LEMERITE.NS,LE MERITE EXPORTS LIMITED,Consumer Cyclical,Textile Manufacturing,2026-06-12,3127948291.3513184,UNKNOWN,Yahoo,,0,
LEMONTREE,LEMONTREE.NS,Lemon Tree Hotels Limited,Consumer Cyclical,Lodging,2026-06-12,84038786054.11554,UNKNOWN,Yahoo,,0,
LENSKART,LENSKART.NS,LENSKART SOLUTIONS LTD,Healthcare,Medical Instruments & Supplies,2026-06-12,859400341925.4722,UNKNOWN,Yahoo,,0,
LEXUS,LEXUS.NS,Lexus Granito (India) Limited,Industrials,Building Products & Equipment,2026-06-12,309119992.91236496,UNKNOWN,Yahoo,,0,
LFIC,LFIC.NS,Lakshmi Finance & Industrial Corporation Limited,Financial Services,Asset Management,2026-06-12,449970016.4794922,UNKNOWN,Yahoo,,0,
LGBBROSLTD,LGBBROSLTD.NS,L.G. Balakrishnan & Bros Limited,Consumer Cyclical,Auto Parts,2026-06-12,48036689232.0,UNKNOWN,Yahoo,,0,
LGEINDIA,LGEINDIA.NS,LG ELECTRONICS INDIA LTD,Technology,Consumer Electronics,2026-06-12,1019583993451.6084,UNKNOWN,Yahoo,,0,
LGHL,LGHL.NS,LAXMI GOLDORNA HOUSE LTD,Consumer Cyclical,Luxury Goods,2026-06-12,11355983199.12964,UNKNOWN,Yahoo,,0,
LIBAS,LIBAS.NS,Libas Consumer Products Limited,Consumer Cyclical,Apparel Manufacturing,2026-06-12,315081177.804966,UNKNOWN,Yahoo,,0,
LIBERTSHOE,LIBERTSHOE.NS,Liberty Shoes Ltd.,Consumer Cyclical,Footwear & Accessories,2026-06-12,4023484716.796875,UNKNOWN,Yahoo,,0,
LICHSGFIN,LICHSGFIN.NS,LIC Housing Finance Limited,Financial Services,Mortgage Finance,2026-06-12,304679909129.27246,UNKNOWN,Yahoo,,0,
LICI,LICI.NS,Life Insurance Corporation of India,Financial Services,Insurance - Life,2026-06-12,5006868025692.711,UNKNOWN,Yahoo,,0,
LICNFNHGP,LICNFNHGP.NS,LIC MF Nifty 100 ETF,,,2026-06-20,0.0,NO_MARKET_CAP,Yahoo,2026-08-04T07:12:34.286759+00:00,3,No market cap returned.
LIKHITHA,LIKHITHA.NS,Likhitha Infrastructure Limited,Energy,Oil & Gas Equipment & Services,2026-06-12,9136353721.614532,UNKNOWN,Yahoo,,0,
LINC,LINC.NS,Linc Limited,Industrials,Business Equipment & Supplies,2026-06-12,5837499563.501656,UNKNOWN,Yahoo,,0,
LINCOLN,LINCOLN.NS,Lincoln Pharmaceuticals Limited,Healthcare,Drug Manufacturers - Specialty & Generic,2026-06-12,12796993708.207031,UNKNOWN,Yahoo,,0,
LINDEINDIA,LINDEINDIA.NS,Linde India Limited,Basic Materials,Specialty Chemicals,2026-06-12,581595758748.5,UNKNOWN,Yahoo,,0,
LLOYDS,LLOYDS.NS,"LLOYDS.NS,0P0001PSKX,6000",,,2026-06-20,2085684182.61306,UNKNOWN,Yahoo,,0,
LLOYDSENGG,LLOYDSENGG.NS,Lloyds Engineering Works Limited,Industrials,Specialty Industrial Machinery,2026-06-12,99769134080.0,UNKNOWN,Yahoo,,0,
LLOYDSENT,LLOYDSENT.NS,Lloyds Enterprises Limited,Basic Materials,Steel,2026-06-12,100874555320.8001,UNKNOWN,Yahoo,,0,
LLOYDSME,LLOYDSME.NS,Lloyds Metals and Energy Limited,Basic Materials,Steel,2026-06-12,989873974323.3164,UNKNOWN,Yahoo,,0,
LMW,LMW.NS,LMW Limited,Industrials,Specialty Industrial Machinery,2026-06-12,167124852000.0,UNKNOWN,Yahoo,,0,
LODHA,LODHA.NS,Lodha Developers Limited,Real Estate,Real Estate - Development,2026-06-12,886037707892.0,UNKNOWN,Yahoo,,0,
LOKESHMACH,LOKESHMACH.NS,Lokesh Machines Limited,Industrials,Specialty Industrial Machinery,2026-06-12,5539290006.985168,UNKNOWN,Yahoo,,0,
LORDSCHLO,LORDSCHLO.NS,Lords Chloro Alkali Limited,Basic Materials,Chemicals,2026-06-12,3807811570.801071,UNKNOWN,Yahoo,,0,
LOTUSDEV,LOTUSDEV.NS,SRI LOTUS DEVLPRS N RTY L,Industrials,Engineering & Construction,2026-06-12,65361911660.03952,UNKNOWN,Yahoo,,0,
LOTUSEYE,LOTUSEYE.NS,Lotus Eye Hospital and Institute Limited,Healthcare,Medical Care Facilities,2026-06-12,2891015240.0,UNKNOWN,Yahoo,,0,
LOVABLE,LOVABLE.NS,Lovable Lingerie Limited,Consumer Cyclical,Apparel Manufacturing,2026-06-12,1037479977.4169922,UNKNOWN,Yahoo,,0,
LOYALTEX,LOYALTEX.NS,Loyal Textile Mills Limited,Consumer Cyclical,Textile Manufacturing,2026-06-12,982554984.0,UNKNOWN,Yahoo,,0,
LPDC,LPDC.NS,Landmark Property Development Company Limited,Real Estate,Real Estate Services,2026-06-12,859857635.1313782,UNKNOWN,Yahoo,,0,
LRRPL,LRRPL.NS,"LRRPL.NS,0P0001QGEI,21000",,,2026-06-20,676168256.297493,UNKNOWN,Yahoo,,0,
LT,LT.NS,Larsen & Toubro Limited,Industrials,Engineering & Construction,2026-06-12,5464841809297.5,UNKNOWN,Yahoo,,0,
LTF,LTF.NS,L&T Finance Limited,Financial Services,Credit Services,2026-06-12,684003192327.0,UNKNOWN,Yahoo,,0,
LTFOODS,LTFOODS.NS,LT Foods Limited,Consumer Defensive,Packaged Foods,2026-06-12,132095017778.13625,UNKNOWN,Yahoo,,0,
LTM,LTM.NS,LTM Limited,Technology,Information Technology Services,2026-06-12,1134290291314.9907,UNKNOWN,Yahoo,,0,
LTTS,LTTS.NS,L&T Technology Services Limited,Technology,Information Technology Services,2026-06-12,353219031907.56104,UNKNOWN,Yahoo,,0,
LUMAXIND,LUMAXIND.NS,Lumax Industries Limited,Consumer Cyclical,Auto Parts,2026-06-12,49136353258.0,UNKNOWN,Yahoo,,0,
LUMAXTECH,LUMAXTECH.NS,Lumax Auto Technologies Limited,Consumer Cyclical,Auto Parts,2026-06-12,110885771928.50648,UNKNOWN,Yahoo,,0,
LUPIN,LUPIN.NS,Lupin Limited,Healthcare,Drug Manufacturers - Specialty & Generic,2026-06-12,1044547728492.0,UNKNOWN,Yahoo,,0,
LUXIND,LUXIND.NS,Lux Industries Limited,Consumer Cyclical,Apparel Manufacturing,2026-06-12,38218100117.0719,UNKNOWN,Yahoo,,0,
LXCHEM,LXCHEM.NS,Laxmi Organic Industries Limited,Basic Materials,Specialty Chemicals,2026-06-12,42413369751.0,UNKNOWN,Yahoo,,0,
LYKALABS,LYKALABS.NS,Lyka Labs Limited,Healthcare,Biotechnology,2026-06-12,2506151843.5668945,UNKNOWN,Yahoo,,0,
LYPSAGEMS,LYPSAGEMS.NS,Aurus Gem Corporation Limited,Consumer Cyclical,Luxury Goods,2026-06-12,145650961.687088,UNKNOWN,Yahoo,,0,
M&M,M&M.NS,Mahindra & Mahindra Limited,Consumer Cyclical,Auto Manufacturers,2026-06-12,3604087935396.0,UNKNOWN,Yahoo,,0,
M&MFIN,M&MFIN.NS,Mahindra & Mahindra Financial Services Limited,Financial Services,Credit Services,2026-06-12,392546507982.5,UNKNOWN,Yahoo,,0,
MAANALU,MAANALU.NS,Maan Aluminium Limited,Basic Materials,Aluminum,2026-06-12,7346946344.085205,UNKNOWN,Yahoo,,0,
MACPOWER,MACPOWER.NS,Macpower CNC Machines Limited,Industrials,Specialty Industrial Machinery,2026-06-12,9765060331.757812,UNKNOWN,Yahoo,,0,
MADHAV,MADHAV.NS,Madhav Marbles and Granites Limited,Industrials,Building Products & Equipment,2026-06-12,330233768.63479614,UNKNOWN,Yahoo,,0,
MADHAVBAUG,MADHAVBAUG.NS,"MADHAVBAUG.NS,0P0001OE5Z,13600",,,2026-06-20,1854572515.8309937,UNKNOWN,Yahoo,,0,
MADHAVIPL,MADHAVIPL.NS,Madhav Infra Projects Limited,,,2026-06-20,0.0,NO_MARKET_CAP,Yahoo,2026-08-04T07:12:34.381556+00:00,3,No market cap returned.
MADHUCON,MADHUCON.NS,Madhucon Projects Limited,Industrials,Engineering & Construction,2026-06-12,416941418.0376339,UNKNOWN,Yahoo,,0,
MADHUSUDAN,MADHUSUDAN.NS,"MADHUSUDAN.NS,0P0001RM7U,32000",,,2026-06-20,2292975000.0,UNKNOWN,Yahoo,,0,
MADRASFERT,MADRASFERT.NS,Madras Fertilizers Limited,Basic Materials,Agricultural Inputs,2026-06-12,10996775082.149506,UNKNOWN,Yahoo,,0,
MAFANG,MAFANG.NS,Mirae Asset NYSE FANG+ETF,,,2026-06-20,0.0,NO_MARKET_CAP,Yahoo,2026-08-04T07:12:34.478526+00:00,3,No market cap returned.
MAFATIND,MAFATIND.NS,Mafatlal Industries Limited,,,2026-06-20,9534114599.372864,UNKNOWN,Yahoo,,0,
MAGADSUGAR,MAGADSUGAR.NS,Magadh Sugar & Energy Limited,Consumer Defensive,Confectioners,2026-06-12,6289799136.508484,UNKNOWN,Yahoo,,0,
MAGNUM,MAGNUM.NS,Magnum Ventures Limited,Basic Materials,Paper & Paper Products,2026-06-12,1354544024.4063072,UNKNOWN,Yahoo,,0,
MAGSON,MAGSON.NS,"MAGSON.NS,0P0001R79F,10000",,,2026-06-20,1256000000.0,UNKNOWN,Yahoo,,0,
MAHABANK,MAHABANK.NS,Bank of Maharashtra,Financial Services,Banks - Regional,2026-06-12,659473904982.0659,UNKNOWN,Yahoo,,0,
MAHAPEXLTD,MAHAPEXLTD.NS,Maha Rashtra Apex Corporation Limited,Financial Services,Credit Services,2026-06-12,1377623783.0635376,UNKNOWN,Yahoo,,0,
MAHASTEEL,MAHASTEEL.NS,Mahamaya Steel Industries Limited,Basic Materials,Steel,2026-06-12,14181244161.230469,UNKNOWN,Yahoo,,0,
MAHEPC,MAHEPC.NS,Mahindra EPC Irrigation Limited,Industrials,Farm & Heavy Construction Machinery,2026-06-12,3012947093.852539,UNKNOWN,Yahoo,,0,
MAHESHWARI,MAHESHWARI.NS,Maheshwari Logistics Limited,Industrials,Integrated Freight & Logistics,2026-06-12,2071804000.0,UNKNOWN,Yahoo,,0,
MAHICKRA,MAHICKRA.NS,Mahickra Chemicals Limited,,,2026-06-20,1998051360.0,UNKNOWN,Yahoo,,0,
MAHKTECH,MAHKTECH.NS,Mirae Asset Hang Seng TECH ETF,,,2026-06-20,0.0,NO_MARKET_CAP,Yahoo,2026-08-04T07:12:34.570524+00:00,3,No market cap returned.
MAHLIFE,MAHLIFE.NS,Mahindra Lifespace Developers Limited,Real Estate,Real Estate - Development,2026-06-12,69208375443.8594,UNKNOWN,Yahoo,,0,
MAHLOG,MAHLOG.NS,Mahindra Logistics Limited,Industrials,Integrated Freight & Logistics,2026-06-12,33279220192.594025,UNKNOWN,Yahoo,,0,
MAHSCOOTER,MAHSCOOTER.NS,Maharashtra Scooters Ltd.,Financial Services,Asset Management,2026-06-12,139977100864.0,UNKNOWN,Yahoo,,0,
MAHSEAMLES,MAHSEAMLES.NS,Maharashtra Seamless Limited,Basic Materials,Steel,2026-06-12,81752940373.73389,UNKNOWN,Yahoo,,0,
MAITHANALL,MAITHANALL.NS,Maithan Alloys Limited,Basic Materials,Steel,2026-06-12,29498733259.6344,UNKNOWN,Yahoo,,0,
MAITREYA,MAITREYA.NS,"MAITREYA.NS,0P0001RS54,7200",,,2026-06-20,1021820820.6787108,UNKNOWN,Yahoo,,0,
MAJESAUT,MAJESAUT.NS,Majestic Auto Limited,Real Estate,Real Estate Services,2026-06-12,5018862757.522339,UNKNOWN,Yahoo,,0,
MAKEINDIA,MAKEINDIA.NS,MIRAEAMC - MAMFGETF,,,2026-06-20,0.0,NO_MARKET_CAP,Yahoo,2026-08-04T07:12:34.676999+00:00,3,No market cap returned.
MAKS,MAKS.NS,"MAKS.NS,0P0001PQT4,0",,,2026-06-20,168168657.5,UNKNOWN,Yahoo,,0,
MAL,MAL.NS,"MAL.NS,0P0001RMP2,137600",,,2026-06-20,864007445.0,UNKNOWN,Yahoo,,0,
MALLCOM,MALLCOM.NS,Mallcom (India) Limited,Industrials,Security & Protection Services,2026-06-12,6177600000.0,UNKNOWN,Yahoo,,0,
MALUPAPER,MALUPAPER.NS,Malu Paper Mills Limited,Basic Materials,Paper & Paper Products,2026-06-12,559184160.0,UNKNOWN,Yahoo,,0,
MAMATA,MAMATA.NS,MAMATA MACHINERY LIMITED,Industrials,Specialty Industrial Machinery,2026-06-12,8796058410.388184,UNKNOWN,Yahoo,,0,
MANAKALUCO,MANAKALUCO.NS,Manaksia Aluminium Company Limited,Basic Materials,Aluminum,2026-06-12,2593182338.500595,UNKNOWN,Yahoo,,0,
MANAKCOAT,MANAKCOAT.NS,Manaksia Coated Metals & Industries Limited,Industrials,Metal Fabrication,2026-06-12,11472411181.489944,UNKNOWN,Yahoo,,0,
MANAKSIA,MANAKSIA.NS,Manaksia Limited,Industrials,Metal Fabrication,2026-06-12,3755756495.497322,UNKNOWN,Yahoo,,0,
MANAKSTEEL,MANAKSTEEL.NS,Manaksia Steels Limited,Basic Materials,Steel,2026-06-12,4439276407.004166,UNKNOWN,Yahoo,,0,
MANALIPETC,MANALIPETC.NS,Manali Petrochemicals Limited,Basic Materials,Specialty Chemicals,2026-06-12,11093950270.5,UNKNOWN,Yahoo,,0,
MANAPPURAM,MANAPPURAM.NS,Manappuram Finance Limited,Financial Services,Credit Services,2026-06-12,283209834753.0,UNKNOWN,Yahoo,,0,
MANAV,MANAV.NS,"MANAV.NS,0P0001BMLQ,0",,,2026-06-20,516530000.0,UNKNOWN,Yahoo,,0,
MANBA,MANBA.NS,MANBA FINANCE LIMITED,Financial Services,Credit Services,2026-06-12,6229686840.0,UNKNOWN,Yahoo,,0,
MANCREDIT,MANCREDIT.NS,Mangal Credit and Fincorp Limited,Financial Services,Credit Services,2026-06-12,4693639152.234772,UNKNOWN,Yahoo,,0,
MANDEEP,MANDEEP.NS,"MANDEEP.NS,0P0001SXM7,34000",,,2026-06-20,203656519.6871872,UNKNOWN,Yahoo,,0,
MANGALAM,MANGALAM.NS,Mangalam Drugs & Organics Limited,Healthcare,Drug Manufacturers - Specialty & Generic,2026-06-12,444140630.4268036,UNKNOWN,Yahoo,,0,
MANGLMCEM,MANGLMCEM.NS,Mangalam Cement Limited,Basic Materials,Building Materials,2026-06-12,23188471067.739624,UNKNOWN,Yahoo,,0,
MANINDS,MANINDS.NS,Man Industries (India) Limited,Basic Materials,Steel,2026-06-12,39530043917.0,UNKNOWN,Yahoo,,0,
MANINFRA,MANINFRA.NS,Man Infraconstruction Limited,Industrials,Engineering & Construction,2026-06-12,44601111275.12531,UNKNOWN,Yahoo,,0,
MANKIND,MANKIND.NS,Mankind Pharma Limited,Healthcare,Drug Manufacturers - Specialty & Generic,2026-06-12,992553254093.2192,UNKNOWN,Yahoo,,0,
MANOMAY,MANOMAY.NS,Manomay Tex India Limited,Consumer Cyclical,Textile Manufacturing,2026-06-12,3466801051.848221,UNKNOWN,Yahoo,,0,
MANORAMA,MANORAMA.NS,Manorama Industries Limited,Consumer Defensive,Packaged Foods,2026-06-12,92966181210.0,UNKNOWN,Yahoo,,0,
MANORG,MANORG.NS,Mangalam Organics Limited,Basic Materials,Specialty Chemicals,2026-06-12,4029569020.0,UNKNOWN,Yahoo,,0,
MANUGRAPH,MANUGRAPH.NS,Manugraph India Limited,Industrials,Specialty Industrial Machinery,2026-06-12,483221168.3908463,UNKNOWN,Yahoo,,0,
MANYAVAR,MANYAVAR.NS,Vedant Fashions Limited,Consumer Cyclical,Apparel Manufacturing,2026-06-12,97956274838.7346,UNKNOWN,Yahoo,,0,
MAPMYINDIA,MAPMYINDIA.NS,C. E. Info Systems Limited,Technology,Software - Infrastructure,2026-06-12,45988334160.33008,UNKNOWN,Yahoo,,0,
MARALOVER,MARALOVER.NS,Maral Overseas Limited,Consumer Cyclical,Textile Manufacturing,2026-06-12,2361805263.3361816,UNKNOWN,Yahoo,,0,
MARATHON,MARATHON.NS,Marathon Nextgen Realty Limited,Real Estate,Real Estate - Development,2026-06-12,26846862240.204712,UNKNOWN,Yahoo,,0,
MARC,MARC.NS,Marc Technocrats Limited,,,2026-06-20,1327070833.368126,UNKNOWN,Yahoo,,0,
MARCO,MARCO.NS,"MARCO.NS,0P0001RMP1,39000",,,2026-06-20,579669000.0,UNKNOWN,Yahoo,,0,
MARICO,MARICO.NS,Marico Limited,Consumer Defensive,Household & Personal Products,2026-06-12,1061839224929.95,UNKNOWN,Yahoo,,0,
MARINE,MARINE.NS,Marine Electricals (India) Limited,Industrials,Electrical Equipment & Parts,2026-06-12,32118257834.724422,UNKNOWN,Yahoo,,0,
MARINETRAN,MARINETRAN.NS,"MARINETRAN.NS,0P0001S08P,8000",,,2026-06-20,179436604.85458374,UNKNOWN,Yahoo,,0,
MARKOLINES,MARKOLINES.NS,MARKOLINES PAVEMENT TEC L,Industrials,Infrastructure Operations,2026-06-12,3674882497.4310303,UNKNOWN,Yahoo,,0,
MARKSANS,MARKSANS.NS,Marksans Pharma Limited,Healthcare,Drug Manufacturers - General,2026-06-12,113744100246.0,UNKNOWN,Yahoo,,0,
MARSONS,MARSONS.NS,Marsons Limited,Industrials,Electrical Equipment & Parts,2026-06-12,19834525000.0,UNKNOWN,Yahoo,,0,
MARUTI,MARUTI.NS,Maruti Suzuki India Limited,Consumer Cyclical,Auto Manufacturers,2026-06-12,4169606936388.0,UNKNOWN,Yahoo,,0,
MASFIN,MASFIN.NS,MAS Financial Services Limited,Financial Services,Credit Services,2026-06-12,53655765793.90704,UNKNOWN,Yahoo,,0,
MASKINVEST,MASKINVEST.NS,Mask Investments Limited,Financial Services,Capital Markets,2026-06-12,451622000.0,UNKNOWN,Yahoo,,0,
MASON,MASON.NS,"MASON.NS,0P0001T88V,312000",,,2026-06-20,2389860000.0,UNKNOWN,Yahoo,,0,
MASTEK,MASTEK.NS,Mastek Limited,Technology,Information Technology Services,2026-06-12,48587527142.31006,UNKNOWN,Yahoo,,0,
MASTER,MASTER.NS,"MASTER.NS,0P0001RME7,1000",,,2026-06-20,1427199951.171875,UNKNOWN,Yahoo,,0,
MASTERTR,MASTERTR.NS,Master Trust Limited,Financial Services,Capital Markets,2026-06-12,9521438587.70752,UNKNOWN,Yahoo,,0,
MATRIMONY,MATRIMONY.NS,Matrimony.com Limited,Communication Services,Internet Content & Information,2026-06-12,8051079123.5,UNKNOWN,Yahoo,,0,
MAWANASUG,MAWANASUG.NS,Mawana Sugars Limited,Consumer Defensive,Confectioners,2026-06-12,4040772170.5751953,UNKNOWN,Yahoo,,0,
MAXESTATES,MAXESTATES.NS,MAX ESTATES LIMITED,Real Estate,Real Estate - Development,2026-06-12,69948181781.94928,UNKNOWN,Yahoo,,0,
MAXHEALTH,MAXHEALTH.NS,Max Healthcare Institute Limited,Healthcare,Medical Care Facilities,2026-06-12,988377718038.5328,UNKNOWN,Yahoo,,0,
MAXIND,MAXIND.NS,Max India Limited,Healthcare,Medical Care Facilities,2026-06-12,8383285303.531616,UNKNOWN,Yahoo,,0,
MAXPOSURE,MAXPOSURE.NS,"MAXPOSURE.NS,0P0001S9FK,72000",,,2026-06-20,783425744.849968,UNKNOWN,Yahoo,,0,
MAYURUNIQ,MAYURUNIQ.NS,Mayur Uniquoters Limited,Consumer Cyclical,Textile Manufacturing,2026-06-12,34727318450.427246,UNKNOWN,Yahoo,,0,
MAZDA,MAZDA.NS,Mazda Limited,Industrials,Specialty Industrial Machinery,2026-06-12,4573509737.77771,UNKNOWN,Yahoo,,0,
MAZDOCK,MAZDOCK.NS,Mazagon Dock Shipbuilders Limited,Industrials,Aerospace & Defense,2026-06-12,963271440000.0,UNKNOWN,Yahoo,,0,
MBAPL,MBAPL.NS,Madhya Bharat Agro Products Limited,Basic Materials,Agricultural Inputs,2026-06-12,49290153750.0,UNKNOWN,Yahoo,,0,
MBEL,MBEL.NS,M AND B ENGINEERING LTD,Industrials,Engineering & Construction,2026-06-12,16124368513.444977,UNKNOWN,Yahoo,,0,
MBLINFRA,MBLINFRA.NS,MBL Infrastructures Limited,Industrials,Engineering & Construction,2026-06-12,4123261253.020172,UNKNOWN,Yahoo,,0,
MCCHRLS-B,MCCHRLS-B.NS,Mac Charles (India) Limited,,,2026-06-20,0.0,NO_MARKET_CAP,Yahoo,2026-08-04T07:12:34.762189+00:00,3,No market cap returned.
MCL,MCL.NS,M Tek Copper Limited,Basic Materials,Copper,2026-06-12,1590839524.5666504,UNKNOWN,Yahoo,,0,
MCLEODRUSS,MCLEODRUSS.NS,McLeod Russel India Limited,Consumer Defensive,Packaged Foods,2026-06-12,6697702015.096245,UNKNOWN,Yahoo,,0,
MCLOUD,MCLOUD.NS,Magellanic Cloud Limited,Technology,Information Technology Services,2026-06-12,12953585833.973236,UNKNOWN,Yahoo,,0,
MCON,MCON.NS,"MCON.NS,0P0001QKGC,7000",,,2026-06-20,351796320.0,UNKNOWN,Yahoo,,0,
MCX,MCX.NS,Multi Commodity Exchange of India Limited,Financial Services,Financial Data & Stock Exchanges,2026-06-12,717933357499.4458,UNKNOWN,Yahoo,,0,
MDL,MDL.NS,Marvel Decor Limited,,,2026-06-20,1300352316.1386108,UNKNOWN,Yahoo,,0,
MEDANTA,MEDANTA.NS,Global Health Limited,Healthcare,Medical Care Facilities,2026-06-12,329095041629.5586,UNKNOWN,Yahoo,,0,
MEDIASSIST,MEDIASSIST.NS,MEDI ASSIST HEALTH SER L,Healthcare,Healthcare Plans,2026-06-12,27068212904.64386,UNKNOWN,Yahoo,,0,
MEDICAMEQ,MEDICAMEQ.NS,Medicamen Biotech Limited,Healthcare,Drug Manufacturers - Specialty & Generic,2026-06-12,3097746863.2191467,UNKNOWN,Yahoo,,0,
MEDICO,MEDICO.NS,Medico Remedies Limited,Healthcare,Drug Manufacturers - Specialty & Generic,2026-06-12,3460432863.311768,UNKNOWN,Yahoo,,0,
MEDIORG,MEDIORG.NS,"MEDIORG.NS,0P0001T88Y,84000",,,2026-06-20,267929995.5368042,UNKNOWN,Yahoo,,0,
MEDPLUS,MEDPLUS.NS,MedPlus Health Services Limited,Healthcare,Pharmaceutical Retailers,2026-06-12,105615461100.0,UNKNOWN,Yahoo,,0,
MEESHO,MEESHO.NS,MEESHO LIMITED,Consumer Cyclical,Internet Retail,2026-06-12,764375663799.6658,UNKNOWN,Yahoo,,0,
MEGAFLEX,MEGAFLEX.NS,"MEGAFLEX.NS,0P0001PNZU,6000",,,2026-06-20,1540033586.7290497,UNKNOWN,Yahoo,,0,
MEGASTAR,MEGASTAR.NS,Megastar Foods Limited,Consumer Defensive,Packaged Foods,2026-06-12,3415779702.862549,UNKNOWN,Yahoo,,0,
MEGATHERM,MEGATHERM.NS,"MEGATHERM.NS,0P0001SBAB,43600",,,2026-06-20,3660753896.497345,UNKNOWN,Yahoo,,0,
MEIL,MEIL.NS,MANGAL ELECTRICAL IND L,Industrials,Electrical Equipment & Parts,2026-06-12,8621979856.918213,UNKNOWN,Yahoo,,0,
MENNPIS,MENNPIS.NS,Menon Pistons Limited,,,2026-06-20,0.0,NO_MARKET_CAP,Yahoo,2026-08-04T07:12:34.864889+00:00,3,No market cap returned.
MENONBE,MENONBE.NS,Menon Bearings Limited,Consumer Cyclical,Auto Parts,2026-06-12,9431532171.020508,UNKNOWN,Yahoo,,0,
MEP,MEP.NS,MEP Infrastructure Developers Limited,Industrials,Infrastructure Operations,2026-06-12,150425761.3278916,UNKNOWN,Yahoo,,0,
MERCANTILE,MERCANTILE.NS,Mercantile Ventures Limited,,,2026-06-20,0.0,NO_MARKET_CAP,Yahoo,2026-08-04T07:12:34.970192+00:00,3,No market cap returned.
METROBRAND,METROBRAND.NS,Metro Brands Limited,Consumer Cyclical,Apparel Retail,2026-06-12,270093817358.0,UNKNOWN,Yahoo,,0,
METROGLOBL,METROGLOBL.NS,MetroGlobal Limited,Industrials,Conglomerates,2026-06-12,1554254620.0990677,UNKNOWN,Yahoo,,0,
METROPOLIS,METROPOLIS.NS,Metropolis Healthcare Limited,Healthcare,Diagnostics & Research,2026-06-12,108019955328.0,UNKNOWN,Yahoo,,0,
MFML,MFML.NS,Mahalaxmi Fabric Mills Limited,Consumer Cyclical,Textile Manufacturing,2026-06-12,254780394.819212,UNKNOWN,Yahoo,,0,
MFSL,MFSL.NS,Max Financial Services Limited,Financial Services,Insurance - Life,2026-06-12,536326224037.4729,UNKNOWN,Yahoo,,0,
MGEL,MGEL.NS,Mangalam Global Enterprise Limited,Consumer Defensive,Farm Products,2026-06-12,5437667400.0,UNKNOWN,Yahoo,,0,
MGL,MGL.NS,Mahanagar Gas Limited,Utilities,Utilities - Regulated Gas,2026-06-12,107667779110.0,UNKNOWN,Yahoo,,0,
MHHL,MHHL.NS,"MHHL.NS,0P00016IUL,94500",,,2026-06-20,532488293.9128876,UNKNOWN,Yahoo,,0,
MHLXMIRU,MHLXMIRU.NS,Mahalaxmi Rubtech Limited,Consumer Cyclical,Textile Manufacturing,2026-06-12,1938200187.5,UNKNOWN,Yahoo,,0,
MHRIL,MHRIL.NS,Mahindra Holidays & Resorts India Limited,Consumer Cyclical,Resorts & Casinos,2026-06-12,46036758975.71616,UNKNOWN,Yahoo,,0,
MICEL,MICEL.NS,MIC Electronics Limited,Technology,Electronic Components,2026-06-12,10221300222.824554,UNKNOWN,Yahoo,,0,
MICROPRO,MICROPRO.NS,"MICROPRO.NS,0P0001RTOC,9600",,,2026-06-20,264538900.0,UNKNOWN,Yahoo,,0,
MIDHANI,MIDHANI.NS,Mishra Dhatu Nigam Limited,Basic Materials,Steel,2026-06-12,81399230000.0,UNKNOWN,Yahoo,,0,
MIDWESTLTD,MIDWESTLTD.NS,MIDWEST LIMITED,Basic Materials,Building Materials,2026-06-12,44231908365.53516,UNKNOWN,Yahoo,,0,
MILTON,MILTON.NS,"MILTON.NS,0P0001BSZ5,0",,,2026-06-20,662805000.0,UNKNOWN,Yahoo,,0,
MINDACORP,MINDACORP.NS,Minda Corporation Limited,Consumer Cyclical,Auto Parts,2026-06-12,150336781901.25,UNKNOWN,Yahoo,,0,
MINDPOOL,MINDPOOL.NS,"MINDPOOL.NS,0P0001FU6J,0",,,2026-06-20,301286243.53408813,UNKNOWN,Yahoo,,0,
MINDSPACE,MINDSPACE.NS,"MINDSPACE.NS,0P0001KHWX,214689",,,2026-06-20,306847211503.7624,UNKNOWN,Yahoo,,0,
MINDTECK,MINDTECK.NS,Mindteck (India) Limited,Technology,Information Technology Services,2026-06-12,6612925938.433456,UNKNOWN,Yahoo,,0,
MIRCELECTR,MIRCELECTR.NS,Onida Electronics Limited,Consumer Cyclical,"Furnishings, Fixtures & Appliances",2026-06-12,13663824164.372818,UNKNOWN,Yahoo,,0,
MIRZAINT,MIRZAINT.NS,Mirza International Limited,Consumer Cyclical,Footwear & Accessories,2026-06-12,4047933777.5276175,UNKNOWN,Yahoo,,0,
MITCON,MITCON.NS,MITCON Consultancy & Engineering Services Limited,Industrials,Engineering & Construction,2026-06-12,1400241848.445465,UNKNOWN,Yahoo,,0,
MITTAL,MITTAL.NS,Mittal Life Style Limited,Consumer Cyclical,Textile Manufacturing,2026-06-12,452778782.03326464,UNKNOWN,Yahoo,,0,
MKPL,MKPL.NS,M. K. Proteins Limited,Consumer Defensive,Packaged Foods,2026-06-12,1772967843.2496183,UNKNOWN,Yahoo,,0,
MMFL,MMFL.NS,M M Forgings Limited,Industrials,Metal Fabrication,2026-06-12,21519109709.375,UNKNOWN,Yahoo,,0,
MMP,MMP.NS,MMP Industries Limited,Basic Materials,Aluminum,2026-06-12,6511959997.595245,UNKNOWN,Yahoo,,0,
MMTC,MMTC.NS,MMTC Limited,Industrials,Conglomerates,2026-06-12,104895000457.76369,UNKNOWN,Yahoo,,0,
MMWL,MMWL.NS,Media Matrix Worldwide Limited,Communication Services,Entertainment,2026-06-12,0.0,NO_MARKET_CAP,Yahoo,2026-08-04T07:12:35.080253+00:00,3,No market cap returned.
MNC,MNC.NS,Kotak Nifty MNC ETF,,,2026-06-20,0.0,NO_MARKET_CAP,Yahoo,2026-08-04T07:12:35.182532+00:00,3,No market cap returned.
MOBIKWIK,MOBIKWIK.NS,ONE MOBIKWIK SYSTEMS LTD,Technology,Software - Infrastructure,2026-06-12,15237454378.895475,UNKNOWN,Yahoo,,0,
MOCAPITAL,MOCAPITAL.NS,Motilal Oswal Nifty Capital Market ETF,,,2026-06-20,0.0,NO_MARKET_CAP,Yahoo,2026-08-04T07:12:35.279837+00:00,3,No market cap returned.
MODEFENCE,MODEFENCE.NS,Motilal Oswal Nifty India Defence ETF,,,2026-06-20,0.0,NO_MARKET_CAP,Yahoo,2026-08-04T07:12:35.358542+00:00,3,No market cap returned.
MODINATUR,MODINATUR.NS,Modi Naturals Limited,Consumer Defensive,Packaged Foods,2026-06-12,5721750710.0,UNKNOWN,Yahoo,,0,
MODIRUBBER,MODIRUBBER.NS,Modi Rubber Limited,Real Estate,Real Estate Services,2026-06-12,3130066500.0,UNKNOWN,Yahoo,,0,
MODIS,MODIS.NS,Modi's Navnirman Limited,Real Estate,Real Estate - Development,2026-06-12,6759943320.849609,UNKNOWN,Yahoo,,0,
MODISONLTD,MODISONLTD.NS,Modison Limited,Industrials,Electrical Equipment & Parts,2026-06-12,9895627896.118164,UNKNOWN,Yahoo,,0,
MODTHREAD,MODTHREAD.NS,Modern Threads (India) Limited,Consumer Cyclical,Textile Manufacturing,2026-06-12,1534627810.8000002,UNKNOWN,Yahoo,,0,
MOHITIND,MOHITIND.NS,Mohit Industries Limited,Consumer Cyclical,Textile Manufacturing,2026-06-12,319819621.4102745,UNKNOWN,Yahoo,,0,
MOIL,MOIL.NS,MOIL Limited,Basic Materials,Other Industrial Metals & Mining,2026-06-12,58644440294.15033,UNKNOWN,Yahoo,,0,
MOIPO,MOIPO.NS,Motilal Oswal Mutual Fund - Motilal Oswal BSE Select IPO ETF,,,2026-06-20,0.0,NO_MARKET_CAP,Yahoo,2026-08-04T07:12:35.458031+00:00,3,No market cap returned.
MOKSH,MOKSH.NS,Moksh Ornaments Limited,Consumer Cyclical,Luxury Goods,2026-06-12,1028437304.6766129,UNKNOWN,Yahoo,,0,
MOL,MOL.NS,Meghmani Organics Limited,Basic Materials,Agricultural Inputs,2026-06-12,11996000867.206772,UNKNOWN,Yahoo,,0,
MOLDTECH,MOLDTECH.NS,Mold-Tek Technologies Limited,Industrials,Engineering & Construction,2026-06-12,3655369518.153122,UNKNOWN,Yahoo,,0,
MOLDTKPAC,MOLDTKPAC.NS,Mold-Tek Packaging Limited,Consumer Cyclical,Packaging & Containers,2026-06-12,22454438635.5,UNKNOWN,Yahoo,,0,
MONARCH,MONARCH.NS,Monarch Networth Capital Limited,Financial Services,Capital Markets,2026-06-12,27268308272.0,UNKNOWN,Yahoo,,0,
MONEYBOXX,MONEYBOXX.NS,Moneyboxx Finance Limited,Financial Services,Credit Services,2026-06-12,4858720213.479614,UNKNOWN,Yahoo,,0,
MONOPHARMA,MONOPHARMA.NS,"MONOPHARMA.NS,0P0001RIYV,4000",,,2026-06-20,193470772.4299889,UNKNOWN,Yahoo,,0,
MONTECARLO,MONTECARLO.NS,Monte Carlo Fashions Limited,Consumer Cyclical,Apparel Manufacturing,2026-06-12,10956895824.0,UNKNOWN,Yahoo,,0,
MOREALTY,MOREALTY.NS,Motilal Oswal Nifty Realty ETF,,,2026-06-20,0.0,NO_MARKET_CAP,Yahoo,2026-08-04T07:12:35.564063+00:00,3,No market cap returned.
MOREPENLAB,MOREPENLAB.NS,Morepen Laboratories Limited,Healthcare,Drug Manufacturers - Specialty & Generic,2026-06-12,27529194757.48209,UNKNOWN,Yahoo,,0,
MOS,MOS.NS,"MOS.NS,0P0001QQNM,24800",,,2026-06-20,3603192129.439144,UNKNOWN,Yahoo,,0,
MOSCHIP,MOSCHIP.NS,MOSCHIP TECHNOLOGIES LTD,Technology,Semiconductor Equipment & Materials,2026-06-12,40375898225.21393,UNKNOWN,Yahoo,,0,
MOSERVICE,MOSERVICE.NS,Motilal Oswal Mutual Fund - Motilal Oswal Nifty Services Sector ETF,,,2026-06-20,0.0,NO_MARKET_CAP,Yahoo,2026-08-04T07:12:35.674081+00:00,3,No market cap returned.
MOTHERSON,MOTHERSON.NS,Samvardhana Motherson International Limited,Consumer Cyclical,Auto Parts,2026-06-12,1494697571482.7888,UNKNOWN,Yahoo,,0,
MOTILALOFS,MOTILALOFS.NS,Motilal Oswal Financial Services Limited,Financial Services,Capital Markets,2026-06-12,529106929469.5442,UNKNOWN,Yahoo,,0,
MOTISONS,MOTISONS.NS,MOTISONS JEWELLERS LTD,Consumer Cyclical,Luxury Goods,2026-06-12,14505484341.430664,UNKNOWN,Yahoo,,0,
MOTOGENFIN,MOTOGENFIN.NS,The Motor & General Finance Limited,Real Estate,Real Estate Services,2026-06-12,1121759737.5,UNKNOWN,Yahoo,,0,
MOTOUR,MOTOUR.NS,Motilal Oswal Nifty India Tourism ETF,,,2026-06-20,0.0,NO_MARKET_CAP,Yahoo,2026-08-04T07:12:35.756776+00:00,3,No market cap returned.
MOXSH,MOXSH.NS,"MOXSH.NS,0P0001Q9NQ,7200",,,2026-06-20,1021804800.0,UNKNOWN,Yahoo,,0,
MPHASIS,MPHASIS.NS,Mphasis Limited,Technology,Information Technology Services,2026-06-12,432811223492.7612,UNKNOWN,Yahoo,,0,
MPSLTD,MPSLTD.NS,MPS Limited,Communication Services,Publishing,2026-06-12,30661206875.71656,UNKNOWN,Yahoo,,0,
MPTODAY,MPTODAY.NS,Madhya Pradesh Today Media Limited,,,2026-06-20,210128000.0,UNKNOWN,Yahoo,,0,
MRF,MRF.NS,MRF Limited,Consumer Cyclical,Auto Parts,2026-06-12,525414000555.0,UNKNOWN,Yahoo,,0,
MRPL,MRPL.NS,Mangalore Refinery and Petrochemicals Limited,Energy,Oil & Gas Refining & Marketing,2026-06-12,281467374283.214,UNKNOWN,Yahoo,,0,
MSCIINDIA,MSCIINDIA.NS,Kotak MSCI India ETF,,,2026-06-20,0.0,NO_MARKET_CAP,Yahoo,2026-08-04T07:12:35.841829+00:00,3,No market cap returned.
MSPL,MSPL.NS,MSP Steel & Power Limited,Basic Materials,Steel,2026-06-12,23437040405.886955,UNKNOWN,Yahoo,,0,
MSTCLTD,MSTCLTD.NS,MSTC Limited,Industrials,Conglomerates,2026-06-12,40057600000.0,UNKNOWN,Yahoo,,0,
MSUMI,MSUMI.NS,Motherson Sumi Wiring India Limited,Consumer Cyclical,Auto Parts,2026-06-12,242718815347.687,UNKNOWN,Yahoo,,0,
MTARTECH,MTARTECH.NS,MTAR Technologies Limited,Industrials,Specialty Industrial Machinery,2026-06-12,218700692010.0,UNKNOWN,Yahoo,,0,
MTEDUCARE,MTEDUCARE.NS,MT Educare Limited,Consumer Defensive,Education & Training Services,2026-06-12,135066461.3244102,UNKNOWN,Yahoo,,0,
MTNL,MTNL.NS,Mahanagar Telephone Nigam Limited,Communication Services,Telecom Services,2026-06-12,19700100288.39112,UNKNOWN,Yahoo,,0,
MUFIN,MUFIN.NS,Mufin Green Finance Limited,Financial Services,Credit Services,2026-06-12,24037074009.143005,UNKNOWN,Yahoo,,0,
MUFTI,MUFTI.NS,CREDO BRANDS MARKETING L,Consumer Cyclical,Apparel Retail,2026-06-12,5683401731.210358,UNKNOWN,Yahoo,,0,
MUKANDLTD,MUKANDLTD.NS,Mukand Limited,Basic Materials,Steel,2026-06-12,19123988644.980927,UNKNOWN,Yahoo,,0,
MUKKA,MUKKA.NS,Mukka Proteins Limited,Consumer Defensive,Packaged Foods,2026-06-12,6917999839.782715,UNKNOWN,Yahoo,,0,
MUKTAARTS,MUKTAARTS.NS,Mukta Arts Limited,Communication Services,Entertainment,2026-06-12,1358951442.6452637,UNKNOWN,Yahoo,,0,
MUNJALAU,MUNJALAU.NS,Munjal Auto Industries Limited,Consumer Cyclical,Auto Parts,2026-06-12,9880999755.859377,UNKNOWN,Yahoo,,0,
MUNJALSHOW,MUNJALSHOW.NS,Munjal Showa Limited,Consumer Cyclical,Auto Parts,2026-06-12,5119360000.0,UNKNOWN,Yahoo,,0,
MURUDCERA,MURUDCERA.NS,Murudeshwar Ceramics Ltd.,Industrials,Building Products & Equipment,2026-06-12,1885379359.446106,UNKNOWN,Yahoo,,0,
MUTHOOTCAP,MUTHOOTCAP.NS,Muthoot Capital Services Limited,Financial Services,Credit Services,2026-06-12,3191479192.893448,UNKNOWN,Yahoo,,0,
MUTHOOTFIN,MUTHOOTFIN.NS,Muthoot Finance Limited,Financial Services,Credit Services,2026-06-12,1208620846998.0,UNKNOWN,Yahoo,,0,
MUTHOOTMF,MUTHOOTMF.NS,MUTHOOT MICROFIN LIMITED,Financial Services,Credit Services,2026-06-12,30617418552.5,UNKNOWN,Yahoo,,0,
MVGJL,MVGJL.NS,Manoj Vaibhav Gems 'N' Jewellers Limited,Consumer Cyclical,Luxury Goods,2026-06-12,7083367151.082993,UNKNOWN,Yahoo,,0,
MVKAGRO,MVKAGRO.NS,"MVKAGRO.NS,0P0001SHLC,55200",,,2026-06-20,5896268405.456543,UNKNOWN,Yahoo,,0,
MWL,MWL.NS,MANGALAM WORLDWIDE LTD,Basic Materials,Steel,2026-06-12,11210519763.857056,UNKNOWN,Yahoo,,0,
NACLIND,NACLIND.NS,NACL Industries Limited,Basic Materials,Agricultural Inputs,2026-06-12,38390139210.72922,UNKNOWN,Yahoo,,0,
NAGAFERT,NAGAFERT.NS,Nagarjuna Fertilizers and Chemicals Limited,Basic Materials,Agricultural Inputs,2026-06-12,2254705061.31,UNKNOWN,Yahoo,,0,
NAGREEKCAP,NAGREEKCAP.NS,Nagreeka Capital & Infrastructure Ltd.,Financial Services,Asset Management,2026-06-12,346289994.6247101,UNKNOWN,Yahoo,,0,
NAGREEKEXP,NAGREEKEXP.NS,Nagreeka Exports Limited,Consumer Cyclical,Textile Manufacturing,2026-06-12,829667563.6587143,UNKNOWN,Yahoo,,0,
NAHARCAP,NAHARCAP.NS,Nahar Capital and Financial Services Limited,Financial Services,Capital Markets,2026-06-12,4211661000.5,UNKNOWN,Yahoo,,0,
NAHARINDUS,NAHARINDUS.NS,Nahar Industrial Enterprises Limited,Consumer Cyclical,Textile Manufacturing,2026-06-12,5037770678.673515,UNKNOWN,Yahoo,,0,
NAHARPOLY,NAHARPOLY.NS,Nahar Poly Films Limited,Consumer Cyclical,Packaging & Containers,2026-06-12,5999469804.0,UNKNOWN,Yahoo,,0,
NAHARSPING,NAHARSPING.NS,Nahar Spinning Mills Limited,Consumer Cyclical,Textile Manufacturing,2026-06-12,9450912210.89972,UNKNOWN,Yahoo,,0,
NAM-INDIA,NAM-INDIA.NS,Nippon Life India Asset Management Limited,Financial Services,Asset Management,2026-06-12,684325224097.5378,UNKNOWN,Yahoo,,0,
NAMAN,NAMAN.NS,"NAMAN.NS,0P0001SLXH,35200",,,2026-06-20,510523216.0949707,UNKNOWN,Yahoo,,0,
NARMADA,NARMADA.NS,Narmada Agrobase Limited,Basic Materials,Agricultural Inputs,2026-06-12,1475725978.986351,UNKNOWN,Yahoo,,0,
NATCAPSUQ,NATCAPSUQ.NS,Natural Capsules Limited,Healthcare,Drug Manufacturers - Specialty & Generic,2026-06-12,1596029939.9723206,UNKNOWN,Yahoo,,0,
NATCOPHARM,NATCOPHARM.NS,NATCO Pharma Limited,Healthcare,Drug Manufacturers - Specialty & Generic,2026-06-12,153264317945.39978,UNKNOWN,Yahoo,,0,
NATHBIOGEN,NATHBIOGEN.NS,Nath Bio-Genes (India) Limited,Basic Materials,Agricultural Inputs,2026-06-12,3172752145.790497,UNKNOWN,Yahoo,,0,
NATIONALUM,NATIONALUM.NS,National Aluminium Company Limited,Basic Materials,Aluminum,2026-06-12,692685667257.1392,UNKNOWN,Yahoo,,0,
NATIONSTD,NATIONSTD.NS,National Standard (India) Limited,,,2026-06-20,0.0,NO_MARKET_CAP,Yahoo,2026-08-04T07:12:35.933818+00:00,3,No market cap returned.
NAUKRI,NAUKRI.NS,Info Edge (India) Limited,Communication Services,Internet Content & Information,2026-06-12,627560400992.3977,UNKNOWN,Yahoo,,0,
NAVA,NAVA.NS,Nava Limited,Industrials,Conglomerates,2026-06-12,164310533936.38916,UNKNOWN,Yahoo,,0,
NAVINFLUOR,NAVINFLUOR.NS,Navin Fluorine International Limited,Basic Materials,Chemicals,2026-06-12,371823202750.0,UNKNOWN,Yahoo,,0,
NAVKARCORP,NAVKARCORP.NS,Navkar Corporation Limited,Industrials,Integrated Freight & Logistics,2026-06-12,15265655061.411148,UNKNOWN,Yahoo,,0,
NAVKARURB,NAVKARURB.NS,Navkar Urbanstructure Limited,Basic Materials,Building Materials,2026-06-12,1122090422.0,UNKNOWN,Yahoo,,0,
NAVNETEDUL,NAVNETEDUL.NS,Navneet Education Limited,Communication Services,Publishing,2026-06-12,31087088055.89438,UNKNOWN,Yahoo,,0,
NAZARA,NAZARA.NS,Nazara Technologies Limited,Communication Services,Electronic Gaming & Multimedia,2026-06-12,105212066816.0,UNKNOWN,Yahoo,,0,
NBCC,NBCC.NS,NBCC (India) Limited,Industrials,Engineering & Construction,2026-06-12,280583995056.15234,UNKNOWN,Yahoo,,0,
NBIFIN,NBIFIN.NS,N.B.I. Industrial Finance Company Limited,Financial Services,Capital Markets,2026-06-12,5466472500.0,UNKNOWN,Yahoo,,0,
NCC,NCC.NS,NCC Limited,Industrials,Engineering & Construction,2026-06-12,94647873141.0,UNKNOWN,Yahoo,,0,
NCLIND,NCLIND.NS,NCL Industries Limited,Basic Materials,Building Materials,2026-06-12,8348163611.968384,UNKNOWN,Yahoo,,0,
NDGL,NDGL.NS,Naga Dhunseri Group Limited,Financial Services,Capital Markets,2026-06-12,2501000000.0,UNKNOWN,Yahoo,,0,
NDL,NDL.NS,Nandan Denim Limited,Consumer Cyclical,Textile Manufacturing,2026-06-12,3646923309.159165,UNKNOWN,Yahoo,,0,
NDLVENTURE,NDLVENTURE.NS,NDL Ventures Limited,Communication Services,Entertainment,2026-06-12,4310641064.280685,UNKNOWN,Yahoo,,0,
NDRAUTO,NDRAUTO.NS,NDR Auto Components Limited,Consumer Cyclical,Auto Parts,2026-06-12,18759761318.40332,UNKNOWN,Yahoo,,0,
NDTV,NDTV.NS,New Delhi Television Limited,Communication Services,Broadcasting,2026-06-12,9056439654.844915,UNKNOWN,Yahoo,,0,
NEAGI,NEAGI.NS,Neelamalai Agro Industries Limited,,,2026-06-20,0.0,NO_MARKET_CAP,Yahoo,2026-08-04T07:12:36.030824+00:00,3,No market cap returned.
NECCLTD,NECCLTD.NS,North Eastern Carrying Corporation Limited,Industrials,Trucking,2026-06-12,1725295023.918152,UNKNOWN,Yahoo,,0,
NECLIFE,NECLIFE.NS,Nectar Lifesciences Limited,Healthcare,Drug Manufacturers - Specialty & Generic,2026-06-12,2166009741.395321,UNKNOWN,Yahoo,,0,
NELCAST,NELCAST.NS,Nelcast Limited,Industrials,Metal Fabrication,2026-06-12,12047476689.904177,UNKNOWN,Yahoo,,0,
NELCO,NELCO.NS,Nelco Limited,Technology,Communication Equipment,2026-06-12,16458911641.455078,UNKNOWN,Yahoo,,0,
NEOGEN,NEOGEN.NS,Neogen Chemicals Limited,Basic Materials,Specialty Chemicals,2026-06-12,54938591382.0979,UNKNOWN,Yahoo,,0,
NEPHROCARE,NEPHROCARE.NS,"NEPHROCARE.NS,0P0001T9H9,502400",,,2026-06-20,1118602214.84375,UNKNOWN,Yahoo,,0,
NEPHROPLUS,NEPHROPLUS.NS,NEPHROCARE HEALTH SERV L,Healthcare,Medical Care Facilities,2026-06-12,75752225524.01227,UNKNOWN,Yahoo,,0,
NESCO,NESCO.NS,Nesco Limited,Industrials,Conglomerates,2026-06-12,76449056600.0,UNKNOWN,Yahoo,,0,
NESTLEIND,NESTLEIND.NS,Nestlé India Limited,Consumer Defensive,Packaged Foods,2026-06-12,2739749080011.9727,UNKNOWN,Yahoo,,0,
NETWEB,NETWEB.NS,Netweb Technologies India Limited,Technology,Computer Hardware,2026-06-12,259165536880.5,UNKNOWN,Yahoo,,0,
NETWORK18,NETWORK18.NS,Network18 Media & Investments Limited,Communication Services,Entertainment,2026-06-12,47276769072.36047,UNKNOWN,Yahoo,,0,
NEULANDLAB,NEULANDLAB.NS,Neuland Laboratories Limited,Healthcare,Drug Manufacturers - Specialty & Generic,2026-06-12,220661260911.0,UNKNOWN,Yahoo,,0,
NEWGEN,NEWGEN.NS,Newgen Software Technologies Limited,Technology,Software - Infrastructure,2026-06-12,64933374140.0,UNKNOWN,Yahoo,,0,
NEWJAISA,NEWJAISA.NS,"NEWJAISA.NS,0P0001RN90,39000",,,2026-06-20,637269663.0638123,UNKNOWN,Yahoo,,0,
NEXTMEDIA,NEXTMEDIA.NS,Next Mediaworks Limited,Communication Services,Broadcasting,2026-06-12,268909488.88411903,UNKNOWN,Yahoo,,0,
NFL,NFL.NS,National Fertilizers Limited,Basic Materials,Agricultural Inputs,2026-06-12,36361672355.41382,UNKNOWN,Yahoo,,0,
NGIL,NGIL.NS,Nakoda Group of Industries Limited,Consumer Defensive,Packaged Foods,2026-06-12,682678381.923233,UNKNOWN,Yahoo,,0,
NGLFINE,NGLFINE.NS,NGL Fine-Chem Limited,Healthcare,Drug Manufacturers - General,2026-06-12,18454992991.13867,UNKNOWN,Yahoo,,0,
NH,NH.NS,Narayana Hrudayalaya Limited,Healthcare,Medical Care Facilities,2026-06-12,386823940782.50793,UNKNOWN,Yahoo,,0,
NHPC,NHPC.NS,NHPC Limited,Utilities,Utilities - Renewable,2026-06-12,738209586360.9406,UNKNOWN,Yahoo,,0,
NIACL,NIACL.NS,The New India Assurance Company Limited,Financial Services,Insurance - Diversified,2026-06-12,248007529052.7344,UNKNOWN,Yahoo,,0,
NIBE,NIBE.NS,Nibe Limited,Industrials,Conglomerates,2026-06-12,24091445185.210327,UNKNOWN,Yahoo,,0,
NIBL,NIBL.NS,NRB Industrial Bearings Limited,Industrials,Tools & Accessories,2026-06-12,742669413.2567406,UNKNOWN,Yahoo,,0,
NIDAN,NIDAN.NS,"NIDAN.NS,0P0001NNA1,9000",,,2026-06-20,187650000.0,UNKNOWN,Yahoo,,0,
NIITLTD,NIITLTD.NS,NIIT Limited,Consumer Defensive,Education & Training Services,2026-06-12,11810094180.081978,UNKNOWN,Yahoo,,0,
NIITMTS,NIITMTS.NS,NIIT Learning Systems Limited,Consumer Defensive,Education & Training Services,2026-06-12,29154333068.0,UNKNOWN,Yahoo,,0,
NILAINFRA,NILAINFRA.NS,Nila Infrastructures Limited,Real Estate,Real Estate - Development,2026-06-12,3115663511.897278,UNKNOWN,Yahoo,,0,
NILASPACES,NILASPACES.NS,Nila Spaces Limited,Real Estate,Real Estate - Development,2026-06-12,4730609382.154083,UNKNOWN,Yahoo,,0,
NILE,NILE.NS,Nile Limited,,,2026-06-20,0.0,NO_MARKET_CAP,Yahoo,2026-08-04T07:12:36.126238+00:00,3,No market cap returned.
NILKAMAL,NILKAMAL.NS,Nilkamal Limited,Consumer Cyclical,"Furnishings, Fixtures & Appliances",2026-06-12,19023798932.06543,UNKNOWN,Yahoo,,0,
NIMBSPROJ,NIMBSPROJ.NS,Nimbus Projects Limited,,,2026-06-20,3983330016.81488,UNKNOWN,Yahoo,,0,
NINSYS,NINSYS.NS,NINtec Systems Limited,Technology,Information Technology Services,2026-06-12,12666974853.515623,UNKNOWN,Yahoo,,0,
NIPPOBATRY,NIPPOBATRY.NS,Indo National Limited,Industrials,Electrical Equipment & Parts,2026-06-12,2497500000.0,UNKNOWN,Yahoo,,0,
NIRAJ,NIRAJ.NS,Niraj Cement Structurals Limited,Industrials,Engineering & Construction,2026-06-12,1731135860.0,UNKNOWN,Yahoo,,0,
NIRAJISPAT,NIRAJISPAT.NS,Niraj Ispat Industries Limited,Consumer Cyclical,Apparel Manufacturing,2026-06-12,128250000.0,UNKNOWN,Yahoo,,0,
NIRLON,NIRLON.NS,Nirlon Limited,Real Estate,Real Estate Services,2026-06-12,55873184800.0,UNKNOWN,Yahoo,,0,
NIRMAN,NIRMAN.NS,"NIRMAN.NS,0P0001QMW0,89400",,,2026-06-20,361236375.3782044,UNKNOWN,Yahoo,,0,
NITCO,NITCO.NS,NITCO Limited,Industrials,Building Products & Equipment,2026-06-12,23447914562.65217,UNKNOWN,Yahoo,,0,
NITINSPIN,NITINSPIN.NS,Nitin Spinners Limited,Consumer Cyclical,Textile Manufacturing,2026-06-12,30712985313.720703,UNKNOWN,Yahoo,,0,
NITIRAJ,NITIRAJ.NS,Nitiraj Engineers Limited,Technology,Scientific & Technical Instruments,2026-06-12,1997304802.4597168,UNKNOWN,Yahoo,,0,
NITTAGELA,NITTAGELA.NS,Nitta Gelatin India Limited,Basic Materials,Specialty Chemicals,2026-06-12,15643392680.0,UNKNOWN,Yahoo,,0,
NIVABUPA,NIVABUPA.NS,Niva Bupa Health Insurance Company Limited,Financial Services,Insurance - Life,2026-06-12,154435556093.5246,UNKNOWN,Yahoo,,0,
NKIND,NKIND.NS,N.K Industries Limited,Consumer Defensive,Household & Personal Products,2026-06-12,395992307.33184814,UNKNOWN,Yahoo,,0,
NLCINDIA,NLCINDIA.NS,NLC India Limited,Utilities,Utilities - Regulated Electric,2026-06-12,440742454634.0082,UNKNOWN,Yahoo,,0,
NMDC,NMDC.NS,NMDC Limited,Basic Materials,Steel,2026-06-12,796538656614.7511,UNKNOWN,Yahoo,,0,
NOCIL,NOCIL.NS,NOCIL Limited,Basic Materials,Specialty Chemicals,2026-06-12,26767414364.304657,UNKNOWN,Yahoo,,0,
NOIDATOLL,NOIDATOLL.NS,Noida Toll Bridge Company Limited,Industrials,Infrastructure Operations,2026-06-12,960766181.9088974,UNKNOWN,Yahoo,,0,
NORBTEAEXP,NORBTEAEXP.NS,Norben Tea & Exports Limited,Consumer Defensive,Farm Products,2026-06-12,1181040770.1805117,UNKNOWN,Yahoo,,0,
NORTHARC,NORTHARC.NS,Northern Arc Capital Limited,Financial Services,Credit Services,2026-06-12,46169410243.96857,UNKNOWN,Yahoo,,0,
NOVAAGRI,NOVAAGRI.NS,Nova Agritech Limited,Basic Materials,Agricultural Inputs,2026-06-12,2467443060.5940666,UNKNOWN,Yahoo,,0,
NOVARTIND,NOVARTIND.NS,Novartis India Limited,Healthcare,Drug Manufacturers - Specialty & Generic,2026-06-12,32762219142.10266,UNKNOWN,Yahoo,,0,
NPBET,NPBET.NS,Tata Nifty Private Bank ETF,,,2026-06-20,0.0,NO_MARKET_CAP,Yahoo,2026-08-04T07:12:36.216953+00:00,3,No market cap returned.
NPST,NPST.NS,NETWORK PEOPLE SRV TECH L,Technology,Software - Application,2026-06-12,34349666909.3628,UNKNOWN,Yahoo,,0,
NRAIL,NRAIL.NS,N R Agarwal Industries Limited,Basic Materials,Paper & Paper Products,2026-06-12,7632215602.752686,UNKNOWN,Yahoo,,0,
NRBBEARING,NRBBEARING.NS,NRB Bearings Limited,Consumer Cyclical,Auto Parts,2026-06-12,41478027853.13721,UNKNOWN,Yahoo,,0,
NRL,NRL.NS,Nupur Recyclers Limited,Industrials,Waste Management,2026-06-12,5193988288.418152,UNKNOWN,Yahoo,,0,
NSIL,NSIL.NS,Nalwa Sons Investments Limited,Financial Services,Asset Management,2026-06-12,28305394293.0,UNKNOWN,Yahoo,,0,
NSLNISP,NSLNISP.NS,NMDC Steel Limited,Basic Materials,Steel,2026-06-12,137474719976.32504,UNKNOWN,Yahoo,,0,
NTPC,NTPC.NS,NTPC Limited,Utilities,Utilities - Regulated Electric,2026-06-12,3423892871099.1533,UNKNOWN,Yahoo,,0,
NTPCGREEN,NTPCGREEN.NS,NTPC GREEN ENERGY LIMITED,Utilities,Utilities - Renewable,2026-06-12,825021968749.9309,UNKNOWN,Yahoo,,0,
NUCLEUS,NUCLEUS.NS,Nucleus Software Exports Limited,Technology,Software - Application,2026-06-12,19616302408.607662,UNKNOWN,Yahoo,,0,
NURECA,NURECA.NS,Nureca Limited,Healthcare,Medical Devices,2026-06-12,2318149503.825928,UNKNOWN,Yahoo,,0,
NUVAMA,NUVAMA.NS,Nuvama Wealth Management Limited,Financial Services,Asset Management,2026-06-12,284991868224.0,UNKNOWN,Yahoo,,0,
NUVOCO,NUVOCO.NS,Nuvoco Vistas Corporation Limited,Basic Materials,Building Materials,2026-06-12,110075530714.41632,UNKNOWN,Yahoo,,0,
NXST,NXST.NS,"NXST.NS,0P0001QYGB,295316",,,2026-06-20,346366525869.2616,UNKNOWN,Yahoo,,0,
NYKAA,NYKAA.NS,FSN E-Commerce Ventures Limited,Consumer Cyclical,Internet Retail,2026-06-12,771227796787.0096,UNKNOWN,Yahoo,,0,
OAL,OAL.NS,Oriental Aromatics Limited,Basic Materials,Specialty Chemicals,2026-06-12,11011450478.010254,UNKNOWN,Yahoo,,0,
OBCL,OBCL.NS,OBCL Limited,Industrials,Trucking,2026-06-12,1260961698.852806,UNKNOWN,Yahoo,,0,
OBEROIRLTY,OBEROIRLTY.NS,Oberoi Realty Limited,Real Estate,Real Estate - Development,2026-06-12,583181636801.3077,UNKNOWN,Yahoo,,0,
OCCLLTD,OCCLLTD.NS,OCCL Limited,Basic Materials,Chemicals,2026-06-12,6443609340.0,UNKNOWN,Yahoo,,0,
ODIGMA,ODIGMA.NS,Odigma Consultancy Solutions Limited,Communication Services,Advertising Agencies,2026-06-12,656427450.0,UNKNOWN,Yahoo,,0,
OFSS,OFSS.NS,Oracle Financial Services Software Limited,Technology,Software - Infrastructure,2026-06-12,810394774332.0,UNKNOWN,Yahoo,,0,
OIL,OIL.NS,Oil India Limited,Energy,Oil & Gas Integrated,2026-06-12,680410019119.2478,UNKNOWN,Yahoo,,0,
OILCOUNTUB,OILCOUNTUB.NS,Oil Country Tubular Limited,Energy,Oil & Gas Equipment & Services,2026-06-12,2910893871.9627,UNKNOWN,Yahoo,,0,
OLAELEC,OLAELEC.NS,OLA ELECTRIC MOBILITY LTD,Consumer Cyclical,Auto Manufacturers,2026-06-12,204054676213.0144,UNKNOWN,Yahoo,,0,
OLECTRA,OLECTRA.NS,Olectra Greentech Limited,Industrials,Farm & Heavy Construction Machinery,2026-06-12,105916985028.72424,UNKNOWN,Yahoo,,0,
OLIL,OLIL.NS,"OLIL.NS,0P0001RNW4,3600",,,2026-06-20,1531434853.9916992,UNKNOWN,Yahoo,,0,
OMAXAUTO,OMAXAUTO.NS,Omax Autos Limited,Consumer Cyclical,Auto Parts,2026-06-12,4823198324.466644,UNKNOWN,Yahoo,,0,
OMAXE,OMAXE.NS,Omaxe Limited,Real Estate,Real Estate - Development,2026-06-12,14022004303.165802,UNKNOWN,Yahoo,,0,
OMFREIGHT,OMFREIGHT.NS,OM FREIGHT FORWARDERS LTD,Industrials,Integrated Freight & Logistics,2026-06-12,2760712848.2062225,UNKNOWN,Yahoo,,0,
OMFURN,OMFURN.NS,"OMFURN.NS,0P0001BSSG,26400",,,2026-06-20,645237111.0168457,UNKNOWN,Yahoo,,0,
OMINFRAL,OMINFRAL.NS,Om Infra Limited,Industrials,Engineering & Construction,2026-06-12,7831425718.49041,UNKNOWN,Yahoo,,0,
OMNI,OMNI.NS,OMNITECH ENGINEERING LTD,Industrials,Specialty Industrial Machinery,2026-06-12,57826231706.797485,UNKNOWN,Yahoo,,0,
OMPOWER,OMPOWER.NS,OM POWER TRANSMISSION LTD,Industrials,Engineering & Construction,2026-06-12,0.0,NO_MARKET_CAP,Yahoo,2026-08-04T07:12:36.340930+00:00,3,No market cap returned.
ONDOOR,ONDOOR.NS,"ONDOOR.NS,0P0001RR1T,7200",,,2026-06-20,1074083537.3236084,UNKNOWN,Yahoo,,0,
ONELIFECAP,ONELIFECAP.NS,Onelife Capital Advisors Limited,Financial Services,Capital Markets,2026-06-12,956416014.251709,UNKNOWN,Yahoo,,0,
ONEPOINT,ONEPOINT.NS,One Point One Solutions Limited,Industrials,Specialty Business Services,2026-06-12,14867838698.984451,UNKNOWN,Yahoo,,0,
ONESOURCE,ONESOURCE.NS,ONESOURCE SPECL PHARMA L,Healthcare,Biotechnology,2026-06-12,183674034983.13025,UNKNOWN,Yahoo,,0,
ONGC,ONGC.NS,Oil and Natural Gas Corporation Limited,Energy,Oil & Gas Integrated,2026-06-12,3094748684676.0,UNKNOWN,Yahoo,,0,
ONMOBILE,ONMOBILE.NS,OnMobile Global Limited,Communication Services,Telecom Services,2026-06-12,5231010550.316753,UNKNOWN,Yahoo,,0,
ONWARDTEC,ONWARDTEC.NS,Onward Technologies Limited,Technology,Information Technology Services,2026-06-12,5473362395.219513,UNKNOWN,Yahoo,,0,
OPTIEMUS,OPTIEMUS.NS,Optiemus Infracom Limited,Technology,Electronics & Computer Distribution,2026-06-12,37382322034.5,UNKNOWN,Yahoo,,0,
ORBTEXP,ORBTEXP.NS,Orbit Exports Limited,Consumer Cyclical,Textile Manufacturing,2026-06-12,4963417909.802246,UNKNOWN,Yahoo,,0,
ORCHASP,ORCHASP.NS,Orchasp Limited,Technology,Software - Application,2026-06-12,678993730.575079,UNKNOWN,Yahoo,,0,
ORCHPHARMA,ORCHPHARMA.NS,Orchid Pharma Limited,Healthcare,Drug Manufacturers - Specialty & Generic,2026-06-12,46073236220.2594,UNKNOWN,Yahoo,,0,
ORIANA,ORIANA.NS,"ORIANA.NS,0P0001RF21,151050",,,2026-06-20,33655623606.427,UNKNOWN,Yahoo,,0,
ORICONENT,ORICONENT.NS,Oricon Enterprises Limited,Consumer Cyclical,Packaging & Containers,2026-06-12,8967494425.699554,UNKNOWN,Yahoo,,0,
ORIENTALTL,ORIENTALTL.NS,Oriental Trimex Limited,Industrials,Building Products & Equipment,2026-06-12,464565927.4183583,UNKNOWN,Yahoo,,0,
ORIENTBELL,ORIENTBELL.NS,Orient Bell Limited,Industrials,Building Products & Equipment,2026-06-12,4633799940.0,UNKNOWN,Yahoo,,0,
ORIENTCEM,ORIENTCEM.NS,Orient Cement Limited,Basic Materials,Building Materials,2026-06-12,27252197429.317245,UNKNOWN,Yahoo,,0,
ORIENTCER,ORIENTCER.NS,Orient Ceratech Limited,Basic Materials,Specialty Chemicals,2026-06-12,4582181268.722534,UNKNOWN,Yahoo,,0,
ORIENTELEC,ORIENTELEC.NS,Orient Electric Limited,Consumer Cyclical,"Furnishings, Fixtures & Appliances",2026-06-12,37494780823.55298,UNKNOWN,Yahoo,,0,
ORIENTHOT,ORIENTHOT.NS,Oriental Hotels Limited,Consumer Cyclical,Lodging,2026-06-12,19222629252.8627,UNKNOWN,Yahoo,,0,
ORIENTLTD,ORIENTLTD.NS,Orient Press Limited,Consumer Cyclical,Packaging & Containers,2026-06-12,593499984.7412109,UNKNOWN,Yahoo,,0,
ORIENTPPR,ORIENTPPR.NS,Orient Paper & Industries Limited,Basic Materials,Paper & Paper Products,2026-06-12,3634737471.18684,UNKNOWN,Yahoo,,0,
ORIENTTECH,ORIENTTECH.NS,ORIENT TECHNOLOGIES LTD,Technology,Information Technology Services,2026-06-12,11467511350.177124,UNKNOWN,Yahoo,,0,
ORISSAMINE,ORISSAMINE.NS,The Orissa Minerals Development Company Limited,Basic Materials,Steel,2026-06-12,23866800292.96875,UNKNOWN,Yahoo,,0,
ORKLAINDIA,ORKLAINDIA.NS,ORKLA INDIA LIMITED,Consumer Defensive,Packaged Foods,2026-06-12,82796294560.86365,UNKNOWN,Yahoo,,0,
ORTEL,ORTEL.NS,Ortel Communications Limited,Communication Services,Entertainment,2026-06-12,53422578.15724611,UNKNOWN,Yahoo,,0,
ORTINGLOBE,ORTINGLOBE.NS,Ortin Global Limited,Healthcare,Drug Manufacturers - Specialty & Generic,2026-06-12,142624623.12451172,UNKNOWN,Yahoo,,0,
OSIAHYPER,OSIAHYPER.NS,Osia Hyper Retail Limited,Consumer Cyclical,Department Stores,2026-06-12,488784487.70849705,UNKNOWN,Yahoo,,0,
OSWALAGRO,OSWALAGRO.NS,Oswal Agro Mills Limited,Real Estate,Real Estate - Development,2026-06-12,5784173606.332588,UNKNOWN,Yahoo,,0,
OSWALGREEN,OSWALGREEN.NS,Oswal Greentech Limited,Financial Services,Asset Management,2026-06-12,5955404557.550888,UNKNOWN,Yahoo,,0,
OSWALPUMPS,OSWALPUMPS.NS,OSWAL PUMPS LIMITED,Industrials,Electrical Equipment & Parts,2026-06-12,44957831827.78067,UNKNOWN,Yahoo,,0,
OSWALSEEDS,OSWALSEEDS.NS,ShreeOswal Seeds and Chemicals Limited,Basic Materials,Agricultural Inputs,2026-06-12,997022965.106964,UNKNOWN,Yahoo,,0,
OWAIS,OWAIS.NS,"OWAIS.NS,0P0001SGEH,83200",,,2026-06-20,2182796935.388275,UNKNOWN,Yahoo,,0,
PACEDIGITK,PACEDIGITK.NS,Pace Digitek Limited,Technology,Communication Equipment,2026-06-12,40834752460.91766,UNKNOWN,Yahoo,,0,
PAGEIND,PAGEIND.NS,Page Industries Limited,Consumer Cyclical,Apparel Manufacturing,2026-06-12,429089532780.0,UNKNOWN,Yahoo,,0,
PAISALO,PAISALO.NS,Paisalo Digital Limited,Financial Services,Credit Services,2026-06-12,54198408610.44202,UNKNOWN,Yahoo,,0,
PAKKA,PAKKA.NS,Pakka Limited,Basic Materials,Paper & Paper Products,2026-06-12,3765303117.169952,UNKNOWN,Yahoo,,0,
PALASHSECU,PALASHSECU.NS,Palash Securities Limited,Consumer Defensive,Packaged Foods,2026-06-12,950394742.3889312,UNKNOWN,Yahoo,,0,
PALREDTEC,PALREDTEC.NS,Palred Technologies Limited,Technology,Consumer Electronics,2026-06-12,538232904.0,UNKNOWN,Yahoo,,0,
PANACEABIO,PANACEABIO.NS,Panacea Biotec Limited,Healthcare,Biotechnology,2026-06-12,32413895530.88977,UNKNOWN,Yahoo,,0,
PANACHE,PANACHE.NS,Panache Digilife Limited,Technology,Communication Equipment,2026-06-12,5558981214.111328,UNKNOWN,Yahoo,,0,
PANAMAPET,PANAMAPET.NS,Panama Petrochem Limited,Energy,Oil & Gas Refining & Marketing,2026-06-12,22715346049.0,UNKNOWN,Yahoo,,0,
PANSARI,PANSARI.NS,Pansari Developers Limited,Real Estate,Real Estate - Development,2026-06-12,4804848613.513184,UNKNOWN,Yahoo,,0,
PAR,PAR.NS,Par Drugs and Chemicals Limited,Healthcare,Drug Manufacturers - Specialty & Generic,2026-06-12,1093759086.5298462,UNKNOWN,Yahoo,,0,
PARACABLES,PARACABLES.NS,Paramount Communications Limited,Technology,Communication Equipment,2026-06-12,19576157283.67472,UNKNOWN,Yahoo,,0,
PARADEEP,PARADEEP.NS,Paradeep Phosphates Limited,Basic Materials,Agricultural Inputs,2026-06-12,129916667499.51096,UNKNOWN,Yahoo,,0,
PARAGMILK,PARAGMILK.NS,Parag Milk Foods Limited,Consumer Defensive,Packaged Foods,2026-06-12,29782640019.735947,UNKNOWN,Yahoo,,0,
PARAGON,PARAGON.NS,"PARAGON.NS,0P0001RS55,24000",,,2026-06-20,984169785.0723268,UNKNOWN,Yahoo,,0,
PARAS,PARAS.NS,Paras Defence and Space Technologies Limited,Industrials,Aerospace & Defense,2026-06-12,84620729801.42822,UNKNOWN,Yahoo,,0,
PARASPETRO,PARASPETRO.NS,Paras Petrofils Limited,Consumer Cyclical,Textile Manufacturing,2026-06-12,635019892.0315504,UNKNOWN,Yahoo,,0,
PARIN,PARIN.NS,Parin Enterprises Limited,,,2026-06-20,7933248764.282227,UNKNOWN,Yahoo,,0,
PARKHOSPS,PARKHOSPS.NS,PARK MEDI WORLD LIMITED,Healthcare,Medical Care Facilities,2026-06-12,118003517590.59357,UNKNOWN,Yahoo,,0,
PARKHOTELS,PARKHOTELS.NS,PARKHOTELS,Consumer Cyclical,Lodging,2026-06-12,24448421497.37992,UNKNOWN,Yahoo,,0,
PARSVNATH,PARSVNATH.NS,Parsvnath Developers Limited,Real Estate,Real Estate - Development,2026-06-12,1444801455.348523,UNKNOWN,Yahoo,,0,
PARTYCRUS,PARTYCRUS.NS,"PARTYCRUS.NS,0P0001LVO6,8000",,,2026-06-20,1132981495.0,UNKNOWN,Yahoo,,0,
PASHUPATI,PASHUPATI.NS,Pashupati Cotspin Limited,Consumer Cyclical,Textile Manufacturing,2026-06-12,13970418737.182615,UNKNOWN,Yahoo,,0,
PASUPTAC,PASUPTAC.NS,Pasupati Acrylon Limited,Consumer Cyclical,Textile Manufacturing,2026-06-12,5962114409.28746,UNKNOWN,Yahoo,,0,
PATANJALI,PATANJALI.NS,Patanjali Foods Limited,Consumer Defensive,Packaged Foods,2026-06-12,463436751348.0,UNKNOWN,Yahoo,,0,
PATELENG,PATELENG.NS,Patel Engineering Limited,Industrials,Engineering & Construction,2026-06-12,25977298087.043568,UNKNOWN,Yahoo,,0,
PATELRMART,PATELRMART.NS,PATEL RETAIL LIMITED,Consumer Cyclical,Department Stores,2026-06-12,7286659310.796387,UNKNOWN,Yahoo,,0,
PATINTLOG,PATINTLOG.NS,Patel Integrated Logistics Limited,Industrials,Integrated Freight & Logistics,2026-06-12,922011134.5,UNKNOWN,Yahoo,,0,
PATTECH,PATTECH.NS,"PATTECH.NS,0P0001QRL8,0",,,2026-06-20,890912915.113472,UNKNOWN,Yahoo,,0,
PAUSHAKLTD,PAUSHAKLTD.NS,Paushak Limited,Basic Materials,Specialty Chemicals,2026-06-12,11340946975.387695,UNKNOWN,Yahoo,,0,
PAVNAIND,PAVNAIND.NS,Pavna Industries Limited,Consumer Cyclical,Auto Parts,2026-06-12,2321779114.8376465,UNKNOWN,Yahoo,,0,
PAYTM,PAYTM.NS,One97 Communications Limited,Technology,Software - Infrastructure,2026-06-12,674402903452.7446,UNKNOWN,Yahoo,,0,
PCBL,PCBL.NS,PCBL Chemical Limited,Basic Materials,Specialty Chemicals,2026-06-12,112294224780.09483,UNKNOWN,Yahoo,,0,
PCCL,PCCL.NS,"PCCL.NS,0P0001T8EA,262400",,,2026-06-20,5994689924.621582,UNKNOWN,Yahoo,,0,
PCJEWELLER,PCJEWELLER.NS,PC Jeweller Limited,Consumer Cyclical,Luxury Goods,2026-06-12,86132443052.56747,UNKNOWN,Yahoo,,0,
PDMJEPAPER,PDMJEPAPER.NS,Pudumjee Paper Products Limited,Basic Materials,Paper & Paper Products,2026-06-12,7652020152.282715,UNKNOWN,Yahoo,,0,
PDSL,PDSL.NS,PDS Limited,Industrials,Specialty Business Services,2026-06-12,43222947028.269165,UNKNOWN,Yahoo,,0,
PEARLPOLY,PEARLPOLY.NS,Pearl Polymers Limited,Consumer Cyclical,Packaging & Containers,2026-06-12,305554009.3779831,UNKNOWN,Yahoo,,0,
PENIND,PENIND.NS,Pennar Industries Limited,Industrials,Specialty Industrial Machinery,2026-06-12,20811407909.54929,UNKNOWN,Yahoo,,0,
PENINLAND,PENINLAND.NS,Peninsula Land Limited,Real Estate,Real Estate - Development,2026-06-12,4975923300.0,UNKNOWN,Yahoo,,0,
PENTAGON,PENTAGON.NS,"PENTAGON.NS,0P0001R7I3,8000",,,2026-06-20,454504505.8822632,UNKNOWN,Yahoo,,0,
PERSISTENT,PERSISTENT.NS,Persistent Systems Limited,Technology,Information Technology Services,2026-06-12,753267978646.0,UNKNOWN,Yahoo,,0,
PETRONET,PETRONET.NS,Petronet LNG Limited,Energy,Oil & Gas Refining & Marketing,2026-06-12,403200005343.85205,UNKNOWN,Yahoo,,0,
PFC,PFC.NS,Power Finance Corporation Limited,Financial Services,Credit Services,2026-06-12,1375317408480.0,UNKNOWN,Yahoo,,0,
PFIZER,PFIZER.NS,Pfizer Limited,Healthcare,Drug Manufacturers - General,2026-06-12,206322271320.0,UNKNOWN,Yahoo,,0,
PFOCUS,PFOCUS.NS,Prime Focus Limited,Communication Services,Entertainment,2026-06-12,181116188933.5296,UNKNOWN,Yahoo,,0,
PFS,PFS.NS,PTC India Financial Services Limited,Financial Services,Credit Services,2026-06-12,19589641717.5,UNKNOWN,Yahoo,,0,
PGEL,PGEL.NS,PG Electroplast Limited,Technology,Electronic Components,2026-06-12,138115037638.74133,UNKNOWN,Yahoo,,0,
PGHH,PGHH.NS,Procter & Gamble Hygiene and Health Care Limited,Consumer Defensive,Household & Personal Products,2026-06-12,291416257440.0,UNKNOWN,Yahoo,,0,
PGHL,PGHL.NS,Procter & Gamble Health Limited,Healthcare,Drug Manufacturers - Specialty & Generic,2026-06-12,104584406291.0,UNKNOWN,Yahoo,,0,
PGIL,PGIL.NS,Pearl Global Industries Limited,Consumer Cyclical,Apparel Manufacturing,2026-06-12,75210834534.5,UNKNOWN,Yahoo,,0,
PGINVIT,PGINVIT.NS,"PGINVIT.NS,0P0001MGQ9,2267108",,,2026-06-20,85439824332.58057,UNKNOWN,Yahoo,,0,
PHANTOMFX,PHANTOMFX.NS,"PHANTOMFX.NS,0P0001PVBM,96600",,,2026-06-20,2385186397.1191406,UNKNOWN,Yahoo,,0,
PHOENIXLTD,PHOENIXLTD.NS,The Phoenix Mills Limited,Real Estate,Real Estate - Diversified,2026-06-12,623331592608.9569,UNKNOWN,Yahoo,,0,
PICCADIL,PICCADIL.NS,Piccadily Agro Industries Limited,Consumer Defensive,Beverages - Wineries & Distilleries,2026-06-12,57037194974.87988,UNKNOWN,Yahoo,,0,
PIDILITIND,PIDILITIND.NS,Pidilite Industries Limited,Basic Materials,Specialty Chemicals,2026-06-12,1561674518819.231,UNKNOWN,Yahoo,,0,
PIGL,PIGL.NS,Power & Instrumental (Gujarat) Limited,Industrials,Engineering & Construction,2026-06-12,2131708165.397644,UNKNOWN,Yahoo,,0,
PIIND,PIIND.NS,PI Industries Limited,Basic Materials,Agricultural Inputs,2026-06-12,429623547360.0,UNKNOWN,Yahoo,,0,
PILANIINVS,PILANIINVS.NS,Pilani Investment and Industries Corporation Limited,Financial Services,Asset Management,2026-06-12,47154496137.45117,UNKNOWN,Yahoo,,0,
PILITA,PILITA.NS,Pil Italica Lifestyle Limited,Consumer Cyclical,"Furnishings, Fixtures & Appliances",2026-06-12,1903500089.6453853,UNKNOWN,Yahoo,,0,
PINELABS,PINELABS.NS,PINE LABS LIMITED,Technology,Software - Infrastructure,2026-06-12,173860530446.6837,UNKNOWN,Yahoo,,0,
PIONEEREMB,PIONEEREMB.NS,Pioneer Embroideries Limited,Consumer Cyclical,Textile Manufacturing,2026-06-12,758059884.9551582,UNKNOWN,Yahoo,,0,
PIONRINV,PIONRINV.NS,Pioneer Investcorp Limited,,,2026-06-20,0.0,NO_MARKET_CAP,Yahoo,2026-08-04T07:12:36.423375+00:00,3,No market cap returned.
PIRAMALFIN,PIRAMALFIN.NS,PIRAMAL FINANCE LIMITED,Financial Services,Credit Services,2026-06-12,456620355987.6984,UNKNOWN,Yahoo,,0,
PITTIENG,PITTIENG.NS,Pitti Engineering Limited,Industrials,Metal Fabrication,2026-06-12,36007359865.20532,UNKNOWN,Yahoo,,0,
PIXTRANS,PIXTRANS.NS,PIX Transmissions Limited,Industrials,Specialty Industrial Machinery,2026-06-12,22108249187.35352,UNKNOWN,Yahoo,,0,
PKTEA,PKTEA.NS,The Peria Karamalai Tea and Produce Company Limited,Consumer Defensive,Farm Products,2026-06-12,2365251556.0,UNKNOWN,Yahoo,,0,
PLADAINFO,PLADAINFO.NS,"PLADAINFO.NS,0P0001RO8X,3000",,,2026-06-20,98172298.36463928,UNKNOWN,Yahoo,,0,
PLASTIBLEN,PLASTIBLEN.NS,Plastiblends India Limited,Basic Materials,Specialty Chemicals,2026-06-12,4526279167.175293,UNKNOWN,Yahoo,,0,
PLATIND,PLATIND.NS,Platinum Industries Limited,Basic Materials,Specialty Chemicals,2026-06-12,12361787159.46643,UNKNOWN,Yahoo,,0,
PLAZACABLE,PLAZACABLE.NS,Plaza Wires Limited,Industrials,Electrical Equipment & Parts,2026-06-12,2055035157.0682983,UNKNOWN,Yahoo,,0,
PML,PML.NS,Paul Merchants Limited,,,2026-06-20,0.0,NO_MARKET_CAP,Yahoo,2026-08-04T07:12:36.552689+00:00,3,No market cap returned.
PNB,PNB.NS,Punjab National Bank,Financial Services,Banks - Regional,2026-06-12,1215263796606.7444,UNKNOWN,Yahoo,,0,
PNBHOUSING,PNBHOUSING.NS,PNB Housing Finance Limited,Financial Services,Mortgage Finance,2026-06-12,255065413451.37067,UNKNOWN,Yahoo,,0,
PNC,PNC.NS,Pritish Nandy Communications Ltd,Communication Services,Entertainment,2026-06-12,297441512.27378845,UNKNOWN,Yahoo,,0,
PNCINFRA,PNCINFRA.NS,PNC Infratech Limited,Industrials,Engineering & Construction,2026-06-12,50794754670.0,UNKNOWN,Yahoo,,0,
PNGJL,PNGJL.NS,P N GADGIL JEWELLERS LTD,Consumer Cyclical,Luxury Goods,2026-06-12,72583598591.85828,UNKNOWN,Yahoo,,0,
PNGSREVA,PNGSREVA.NS,PNGS REVA DIAMOND JEWEL L,Consumer Cyclical,Luxury Goods,2026-06-12,11883729966.52832,UNKNOWN,Yahoo,,0,
POCL,POCL.NS,Pondy Oxides And Chemicals Limited,Basic Materials,Specialty Chemicals,2026-06-12,37833985960.0,UNKNOWN,Yahoo,,0,
PODDARMENT,PODDARMENT.NS,Poddar Pigments Limited,Basic Materials,Specialty Chemicals,2026-06-12,2774515000.0,UNKNOWN,Yahoo,,0,
POKARNA,POKARNA.NS,Pokarna Limited,Industrials,Building Products & Equipment,2026-06-12,25829431643.066406,UNKNOWN,Yahoo,,0,
POLICYBZR,POLICYBZR.NS,PB Fintech Limited,Financial Services,Insurance Brokers,2026-06-12,696389682853.7554,UNKNOWN,Yahoo,,0,
POLYCAB,POLYCAB.NS,Polycab India Limited,Industrials,Electrical Equipment & Parts,2026-06-12,1428950146682.0,UNKNOWN,Yahoo,,0,
POLYMED,POLYMED.NS,Poly Medicure Limited,Healthcare,Medical Instruments & Supplies,2026-06-12,154248835440.0,UNKNOWN,Yahoo,,0,
POLYPLEX,POLYPLEX.NS,Polyplex Corporation Limited,Basic Materials,Specialty Chemicals,2026-06-12,28206127107.0,UNKNOWN,Yahoo,,0,
POLYSIL,POLYSIL.NS,"POLYSIL.NS,0P0001SDK5,4000",,,2026-06-20,1513468425.88974,UNKNOWN,Yahoo,,0,
PONNIERODE,PONNIERODE.NS,Ponni Sugars (Erode) Limited,Consumer Defensive,Confectioners,2026-06-12,2690444939.7194214,UNKNOWN,Yahoo,,0,
POONAWALLA,POONAWALLA.NS,Poonawalla Fincorp Limited,Financial Services,Credit Services,2026-06-12,338438721521.5,UNKNOWN,Yahoo,,0,
POWERGRID,POWERGRID.NS,Power Grid Corporation of India Limited,Utilities,Utilities - Regulated Electric,2026-06-12,2641836401254.1885,UNKNOWN,Yahoo,,0,
POWERICA,POWERICA.NS,POWERICA LIMITED,Industrials,Specialty Industrial Machinery,2026-06-12,57625397964.36136,UNKNOWN,Yahoo,,0,
POWERINDIA,POWERINDIA.NS,Hitachi Energy India Limited,Industrials,Electrical Equipment & Parts,2026-06-12,1518803269225.0,UNKNOWN,Yahoo,,0,
POWERMECH,POWERMECH.NS,Power Mech Projects Limited,Industrials,Engineering & Construction,2026-06-12,88364371423.27148,UNKNOWN,Yahoo,,0,
PPAP,PPAP.NS,PPAP Automotive Limited,Consumer Cyclical,Auto Parts,2026-06-12,3572765144.1217804,UNKNOWN,Yahoo,,0,
PPL,PPL.NS,Prakash Pipes Limited,Industrials,Building Products & Equipment,2026-06-12,5798508587.929031,UNKNOWN,Yahoo,,0,
PPLPHARMA,PPLPHARMA.NS,Piramal Pharma Limited,Healthcare,Drug Manufacturers - Specialty & Generic,2026-06-12,217005341884.70657,UNKNOWN,Yahoo,,0,
PRABHA,PRABHA.NS,Prabha Energy Limited,Energy,Oil & Gas E&P,2026-06-12,23161432744.00652,UNKNOWN,Yahoo,,0,
PRADPME,PRADPME.NS,Pradeep Metals Limited,,,2026-06-20,0.0,NO_MARKET_CAP,Yahoo,2026-08-04T07:12:36.679178+00:00,3,No market cap returned.
PRAENG,PRAENG.NS,Prajay Engineers Syndicate Limited,Real Estate,Real Estate - Development,2026-06-12,1416199767.75,UNKNOWN,Yahoo,,0,
PRAJIND,PRAJIND.NS,Praj Industries Limited,Industrials,Engineering & Construction,2026-06-12,59739253600.0,UNKNOWN,Yahoo,,0,
PRAKASH,PRAKASH.NS,Prakash Industries Limited,Basic Materials,Steel,2026-06-12,24897747857.56424,UNKNOWN,Yahoo,,0,
PRAKASHSTL,PRAKASHSTL.NS,Prakash Steelage Limited,Basic Materials,Steel,2026-06-12,761251679.8106623,UNKNOWN,Yahoo,,0,
PRAMARA,PRAMARA.NS,"PRAMARA.NS,0P0001RJQ5,2000",,,2026-06-20,1462456727.8813477,UNKNOWN,Yahoo,,0,
PRATHAM,PRATHAM.NS,"PRATHAM.NS,0P0001SJR2,56000",,,2026-06-20,1935840000.0,UNKNOWN,Yahoo,,0,
PRAVEG,PRAVEG.NS,Praveg Limited,,,2026-06-20,0.0,NO_MARKET_CAP,Yahoo,2026-08-04T07:12:36.766698+00:00,3,No market cap returned.
PRAXIS,PRAXIS.NS,Praxis Home Retail Limited,Consumer Cyclical,Specialty Retail,2026-06-12,1337847876.5591335,UNKNOWN,Yahoo,,0,
PRECAM,PRECAM.NS,Precision Camshafts Limited,Consumer Cyclical,Auto Parts,2026-06-12,13556378487.149506,UNKNOWN,Yahoo,,0,
PRECISION,PRECISION.NS,"PRECISION.NS,0P0001OAQX,6000",,,2026-06-20,158417557.58954716,UNKNOWN,Yahoo,,0,
PRECOT,PRECOT.NS,Precot Limited,Consumer Cyclical,Textile Manufacturing,2026-06-12,8364000000.0,UNKNOWN,Yahoo,,0,
PRECWIRE,PRECWIRE.NS,Precision Wires India Limited,Industrials,Electrical Equipment & Parts,2026-06-12,71185424349.22867,UNKNOWN,Yahoo,,0,
PREMCO,PREMCO.NS,Premco Global Limited,,,2026-06-20,0.0,NO_MARKET_CAP,Yahoo,2026-08-04T07:12:36.854159+00:00,3,No market cap returned.
PREMEXPLN,PREMEXPLN.NS,Premier Explosives Limited,Basic Materials,Specialty Chemicals,2026-06-12,36471026055.21057,UNKNOWN,Yahoo,,0,
PREMIER,PREMIER.NS,Premier Limited,Industrials,Specialty Industrial Machinery,2026-06-12,94154968.89251377,UNKNOWN,Yahoo,,0,
PREMIERENE,PREMIERENE.NS,PREMIER ENERGIES LIMITED,Technology,Solar,2026-06-12,473184404365.5,UNKNOWN,Yahoo,,0,
PREMIERPOL,PREMIERPOL.NS,Premier Polyfilm Ltd.,Basic Materials,Specialty Chemicals,2026-06-12,5827871245.070267,UNKNOWN,Yahoo,,0,
PRESSTONIC,PRESSTONIC.NS,"PRESSTONIC.NS,0P0001S1YY,16000",,,2026-06-20,264084889.66186905,UNKNOWN,Yahoo,,0,
PRESTIGE,PRESTIGE.NS,Prestige Estates Projects Limited,Real Estate,Real Estate - Diversified,2026-06-12,583208734128.0,UNKNOWN,Yahoo,,0,
PRICOLLTD,PRICOLLTD.NS,Pricol Limited,Consumer Cyclical,Auto Parts,2026-06-12,67369998019.5,UNKNOWN,Yahoo,,0,
PRIMESECU,PRIMESECU.NS,Prime Securities Limited,Financial Services,Capital Markets,2026-06-12,9653117543.75,UNKNOWN,Yahoo,,0,
PRIMO,PRIMO.NS,Primo Chemicals Limited,Basic Materials,Chemicals,2026-06-12,5913174475.553398,UNKNOWN,Yahoo,,0,
PRINCEPIPE,PRINCEPIPE.NS,Prince Pipes and Fittings Limited,Industrials,Building Products & Equipment,2026-06-12,30376944875.48096,UNKNOWN,Yahoo,,0,
PRITI,PRITI.NS,Priti International Limited,Consumer Cyclical,"Furnishings, Fixtures & Appliances",2026-06-12,508094158.2622185,UNKNOWN,Yahoo,,0,
PRITIKA,PRITIKA.NS,"PRITIKA.NS,0P0001Q4PU,66000",,,2026-06-20,1643859580.2701569,UNKNOWN,Yahoo,,0,
PRITIKAUTO,PRITIKAUTO.NS,Pritika Auto Industries Limited,Industrials,Specialty Industrial Machinery,2026-06-12,2406108006.390229,UNKNOWN,Yahoo,,0,
PRIVISCL,PRIVISCL.NS,Privi Speciality Chemicals Limited,Basic Materials,Specialty Chemicals,2026-06-12,133848362109.0,UNKNOWN,Yahoo,,0,
PRIZOR,PRIZOR.NS,"PRIZOR.NS,0P0001TBGW,1345600",,,2026-06-20,9333420219.0,UNKNOWN,Yahoo,,0,
PRLIND,PRLIND.NS,"PRLIND.NS,0P0001SWTI,190000",,,2026-06-20,1120264803.0,UNKNOWN,Yahoo,,0,
PROLIFE,PROLIFE.NS,"PROLIFE.NS,0P00019KBP,1000",,,2026-06-20,268366956.49414065,UNKNOWN,Yahoo,,0,
PROPEQUITY,PROPEQUITY.NS,"PROPEQUITY.NS,0P0001OP2B,104400",,,2026-06-20,2515704960.0,UNKNOWN,Yahoo,,0,
PROSTARM,PROSTARM.NS,PROSTARM INFO SYSTEMS LTD,Industrials,Electrical Equipment & Parts,2026-06-12,8195343026.729004,UNKNOWN,Yahoo,,0,
PROTEAN,PROTEAN.NS,Protean eGov Technologies Limited,Technology,Information Technology Services,2026-06-12,24721374314.76941,UNKNOWN,Yahoo,,0,
PROV,PROV.NS,"PROV.NS,0P0001R1DH,2720",,,2026-06-20,5407858179.0,UNKNOWN,Yahoo,,0,
PROZONER,PROZONER.NS,Prozone Realty Limited,Real Estate,Real Estate - Diversified,2026-06-12,7210486221.75,UNKNOWN,Yahoo,,0,
PRSMJOHNSN,PRSMJOHNSN.NS,Prism Johnson Limited,Basic Materials,Building Materials,2026-06-12,59365876274.0979,UNKNOWN,Yahoo,,0,
PRUDENT,PRUDENT.NS,Prudent Corporate Advisory Services Limited,Financial Services,Asset Management,2026-06-12,119242959085.81056,UNKNOWN,Yahoo,,0,
PRUDMOULI,PRUDMOULI.NS,Prudential Sugar Corporation Ltd.,Consumer Defensive,Confectioners,2026-06-12,483134945.23620605,UNKNOWN,Yahoo,,0,
PSB,PSB.NS,Punjab & Sind Bank,Financial Services,Banks - Regional,2026-06-12,167881545222.49963,UNKNOWN,Yahoo,,0,
PSPPROJECT,PSPPROJECT.NS,PSP Projects Limited,Industrials,Engineering & Construction,2026-06-12,35838160669.64142,UNKNOWN,Yahoo,,0,
PTC,PTC.NS,PTC India Limited,Utilities,Utilities - Independent Power Producers,2026-06-12,55951494100.10399,UNKNOWN,Yahoo,,0,
PTCIL,PTCIL.NS,PTC Industries Limited,Industrials,Metal Fabrication,2026-06-12,276027819639.0,UNKNOWN,Yahoo,,0,
PTL,PTL.NS,PTL Enterprises Limited,Real Estate,Real Estate Services,2026-06-12,5344059348.60611,UNKNOWN,Yahoo,,0,
PULZ,PULZ.NS,"PULZ.NS,0P0001CA6N,10000",,,2026-06-20,517940000.0,UNKNOWN,Yahoo,,0,
PUNJABCHEM,PUNJABCHEM.NS,Punjab Chemicals and Crop Protection Limited,Basic Materials,Chemicals,2026-06-12,12236434710.869753,UNKNOWN,Yahoo,,0,
PURVA,PURVA.NS,Puravankara Limited,Real Estate,Real Estate - Development,2026-06-12,49184843428.95319,UNKNOWN,Yahoo,,0,
PURVFLEXI,PURVFLEXI.NS,"PURVFLEXI.NS,0P0001SGEG,9600",,,2026-06-20,1080611676.5,UNKNOWN,Yahoo,,0,
PVP,PVP.NS,PVP Ventures Limited,Industrials,Conglomerates,2026-06-12,8023037272.539431,UNKNOWN,Yahoo,,0,
PVRINOX,PVRINOX.NS,PVR INOX Limited,Communication Services,Entertainment,2026-06-12,92553464185.0,UNKNOWN,Yahoo,,0,
PVSL,PVSL.NS,Popular Vehicles and Services Limited,Consumer Cyclical,Auto & Truck Dealerships,2026-06-12,6691918477.92424,UNKNOWN,Yahoo,,0,
PWL,PWL.NS,Physicswallah Limited,Consumer Defensive,Education & Training Services,2026-06-12,304013902693.32886,UNKNOWN,Yahoo,,0,
PYRAMID,PYRAMID.NS,Pyramid Technoplast Limited,Consumer Cyclical,Packaging & Containers,2026-06-12,6118377839.302856,UNKNOWN,Yahoo,,0,
QFIL,QFIL.NS,"QFIL.NS,0P0001QLK0,0",,,2026-06-20,167244395.6451416,UNKNOWN,Yahoo,,0,
QMSMEDI,QMSMEDI.NS,"QMSMEDI.NS,0P0001PRY4,16000",Healthcare,Medical Instruments & Supplies,2026-06-20,1895806395.0,UNKNOWN,Yahoo,,0,
QUADFUTURE,QUADFUTURE.NS,QUADRANT FUTURE TEK LTD,Industrials,Railroads,2026-06-12,13568000488.28125,UNKNOWN,Yahoo,,0,
QUADPRO,QUADPRO.NS,"QUADPRO.NS,0P0001NC4E,12000",,,2026-06-20,113737500.0,UNKNOWN,Yahoo,,0,
QUESS,QUESS.NS,Quess Corp Limited,Industrials,Staffing & Employment Services,2026-06-12,36385552906.05202,UNKNOWN,Yahoo,,0,
QUESTLAB,QUESTLAB.NS,"QUESTLAB.NS,0P0001SXSM,36000",,,2026-06-20,1684604210.0097656,UNKNOWN,Yahoo,,0,
QUICKHEAL,QUICKHEAL.NS,Quick Heal Technologies Limited,Technology,Software - Application,2026-06-12,9113700288.0,UNKNOWN,Yahoo,,0,
QUICKTOUCH,QUICKTOUCH.NS,"QUICKTOUCH.NS,0P0001QU3P,31500",,,2026-06-20,301307898.0,UNKNOWN,Yahoo,,0,
QUINT,QUINT.NS,Quint Digital Limited,,,2026-06-20,0.0,NO_MARKET_CAP,Yahoo,2026-08-04T07:12:36.999919+00:00,3,No market cap returned.
RACE,RACE.NS,Race Eco Chain Limited,Industrials,Waste Management,2026-06-12,1890353703.7994385,UNKNOWN,Yahoo,,0,
RACLGEAR,RACLGEAR.NS,RACL Geartech Limited,Consumer Cyclical,Auto Parts,2026-06-12,14927649163.196411,UNKNOWN,Yahoo,,0,
RADAAN,RADAAN.NS,Radaan Mediaworks India Limited,Communication Services,Entertainment,2026-06-12,166817539.06780243,UNKNOWN,Yahoo,,0,
RADHIKAJWE,RADHIKAJWE.NS,Radhika Jeweltech Limited,Consumer Cyclical,Luxury Goods,2026-06-12,6577284001.489349,UNKNOWN,Yahoo,,0,
RADIANTCMS,RADIANTCMS.NS,Radiant Cash Management Services Limited,Industrials,Specialty Business Services,2026-06-12,4182949996.611672,UNKNOWN,Yahoo,,0,
RADICO,RADICO.NS,Radico Khaitan Limited,Consumer Defensive,Beverages - Wineries & Distilleries,2026-06-12,473916081975.0,UNKNOWN,Yahoo,,0,
RADIOCITY,RADIOCITY.NS,Music Broadcast Limited,Communication Services,Broadcasting,2026-06-12,2164280033.589134,UNKNOWN,Yahoo,,0,
RADIOWALLA,RADIOWALLA.NS,"RADIOWALLA.NS,0P0001SMQE,19200",,,2026-06-20,178672810.63868904,UNKNOWN,Yahoo,,0,
RAILTEL,RAILTEL.NS,RailTel Corporation of India Limited,Communication Services,Telecom Services,2026-06-12,97485041126.25,UNKNOWN,Yahoo,,0,
RAIN,RAIN.NS,Rain Industries Limited,Basic Materials,Specialty Chemicals,2026-06-12,66404724941.50067,UNKNOWN,Yahoo,,0,
RAINBOW,RAINBOW.NS,Rainbow Children's Medicare Limited,Healthcare,Medical Care Facilities,2026-06-12,137004979025.63538,UNKNOWN,Yahoo,,0,
RAJESHEXPO,RAJESHEXPO.NS,Rajesh Exports Limited,Consumer Cyclical,Luxury Goods,2026-06-12,22560814548.464264,UNKNOWN,Yahoo,,0,
RAJMET,RAJMET.NS,Rajnandini Metal Limited,Basic Materials,Copper,2026-06-12,1031270405.2734376,UNKNOWN,Yahoo,,0,
RAJOOENG,RAJOOENG.NS,Rajoo Engineers Limited,Industrials,Specialty Industrial Machinery,2026-06-12,9535900196.564198,UNKNOWN,Yahoo,,0,
RAJPALAYAM,RAJPALAYAM.NS,Rajapalayam Mills Limited,,,2026-06-20,0.0,NO_MARKET_CAP,Yahoo,2026-08-04T07:12:37.096121+00:00,3,No market cap returned.
RAJRATAN,RAJRATAN.NS,Rajratan Global Wire Limited,Basic Materials,Steel,2026-06-12,23253118000.0,UNKNOWN,Yahoo,,0,
RAJRILTD,RAJRILTD.NS,Raj Rayon Industries Limited,Consumer Cyclical,Textile Manufacturing,2026-06-12,11413831233.48207,UNKNOWN,Yahoo,,0,
RAJSREESUG,RAJSREESUG.NS,Rajshree Sugars & Chemicals Limited,Consumer Defensive,Confectioners,2026-06-12,1066966538.4804612,UNKNOWN,Yahoo,,0,
RAJTV,RAJTV.NS,Raj Television Network Limited,Communication Services,Broadcasting,2026-06-12,625555805.1016846,UNKNOWN,Yahoo,,0,
RALLIS,RALLIS.NS,Rallis India Limited,Basic Materials,Agricultural Inputs,2026-06-12,44130823783.36731,UNKNOWN,Yahoo,,0,
RAMANEWS,RAMANEWS.NS,Shree Rama Newsprint Limited,Consumer Defensive,Beverages - Non-Alcoholic,2026-06-12,4304234878.0103245,UNKNOWN,Yahoo,,0,
RAMAPHO,RAMAPHO.NS,Rama Phosphates Limited,Basic Materials,Agricultural Inputs,2026-06-12,4268664471.188278,UNKNOWN,Yahoo,,0,
RAMASTEEL,RAMASTEEL.NS,Rama Steel Tubes Limited,Basic Materials,Steel,2026-06-12,8507412783.949947,UNKNOWN,Yahoo,,0,
RAMCOCEM,RAMCOCEM.NS,The Ramco Cements Limited,Basic Materials,Building Materials,2026-06-12,203294143364.14307,UNKNOWN,Yahoo,,0,
RAMCOIND,RAMCOIND.NS,Ramco Industries Limited,Industrials,Building Products & Equipment,2026-06-12,24554451090.0,UNKNOWN,Yahoo,,0,
RAMCOSYS,RAMCOSYS.NS,Ramco Systems Limited,Technology,Software - Application,2026-06-12,21281927542.5,UNKNOWN,Yahoo,,0,
RAMKY,RAMKY.NS,Ramky Infrastructure Limited,Industrials,Engineering & Construction,2026-06-12,30166777831.1496,UNKNOWN,Yahoo,,0,
RAMRAT,RAMRAT.NS,Ram Ratna Wires Limited,Industrials,Electrical Equipment & Parts,2026-06-12,34912552928.0,UNKNOWN,Yahoo,,0,
RANASUG,RANASUG.NS,Rana Sugars Limited,Consumer Defensive,Confectioners,2026-06-12,1925740456.9418528,UNKNOWN,Yahoo,,0,
RANEHOLDIN,RANEHOLDIN.NS,Rane Holdings Limited,Consumer Cyclical,Auto Parts,2026-06-12,20557190095.358643,UNKNOWN,Yahoo,,0,
RATEGAIN,RATEGAIN.NS,RateGain Travel Technologies Limited,Technology,Software - Application,2026-06-12,92759914524.37347,UNKNOWN,Yahoo,,0,
RATNAMANI,RATNAMANI.NS,Ratnamani Metals & Tubes Limited,Basic Materials,Steel,2026-06-12,178517307955.07812,UNKNOWN,Yahoo,,0,
RATNAVEER,RATNAVEER.NS,Ratnaveer Precision Engineering Limited,Basic Materials,Steel,2026-06-12,11671119239.446136,UNKNOWN,Yahoo,,0,
RAYMOND,RAYMOND.NS,Raymond Limited,Industrials,Specialty Industrial Machinery,2026-06-12,38057434192.5592,UNKNOWN,Yahoo,,0,
RAYMONDLSL,RAYMONDLSL.NS,Raymond Lifestyle Limited,Consumer Cyclical,Apparel Manufacturing,2026-06-12,48075983060.19226,UNKNOWN,Yahoo,,0,
RAYMONDREL,RAYMONDREL.NS,Raymond Realty Limited,Real Estate,Real Estate - Development,2026-06-12,39365171436.5,UNKNOWN,Yahoo,,0,
RBA,RBA.NS,Restaurant Brands Asia Limited,Consumer Cyclical,Restaurants,2026-06-12,48961831529.18339,UNKNOWN,Yahoo,,0,
RBLBANK,RBLBANK.NS,RBL Bank Limited,Financial Services,Banks - Regional,2026-06-12,225810724737.83148,UNKNOWN,Yahoo,,0,
RBMINFRA,RBMINFRA.NS,"RBMINFRA.NS,0P0001Q9NO,69800",,,2026-06-20,2545805651.5197754,UNKNOWN,Yahoo,,0,
RBS,RBS.NS,"RBS.NS,0P0001SQ7F,28800",,,2026-06-20,2011798800.0,UNKNOWN,Yahoo,,0,
RBZJEWEL,RBZJEWEL.NS,RBZ Jewellers Limited,Consumer Cyclical,Luxury Goods,2026-06-12,5297199707.03125,UNKNOWN,Yahoo,,0,
RCDL,RCDL.NS,"RCDL.NS,0P0001RQEL,36000",,,2026-06-20,612245820.3231735,UNKNOWN,Yahoo,,0,
RCF,RCF.NS,Rashtriya Chemicals and Fertilizers Limited,Basic Materials,Agricultural Inputs,2026-06-12,69716826712.25662,UNKNOWN,Yahoo,,0,
RCOM,RCOM.NS,Reliance Communications Limited,Communication Services,Telecom Services,2026-06-12,2570922141.5427613,UNKNOWN,Yahoo,,0,
RECLTD,RECLTD.NS,REC Limited,Financial Services,Credit Services,2026-06-12,908725618471.9238,UNKNOWN,Yahoo,,0,
REDINGTON,REDINGTON.NS,Redington Limited,Technology,Information Technology Services,2026-06-12,182919578025.2793,UNKNOWN,Yahoo,,0,
REDTAPE,REDTAPE.NS,REDTAPE Limited,Consumer Cyclical,Footwear & Accessories,2026-06-12,73379683860.66284,UNKNOWN,Yahoo,,0,
REFEX,REFEX.NS,Refex Industries Limited,Energy,Thermal Coal,2026-06-12,44934791494.940186,UNKNOWN,Yahoo,,0,
REFRACTORY,REFRACTORY.NS,"REFRACTORY.NS,0P0001SUT7,24000",,,2026-06-20,697600000.0,UNKNOWN,Yahoo,,0,
REGAAL,REGAAL.NS,REGAAL RESOURCES LIMITED,Consumer Defensive,Packaged Foods,2026-06-12,8451058709.364166,UNKNOWN,Yahoo,,0,
REGENCERAM,REGENCERAM.NS,Regency Ceramics Limited,Industrials,Building Products & Equipment,2026-06-12,1079081160.9719925,UNKNOWN,Yahoo,,0,
RELAXO,RELAXO.NS,Relaxo Footwears Limited,Consumer Cyclical,Footwear & Accessories,2026-06-12,85385934998.0,UNKNOWN,Yahoo,,0,
RELCHEMQ,RELCHEMQ.NS,Reliance Chemotex Industries Limited,Consumer Cyclical,Textile Manufacturing,2026-06-12,980361498.12648,UNKNOWN,Yahoo,,0,
RELIABLE,RELIABLE.NS,Reliable Data Services Limited,Technology,Information Technology Services,2026-06-12,1485151237.7929688,UNKNOWN,Yahoo,,0,
RELIANCE,RELIANCE.NS,Reliance Industries Limited,Energy,Oil & Gas Refining & Marketing,2026-06-12,17274201318577.5,UNKNOWN,Yahoo,,0,
RELIGARE,RELIGARE.NS,Religare Enterprises Limited,Financial Services,Insurance - Life,2026-06-12,81094196703.57452,UNKNOWN,Yahoo,,0,
RELTD,RELTD.NS,Ravindra Energy Limited,Technology,Solar,2026-06-12,24458719840.0,UNKNOWN,Yahoo,,0,
REMSONSIND,REMSONSIND.NS,Remsons Industries Limited,Consumer Cyclical,Auto Parts,2026-06-12,3104929871.725807,UNKNOWN,Yahoo,,0,
REMUS,REMUS.NS,"REMUS.NS,0P0001R0B2,5700",,,2026-06-20,9426610943.847656,UNKNOWN,Yahoo,,0,
RENUKA,RENUKA.NS,Shree Renuka Sugars Limited,Consumer Defensive,Confectioners,2026-06-12,47252474584.50882,UNKNOWN,Yahoo,,0,
REPCOHOME,REPCOHOME.NS,Repco Home Finance Limited,Financial Services,Mortgage Finance,2026-06-12,23835878922.0,UNKNOWN,Yahoo,,0,
REPL,REPL.NS,Rudrabhishek Enterprises Limited,Industrials,Consulting Services,2026-06-12,1266762777.6527405,UNKNOWN,Yahoo,,0,
REPRO,REPRO.NS,Repro India Limited,Industrials,Specialty Business Services,2026-06-12,5078966743.786011,UNKNOWN,Yahoo,,0,
RESPONIND,RESPONIND.NS,Responsive Industries Limited,Basic Materials,Specialty Chemicals,2026-06-12,45184814898.04541,UNKNOWN,Yahoo,,0,
RETAIL,RETAIL.NS,JHS Svendgaard Retail Ventures Limited,Consumer Defensive,Grocery Stores,2026-06-12,150882588.99230957,UNKNOWN,Yahoo,,0,
REXPIPES,REXPIPES.NS,"REXPIPES.NS,0P0001N0L1,14000",,,2026-06-20,1646662500.0,UNKNOWN,Yahoo,,0,
RGL,RGL.NS,Renaissance Global Limited,Consumer Cyclical,Luxury Goods,2026-06-12,11229270925.021309,UNKNOWN,Yahoo,,0,
RHETAN,RHETAN.NS,Rhetan TMT Limited,Basic Materials,Steel,2026-06-12,23778750121.593475,UNKNOWN,Yahoo,,0,
RHFL,RHFL.NS,Reliance Home Finance Limited,Financial Services,Mortgage Finance,2026-06-12,1073481383.867082,UNKNOWN,Yahoo,,0,
RHIM,RHIM.NS,RHI Magnesita India Limited,Industrials,Metal Fabrication,2026-06-12,75909925457.98468,UNKNOWN,Yahoo,,0,
RHL,RHL.NS,Robust Hotels Limited,Consumer Cyclical,Lodging,2026-06-12,3084319731.0878906,UNKNOWN,Yahoo,,0,
RICOAUTO,RICOAUTO.NS,Rico Auto Industries Limited,Consumer Cyclical,Auto Parts,2026-06-12,17973965182.57141,UNKNOWN,Yahoo,,0,
RIIL,RIIL.NS,Reliance Industrial Infrastructure Limited,Industrials,Engineering & Construction,2026-06-12,11856520184.326172,UNKNOWN,Yahoo,,0,
RILINFRA,RILINFRA.NS,"RILINFRA.NS,0P0001P4NB,286800",,,2026-06-20,711641250.0,UNKNOWN,Yahoo,,0,
RISHABH,RISHABH.NS,Rishabh Instruments Limited,Technology,Scientific & Technical Instruments,2026-06-12,21383876803.705444,UNKNOWN,Yahoo,,0,
RITCO,RITCO.NS,Ritco Logistics Limited,Industrials,Integrated Freight & Logistics,2026-06-12,7012285960.985092,UNKNOWN,Yahoo,,0,
RITES,RITES.NS,RITES Limited,Industrials,Engineering & Construction,2026-06-12,97802868009.0,UNKNOWN,Yahoo,,0,
RITEZONE,RITEZONE.NS,"RITEZONE.NS,0P0001PYLL,0",,,2026-06-20,72972174.75,UNKNOWN,Yahoo,,0,
RKDL,RKDL.NS,Ravi Kumar Distilleries Limited,Consumer Defensive,Beverages - Wineries & Distilleries,2026-06-12,440400009.15527344,UNKNOWN,Yahoo,,0,
RKEC,RKEC.NS,RKEC Projects Limited,Industrials,Engineering & Construction,2026-06-12,677734450.0,UNKNOWN,Yahoo,,0,
RKFORGE,RKFORGE.NS,Ramkrishna Forgings Limited,Industrials,Metal Fabrication,2026-06-12,105525657859.5,UNKNOWN,Yahoo,,0,
RKSWAMY,RKSWAMY.NS,R K SWAMY LIMITED,Communication Services,Advertising Agencies,2026-06-12,5014913816.327843,UNKNOWN,Yahoo,,0,
RMC,RMC.NS,RMC Switchgears Limited,Industrials,Electrical Equipment & Parts,2026-06-12,3174561000.0,UNKNOWN,Yahoo,,0,
RMDRIP,RMDRIP.NS,R M DRIP & SPRINK SYS LTD,Industrials,Farm & Heavy Construction Machinery,2026-06-12,7952204432.785011,UNKNOWN,Yahoo,,0,
RML,RML.NS,Rane (Madras) Limited,Consumer Cyclical,Auto Parts,2026-06-12,25285217316.03479,UNKNOWN,Yahoo,,0,
RNBDENIMS,RNBDENIMS.NS,R & B Denims Limited,Consumer Cyclical,Textile Manufacturing,2026-06-12,3067215366.094088,UNKNOWN,Yahoo,,0,
ROCKINGDCE,ROCKINGDCE.NS,"ROCKINGDCE.NS,0P0001RY99,37250",,,2026-06-20,1176278449.5,UNKNOWN,Yahoo,,0,
ROHLTD,ROHLTD.NS,Royal Orchid Hotels Limited,Consumer Cyclical,Lodging,2026-06-12,8611517510.0,UNKNOWN,Yahoo,,0,
ROLEXRINGS,ROLEXRINGS.NS,Rolex Rings Limited,Industrials,Metal Fabrication,2026-06-12,37587418385.93262,UNKNOWN,Yahoo,,0,
ROLLT,ROLLT.NS,Rollatainers Limited,Real Estate,Real Estate Services,2026-06-12,680353607.1562767,UNKNOWN,Yahoo,,0,
ROML,ROML.NS,Raj Oil Mills Limited,Consumer Defensive,Packaged Foods,2026-06-12,680036577.0703583,UNKNOWN,Yahoo,,0,
ROSSARI,ROSSARI.NS,Rossari Biotech Limited,Basic Materials,Specialty Chemicals,2026-06-12,27684729000.63281,UNKNOWN,Yahoo,,0,
ROSSELLIND,ROSSELLIND.NS,Rossell India Limited,Industrials,Conglomerates,2026-06-12,2035609650.0,UNKNOWN,Yahoo,,0,
ROSSTECH,ROSSTECH.NS,Rossell Techsys Limited,Industrials,Aerospace & Defense,2026-06-12,37741880237.43457,UNKNOWN,Yahoo,,0,
ROTO,ROTO.NS,Roto Pumps Limited,Industrials,Specialty Industrial Machinery,2026-06-12,12386904769.118889,UNKNOWN,Yahoo,,0,
ROUTE,ROUTE.NS,Route Mobile Limited,Communication Services,Telecom Services,2026-06-12,32730101099.0,UNKNOWN,Yahoo,,0,
ROXHITECH,ROXHITECH.NS,"ROXHITECH.NS,0P0001RTTK,32000",,,2026-06-20,745606862.3455048,UNKNOWN,Yahoo,,0,
RPEL,RPEL.NS,Raghav Productivity Enhancers Limited,Basic Materials,Chemicals,2026-06-12,54970872489.78272,UNKNOWN,Yahoo,,0,
RPGLIFE,RPGLIFE.NS,RPG Life Sciences Limited,Healthcare,Drug Manufacturers - Specialty & Generic,2026-06-12,36792694384.13818,UNKNOWN,Yahoo,,0,
RPOWER,RPOWER.NS,Reliance Power Limited,Utilities,Utilities - Independent Power Producers,2026-06-12,109473854630.21144,UNKNOWN,Yahoo,,0,
RPPINFRA,RPPINFRA.NS,R.P.P. Infra Projects Limited,Industrials,Engineering & Construction,2026-06-12,3013336259.558632,UNKNOWN,Yahoo,,0,
RPPL,RPPL.NS,Rajshree Polypack Limited,Consumer Cyclical,Packaging & Containers,2026-06-12,1302589456.7871094,UNKNOWN,Yahoo,,0,
RPSGVENT,RPSGVENT.NS,RPSG Ventures Limited,Technology,Information Technology Services,2026-06-12,28844730962.31317,UNKNOWN,Yahoo,,0,
RPTECH,RPTECH.NS,Rashi Peripherals Limited,Technology,Electronics & Computer Distribution,2026-06-12,36389796369.63928,UNKNOWN,Yahoo,,0,
RRIL,RRIL.NS,RRIL Limited,,,2026-06-20,0.0,NO_MARKET_CAP,Yahoo,2026-08-04T07:12:37.183481+00:00,3,No market cap returned.
RRKABEL,RRKABEL.NS,R R Kabel Limited,Industrials,Electrical Equipment & Parts,2026-06-12,243493536686.7297,UNKNOWN,Yahoo,,0,
RSDFIN,RSDFIN.NS,RSD Finance Limited,,,2026-06-20,0.0,NO_MARKET_CAP,Yahoo,2026-08-04T07:12:37.276974+00:00,3,No market cap returned.
RSL,RSL.NS,RAJPUTANA STAINLESS LTD,Basic Materials,Steel,2026-06-12,10842903755.25,UNKNOWN,Yahoo,,0,
RSSOFTWARE,RSSOFTWARE.NS,R S Software (India) Limited,Technology,Information Technology Services,2026-06-12,813683178.0,UNKNOWN,Yahoo,,0,
RSWM,RSWM.NS,RSWM Limited,Consumer Cyclical,Textile Manufacturing,2026-06-12,9821171872.102722,UNKNOWN,Yahoo,,0,
RSYSTEMS,RSYSTEMS.NS,R Systems International Limited,Technology,Information Technology Services,2026-06-12,29661925543.25,UNKNOWN,Yahoo,,0,
RTNINDIA,RTNINDIA.NS,RattanIndia Enterprises Limited,Consumer Cyclical,Internet Retail,2026-06-12,49711953744.0,UNKNOWN,Yahoo,,0,
RTNPOWER,RTNPOWER.NS,RattanIndia Power Limited,Utilities,Utilities - Independent Power Producers,2026-06-12,49082769404.07953,UNKNOWN,Yahoo,,0,
RUBFILA,RUBFILA.NS,Rubfila International Limited,Basic Materials,Specialty Chemicals,2026-06-12,3852451767.782051,UNKNOWN,Yahoo,,0,
RUBICON,RUBICON.NS,RUBICON RESEARCH LIMITED,Healthcare,Drug Manufacturers - General,2026-06-12,212890342537.55127,UNKNOWN,Yahoo,,0,
RUBYMILLS,RUBYMILLS.NS,The Ruby Mills Limited,Consumer Cyclical,Textile Manufacturing,2026-06-12,11269280000.0,UNKNOWN,Yahoo,,0,
RUCHINFRA,RUCHINFRA.NS,Ruchi Infrastructure Limited,Industrials,Specialty Business Services,2026-06-12,1439752123.6909077,UNKNOWN,Yahoo,,0,
RUCHIRA,RUCHIRA.NS,Ruchira Papers Limited,Basic Materials,Paper & Paper Products,2026-06-12,3205052920.934067,UNKNOWN,Yahoo,,0,
RUDRA,RUDRA.NS,Rudra Global Infra Products Limited,Basic Materials,Steel,2026-06-12,1794147560.4281082,UNKNOWN,Yahoo,,0,
RULKA,RULKA.NS,"RULKA.NS,0P0001SY8M,13800",,,2026-06-20,374739200.0,UNKNOWN,Yahoo,,0,
RUPA,RUPA.NS,Rupa & Company Limited,Consumer Cyclical,Apparel Manufacturing,2026-06-12,11810760041.589432,UNKNOWN,Yahoo,,0,
RUSHIL,RUSHIL.NS,Rushil Décor Limited,Consumer Cyclical,"Furnishings, Fixtures & Appliances",2026-06-12,4415923196.964817,UNKNOWN,Yahoo,,0,
RUSTOMJEE,RUSTOMJEE.NS,Keystone Realtors Limited,Real Estate,Real Estate - Development,2026-06-12,48866388374.09021,UNKNOWN,Yahoo,,0,
RVHL,RVHL.NS,Ravinder Heights Limited,Real Estate,Real Estate - Development,2026-06-12,3004961554.0,UNKNOWN,Yahoo,,0,
RVNL,RVNL.NS,Rail Vikas Nigam Limited,Industrials,Engineering & Construction,2026-06-12,476114352560.9528,UNKNOWN,Yahoo,,0,
RVTH,RVTH.NS,Revathi Equipment India Limited,Industrials,Farm & Heavy Construction Machinery,2026-06-12,2152993986.0,UNKNOWN,Yahoo,,0,
S&SPOWER,S&SPOWER.NS,S&S Power Switchgear Limited,Industrials,Electrical Equipment & Parts,2026-06-12,5097060150.0,UNKNOWN,Yahoo,,0,
SAAKSHI,SAAKSHI.NS,"SAAKSHI.NS,0P0001RNFO,11400",,,2026-06-20,4687668000.0,UNKNOWN,Yahoo,,0,
SAATVIKGL,SAATVIKGL.NS,Saatvik Green Energy Limited,Technology,Solar,2026-06-12,59955431938.37476,UNKNOWN,Yahoo,,0,
SABAR,SABAR.NS,"SABAR.NS,0P0001POR5,125000",,,2026-06-20,112433277.56709862,UNKNOWN,Yahoo,,0,
SADBHAV,SADBHAV.NS,Sadbhav Engineering Limited,Industrials,Engineering & Construction,2026-06-12,1549284278.1856537,UNKNOWN,Yahoo,,0,
SADBHIN,SADBHIN.NS,Sadbhav Infrastructure Project Limited,Industrials,Engineering & Construction,2026-06-12,1056675648.0,UNKNOWN,Yahoo,,0,
SADHAV,SADHAV.NS,"SADHAV.NS,0P0001SFFL,54000",,,2026-06-20,1678538748.2492828,UNKNOWN,Yahoo,,0,
SADHNANIQ,SADHNANIQ.NS,Sadhana Nitro Chem Limited,Basic Materials,Chemicals,2026-06-12,6729856197.402943,UNKNOWN,Yahoo,,0,
SAFARI,SAFARI.NS,Safari Industries (India) Limited,Consumer Cyclical,Footwear & Accessories,2026-06-12,75227770201.58044,UNKNOWN,Yahoo,,0,
SAGARDEEP,SAGARDEEP.NS,Sagardeep Alloys Limited,Basic Materials,Copper,2026-06-12,426435000.0,UNKNOWN,Yahoo,,0,
SAGCEM,SAGCEM.NS,Sagar Cements Limited,Basic Materials,Building Materials,2026-06-12,22043827172.42444,UNKNOWN,Yahoo,,0,
SAGILITY,SAGILITY.NS,Sagility Limited,Healthcare,Health Information Services,2026-06-12,186644558826.11185,UNKNOWN,Yahoo,,0,
SAHAJSOLAR,SAHAJSOLAR.NS,"SAHAJSOLAR.NS,0P0001TBGX,78400",,,2026-06-20,2928870333.053284,UNKNOWN,Yahoo,,0,
SAHANA,SAHANA.NS,"SAHANA.NS,0P0001R3DD,19500",,,2026-06-20,8431480710.650391,UNKNOWN,Yahoo,,0,
SAHLIBHFI,SAHLIBHFI.NS,Shalibhadra Finance Limited,Financial Services,Credit Services,2026-06-12,2332074200.0,UNKNOWN,Yahoo,,0,
SAHYADRI,SAHYADRI.NS,Sahyadri Industries Limited,Industrials,Building Products & Equipment,2026-06-12,2911715800.0,UNKNOWN,Yahoo,,0,
SAIFL,SAIFL.NS,"SAIFL.NS,0P0001S3FP,44000",,,2026-06-20,318587144.3209648,UNKNOWN,Yahoo,,0,
SAIL,SAIL.NS,Steel Authority of India Limited,Basic Materials,Steel,2026-06-12,754275225545.3625,UNKNOWN,Yahoo,,0,
SAILIFE,SAILIFE.NS,SAI LIFE SCIENCES LIMITED,Healthcare,Diagnostics & Research,2026-06-12,260286943277.89856,UNKNOWN,Yahoo,,0,
SAIPARENT,SAIPARENT.NS,SAI PARENTERALS LIMITED,Healthcare,Drug Manufacturers - General,2026-06-12,25411894785.697266,UNKNOWN,Yahoo,,0,
SAKAR,SAKAR.NS,Sakar Healthcare Limited,Healthcare,Drug Manufacturers - Specialty & Generic,2026-06-12,18210743367.386475,UNKNOWN,Yahoo,,0,
SAKHTISUG,SAKHTISUG.NS,Sakthi Sugars Limited,Consumer Defensive,Confectioners,2026-06-12,2076851940.902992,UNKNOWN,Yahoo,,0,
SAKSOFT,SAKSOFT.NS,Saksoft Limited,Technology,Information Technology Services,2026-06-12,17862969891.70204,UNKNOWN,Yahoo,,0,
SAKUMA,SAKUMA.NS,Sakuma Exports Limited,Consumer Defensive,Farm Products,2026-06-12,2962988207.173605,UNKNOWN,Yahoo,,0,
SALASAR,SALASAR.NS,Salasar Techno Engineering Limited,Basic Materials,Steel,2026-06-12,11623869595.197529,UNKNOWN,Yahoo,,0,
SALONA,SALONA.NS,Salona Cotspin Limited,Consumer Cyclical,Textile Manufacturing,2026-06-12,1394536000.0,UNKNOWN,Yahoo,,0,
SALSTEEL,SALSTEEL.NS,S.A.L. Steel Limited,Basic Materials,Steel,2026-06-12,8208272000.448227,UNKNOWN,Yahoo,,0,
SALZERELEC,SALZERELEC.NS,Salzer Electronics Limited,Industrials,Electrical Equipment & Parts,2026-06-12,10978326834.742554,UNKNOWN,Yahoo,,0,
SAMBHAAV,SAMBHAAV.NS,Sambhaav Media Limited,Communication Services,Publishing,2026-06-12,1200176115.29665,UNKNOWN,Yahoo,,0,
SAMBHV,SAMBHV.NS,SAMBHV STEEL TUBES LTD,Basic Materials,Steel,2026-06-12,31688965744.43975,UNKNOWN,Yahoo,,0,
SAMHI,SAMHI.NS,SAMHI Hotels Limited,Consumer Cyclical,Lodging,2026-06-12,35925849904.21802,UNKNOWN,Yahoo,,0,
SAMMAANCAP,SAMMAANCAP.NS,Sammaan Capital Limited,Financial Services,Mortgage Finance,2026-06-12,197639026449.3463,UNKNOWN,Yahoo,,0,
SAMPANN,SAMPANN.NS,Sampann Utpadan India Limited,Basic Materials,Specialty Chemicals,2026-06-12,1386203981.3804626,UNKNOWN,Yahoo,,0,
SANATHAN,SANATHAN.NS,SANATHAN TEXTILES LIMITED,Consumer Cyclical,Textile Manufacturing,2026-06-12,34567681333.127014,UNKNOWN,Yahoo,,0,
SANCO,SANCO.NS,Sanco Industries Limited,Industrials,Electrical Equipment & Parts,2026-06-12,29823600.0,UNKNOWN,Yahoo,,0,
SANDESH,SANDESH.NS,The Sandesh Limited,Communication Services,Publishing,2026-06-12,7160672266.0,UNKNOWN,Yahoo,,0,
SANDHAR,SANDHAR.NS,Sandhar Technologies Limited,Consumer Cyclical,Auto Parts,2026-06-12,43863785637.0,UNKNOWN,Yahoo,,0,
SANDUMA,SANDUMA.NS,The Sandur Manganese & Iron Ores Limited,Basic Materials,Steel,2026-06-12,103831991237.34831,UNKNOWN,Yahoo,,0,
SANGAMIND,SANGAMIND.NS,Sangam (India) Limited,Consumer Cyclical,Textile Manufacturing,2026-06-12,26509063397.742188,UNKNOWN,Yahoo,,0,
SANGANI,SANGANI.NS,"SANGANI.NS,0P0001RFQ4,0",,,2026-06-20,607565237.9779816,UNKNOWN,Yahoo,,0,
SANGHVIMOV,SANGHVIMOV.NS,Sanghvi Movers Limited,Industrials,Rental & Leasing Services,2026-06-12,33323101871.58203,UNKNOWN,Yahoo,,0,
SANGINITA,SANGINITA.NS,Sanginita Chemicals Limited,Basic Materials,Chemicals,2026-06-12,902151033.9271544,UNKNOWN,Yahoo,,0,
SANOFI,SANOFI.NS,Sanofi India Limited,Healthcare,Drug Manufacturers - General,2026-06-12,71763418152.0,UNKNOWN,Yahoo,,0,
SANOFICONR,SANOFICONR.NS,SANOFI CONS HEALTHC IND L,Healthcare,Drug Manufacturers - General,2026-06-12,106670940601.09377,UNKNOWN,Yahoo,,0,
SANSERA,SANSERA.NS,Sansera Engineering Limited,Consumer Cyclical,Auto Parts,2026-06-12,182632900640.0,UNKNOWN,Yahoo,,0,
SANSTAR,SANSTAR.NS,SANSTAR LIMITED,Basic Materials,Chemicals,2026-06-12,20566263334.417343,UNKNOWN,Yahoo,,0,
SANWARIA,SANWARIA.NS,Sanwaria Consumer Limited,Consumer Defensive,Farm Products,2026-06-12,319071044.33812225,UNKNOWN,Yahoo,,0,
SAPPHIRE,SAPPHIRE.NS,Sapphire Foods India Limited,Consumer Cyclical,Restaurants,2026-06-12,54196916284.26196,UNKNOWN,Yahoo,,0,
SAPPL,SAPPL.NS,Shree Ajit Pulp and Paper Limited,,,2026-06-20,0.0,NO_MARKET_CAP,Yahoo,2026-08-04T07:12:37.361823+00:00,3,No market cap returned.
SARDAEN,SARDAEN.NS,Sarda Energy & Minerals Limited,Basic Materials,Steel,2026-06-12,181863964843.94165,UNKNOWN,Yahoo,,0,
SAREGAMA,SAREGAMA.NS,Saregama India Limited,Communication Services,Entertainment,2026-06-12,88224582775.62775,UNKNOWN,Yahoo,,0,
SARLAPOLY,SARLAPOLY.NS,Sarla Performance Fibers Limited,Consumer Cyclical,Textile Manufacturing,2026-06-12,8155737857.10144,UNKNOWN,Yahoo,,0,
SAROJA,SAROJA.NS,"SAROJA.NS,0P0001RJQ6,4800",,,2026-06-20,129861727.03261185,UNKNOWN,Yahoo,,0,
SARTELE,SARTELE.NS,"SARTELE.NS,0P0001RT0P,168000",,,2026-06-20,7077901875.0,UNKNOWN,Yahoo,,0,
SARVESHWAR,SARVESHWAR.NS,Sarveshwar Foods Limited,Consumer Defensive,Packaged Foods,2026-06-12,4212162617.9456425,UNKNOWN,Yahoo,,0,
SASKEN,SASKEN.NS,Sasken Technologies Limited,Technology,Information Technology Services,2026-06-12,32521827646.5,UNKNOWN,Yahoo,,0,
SATIA,SATIA.NS,Satia Industries Limited,Basic Materials,Paper & Paper Products,2026-06-12,5413999938.964844,UNKNOWN,Yahoo,,0,
SATIN,SATIN.NS,Satin Creditcare Network Limited,Financial Services,Credit Services,2026-06-12,24554825241.75,UNKNOWN,Yahoo,,0,
SATIPOLY,SATIPOLY.NS,"SATIPOLY.NS,0P0001TBQ0,98000",,,2026-06-20,167703307.54852295,UNKNOWN,Yahoo,,0,
SAURASHCEM,SAURASHCEM.NS,Saurashtra Cement Limited,Basic Materials,Building Materials,2026-06-12,6449097960.905457,UNKNOWN,Yahoo,,0,
SAYAJIHOTL,SAYAJIHOTL.NS,Sayaji Hotels Limited,Consumer Cyclical,Lodging,2026-06-12,5468236413.628754,UNKNOWN,Yahoo,,0,
SBC,SBC.NS,SBC Exports Limited,Industrials,Conglomerates,2026-06-12,17833315863.30414,UNKNOWN,Yahoo,,0,
SBCL,SBCL.NS,Shivalik Bimetal Controls Limited,Industrials,Metal Fabrication,2026-06-12,40334461543.17627,UNKNOWN,Yahoo,,0,
SBFC,SBFC.NS,SBFC Finance Limited,Financial Services,Credit Services,2026-06-12,100102788302.45992,UNKNOWN,Yahoo,,0,
SBGLP,SBGLP.NS,Suratwwala Business Group Limited,Real Estate,Real Estate - Development,2026-06-12,4498422546.214371,UNKNOWN,Yahoo,,0,
SBICARD,SBICARD.NS,SBI Cards and Payment Services Limited,Financial Services,Credit Services,2026-06-12,549316464961.5,UNKNOWN,Yahoo,,0,
SBILIFE,SBILIFE.NS,SBI Life Insurance Company Limited,Financial Services,Insurance - Life,2026-06-12,1715022042002.1074,UNKNOWN,Yahoo,,0,
SBIN,SBIN.NS,State Bank of India,Financial Services,Banks - Regional,2026-06-12,9329385306848.637,UNKNOWN,Yahoo,,0,
SCANSTL,SCANSTL.NS,Scan Steels Limited,,,2026-06-20,0.0,NO_MARKET_CAP,Yahoo,2026-08-04T07:12:37.467075+00:00,3,No market cap returned.
SCHAEFFLER,SCHAEFFLER.NS,Schaeffler India Limited,Consumer Cyclical,Auto Parts,2026-06-12,620275468763.9697,UNKNOWN,Yahoo,,0,
SCHAND,SCHAND.NS,S Chand And Company Limited,Communication Services,Publishing,2026-06-12,5057327061.1875,UNKNOWN,Yahoo,,0,
SCHNEIDER,SCHNEIDER.NS,Schneider Electric Infrastructure Limited,Industrials,Electrical Equipment & Parts,2026-06-12,260599493584.00085,UNKNOWN,Yahoo,,0,
SCI,SCI.NS,The Shipping Corporation of India Limited,Industrials,Marine Shipping,2026-06-12,135873576903.02309,UNKNOWN,Yahoo,,0,
SCILAL,SCILAL.NS,Shipping Corporation of India Land and Assets Limited,Real Estate,Real Estate Services,2026-06-12,20527762228.549423,UNKNOWN,Yahoo,,0,
SCML,SCML.NS,"SCML.NS,0P0001RO1S,16000",,,2026-06-20,969821250.0,UNKNOWN,Yahoo,,0,
SCODATUBES,SCODATUBES.NS,Scoda Tubes Limited,Basic Materials,Steel,2026-06-12,7350821847.172546,UNKNOWN,Yahoo,,0,
SCPL,SCPL.NS,Sheetal Cool Products Limited,Consumer Defensive,Packaged Foods,2026-06-12,4882500000.0,UNKNOWN,Yahoo,,0,
SDBL,SDBL.NS,Som Distilleries & Breweries Limited,Consumer Defensive,Beverages - Brewers,2026-06-12,15946029995.935549,UNKNOWN,Yahoo,,0,
SEAMECLTD,SEAMECLTD.NS,Seamec Limited,Industrials,Marine Shipping,2026-06-12,39822277418.60156,UNKNOWN,Yahoo,,0,
SECMARK,SECMARK.NS,SecMark Consultancy Limited,Industrials,Consulting Services,2026-06-12,1422718103.8498535,UNKNOWN,Yahoo,,0,
SECURKLOUD,SECURKLOUD.NS,SecureKloud Technologies Limited,Technology,Software - Application,2026-06-12,641483641.4902687,UNKNOWN,Yahoo,,0,
SEDEMAC,SEDEMAC.NS,SEDEMAC MECHATRONICS LTD,Consumer Cyclical,Auto Parts,2026-06-12,122194870500.0,UNKNOWN,Yahoo,,0,
SEIL,SEIL.NS,Shanti Educational Initiatives Limited,,,2026-06-20,0.0,NO_MARKET_CAP,Yahoo,2026-08-04T07:12:47.585056+00:00,3,No market cap returned.
SEJALLTD,SEJALLTD.NS,Sejal Glass Limited,Industrials,Building Products & Equipment,2026-06-12,7796608960.0,UNKNOWN,Yahoo,,0,
SEL,SEL.NS,"SEL.NS,0P0001RIA5,4800",,,2026-06-20,404853938.75253296,UNKNOWN,Yahoo,,0,
SELECTIPO,SELECTIPO.NS,Mirae Asset BSE Select IPO ETF,,,2026-06-20,0.0,NO_MARKET_CAP,Yahoo,2026-08-04T07:12:47.671561+00:00,3,No market cap returned.
SELMC,SELMC.NS,SEL Manufacturing Company Limited,Consumer Cyclical,Textile Manufacturing,2026-06-12,981773598.3027496,UNKNOWN,Yahoo,,0,
SEMAC,SEMAC.NS,Semac Construction Limited,Industrials,Engineering & Construction,2026-06-12,1010007792.0,UNKNOWN,Yahoo,,0,
SENCO,SENCO.NS,Senco Gold Limited,Consumer Cyclical,Luxury Goods,2026-06-12,54795838158.03351,UNKNOWN,Yahoo,,0,
SENORES,SENORES.NS,SENORES PHARMACEUTICALS L,Healthcare,Drug Manufacturers - General,2026-06-12,58253184585.555176,UNKNOWN,Yahoo,,0,
SEPC,SEPC.NS,SEPC Limited,Industrials,Engineering & Construction,2026-06-12,13248946081.386831,UNKNOWN,Yahoo,,0,
SERVICE,SERVICE.NS,"SERVICE.NS,0P0001RBDB,52000",,,2026-06-20,549628291.2273407,UNKNOWN,Yahoo,,0,
SERVOTECH,SERVOTECH.NS,Servotech Renewable Power System Limited,Industrials,Electrical Equipment & Parts,2026-06-12,23110719263.534546,UNKNOWN,Yahoo,,0,
SESHAPAPER,SESHAPAPER.NS,Seshasayee Paper and Boards Limited,Basic Materials,Paper & Paper Products,2026-06-12,14316467780.0,UNKNOWN,Yahoo,,0,
SETCO,SETCO.NS,Setco Automotive Limited,Consumer Cyclical,Auto Parts,2026-06-12,2497092636.627983,UNKNOWN,Yahoo,,0,
SETL,SETL.NS,Standard Engineering Technology Limited,Industrials,Specialty Industrial Machinery,2026-06-12,33363655724.487305,UNKNOWN,Yahoo,,0,
SEYAIND,SEYAIND.NS,Seya Industries Limited,Basic Materials,Specialty Chemicals,2026-06-12,381679025.3816185,UNKNOWN,Yahoo,,0,
SFL,SFL.NS,Sheela Foam Limited,Consumer Cyclical,"Furnishings, Fixtures & Appliances",2026-06-12,75814400744.5,UNKNOWN,Yahoo,,0,
SGFIN,SGFIN.NS,SG Finserve Limited,Financial Services,Capital Markets,2026-06-12,40097107500.0,UNKNOWN,Yahoo,,0,
SGIL,SGIL.NS,Synergy Green Industries Limited,Industrials,Metal Fabrication,2026-06-12,8499975629.272461,UNKNOWN,Yahoo,,0,
SGL,SGL.NS,STL Global Limited,Consumer Cyclical,Textile Manufacturing,2026-06-12,299652546.8584671,UNKNOWN,Yahoo,,0,
SGMART,SGMART.NS,SG Mart Limited,Industrials,Industrial Distribution,2026-06-12,74518312000.0,UNKNOWN,Yahoo,,0,
SHADOWFAX,SHADOWFAX.NS,SHADOWFAX TECHNOLOGIES L,Industrials,Integrated Freight & Logistics,2026-06-12,125373006184.3645,UNKNOWN,Yahoo,,0,
SHAH,SHAH.NS,Shah Metacorp Limited,Basic Materials,Steel,2026-06-12,4108693192.5155983,UNKNOWN,Yahoo,,0,
SHAHALLOYS,SHAHALLOYS.NS,Shah Alloys Limited,Basic Materials,Steel,2026-06-12,1311785042.6921082,UNKNOWN,Yahoo,,0,
SHAILY,SHAILY.NS,Shaily Engineering Plastics Limited,Basic Materials,Specialty Chemicals,2026-06-12,137019843792.0,UNKNOWN,Yahoo,,0,
SHAIVAL,SHAIVAL.NS,"SHAIVAL.NS,0P00016R1G,0",,,2026-06-20,381942000.0,UNKNOWN,Yahoo,,0,
SHAKTIPUMP,SHAKTIPUMP.NS,Shakti Pumps (India) Limited,Industrials,Specialty Industrial Machinery,2026-06-12,65123276028.75,UNKNOWN,Yahoo,,0,
SHALBY,SHALBY.NS,Shalby Limited,Healthcare,Medical Care Facilities,2026-06-12,17886702131.050186,UNKNOWN,Yahoo,,0,
SHALPAINTS,SHALPAINTS.NS,Shalimar Paints Limited,Basic Materials,Specialty Chemicals,2026-06-12,4310288695.726433,UNKNOWN,Yahoo,,0,
SHANKARA,SHANKARA.NS,Shankara Building Products Limited,Consumer Cyclical,Home Improvement Retail,2026-06-12,2705012389.30307,UNKNOWN,Yahoo,,0,
SHANTHALA,SHANTHALA.NS,"SHANTHALA.NS,0P0001RS53,3600",,,2026-06-20,146017790.0897827,UNKNOWN,Yahoo,,0,
SHANTI,SHANTI.NS,Shanti Overseas (India) Limited,Consumer Defensive,Farm Products,2026-06-12,70967338.51718903,UNKNOWN,Yahoo,,0,
SHANTIGEAR,SHANTIGEAR.NS,Shanthi Gears Limited,Industrials,Specialty Industrial Machinery,2026-06-12,33777246537.964325,UNKNOWN,Yahoo,,0,
SHANTIGOLD,SHANTIGOLD.NS,SHANTI GOLD INTERNATION L,Consumer Cyclical,Luxury Goods,2026-06-12,16184109771.972656,UNKNOWN,Yahoo,,0,
SHARDACROP,SHARDACROP.NS,Sharda Cropchem Limited,Basic Materials,Agricultural Inputs,2026-06-12,81469106985.0,UNKNOWN,Yahoo,,0,
SHARDAMOTR,SHARDAMOTR.NS,Sharda Motor Industries Limited,Consumer Cyclical,Auto Parts,2026-06-12,44743590839.956055,UNKNOWN,Yahoo,,0,
SHARDUL,SHARDUL.NS,Shardul Securities Limited,Financial Services,Capital Markets,2026-06-12,4002766548.75,UNKNOWN,Yahoo,,0,
SHAREINDIA,SHAREINDIA.NS,Share India Securities Limited,Financial Services,Capital Markets,2026-06-12,29714317249.53445,UNKNOWN,Yahoo,,0,
SHBAJRG,SHBAJRG.NS,Shri Bajrang Alliance Limited,,,2026-06-20,0.0,NO_MARKET_CAP,Yahoo,2026-08-04T07:12:47.758652+00:00,3,No market cap returned.
SHEETAL,SHEETAL.NS,"SHEETAL.NS,0P0001S0OQ,56000",,,2026-06-20,3322240000.0,UNKNOWN,Yahoo,,0,
SHEKHAWATI,SHEKHAWATI.NS,Shekhawati Industries Limited,Consumer Cyclical,Textile Manufacturing,2026-06-12,516360584.22088623,UNKNOWN,Yahoo,,0,
SHEMAROO,SHEMAROO.NS,Shemaroo Entertainment Limited,Communication Services,Entertainment,2026-06-12,3430972253.973252,UNKNOWN,Yahoo,,0,
SHERA,SHERA.NS,"SHERA.NS,0P0001QG0K,301000",,,2026-06-20,3646135520.0,UNKNOWN,Yahoo,,0,
SHIGAN,SHIGAN.NS,"SHIGAN.NS,0P0001OK0M,9000",,,2026-06-20,1360919367.9656982,UNKNOWN,Yahoo,,0,
SHILCTECH,SHILCTECH.NS,Shilchar Technologies Limited,Industrials,Electrical Equipment & Parts,2026-06-12,44675126137.20703,UNKNOWN,Yahoo,,0,
SHILPAMED,SHILPAMED.NS,Shilpa Medicare Limited,Healthcare,Drug Manufacturers - Specialty & Generic,2026-06-12,107247284028.65332,UNKNOWN,Yahoo,,0,
SHINDL,SHINDL.NS,Sharat Industries Limited,,,2026-06-20,0.0,NO_MARKET_CAP,Yahoo,2026-08-04T07:12:47.841088+00:00,3,No market cap returned.
SHIVALIK,SHIVALIK.NS,Shivalik Rasayan Limited,Basic Materials,Agricultural Inputs,2026-06-12,3627543174.0050354,UNKNOWN,Yahoo,,0,
SHIVAMAUTO,SHIVAMAUTO.NS,Shivam Autotech Limited,Consumer Cyclical,Auto Parts,2026-06-12,2243826384.851961,UNKNOWN,Yahoo,,0,
SHIVAMILLS,SHIVAMILLS.NS,Shiva Mills Limited,Consumer Cyclical,Textile Manufacturing,2026-06-12,536569860.03863525,UNKNOWN,Yahoo,,0,
SHIVATEX,SHIVATEX.NS,Shiva Texyarn Limited,Consumer Cyclical,Textile Manufacturing,2026-06-12,2073237952.942871,UNKNOWN,Yahoo,,0,
SHIVAUM,SHIVAUM.NS,SHIV AUM STEELS LIMITED,Basic Materials,Steel,2026-06-12,4647936700.0,UNKNOWN,Yahoo,,0,
SHK,SHK.NS,S H Kelkar and Company Limited,Basic Materials,Specialty Chemicals,2026-06-12,17219547855.61338,UNKNOWN,Yahoo,,0,
SHOPERSTOP,SHOPERSTOP.NS,Shoppers Stop Limited,Consumer Cyclical,Department Stores,2026-06-12,41252730523.74811,UNKNOWN,Yahoo,,0,
SHRADHA,SHRADHA.NS,Shradha Realty Limited,Real Estate,Real Estate - Development,2026-06-12,2014126518.8294525,UNKNOWN,Yahoo,,0,
SHREDIGCEM,SHREDIGCEM.NS,Shree Digvijay Cement Company Limited,Basic Materials,Building Materials,2026-06-12,10773755685.332245,UNKNOWN,Yahoo,,0,
SHREECEM,SHREECEM.NS,Shree Cement Limited,Basic Materials,Building Materials,2026-06-12,866659566960.0,UNKNOWN,Yahoo,,0,
SHREEJISPG,SHREEJISPG.NS,SHREEJI SHIPPING GLOBAL L,Industrials,Marine Shipping,2026-06-12,77182522832.5,UNKNOWN,Yahoo,,0,
SHREEKARNI,SHREEKARNI.NS,"SHREEKARNI.NS,0P0001SJ16,9000",,,2026-06-20,3364150486.328125,UNKNOWN,Yahoo,,0,
SHREEOSFM,SHREEOSFM.NS,Shree OSFM E-Mobility Limited,,,2026-06-20,998140367.0074464,UNKNOWN,Yahoo,,0,
SHREEPUSHK,SHREEPUSHK.NS,Shree Pushkar Chemicals & Fertilisers Limited,Basic Materials,Specialty Chemicals,2026-06-12,11496049150.5,UNKNOWN,Yahoo,,0,
SHREERAMA,SHREERAMA.NS,Shree Rama Multi-Tech Limited,Consumer Cyclical,Packaging & Containers,2026-06-12,5484200345.815601,UNKNOWN,Yahoo,,0,
SHREMINVIT,SHREMINVIT.NS,"SHREMINVIT.NS,0P0001NDWX,0",,,2026-06-20,62306104320.0,UNKNOWN,Yahoo,,0,
SHRENIK,SHRENIK.NS,Shrenik Limited,Basic Materials,Paper & Paper Products,2026-06-12,226440002.9182434,UNKNOWN,Yahoo,,0,
SHREYANIND,SHREYANIND.NS,Shreyans Industries Limited,Basic Materials,Paper & Paper Products,2026-06-12,1893963350.0,UNKNOWN,Yahoo,,0,
SHRIKRISH,SHRIKRISH.NS,Shri Krishna Devcon Limited,,,2026-06-20,0.0,NO_MARKET_CAP,Yahoo,2026-08-04T07:12:47.937699+00:00,3,No market cap returned.
SHRINGARMS,SHRINGARMS.NS,Shringar House of Mangalsutra Limited,Consumer Cyclical,Luxury Goods,2026-06-12,19865008480.0,UNKNOWN,Yahoo,,0,
SHRIPISTON,SHRIPISTON.NS,SPR Auto Technologies Limited,Consumer Cyclical,Auto Parts,2026-06-12,156350444553.25928,UNKNOWN,Yahoo,,0,
SHRIRAMFIN,SHRIRAMFIN.NS,Shriram Finance Limited,Financial Services,Credit Services,2026-06-12,2187975834971.417,UNKNOWN,Yahoo,,0,
SHRIRAMPPS,SHRIRAMPPS.NS,Shriram Properties Limited,Real Estate,Real Estate - Development,2026-06-12,14584124184.081238,UNKNOWN,Yahoo,,0,
SHRITECH,SHRITECH.NS,"SHRITECH.NS,0P0001RDFJ,38000",,,2026-06-20,1699094961.9293213,UNKNOWN,Yahoo,,0,
SHUBHLAXMI,SHUBHLAXMI.NS,"SHUBHLAXMI.NS,0P0001F3K0,12000",,,2026-06-20,250033596.64154053,UNKNOWN,Yahoo,,0,
SHYAMCENT,SHYAMCENT.NS,Shyam Century Ferrous Limited,Basic Materials,Steel,2026-06-12,1043891126.9875144,UNKNOWN,Yahoo,,0,
SHYAMMETL,SHYAMMETL.NS,Shyam Metalics and Energy Limited,Basic Materials,Steel,2026-06-12,274974698093.1006,UNKNOWN,Yahoo,,0,
SHYAMTEL,SHYAMTEL.NS,Shyam Telecom Limited,Technology,Communication Equipment,2026-06-12,170667760.55339813,UNKNOWN,Yahoo,,0,
SICAGEN,SICAGEN.NS,Sicagen India Limited,Basic Materials,Steel,2026-06-12,2127769466.79448,UNKNOWN,Yahoo,,0,
SICALLOG,SICALLOG.NS,Sical Logistics Limited,Industrials,Integrated Freight & Logistics,2026-06-12,6661238625.86113,UNKNOWN,Yahoo,,0,
SIDDHIKA,SIDDHIKA.NS,"SIDDHIKA.NS,0P0001M1FS,3000",,,2026-06-20,1272565031.1431885,UNKNOWN,Yahoo,,0,
SIEMENS,SIEMENS.NS,Siemens Limited,Industrials,Specialty Industrial Machinery,2026-06-12,1264192145922.107,UNKNOWN,Yahoo,,0,
SIGACHI,SIGACHI.NS,Sigachi Industries Limited,Healthcare,Drug Manufacturers - Specialty & Generic,2026-06-12,7902147789.137363,UNKNOWN,Yahoo,,0,
SIGIND,SIGIND.NS,Signet Industries Limited,Industrials,Conglomerates,2026-06-12,1365288091.4421082,UNKNOWN,Yahoo,,0,
SIGMA,SIGMA.NS,Sigma Solve Limited,Technology,Information Technology Services,2026-06-12,4149025832.824478,UNKNOWN,Yahoo,,0,
SIGMAADV,SIGMAADV.NS,Sigma Advanced Systems Limited,Industrials,Aerospace & Defense,2026-06-12,85476256925.0,UNKNOWN,Yahoo,,0,
SIGNATURE,SIGNATURE.NS,Signatureglobal (India) Limited,Real Estate,Real Estate - Development,2026-06-12,106675718322.4184,UNKNOWN,Yahoo,,0,
SIGNORIA,SIGNORIA.NS,"SIGNORIA.NS,0P0001SJZL,4000",,,2026-06-20,414659707.26013184,UNKNOWN,Yahoo,,0,
SIGNPOST,SIGNPOST.NS,Signpost India Limited,Communication Services,Advertising Agencies,2026-06-12,14164250000.0,UNKNOWN,Yahoo,,0,
SIKA,SIKA.NS,Sika Interplant Systems Limited,,,2026-06-20,0.0,NO_MARKET_CAP,Yahoo,2026-08-04T07:12:48.074997+00:00,3,No market cap returned.
SIKKO,SIKKO.NS,Sikko Industries Limited,Basic Materials,Agricultural Inputs,2026-06-12,1734096012.4969482,UNKNOWN,Yahoo,,0,
SIL,SIL.NS,Standard Industries Limited,Consumer Cyclical,Textile Manufacturing,2026-06-12,984232809.5697718,UNKNOWN,Yahoo,,0,
SILGO,SILGO.NS,Silgo Retail Limited,Consumer Cyclical,Luxury Goods,2026-06-12,1989195943.079972,UNKNOWN,Yahoo,,0,
SILINV,SILINV.NS,SIL Investments Limited,Financial Services,Asset Management,2026-06-12,4460857060.0,UNKNOWN,Yahoo,,0,
SILKFLEX,SILKFLEX.NS,"SILKFLEX.NS,0P0001SW4V,670000",,,2026-06-20,2370729750.0,UNKNOWN,Yahoo,,0,
SILLYMONKS,SILLYMONKS.NS,Silly Monks Entertainment Limited,Communication Services,Entertainment,2026-06-12,187990031.44187927,UNKNOWN,Yahoo,,0,
SIMPLEXINF,SIMPLEXINF.NS,Simplex Infrastructures Limited,Industrials,Engineering & Construction,2026-06-12,20090217884.0,UNKNOWN,Yahoo,,0,
SINCLAIR,SINCLAIR.NS,Sinclairs Hotels Limited,Consumer Cyclical,Lodging,2026-06-12,3947020000.0,UNKNOWN,Yahoo,,0,
SINDHUTRAD,SINDHUTRAD.NS,Sindhu Trade Links Limited,Industrials,Conglomerates,2026-06-12,37761835469.28051,UNKNOWN,Yahoo,,0,
SINGERIND,SINGERIND.NS,Singer India Limited,,,2026-06-20,0.0,NO_MARKET_CAP,Yahoo,2026-08-04T07:12:48.170264+00:00,3,No market cap returned.
SINTERCOM,SINTERCOM.NS,Sintercom India Limited,Consumer Cyclical,Auto Parts,2026-06-12,1957503510.3316493,UNKNOWN,Yahoo,,0,
SIRCA,SIRCA.NS,Sirca Paints India Limited,Basic Materials,Specialty Chemicals,2026-06-12,23792234324.30951,UNKNOWN,Yahoo,,0,
SIS,SIS.NS,SIS Limited,Industrials,Security & Protection Services,2026-06-12,59946843187.5,UNKNOWN,Yahoo,,0,
SITINET,SITINET.NS,SITI Networks Limited,Communication Services,Entertainment,2026-06-12,415757581.5207213,UNKNOWN,Yahoo,,0,
SIYSIL,SIYSIL.NS,Siyaram Silk Mills Limited,Consumer Cyclical,Textile Manufacturing,2026-06-12,27723391718.56592,UNKNOWN,Yahoo,,0,
SJLOGISTIC,SJLOGISTIC.NS,"SJLOGISTIC.NS,0P0001S278,56500",,,2026-06-20,5146080781.036682,UNKNOWN,Yahoo,,0,
SJS,SJS.NS,S.J.S. Enterprises Limited,Consumer Cyclical,Auto Parts,2026-06-12,68042957404.0,UNKNOWN,Yahoo,,0,
SJVN,SJVN.NS,SJVN Limited,Utilities,Utilities - Renewable,2026-06-12,282512972732.19336,UNKNOWN,Yahoo,,0,
SKFINDIA,SKFINDIA.NS,SKF India Limited,Industrials,Tools & Accessories,2026-06-12,77775800977.63696,UNKNOWN,Yahoo,,0,
SKFINDUS,SKFINDUS.NS,SKF IND (INDUSTRIAL) LTD,Industrials,Tools & Accessories,2026-06-12,118156731570.0,UNKNOWN,Yahoo,,0,
SKIPPER,SKIPPER.NS,Skipper Limited,Industrials,Engineering & Construction,2026-06-12,61306891005.0,UNKNOWN,Yahoo,,0,
SKMEGGPROD,SKMEGGPROD.NS,SKM Egg Products Export (India) Limited,Consumer Defensive,Packaged Foods,2026-06-12,12571321742.857485,UNKNOWN,Yahoo,,0,
SKP,SKP.NS,"SKP.NS,0P0001PB7K,57000",,,2026-06-20,2533160101.3183594,UNKNOWN,Yahoo,,0,
SKYGOLD,SKYGOLD.NS,Sky Gold and Diamonds Limited,Consumer Cyclical,Luxury Goods,2026-06-12,78459110579.67517,UNKNOWN,Yahoo,,0,
SLONE,SLONE.NS,"SLONE.NS,0P0001SVQP,17600",,,2026-06-20,611732401.2601242,UNKNOWN,Yahoo,,0,
SMARTLINK,SMARTLINK.NS,Smartlink Holdings Limited,Technology,Communication Equipment,2026-06-12,1616947560.8825684,UNKNOWN,Yahoo,,0,
SMARTWORKS,SMARTWORKS.NS,SMARTWORKS COWORKING SP L,Real Estate,Real Estate Services,2026-06-12,50429567940.00037,UNKNOWN,Yahoo,,0,
SMCGLOBAL,SMCGLOBAL.NS,SMC Global Securities Limited,Financial Services,Capital Markets,2026-06-12,15055860319.519045,UNKNOWN,Yahoo,,0,
SMLMAH,SMLMAH.NS,SML MAHINDRA LIMITED,Consumer Cyclical,Auto Manufacturers,2026-06-12,55720179300.42334,UNKNOWN,Yahoo,,0,
SMLT,SMLT.NS,Sarthak Metals Limited,Industrials,Metal Fabrication,2026-06-12,958282500.0,UNKNOWN,Yahoo,,0,
SMSPHARMA,SMSPHARMA.NS,SMS Pharmaceuticals Limited,Healthcare,Drug Manufacturers - General,2026-06-12,35849995940.78674,UNKNOWN,Yahoo,,0,
SMVD,SMVD.NS,"SMVD.NS,0P0001CGNU,8080",,,2026-06-20,115847726.2130909,UNKNOWN,Yahoo,,0,
SNOWMAN,SNOWMAN.NS,Snowman Logistics Limited,Industrials,Integrated Freight & Logistics,2026-06-12,6223662220.57724,UNKNOWN,Yahoo,,0,
SOBHA,SOBHA.NS,Sobha Limited,Real Estate,Real Estate - Development,2026-06-12,139574753370.0,UNKNOWN,Yahoo,,0,
SOFTTECH,SOFTTECH.NS,SoftTech Engineers Limited,Technology,Software - Application,2026-06-12,5669739809.285706,UNKNOWN,Yahoo,,0,
SOLARA,SOLARA.NS,Solara Active Pharma Sciences Limited,Healthcare,Drug Manufacturers - Specialty & Generic,2026-06-12,29058413826.45862,UNKNOWN,Yahoo,,0,
SOLARINDS,SOLARINDS.NS,Solar Industries India Limited,Basic Materials,Specialty Chemicals,2026-06-12,1555524045450.0,UNKNOWN,Yahoo,,0,
SOLARWORLD,SOLARWORLD.NS,SOLARWORLD ENERGY SOL LTD,Technology,Solar,2026-06-12,16017106723.703947,UNKNOWN,Yahoo,,0,
SOLEX,SOLEX.NS,SOLEX ENERGY LIMITED,Technology,Solar,2026-06-12,11425792087.834717,UNKNOWN,Yahoo,,0,
SOMANYCERA,SOMANYCERA.NS,Somany Ceramics Limited,Industrials,Building Products & Equipment,2026-06-12,20957543866.0,UNKNOWN,Yahoo,,0,
SOMATEX,SOMATEX.NS,Soma Textiles & Industries Limited,Consumer Cyclical,Textile Manufacturing,2026-06-12,3225508447.324768,UNKNOWN,Yahoo,,0,
SOMICONVEY,SOMICONVEY.NS,Somi Conveyor Beltings Limited,Industrials,Specialty Industrial Machinery,2026-06-12,1211681039.7537231,UNKNOWN,Yahoo,,0,
SONACOMS,SONACOMS.NS,Sona BLW Precision Forgings Limited,Consumer Cyclical,Auto Parts,2026-06-12,366032582500.76935,UNKNOWN,Yahoo,,0,
SONAL,SONAL.NS,Sonal Mercantile Limited,,,2026-06-20,0.0,NO_MARKET_CAP,Yahoo,2026-08-04T07:12:48.276234+00:00,3,No market cap returned.
SONAMAC,SONAMAC.NS,"SONAMAC.NS,0P0001SJ17,66000",,,2026-06-20,472656020.9655762,UNKNOWN,Yahoo,,0,
SONAMLTD,SONAMLTD.NS,Sonam Limited,Consumer Cyclical,"Furnishings, Fixtures & Appliances",2026-06-12,2175739138.916016,UNKNOWN,Yahoo,,0,
SONATSOFTW,SONATSOFTW.NS,Sonata Software Limited,Technology,Information Technology Services,2026-06-12,70527231545.90968,UNKNOWN,Yahoo,,0,
SONUINFRA,SONUINFRA.NS,"SONUINFRA.NS,0P0001OXUR,0",,,2026-06-20,478123807.8956604,UNKNOWN,Yahoo,,0,
SOTAC,SOTAC.NS,"SOTAC.NS,0P0001QQ99,4800",,,2026-06-20,1226550000.0,UNKNOWN,Yahoo,,0,
SOTL,SOTL.NS,Savita Oil Technologies Limited,Basic Materials,Specialty Chemicals,2026-06-12,39511366327.58087,UNKNOWN,Yahoo,,0,
SOUTHBANK,SOUTHBANK.NS,The South Indian Bank Limited,Financial Services,Banks - Regional,2026-06-12,121902510722.18613,UNKNOWN,Yahoo,,0,
SOUTHWEST,SOUTHWEST.NS,South West Pinnacle Exploration Limited,Energy,Oil & Gas Equipment & Services,2026-06-12,7335199522.832062,UNKNOWN,Yahoo,,0,
SPAL,SPAL.NS,S.P. Apparels Limited,Consumer Cyclical,Apparel Manufacturing,2026-06-12,20047002555.22113,UNKNOWN,Yahoo,,0,
SPANDANA,SPANDANA.NS,Spandana Sphoorty Financial Limited,Financial Services,Credit Services,2026-06-12,20192079737.306305,UNKNOWN,Yahoo,,0,
SPARC,SPARC.NS,Sun Pharma Advanced Research Company Limited,Healthcare,Drug Manufacturers - Specialty & Generic,2026-06-12,72861588324.26581,UNKNOWN,Yahoo,,0,
SPCENET,SPCENET.NS,Spacenet Enterprises India Limited,Financial Services,Capital Markets,2026-06-12,1833787290.8287048,UNKNOWN,Yahoo,,0,
SPCL,SPCL.NS,"SPCL.NS,0P0001T88X,276000",,,2026-06-20,1748392237.5,UNKNOWN,Yahoo,,0,
SPECIALITY,SPECIALITY.NS,Speciality Restaurants Limited,Consumer Cyclical,Restaurants,2026-06-12,5064743985.0,UNKNOWN,Yahoo,,0,
SPECTRUM,SPECTRUM.NS,SPECTRUM ELECTRIC IND LTD,Industrials,Electrical Equipment & Parts,2026-06-12,25285139560.36133,UNKNOWN,Yahoo,,0,
SPECTSTM,SPECTSTM.NS,"SPECTSTM.NS,0P0001R5EX,44800",,,2026-06-20,1247027238.0,UNKNOWN,Yahoo,,0,
SPENCERS,SPENCERS.NS,Spencer's Retail Limited,Consumer Cyclical,Department Stores,2026-06-12,3134218125.910515,UNKNOWN,Yahoo,,0,
SPIC,SPIC.NS,Southern Petrochemical Industries Corporation Limited,Basic Materials,Agricultural Inputs,2026-06-12,14030819461.130491,UNKNOWN,Yahoo,,0,
SPLIL,SPLIL.NS,SPL Industries Limited,Consumer Cyclical,Apparel Manufacturing,2026-06-12,864181157.4367161,UNKNOWN,Yahoo,,0,
SPLPETRO,SPLPETRO.NS,Supreme Petrochem Limited,Basic Materials,Specialty Chemicals,2026-06-12,131440898058.0,UNKNOWN,Yahoo,,0,
SPMLINFRA,SPMLINFRA.NS,SPML Infra Limited,Industrials,Engineering & Construction,2026-06-12,15699038920.975113,UNKNOWN,Yahoo,,0,
SPORTKING,SPORTKING.NS,Sportking India Limited,Consumer Cyclical,Textile Manufacturing,2026-06-12,23170879481.42084,UNKNOWN,Yahoo,,0,
SPRL,SPRL.NS,"SPRL.NS,0P0001ON68,4800",,,2026-06-20,171613052.7305603,UNKNOWN,Yahoo,,0,
SRD,SRD.NS,Shankar Lal Rampal Dye-Chem Limited,Basic Materials,Specialty Chemicals,2026-06-12,2481911015.19722,UNKNOWN,Yahoo,,0,
SREEL,SREEL.NS,Sreeleathers Limited,Consumer Cyclical,Footwear & Accessories,2026-06-12,4575661935.452698,UNKNOWN,Yahoo,,0,
SRF,SRF.NS,SRF Limited,Industrials,Conglomerates,2026-06-12,805157297364.0991,UNKNOWN,Yahoo,,0,
SRGHFL,SRGHFL.NS,SRG Housing Finance Limited,Financial Services,Mortgage Finance,2026-06-12,4271311615.826538,UNKNOWN,Yahoo,,0,
SRHHYPOLTD,SRHHYPOLTD.NS,Sree Rayalaseema Hi-Strength Hypo Limited,Basic Materials,Chemicals,2026-06-12,8525766800.231506,UNKNOWN,Yahoo,,0,
SRIVASAVI,SRIVASAVI.NS,"SRIVASAVI.NS,0P0001QJ6W,15000",,,2026-06-20,949669189.0,UNKNOWN,Yahoo,,0,
SRM,SRM.NS,SRM CONTRACTORS LIMITED,Industrials,Engineering & Construction,2026-06-12,10946448333.0,UNKNOWN,Yahoo,,0,
SRTL,SRTL.NS,SHREE RAM TWISTEX LIMITED,Consumer Cyclical,Textile Manufacturing,2026-06-12,1631779487.800598,UNKNOWN,Yahoo,,0,
SSDL,SSDL.NS,SARASWATI SAREE DEPOT LTD,Consumer Cyclical,Apparel Retail,2026-06-12,2177196985.87265,UNKNOWN,Yahoo,,0,
SSFL,SSFL.NS,"SSFL.NS,0P0001RG1Z,37000",,,2026-06-20,1794641707.6904297,UNKNOWN,Yahoo,,0,
SSWL,SSWL.NS,Steel Strips Wheels Limited,Consumer Cyclical,Auto Parts,2026-06-12,36179493350.0,UNKNOWN,Yahoo,,0,
STALLION,STALLION.NS,STALLION IND FLUOROCHEM L,Basic Materials,Specialty Chemicals,2026-06-12,21015001008.433777,UNKNOWN,Yahoo,,0,
STANLEY,STANLEY.NS,STANLEY LIFESTYLES LTD,Consumer Cyclical,"Furnishings, Fixtures & Appliances",2026-06-12,8009589592.764114,UNKNOWN,Yahoo,,0,
STAR,STAR.NS,Strides Pharma Science Limited,Healthcare,Drug Manufacturers - Specialty & Generic,2026-06-12,93278787580.0,UNKNOWN,Yahoo,,0,
STARCEMENT,STARCEMENT.NS,Star Cement Limited,Basic Materials,Building Materials,2026-06-12,87986035963.4986,UNKNOWN,Yahoo,,0,
STARHEALTH,STARHEALTH.NS,Star Health and Allied Insurance Company Limited,Financial Services,Insurance - Life,2026-06-12,306205196806.1199,UNKNOWN,Yahoo,,0,
STARPAPER,STARPAPER.NS,Star Paper Mills Limited,Basic Materials,Paper & Paper Products,2026-06-12,2120313015.886688,UNKNOWN,Yahoo,,0,
STARTECK,STARTECK.NS,Starteck Finance Limited,Financial Services,Credit Services,2026-06-12,2632679104.012146,UNKNOWN,Yahoo,,0,
STCINDIA,STCINDIA.NS,The State Trading Corporation of India Limited,Industrials,Conglomerates,2026-06-12,7188000183.105469,UNKNOWN,Yahoo,,0,
STEELCAS,STEELCAS.NS,Steelcast Limited,Basic Materials,Steel,2026-06-12,28902720617.67578,UNKNOWN,Yahoo,,0,
STEELCITY,STEELCITY.NS,Steel City Securities Limited,Financial Services,Capital Markets,2026-06-12,1142700656.579361,UNKNOWN,Yahoo,,0,
STEELXIND,STEELXIND.NS,Steel Exchange India Limited,Basic Materials,Steel,2026-06-12,14668461738.0,UNKNOWN,Yahoo,,0,
STEL,STEL.NS,STEL Holdings Limited,Financial Services,Asset Management,2026-06-12,10187383560.0,UNKNOWN,Yahoo,,0,
STERTOOLS,STERTOOLS.NS,Sterling Tools Limited,Industrials,Tools & Accessories,2026-06-12,7573451667.343018,UNKNOWN,Yahoo,,0,
STLNETWORK,STLNETWORK.NS,STL NETWORKS LIMITED,Communication Services,Telecom Services,2026-06-12,13451388079.339027,UNKNOWN,Yahoo,,0,
STLTECH,STLTECH.NS,Sterlite Technologies Limited,Technology,Communication Equipment,2026-06-12,286456762258.9224,UNKNOWN,Yahoo,,0,
STOVEKRAFT,STOVEKRAFT.NS,Stove Kraft Limited,Consumer Cyclical,"Furnishings, Fixtures & Appliances",2026-06-12,21355877006.90789,UNKNOWN,Yahoo,,0,
STUDDS,STUDDS.NS,STUDDS ACCESSORIES LTD,Consumer Cyclical,Auto Parts,2026-06-12,19572413730.19409,UNKNOWN,Yahoo,,0,
STYL,STYL.NS,SESHAASAI TECHNOLOGIES L,Technology,Software - Infrastructure,2026-06-12,45305631280.0,UNKNOWN,Yahoo,,0,
STYLAMIND,STYLAMIND.NS,Stylam Industries Limited,Consumer Cyclical,"Furnishings, Fixtures & Appliances",2026-06-12,53759193120.0,UNKNOWN,Yahoo,,0,
STYLEBAAZA,STYLEBAAZA.NS,Baazar Style Retail Limited,Consumer Cyclical,Apparel Retail,2026-06-12,24772961528.0,UNKNOWN,Yahoo,,0,
STYRENIX,STYRENIX.NS,Styrenix Performance Materials Limited,Basic Materials,Chemicals,2026-06-12,37323522132.78906,UNKNOWN,Yahoo,,0,
SUBEXLTD,SUBEXLTD.NS,Subex Limited,Technology,Software - Application,2026-06-12,5726106609.231598,UNKNOWN,Yahoo,,0,
SUBROS,SUBROS.NS,Subros Limited,Consumer Cyclical,Auto Parts,2026-06-12,46669657142.66968,UNKNOWN,Yahoo,,0,
SUDARCOLOR,SUDARCOLOR.NS,Sudarshan Colorants India Limited,Basic Materials,Specialty Chemicals,2026-06-12,8304830638.63977,UNKNOWN,Yahoo,,0,
SUDARSCHEM,SUDARSCHEM.NS,Sudarshan Chemical Industries Limited,Basic Materials,Specialty Chemicals,2026-06-12,69338198696.0,UNKNOWN,Yahoo,,0,
SUDEEPPHRM,SUDEEPPHRM.NS,SUDEEP PHARMA LIMITED,Healthcare,Drug Manufacturers - Specialty & Generic,2026-06-12,84745351958.7326,UNKNOWN,Yahoo,,0,
SUKHJITS,SUKHJITS.NS,The Sukhjit Starch & Chemicals Limited,Basic Materials,Specialty Chemicals,2026-06-12,5432706872.558594,UNKNOWN,Yahoo,,0,
SULA,SULA.NS,Sula Vineyards Limited,Consumer Defensive,Beverages - Wineries & Distilleries,2026-06-12,13165322485.675018,UNKNOWN,Yahoo,,0,
SUMEETINDS,SUMEETINDS.NS,Sumeet Industries Limited,Consumer Cyclical,Textile Manufacturing,2026-06-12,14837145117.958796,UNKNOWN,Yahoo,,0,
SUMICHEM,SUMICHEM.NS,Sumitomo Chemical India Limited,Basic Materials,Agricultural Inputs,2026-06-12,227410800368.1438,UNKNOWN,Yahoo,,0,
SUMIT,SUMIT.NS,Sumit Woods Limited,Real Estate,Real Estate - Development,2026-06-12,1746015789.395073,UNKNOWN,Yahoo,,0,
SUMMITSEC,SUMMITSEC.NS,Summit Securities Limited,Financial Services,Capital Markets,2026-06-12,16201266960.0,UNKNOWN,Yahoo,,0,
SUNCLAY,SUNCLAY.NS,Sundaram-Clayton Limited,Industrials,Metal Fabrication,2026-06-12,29978372164.07276,UNKNOWN,Yahoo,,0,
SUNDARAM,SUNDARAM.NS,Sundaram Multi Pap Limited,Basic Materials,Paper & Paper Products,2026-06-12,649212551.2696253,UNKNOWN,Yahoo,,0,
SUNDARMFIN,SUNDARMFIN.NS,Sundaram Finance Limited,Financial Services,Credit Services,2026-06-12,456954258592.0913,UNKNOWN,Yahoo,,0,
SUNDRMBRAK,SUNDRMBRAK.NS,Sundaram Brake Linings Limited,Consumer Cyclical,Auto Parts,2026-06-12,2862206631.77948,UNKNOWN,Yahoo,,0,
SUNDRMFAST,SUNDRMFAST.NS,Sundram Fasteners Limited,Consumer Cyclical,Auto Parts,2026-06-12,177695062066.23718,UNKNOWN,Yahoo,,0,
SUNDROP,SUNDROP.NS,Sundrop Brands Limited,Consumer Defensive,Packaged Foods,2026-06-12,24642433266.266663,UNKNOWN,Yahoo,,0,
SUNFLAG,SUNFLAG.NS,Sunflag Iron and Steel Company Limited,Basic Materials,Steel,2026-06-12,63302081110.0,UNKNOWN,Yahoo,,0,
SUNPHARMA,SUNPHARMA.NS,Sun Pharmaceutical Industries Limited,Healthcare,Drug Manufacturers - Specialty & Generic,2026-06-12,4341596628215.0,UNKNOWN,Yahoo,,0,
SUNREST,SUNREST.NS,"SUNREST.NS,0P0001RTOB,0",,,2026-06-20,163015988.2375412,UNKNOWN,Yahoo,,0,
SUNTECK,SUNTECK.NS,Sunteck Realty Limited,Real Estate,Real Estate - Development,2026-06-12,41115767000.0,UNKNOWN,Yahoo,,0,
SUNTV,SUNTV.NS,Sun TV Network Limited,Communication Services,Broadcasting,2026-06-12,201298419085.3968,UNKNOWN,Yahoo,,0,
SUPERHOUSE,SUPERHOUSE.NS,Superhouse Limited,Consumer Cyclical,Footwear & Accessories,2026-06-12,1664775000.0,UNKNOWN,Yahoo,,0,
SUPERSPIN,SUPERSPIN.NS,Super Spinning Mills Limited,Consumer Cyclical,Textile Manufacturing,2026-06-12,284052438.0175209,UNKNOWN,Yahoo,,0,
SUPRAJIT,SUPRAJIT.NS,Suprajit Engineering Limited,Consumer Cyclical,Auto Parts,2026-06-12,62625485488.39752,UNKNOWN,Yahoo,,0,
SUPREME,SUPREME.NS,Supreme Holdings & Hospitality (India) Limited,Real Estate,Real Estate - Development,2026-06-12,1793842423.4975967,UNKNOWN,Yahoo,,0,
SUPREMEENG,SUPREMEENG.NS,Supreme Engineering Limited,Basic Materials,Steel,2026-06-12,299940011.9185448,UNKNOWN,Yahoo,,0,
SUPREMEIND,SUPREMEIND.NS,The Supreme Industries Limited,Industrials,Building Products & Equipment,2026-06-12,440706927130.66895,UNKNOWN,Yahoo,,0,
SUPREMEINF,SUPREMEINF.NS,Supreme Infrastructure India Limited,Industrials,Engineering & Construction,2026-06-12,7726118494.111633,UNKNOWN,Yahoo,,0,
SUPREMEPWR,SUPREMEPWR.NS,"SUPREMEPWR.NS,0P0001S3NK,113000",,,2026-06-20,6091589156.25,UNKNOWN,Yahoo,,0,
SUPRIYA,SUPRIYA.NS,Supriya Lifescience Limited,Healthcare,Biotechnology,2026-06-12,79275558000.0,UNKNOWN,Yahoo,,0,
SURAJEST,SURAJEST.NS,SURAJ ESTATE DEVELOPERS L,Real Estate,Real Estate - Development,2026-06-12,9041162674.136414,UNKNOWN,Yahoo,,0,
SURAJLTD,SURAJLTD.NS,Suraj Limited,Basic Materials,Steel,2026-06-12,4260471200.0,UNKNOWN,Yahoo,,0,
SURAKSHA,SURAKSHA.NS,SURAKSHA DIAGNOSTIC LTD,Healthcare,Diagnostics & Research,2026-06-12,14059201257.85144,UNKNOWN,Yahoo,,0,
SURANASOL,SURANASOL.NS,Surana Solar Limited,Technology,Solar,2026-06-12,1343340142.4583435,UNKNOWN,Yahoo,,0,
SURANAT&P,SURANAT&P.NS,Surana Telecom and Power Limited,Utilities,Utilities - Independent Power Producers,2026-06-12,2473546432.641032,UNKNOWN,Yahoo,,0,
SURANI,SURANI.NS,"SURANI.NS,0P0001FKJ4,7600",,,2026-06-20,1788024140.0,UNKNOWN,Yahoo,,0,
SURYALA,SURYALA.NS,Suryalata Spinning Mills Limited,,,2026-06-20,0.0,NO_MARKET_CAP,Yahoo,2026-08-04T07:12:48.365549+00:00,3,No market cap returned.
SURYALAXMI,SURYALAXMI.NS,Suryalakshmi Cotton Mills Limited,Consumer Cyclical,Textile Manufacturing,2026-06-12,1081680289.4083786,UNKNOWN,Yahoo,,0,
SURYAROSNI,SURYAROSNI.NS,Surya Roshni Limited,Basic Materials,Steel,2026-06-12,56013352182.20117,UNKNOWN,Yahoo,,0,
SURYODAY,SURYODAY.NS,Suryoday Small Finance Bank Limited,Financial Services,Banks - Regional,2026-06-12,17894954833.51416,UNKNOWN,Yahoo,,0,
SUTLEJTEX,SUTLEJTEX.NS,Sutlej Textiles and Industries Limited,Consumer Cyclical,Textile Manufacturing,2026-06-12,5935134705.5,UNKNOWN,Yahoo,,0,
SUVEN,SUVEN.NS,Suven Life Sciences Limited,Healthcare,Drug Manufacturers - Specialty & Generic,2026-06-12,71521025328.8454,UNKNOWN,Yahoo,,0,
SUVIDHAA,SUVIDHAA.NS,Suvidhaa Infoserve Limited,Technology,Information Technology Services,2026-06-12,570246278.9644945,UNKNOWN,Yahoo,,0,
SUYOG,SUYOG.NS,Suyog Telematics Limited,Communication Services,Telecom Services,2026-06-12,8090085647.03125,UNKNOWN,Yahoo,,0,
SUZLON,SUZLON.NS,Suzlon Energy Limited,Industrials,Specialty Industrial Machinery,2026-06-12,753120135329.2986,UNKNOWN,Yahoo,,0,
SVLL,SVLL.NS,Shree Vasu Logistics Limited,Industrials,Trucking,2026-06-12,7741006950.0,UNKNOWN,Yahoo,,0,
SVPGLOB,SVPGLOB.NS,SVP Global Textiles Limited,Consumer Cyclical,Textile Manufacturing,2026-06-12,481964992.761612,UNKNOWN,Yahoo,,0,
SWANCORP,SWANCORP.NS,Swan Corp Limited,Industrials,Conglomerates,2026-06-12,99130740197.5,UNKNOWN,Yahoo,,0,
SWANDEF,SWANDEF.NS,SWAN DEFENCE N HEVY IND L,Industrials,Aerospace & Defense,2026-06-12,103941881950.0,UNKNOWN,Yahoo,,0,
SWARAJ,SWARAJ.NS,"SWARAJ.NS,0P0001OO59,36000",,,2026-06-20,5496858474.611206,UNKNOWN,Yahoo,,0,
SWARAJENG,SWARAJENG.NS,Swaraj Engines Limited,Consumer Cyclical,Auto Parts,2026-06-12,45068081312.77588,UNKNOWN,Yahoo,,0,
SWASTIK,SWASTIK.NS,"SWASTIK.NS,0P0001PTBC,12000",,,2026-06-20,458821335.0,UNKNOWN,Yahoo,,0,
SWELECTES,SWELECTES.NS,Swelect Energy Systems Limited,Technology,Solar,2026-06-12,9820455660.497314,UNKNOWN,Yahoo,,0,
SWIGGY,SWIGGY.NS,SWIGGY LIMITED,Consumer Cyclical,Internet Retail,2026-06-12,643304614157.7954,UNKNOWN,Yahoo,,0,
SWSOLAR,SWSOLAR.NS,Sterling and Wilson Renewable Energy Limited,Technology,Solar,2026-06-12,47849419365.90738,UNKNOWN,Yahoo,,0,
SYLVANPLY,SYLVANPLY.NS,"SYLVANPLY.NS,0P0001T88W,254000",,,2026-06-20,1012334867.5,UNKNOWN,Yahoo,,0,
SYMPHONY,SYMPHONY.NS,Symphony Limited,Consumer Cyclical,"Furnishings, Fixtures & Appliances",2026-06-12,45625279836.54785,UNKNOWN,Yahoo,,0,
SYNCOMF,SYNCOMF.NS,Syncom Formulations (India) Limited,Healthcare,Drug Manufacturers - Specialty & Generic,2026-06-12,13404400215.148926,UNKNOWN,Yahoo,,0,
SYNGENE,SYNGENE.NS,Syngene International Limited,Healthcare,Diagnostics & Research,2026-06-12,182339922105.0,UNKNOWN,Yahoo,,0,
SYNOPTICS,SYNOPTICS.NS,"SYNOPTICS.NS,0P0001R8HV,3000",,,2026-06-20,552895974.1210938,UNKNOWN,Yahoo,,0,
SYRMA,SYRMA.NS,Syrma SGS Technology Limited,Technology,Electronic Components,2026-06-12,243709111494.88354,UNKNOWN,Yahoo,,0,
SYSTANGO,SYSTANGO.NS,"SYSTANGO.NS,0P0001QKGD,22800",,,2026-06-20,3430298969.53125,UNKNOWN,Yahoo,,0,
SYSTMTXC,SYSTMTXC.NS,Systematix Corporate Services Limited,Financial Services,Capital Markets,2026-06-12,9110071125.66626,UNKNOWN,Yahoo,,0,
TAALTECH,TAALTECH.NS,TAAL Tech Limited,,,2026-06-20,0.0,NO_MARKET_CAP,Yahoo,2026-08-04T07:12:48.453355+00:00,3,No market cap returned.
TAC,TAC.NS,"TAC.NS,0P0001SMEB,32400",,,2026-06-20,8544017752.075195,UNKNOWN,Yahoo,,0,
TAINWALCHM,TAINWALCHM.NS,Tainwala Chemicals and Plastics (India) Limited,Basic Materials,Specialty Chemicals,2026-06-12,1882136463.0,UNKNOWN,Yahoo,,0,
TAJGVK,TAJGVK.NS,TAJGVK Hotels & Resorts Limited,Consumer Cyclical,Lodging,2026-06-12,20431282528.449554,UNKNOWN,Yahoo,,0,
TAKE,TAKE.NS,TAKE Solutions Limited,Healthcare,Biotechnology,2026-06-12,4372126965.819595,UNKNOWN,Yahoo,,0,
TALBROAUTO,TALBROAUTO.NS,Talbros Automotive Components Limited,Consumer Cyclical,Auto Parts,2026-06-12,22188184271.017456,UNKNOWN,Yahoo,,0,
TAMBOLIIN,TAMBOLIIN.NS,Tamboli Industries Limited,,,2026-06-20,0.0,NO_MARKET_CAP,Yahoo,2026-08-04T07:12:48.548402+00:00,3,No market cap returned.
TANLA,TANLA.NS,Tanla Platforms Limited,Technology,Software - Application,2026-06-12,67540703979.0,UNKNOWN,Yahoo,,0,
TAPIFRUIT,TAPIFRUIT.NS,"TAPIFRUIT.NS,0P0001PPNU,0",,,2026-06-20,213650000.0,UNKNOWN,Yahoo,,0,
TARACHAND,TARACHAND.NS,Tara Chand Infralogistic Solutions Limited,Industrials,Farm & Heavy Construction Machinery,2026-06-12,4347981471.972275,UNKNOWN,Yahoo,,0,
TARAPUR,TARAPUR.NS,Tarapur Transformers Limited,Industrials,Specialty Industrial Machinery,2026-06-12,375375211.75,UNKNOWN,Yahoo,,0,
TARC,TARC.NS,TARC Limited,Real Estate,Real Estate - Development,2026-06-12,36833924444.64375,UNKNOWN,Yahoo,,0,
TARIL,TARIL.NS,TRANS & RECTI. LTD,Industrials,Electrical Equipment & Parts,2026-06-12,93771804709.53314,UNKNOWN,Yahoo,,0,
TARMAT,TARMAT.NS,Tarmat Limited,Industrials,Engineering & Construction,2026-06-12,1308354130.122509,UNKNOWN,Yahoo,,0,
TARSONS,TARSONS.NS,Tarsons Products Limited,Healthcare,Medical Instruments & Supplies,2026-06-12,10868447247.191755,UNKNOWN,Yahoo,,0,
TASTYBITE,TASTYBITE.NS,Tasty Bite Eatables Limited,Consumer Defensive,Packaged Foods,2026-06-12,21014257000.0,UNKNOWN,Yahoo,,0,
TATACAP,TATACAP.NS,TATA CAPITAL LIMITED,Financial Services,Credit Services,2026-06-12,1376750181569.0,UNKNOWN,Yahoo,,0,
TATACHEM,TATACHEM.NS,Tata Chemicals Limited,Basic Materials,Chemicals,2026-06-12,190175561527.0,UNKNOWN,Yahoo,,0,
TATACOMM,TATACOMM.NS,Tata Communications Limited,Communication Services,Telecom Services,2026-06-12,558571506958.0078,UNKNOWN,Yahoo,,0,
TATACONSUM,TATACONSUM.NS,Tata Consumer Products Limited,Consumer Defensive,Packaged Foods,2026-06-12,1092766256603.0771,UNKNOWN,Yahoo,,0,
TATAELXSI,TATAELXSI.NS,Tata Elxsi Limited,Technology,Software - Application,2026-06-12,252303109200.0,UNKNOWN,Yahoo,,0,
TATAINVEST,TATAINVEST.NS,Tata Investment Corporation Limited,Financial Services,Asset Management,2026-06-12,335674497488.1836,UNKNOWN,Yahoo,,0,
TATAPOWER,TATAPOWER.NS,Tata Power Company Limited,Utilities,Utilities - Independent Power Producers,2026-06-12,1255289160541.755,UNKNOWN,Yahoo,,0,
TATASTEEL,TATASTEEL.NS,Tata Steel Limited,Basic Materials,Steel,2026-06-12,2461693342554.2534,UNKNOWN,Yahoo,,0,
TATATECH,TATATECH.NS,Tata Technologies Limited,Technology,Information Technology Services,2026-06-12,305574299709.8126,UNKNOWN,Yahoo,,0,
TATSILV,TATSILV.NS,Tata Mutual Fund - Tata Silver ETF Fund of Fund,,,2026-06-20,0.0,NO_MARKET_CAP,Yahoo,2026-08-04T07:12:48.642912+00:00,3,No market cap returned.
TATVA,TATVA.NS,Tatva Chintan Pharma Chem Limited,Basic Materials,Specialty Chemicals,2026-06-12,27845902843.095093,UNKNOWN,Yahoo,,0,
TBI,TBI.NS,"TBI.NS,0P0001T33E,202800",,,2026-06-20,1204810210.3924713,UNKNOWN,Yahoo,,0,
TBOTEK,TBOTEK.NS,TBO TEK LIMITED,Consumer Cyclical,Travel Services,2026-06-12,137729985197.66162,UNKNOWN,Yahoo,,0,
TBZ,TBZ.NS,Tribhovandas Bhimji Zaveri Limited,Consumer Cyclical,Luxury Goods,2026-06-12,12259082648.22052,UNKNOWN,Yahoo,,0,
TCC,TCC.NS,TCC Concept Limited,,,2026-06-20,0.0,NO_MARKET_CAP,Yahoo,2026-08-04T07:12:48.722009+00:00,3,No market cap returned.
TCI,TCI.NS,Transport Corporation of India Limited,Industrials,Integrated Freight & Logistics,2026-06-12,71667192954.82214,UNKNOWN,Yahoo,,0,
TCIEXP,TCIEXP.NS,TCI Express Limited,Industrials,Integrated Freight & Logistics,2026-06-12,19705100908.963623,UNKNOWN,Yahoo,,0,
TCIFINANCE,TCIFINANCE.NS,TCI Finance Limited,Financial Services,Credit Services,2026-06-12,341893407.20534706,UNKNOWN,Yahoo,,0,
TCL,TCL.NS,"TCL.NS,0P0001SE81,75200",,,2026-06-20,2315272924.7070312,UNKNOWN,Yahoo,,0,
TCPLPACK,TCPLPACK.NS,TCPL Packaging Limited,Consumer Cyclical,Packaging & Containers,2026-06-12,22721333287.30713,UNKNOWN,Yahoo,,0,
TCS,TCS.NS,Tata Consultancy Services Limited,Technology,Information Technology Services,2026-06-12,7798787645049.0,UNKNOWN,Yahoo,,0,
TDPOWERSYS,TDPOWERSYS.NS,TD Power Systems Limited,Industrials,Specialty Industrial Machinery,2026-06-12,183724633680.0,UNKNOWN,Yahoo,,0,
TEAMGTY,TEAMGTY.NS,Team India Guaranty Limited,Financial Services,Asset Management,2026-06-12,2173194400.9601746,UNKNOWN,Yahoo,,0,
TEAMLEASE,TEAMLEASE.NS,TeamLease Services Limited,Industrials,Staffing & Employment Services,2026-06-12,23702716154.479004,UNKNOWN,Yahoo,,0,
TECH,TECH.NS,Aditya Birla Sun Life Nifty IT ETF,,,2026-06-20,0.0,NO_MARKET_CAP,Yahoo,2026-08-04T07:12:48.805193+00:00,3,No market cap returned.
TECHLABS,TECHLABS.NS,"TECHLABS.NS,0P0001S3FQ,37000",,,2026-06-20,2135075509.937622,UNKNOWN,Yahoo,,0,
TECHM,TECHM.NS,Tech Mahindra Limited,Technology,Information Technology Services,2026-06-12,1270563231285.0,UNKNOWN,Yahoo,,0,
TECHNOE,TECHNOE.NS,Techno Electric & Engineering Company Limited,Industrials,Engineering & Construction,2026-06-12,120370059090.0,UNKNOWN,Yahoo,,0,
TECHNVISN,TECHNVISN.NS,TechNVision Ventures Limited,,,2026-06-20,0.0,NO_MARKET_CAP,Yahoo,2026-08-04T07:12:48.892009+00:00,3,No market cap returned.
TECILCHEM,TECILCHEM.NS,Tecil Chemicals and Hydro Power Ltd.,Financial Services,Shell Companies,2026-06-12,214480246.65751457,UNKNOWN,Yahoo,,0,
TEGA,TEGA.NS,Tega Industries Limited,Industrials,Specialty Industrial Machinery,2026-06-12,130496811426.0,UNKNOWN,Yahoo,,0,
TEJASNET,TEJASNET.NS,Tejas Networks Limited,Technology,Communication Equipment,2026-06-12,104294705011.48218,UNKNOWN,Yahoo,,0,
TEMBO,TEMBO.NS,Tembo Global Industries Limited,Industrials,Metal Fabrication,2026-06-12,8490689985.507935,UNKNOWN,Yahoo,,0,
TENNIND,TENNIND.NS,TENNECO CLEAN AIR INDIA L,Consumer Cyclical,Auto Parts,2026-06-12,0.0,NO_MARKET_CAP,Yahoo,2026-08-04T07:12:48.973648+00:00,3,No market cap returned.
TERASOFT,TERASOFT.NS,Tera Software Limited,Technology,Information Technology Services,2026-06-12,5303783736.133575,UNKNOWN,Yahoo,,0,
TEXINFRA,TEXINFRA.NS,Texmaco Infrastructure & Holdings Limited,Real Estate,Real Estate Services,2026-06-12,12573181401.974943,UNKNOWN,Yahoo,,0,
TEXMOPIPES,TEXMOPIPES.NS,Texmo Pipes and Products Limited,Industrials,Building Products & Equipment,2026-06-12,1287791467.819214,UNKNOWN,Yahoo,,0,
TEXRAIL,TEXRAIL.NS,Texmaco Rail & Engineering Limited,Industrials,Railroads,2026-06-12,42435976101.25214,UNKNOWN,Yahoo,,0,
TFCILTD,TFCILTD.NS,Tourism Finance Corporation of India Limited,Financial Services,Credit Services,2026-06-12,34686253973.063354,UNKNOWN,Yahoo,,0,
TFL,TFL.NS,Transwarranty Finance Limited,Financial Services,Mortgage Finance,2026-06-12,661394328.0,UNKNOWN,Yahoo,,0,
TGBHOTELS,TGBHOTELS.NS,TGB Banquets and Hotels Limited,Consumer Cyclical,Lodging,2026-06-12,262406145.1171875,UNKNOWN,Yahoo,,0,
TGL,TGL.NS,"TGL.NS,0P0001SPAF,154800",,,2026-06-20,236992100.0,UNKNOWN,Yahoo,,0,
THACKER,THACKER.NS,Thacker and Company Limited,,,2026-06-20,0.0,NO_MARKET_CAP,Yahoo,2026-08-04T07:12:49.054976+00:00,3,No market cap returned.
THAKDEV,THAKDEV.NS,Thakkers Developers Limited,,,2026-06-20,0.0,NO_MARKET_CAP,Yahoo,2026-08-04T07:12:49.145711+00:00,3,No market cap returned.
THANGAMAYL,THANGAMAYL.NS,Thangamayil Jewellery Limited,Consumer Cyclical,Luxury Goods,2026-06-12,167936159463.0,UNKNOWN,Yahoo,,0,
THEINVEST,THEINVEST.NS,The Investment Trust of India Limited,Financial Services,Capital Markets,2026-06-12,5083167873.530594,UNKNOWN,Yahoo,,0,
THEJO,THEJO.NS,Thejo Engineering Limited,Industrials,Specialty Industrial Machinery,2026-06-12,16620280410.792849,UNKNOWN,Yahoo,,0,
THELEELA,THELEELA.NS,Leela Palaces Hotels & Resorts Limited,Consumer Cyclical,Lodging,2026-06-12,142165872741.23425,UNKNOWN,Yahoo,,0,
THEMISMED,THEMISMED.NS,Themis Medicare Limited,Healthcare,Drug Manufacturers - Specialty & Generic,2026-06-12,9678472712.141691,UNKNOWN,Yahoo,,0,
THERMAX,THERMAX.NS,Thermax Limited,Industrials,Conglomerates,2026-06-12,524683736918.3936,UNKNOWN,Yahoo,,0,
THOMASCOOK,THOMASCOOK.NS,Thomas Cook (India) Limited,Consumer Cyclical,Travel Services,2026-06-12,52039065831.0041,UNKNOWN,Yahoo,,0,
THOMASCOTT,THOMASCOTT.NS,Thomas Scott (India) Limited,Consumer Cyclical,Textile Manufacturing,2026-06-12,3722608925.0,UNKNOWN,Yahoo,,0,
THYROCARE,THYROCARE.NS,Thyrocare Technologies Limited,Healthcare,Diagnostics & Research,2026-06-12,83727005607.65826,UNKNOWN,Yahoo,,0,
TI,TI.NS,Tilaknagar Industries Ltd.,Consumer Defensive,Beverages - Wineries & Distilleries,2026-06-12,106493551459.861,UNKNOWN,Yahoo,,0,
TICL,TICL.NS,Twamev Construction and Infrastructure Limited,Industrials,Engineering & Construction,2026-06-12,3216250000.0,UNKNOWN,Yahoo,,0,
TIGERLOGS,TIGERLOGS.NS,Tiger Logistics (India) Limited,Industrials,Integrated Freight & Logistics,2026-06-12,3689802661.3235474,UNKNOWN,Yahoo,,0,
TIIL,TIIL.NS,Technocraft Industries (India) Limited,Industrials,Tools & Accessories,2026-06-12,56940462683.05957,UNKNOWN,Yahoo,,0,
TIINDIA,TIINDIA.NS,Tube Investments of India Limited,Industrials,Conglomerates,2026-06-12,599636596190.5327,UNKNOWN,Yahoo,,0,
TIJARIA,TIJARIA.NS,Tijaria Polypipes Limited,Industrials,Building Products & Equipment,2026-06-12,129987989.03342056,UNKNOWN,Yahoo,,0,
TIL,TIL.NS,TIL Limited,Industrials,Farm & Heavy Construction Machinery,2026-06-12,14453805659.511902,UNKNOWN,Yahoo,,0,
TIMESCAN,TIMESCAN.NS,"TIMESCAN.NS,0P0001O7P9,10000",,,2026-06-20,289303210.6628418,UNKNOWN,Yahoo,,0,
TIMETECHNO,TIMETECHNO.NS,Time Technoplast Limited,Consumer Cyclical,Packaging & Containers,2026-06-12,82437108293.0,UNKNOWN,Yahoo,,0,
TIMEX,TIMEX.NS,Timex Group India Limited,Consumer Cyclical,Luxury Goods,2026-06-12,48879991232.299805,UNKNOWN,Yahoo,,0,
TIMKEN,TIMKEN.NS,Timken India Limited,Industrials,Tools & Accessories,2026-06-12,267026505700.0,UNKNOWN,Yahoo,,0,
TINNARUBR,TINNARUBR.NS,Tinna Rubber and Infrastructure Limited,Basic Materials,Specialty Chemicals,2026-06-12,15636776508.068909,UNKNOWN,Yahoo,,0,
TIPSFILMS,TIPSFILMS.NS,Tips Films Limited,Communication Services,Entertainment,2026-06-12,1511497063.5151978,UNKNOWN,Yahoo,,0,
TIPSMUSIC,TIPSMUSIC.NS,Tips Music Limited,Communication Services,Entertainment,2026-06-12,80981312265.0,UNKNOWN,Yahoo,,0,
TIRUMALCHM,TIRUMALCHM.NS,Thirumalai Chemicals Limited,Basic Materials,Specialty Chemicals,2026-06-12,20343280612.5,UNKNOWN,Yahoo,,0,
TIRUPATI,TIRUPATI.NS,"TIRUPATI.NS,0P0001BQU5,7500",,,2026-06-20,5049824940.0,UNKNOWN,Yahoo,,0,
TIRUPATIFL,TIRUPATIFL.NS,Tirupati Forge Limited,Industrials,Metal Fabrication,2026-06-12,5286129588.548119,UNKNOWN,Yahoo,,0,
TITAGARH,TITAGARH.NS,Titagarh Rail Systems Limited,Industrials,Railroads,2026-06-12,114661249363.1338,UNKNOWN,Yahoo,,0,
TITAN,TITAN.NS,Titan Company Limited,Consumer Cyclical,Luxury Goods,2026-06-12,3657287606980.0,UNKNOWN,Yahoo,,0,
TMB,TMB.NS,Tamilnad Mercantile Bank Limited,Financial Services,Banks - Regional,2026-06-12,120742983675.0,UNKNOWN,Yahoo,,0,
TMCV,TMCV.NS,TATA MOTORS LIMITED,Consumer Cyclical,Auto Manufacturers,2026-06-12,1388850688033.571,UNKNOWN,Yahoo,,0,
TMPV,TMPV.NS,Tata Motors Passenger Vehicles Limited,Consumer Cyclical,Auto Manufacturers,2026-06-12,1413502942889.8037,UNKNOWN,Yahoo,,0,
TNPETRO,TNPETRO.NS,Tamilnadu Petroproducts Limited,Basic Materials,Specialty Chemicals,2026-06-12,8124424376.771149,UNKNOWN,Yahoo,,0,
TNPL,TNPL.NS,Tamil Nadu Newsprint and Papers Limited,Basic Materials,Paper & Paper Products,2026-06-12,9964941892.300417,UNKNOWN,Yahoo,,0,
TNTELE,TNTELE.NS,Tamilnadu Telecommunications Limited,Technology,Communication Equipment,2026-06-12,415697117.4259186,UNKNOWN,Yahoo,,0,
TOKYOPLAST,TOKYOPLAST.NS,Tokyo Plast International Limited,Consumer Cyclical,Packaging & Containers,2026-06-12,802108170.602417,UNKNOWN,Yahoo,,0,
TOLINS,TOLINS.NS,TOLINS TYRES LIMITED,Consumer Cyclical,Auto Parts,2026-06-12,3968267082.097107,UNKNOWN,Yahoo,,0,
TORNTPHARM,TORNTPHARM.NS,Torrent Pharmaceuticals Limited,Healthcare,Drug Manufacturers - Specialty & Generic,2026-06-12,1548083320155.3125,UNKNOWN,Yahoo,,0,
TORNTPOWER,TORNTPOWER.NS,Torrent Power Limited,Utilities,Utilities - Independent Power Producers,2026-06-12,703902871519.0326,UNKNOWN,Yahoo,,0,
TOTAL,TOTAL.NS,Total Transport Systems Limited,Industrials,Integrated Freight & Logistics,2026-06-12,830539161.0,UNKNOWN,Yahoo,,0,
TOUCHWOOD,TOUCHWOOD.NS,Touchwood Entertainment Limited,Communication Services,Advertising Agencies,2026-06-12,764495137.8679047,UNKNOWN,Yahoo,,0,
TPHQ,TPHQ.NS,Teamo Productions HQ Limited,Industrials,Engineering & Construction,2026-06-12,537147614.4543648,UNKNOWN,Yahoo,,0,
TPLPLASTEH,TPLPLASTEH.NS,TPL Plastech Limited,Consumer Cyclical,Packaging & Containers,2026-06-12,5196560074.241638,UNKNOWN,Yahoo,,0,
TRACXN,TRACXN.NS,Tracxn Technologies Limited,Technology,Software - Application,2026-06-12,3343720935.559965,UNKNOWN,Yahoo,,0,
TRANSPEK,TRANSPEK.NS,Transpek Industry Limited,Basic Materials,Chemicals,2026-06-12,5697280380.0,UNKNOWN,Yahoo,,0,
TRANSRAILL,TRANSRAILL.NS,TRANSRAIL LIGHTING LTD,Industrials,Engineering & Construction,2026-06-12,63946143068.63251,UNKNOWN,Yahoo,,0,
TRANSTEEL,TRANSTEEL.NS,"TRANSTEEL.NS,0P0001RSSZ,92000",,,2026-06-20,2639450782.879257,UNKNOWN,Yahoo,,0,
TRANSWIND,TRANSWIND.NS,"TRANSWIND.NS,0P0001BBTG,8000",,,2026-06-20,88294798.7241745,UNKNOWN,Yahoo,,0,
TRANSWORLD,TRANSWORLD.NS,Transworld Shipping Lines Limited,Industrials,Marine Shipping,2026-06-12,3513205280.0,UNKNOWN,Yahoo,,0,
TRAVELFOOD,TRAVELFOOD.NS,TRAVEL FOOD SERVICES LTD,Consumer Cyclical,Restaurants,2026-06-12,160346101237.1377,UNKNOWN,Yahoo,,0,
TREEHOUSE,TREEHOUSE.NS,Tree House Education & Accessories Limited,Consumer Defensive,Education & Training Services,2026-06-12,288136028.0189609,UNKNOWN,Yahoo,,0,
TREJHARA,TREJHARA.NS,Trejhara Solutions Limited,Technology,Software - Application,2026-06-12,3340411464.0627136,UNKNOWN,Yahoo,,0,
TREL,TREL.NS,Transindia Real Estate Limited,Real Estate,Real Estate Services,2026-06-12,6216096569.749191,UNKNOWN,Yahoo,,0,
TRENT,TRENT.NS,Trent Limited,Consumer Cyclical,Apparel Retail,2026-06-12,1458283722811.5334,UNKNOWN,Yahoo,,0,
TRF,TRF.NS,TRF Limited,Industrials,Specialty Industrial Machinery,2026-06-12,2453983876.0,UNKNOWN,Yahoo,,0,
TRIDENT,TRIDENT.NS,Trident Limited,Consumer Cyclical,Textile Manufacturing,2026-06-12,122446888700.95992,UNKNOWN,Yahoo,,0,
TRIDHYA,TRIDHYA.NS,"TRIDHYA.NS,0P0001R8HT,42000",,,2026-06-20,273634000.0,UNKNOWN,Yahoo,,0,
TRIGYN,TRIGYN.NS,Trigyn Technologies Limited,Technology,Information Technology Services,2026-06-12,1662737549.6871643,UNKNOWN,Yahoo,,0,
TRITURBINE,TRITURBINE.NS,Triveni Turbine Limited,Industrials,Specialty Industrial Machinery,2026-06-12,211098156924.3961,UNKNOWN,Yahoo,,0,
TRIVENI,TRIVENI.NS,Triveni Engineering & Industries Limited,Consumer Defensive,Confectioners,2026-06-12,84376997481.41089,UNKNOWN,Yahoo,,0,
TRU,TRU.NS,TruCap Finance Limited,Financial Services,Credit Services,2026-06-12,684644404.1653233,UNKNOWN,Yahoo,,0,
TRUALT,TRUALT.NS,TRUALT BIOENERGY LIMITED,Energy,Oil & Gas Refining & Marketing,2026-06-12,43232168229.25772,UNKNOWN,Yahoo,,0,
TRUST,TRUST.NS,"TRUST.NS,0P0001SMEC,54000",,,2026-06-20,764788883.6456299,UNKNOWN,Yahoo,,0,
TSFINV,TSFINV.NS,TSF Investments Limited,Financial Services,Asset Management,2026-06-12,86566373847.75,UNKNOWN,Yahoo,,0,
TTKHLTCARE,TTKHLTCARE.NS,TTK Healthcare Limited,Healthcare,Drug Manufacturers - General,2026-06-12,12525833860.339417,UNKNOWN,Yahoo,,0,
TTKPRESTIG,TTKPRESTIG.NS,TTK Prestige Limited,Consumer Cyclical,"Furnishings, Fixtures & Appliances",2026-06-12,73508440662.0,UNKNOWN,Yahoo,,0,
TTL,TTL.NS,T.T. Limited,Consumer Cyclical,Textile Manufacturing,2026-06-12,1756514468.4689026,UNKNOWN,Yahoo,,0,
TTML,TTML.NS,Tata Teleservices (Maharashtra) Limited,Communication Services,Telecom Services,2026-06-12,93054556822.217,UNKNOWN,Yahoo,,0,
TUNWAL,TUNWAL.NS,"TUNWAL.NS,0P0001TBZ0,4260000",,,2026-06-20,1473773760.904312,UNKNOWN,Yahoo,,0,
TVSELECT,TVSELECT.NS,TVS Electronics Limited,Technology,Computer Hardware,2026-06-12,8497259347.5,UNKNOWN,Yahoo,,0,
TVSHLTD,TVSHLTD.NS,TVS Holdings Limited,Consumer Cyclical,Auto Parts,2026-06-12,270402069960.0,UNKNOWN,Yahoo,,0,
TVSMOTOR,TVSMOTOR.NS,TVS Motor Company Limited,Consumer Cyclical,Auto Manufacturers,2026-06-12,1560215354350.0137,UNKNOWN,Yahoo,,0,
TVSSCS,TVSSCS.NS,TVS Supply Chain Solutions Limited,Industrials,Integrated Freight & Logistics,2026-06-12,58350467947.54573,UNKNOWN,Yahoo,,0,
TVSSRICHAK,TVSSRICHAK.NS,TVS Srichakra Limited,Consumer Cyclical,Auto Parts,2026-06-12,30220845313.879395,UNKNOWN,Yahoo,,0,
TVTODAY,TVTODAY.NS,T.V. Today Network Limited,Communication Services,Broadcasting,2026-06-12,6225823070.587006,UNKNOWN,Yahoo,,0,
TVVISION,TVVISION.NS,TV Vision Limited,Communication Services,Broadcasting,2026-06-12,192947610.7389927,UNKNOWN,Yahoo,,0,
UBL,UBL.NS,United Breweries Limited,Consumer Defensive,Beverages - Brewers,2026-06-12,357105587784.19617,UNKNOWN,Yahoo,,0,
UCAL,UCAL.NS,UCAL Limited,Consumer Cyclical,Auto Parts,2026-06-12,2209593369.508744,UNKNOWN,Yahoo,,0,
UCL,UCL.NS,"UCL.NS,0P0001E37S,82000",,,2026-06-20,1815288919.291687,UNKNOWN,Yahoo,,0,
UCOBANK,UCOBANK.NS,UCO Bank,Financial Services,Banks - Regional,2026-06-12,322517448329.64813,UNKNOWN,Yahoo,,0,
UDS,UDS.NS,Updater Services Limited,Industrials,Specialty Business Services,2026-06-12,12364438459.701584,UNKNOWN,Yahoo,,0,
UEL,UEL.NS,Ujaas Energy Limited,Technology,Solar,2026-06-12,18783745863.661743,UNKNOWN,Yahoo,,0,
UFBL,UFBL.NS,UNITED FOODBRANDS LIMITED,Consumer Cyclical,Restaurants,2026-06-12,22955434607.97125,UNKNOWN,Yahoo,,0,
UFLEX,UFLEX.NS,Uflex Limited,Consumer Cyclical,Packaging & Containers,2026-06-12,30108579969.187862,UNKNOWN,Yahoo,,0,
UFO,UFO.NS,UFO Moviez India Limited,Communication Services,Entertainment,2026-06-12,2794662504.0,UNKNOWN,Yahoo,,0,
UGARSUGAR,UGARSUGAR.NS,The Ugar Sugar Works Limited,Consumer Defensive,Confectioners,2026-06-12,4432500171.661377,UNKNOWN,Yahoo,,0,
UGROCAP,UGROCAP.NS,UGRO Capital Limited,Financial Services,Credit Services,2026-06-12,14425783716.377953,UNKNOWN,Yahoo,,0,
UJJIVANSFB,UJJIVANSFB.NS,Ujjivan Small Finance Bank Limited,Financial Services,Banks - Regional,2026-06-12,105821917998.6248,UNKNOWN,Yahoo,,0,
ULTRACEMCO,ULTRACEMCO.NS,UltraTech Cement Limited,Basic Materials,Building Materials,2026-06-12,3228217574490.0,UNKNOWN,Yahoo,,0,
ULTRAMAR,ULTRAMAR.NS,Ultramarine & Pigments Limited,Basic Materials,Specialty Chemicals,2026-06-12,11326679821.777344,UNKNOWN,Yahoo,,0,
UMA,UMA.NS,"UMA.NS,0P0001Q8CL,52000",,,2026-06-20,373046873.0659733,UNKNOWN,Yahoo,,0,
UMAEXPORTS,UMAEXPORTS.NS,Uma Exports Limited,Consumer Defensive,Farm Products,2026-06-12,758692603.2563972,UNKNOWN,Yahoo,,0,
UMESLTD,UMESLTD.NS,Usha Martin Education & Solutions Limited,Consumer Defensive,Education & Training Services,2026-06-12,149693099.05074167,UNKNOWN,Yahoo,,0,
UMIYA-MRO,UMIYA-MRO.NS,Umiya Buildcon Limited,Real Estate,Real Estate - Development,2026-06-12,1616218073.0,UNKNOWN,Yahoo,,0,
UNICHEMLAB,UNICHEMLAB.NS,Unichem Laboratories Limited,Healthcare,Drug Manufacturers - Specialty & Generic,2026-06-12,31981811937.5,UNKNOWN,Yahoo,,0,
UNIDT,UNIDT.NS,United Drilling Tools Limited,Energy,Oil & Gas Equipment & Services,2026-06-12,4680885761.260223,UNKNOWN,Yahoo,,0,
UNIECOM,UNIECOM.NS,UNICOMMERCE ESOLUTIONS L,Technology,Software - Application,2026-06-12,10206276457.564598,UNKNOWN,Yahoo,,0,
UNIENTER,UNIENTER.NS,Uniphos Enterprises Limited,Basic Materials,Chemicals,2026-06-12,7086722119.218544,UNKNOWN,Yahoo,,0,
UNIHEALTH,UNIHEALTH.NS,Unihealth Hospitals Limited,,,2026-06-20,8716372832.0,UNKNOWN,Yahoo,,0,
UNIINFO,UNIINFO.NS,Uniinfo Telecom Services Limited,Communication Services,Telecom Services,2026-06-12,122970880.0,UNKNOWN,Yahoo,,0,
UNIMECH,UNIMECH.NS,UNIMECH AEROSPACE N MFG L,Industrials,Aerospace & Defense,2026-06-12,59146554929.0,UNKNOWN,Yahoo,,0,
UNIONBANK,UNIONBANK.NS,Union Bank of India,Financial Services,Banks - Regional,2026-06-12,1286796953082.1873,UNKNOWN,Yahoo,,0,
UNIPARTS,UNIPARTS.NS,Uniparts India Limited,Industrials,Farm & Heavy Construction Machinery,2026-06-12,29762258564.80261,UNKNOWN,Yahoo,,0,
UNITDSPR,UNITDSPR.NS,UNITED SPIRITS LIMITED,Consumer Defensive,Beverages - Wineries & Distilleries,2026-06-12,923363145467.8192,UNKNOWN,Yahoo,,0,
UNITECH,UNITECH.NS,Unitech Limited,Real Estate,Real Estate - Diversified,2026-06-12,12479755944.288015,UNKNOWN,Yahoo,,0,
UNITEDPOLY,UNITEDPOLY.NS,United Polyfab Gujarat Limited,Consumer Cyclical,Textile Manufacturing,2026-06-12,7642865974.89357,UNKNOWN,Yahoo,,0,
UNITEDTEA,UNITEDTEA.NS,The United Nilgiri Tea Estates Company Limited,Consumer Defensive,Farm Products,2026-06-12,2538255528.0,UNKNOWN,Yahoo,,0,
UNIVASTU,UNIVASTU.NS,Univastu India Limited,Industrials,Engineering & Construction,2026-06-12,2928963188.3354187,UNKNOWN,Yahoo,,0,
UNIVCABLES,UNIVCABLES.NS,Universal Cables Limited,Industrials,Electrical Equipment & Parts,2026-06-12,40524205008.0,UNKNOWN,Yahoo,,0,
UNIVPHOTO,UNIVPHOTO.NS,Universus Photo Imagings Limited,Healthcare,Medical Devices,2026-06-12,3926546988.425537,UNKNOWN,Yahoo,,0,
UNOMINDA,UNOMINDA.NS,Uno Minda Limited,Consumer Cyclical,Auto Parts,2026-06-12,601258826690.5591,UNKNOWN,Yahoo,,0,
UPL,UPL.NS,UPL Limited,Basic Materials,Agricultural Inputs,2026-06-12,509875417440.0102,UNKNOWN,Yahoo,,0,
URAVIDEF,URAVIDEF.NS,Uravi Defence and Technology Limited,Consumer Cyclical,Auto Parts,2026-06-12,1299372038.269043,UNKNOWN,Yahoo,,0,
URBAN,URBAN.NS,"URBAN.NS,0P0001R5JU,28400",,,2026-06-20,1125366973.571777,UNKNOWN,Yahoo,,0,
URBANCO,URBANCO.NS,Urban Company Limited,Technology,Software - Application,2026-06-12,183606017872.48788,UNKNOWN,Yahoo,,0,
URJA,URJA.NS,Urja Global Limited,Technology,Solar,2026-06-12,5744794093.812943,UNKNOWN,Yahoo,,0,
USASEEDS,USASEEDS.NS,"USASEEDS.NS,0P0001PHFB,600",,,2026-06-20,937944897.0,UNKNOWN,Yahoo,,0,
USHAMART,USHAMART.NS,Usha Martin Limited,Basic Materials,Steel,2026-06-12,147223193564.08813,UNKNOWN,Yahoo,,0,
USK,USK.NS,Udayshivakumar Infra Limited,Industrials,Engineering & Construction,2026-06-12,1323589256.7731705,UNKNOWN,Yahoo,,0,
UTIAMC,UTIAMC.NS,UTI Asset Management Company Limited,Financial Services,Asset Management,2026-06-12,117990763503.36272,UNKNOWN,Yahoo,,0,
UTKARSHBNK,UTKARSHBNK.NS,Utkarsh Small Finance Bank Limited,Financial Services,Banks - Regional,2026-06-12,23027035724.242146,UNKNOWN,Yahoo,,0,
UTLSOLAR,UTLSOLAR.NS,FUJIYAMA POWER SYSTEMS L,Technology,Solar,2026-06-12,95093512828.8797,UNKNOWN,Yahoo,,0,
UTTAMSUGAR,UTTAMSUGAR.NS,Uttam Sugar Mills Limited,Consumer Defensive,Confectioners,2026-06-12,8800752361.70105,UNKNOWN,Yahoo,,0,
UWCSL,UWCSL.NS,"UWCSL.NS,0P0001ESAH,0",,,2026-06-20,530764242.0,UNKNOWN,Yahoo,,0,
UYFINCORP,UYFINCORP.NS,U. Y. Fincorp Limited,Financial Services,Credit Services,2026-06-12,2720408140.9850817,UNKNOWN,Yahoo,,0,
V2RETAIL,V2RETAIL.NS,V2 Retail Limited,Consumer Cyclical,Apparel Retail,2026-06-12,81182903909.4429,UNKNOWN,Yahoo,,0,
VADILALIND,VADILALIND.NS,Vadilal Industries Limited,Consumer Defensive,Packaged Foods,2026-06-12,43155011835.06348,UNKNOWN,Yahoo,,0,
VAIBHAVGBL,VAIBHAVGBL.NS,Vaibhav Global Limited,Consumer Cyclical,Luxury Goods,2026-06-12,38698630389.75559,UNKNOWN,Yahoo,,0,
VAISHALI,VAISHALI.NS,Vaishali Pharma Limited,Healthcare,Drug Manufacturers - Specialty & Generic,2026-06-12,943241202.3883677,UNKNOWN,Yahoo,,0,
VAKRANGEE,VAKRANGEE.NS,Vakrangee Limited,Technology,Information Technology Services,2026-06-12,6672461365.838047,UNKNOWN,Yahoo,,0,
VALIANTLAB,VALIANTLAB.NS,Valiant Laboratories Limited,Healthcare,Drug Manufacturers - Specialty & Generic,2026-06-12,3693250000.0,UNKNOWN,Yahoo,,0,
VALIANTORG,VALIANTORG.NS,Valiant Organics Limited,Basic Materials,Chemicals,2026-06-12,7587710045.963745,UNKNOWN,Yahoo,,0,
VARDHACRLC,VARDHACRLC.NS,Vardhman Acrylics Limited,Consumer Cyclical,Textile Manufacturing,2026-06-12,3578597555.809723,UNKNOWN,Yahoo,,0,
VARDMNPOLY,VARDMNPOLY.NS,Vardhman Polytex Limited,Consumer Cyclical,Textile Manufacturing,2026-06-12,3361812286.2657127,UNKNOWN,Yahoo,,0,
VARROC,VARROC.NS,Varroc Engineering Limited,Consumer Cyclical,Auto Parts,2026-06-12,86637222945.0,UNKNOWN,Yahoo,,0,
VASA,VASA.NS,"VASA.NS,0P0001CO3O,24000",,,2026-06-20,26666850.807011604,UNKNOWN,Yahoo,,0,
VASCONEQ,VASCONEQ.NS,Vascon Engineers Limited,Industrials,Engineering & Construction,2026-06-12,8049158025.035908,UNKNOWN,Yahoo,,0,
VASWANI,VASWANI.NS,Vaswani Industries Limited,Basic Materials,Steel,2026-06-12,2006316314.024048,UNKNOWN,Yahoo,,0,
VBL,VBL.NS,Varun Beverages Limited,Consumer Defensive,Beverages - Non-Alcoholic,2026-06-12,1761161643468.5947,UNKNOWN,Yahoo,,0,
VCL,VCL.NS,Vaxtex Cotfab Limited,Consumer Cyclical,Textile Manufacturing,2026-06-12,257253103.61900568,UNKNOWN,Yahoo,,0,
VEDL,VEDL.NS,Vedanta Limited,Basic Materials,Other Industrial Metals & Mining,2026-06-12,1192526425119.7815,UNKNOWN,Yahoo,,0,
VEEDOL,VEEDOL.NS,Veedol Corporation Limited,Basic Materials,Specialty Chemicals,2026-06-12,24234670360.0,UNKNOWN,Yahoo,,0,
VEEKAYEM,VEEKAYEM.NS,Veekayem Fashion and Apparels Limited,,,2026-06-20,792048421.9313049,UNKNOWN,Yahoo,,0,
VELJAN,VELJAN.NS,Veljan Denison Limited,,,2026-06-20,0.0,NO_MARKET_CAP,Yahoo,2026-08-04T07:12:49.230006+00:00,3,No market cap returned.
VELS,VELS.NS,"VELS.NS,0P0001QLJZ,7200",,,2026-06-20,882261780.3039551,UNKNOWN,Yahoo,,0,
VENKEYS,VENKEYS.NS,Venky's (India) Limited,Consumer Defensive,Farm Products,2026-06-12,19436296791.3418,UNKNOWN,Yahoo,,0,
VENTIVE,VENTIVE.NS,VENTIVE HOSPITALITY LTD,Consumer Cyclical,Lodging,2026-06-12,144083498523.39972,UNKNOWN,Yahoo,,0,
VENUSPIPES,VENUSPIPES.NS,Venus Pipes and Tubes Limited,Basic Materials,Steel,2026-06-12,28731173464.764404,UNKNOWN,Yahoo,,0,
VENUSREM,VENUSREM.NS,Venus Remedies Limited,Healthcare,Drug Manufacturers - Specialty & Generic,2026-06-12,23605730745.52588,UNKNOWN,Yahoo,,0,
VERA,VERA.NS,"VERA.NS,0P0001D4J8,28500",,,2026-06-20,340515000.0,UNKNOWN,Yahoo,,0,
VERANDA,VERANDA.NS,Veranda Learning Solutions Limited,Consumer Defensive,Education & Training Services,2026-06-12,21542129558.35495,UNKNOWN,Yahoo,,0,
VERITAAS,VERITAAS.NS,"VERITAAS.NS,0P0001SWTH,2400",,,2026-06-20,116307602.15377808,UNKNOWN,Yahoo,,0,
VERTEXPLUS,VERTEXPLUS.NS,"VERTEXPLUS.NS,0P0001QK7E,600",,,2026-06-20,229047275.81939697,UNKNOWN,Yahoo,,0,
VERTOZ,VERTOZ.NS,Vertoz Limited,Technology,Software - Infrastructure,2026-06-12,3858362139.0151978,UNKNOWN,Yahoo,,0,
VESUVIUS,VESUVIUS.NS,Vesuvius India Limited,Industrials,Specialty Industrial Machinery,2026-06-12,90906141081.2256,UNKNOWN,Yahoo,,0,
VETO,VETO.NS,Veto Switchgears and Cables Limited,Industrials,Electrical Equipment & Parts,2026-06-12,2802826091.614746,UNKNOWN,Yahoo,,0,
VGL,VGL.NS,VARVEE GLOBAL LIMITED,Consumer Cyclical,Textile Manufacturing,2026-06-12,3579181926.7040863,UNKNOWN,Yahoo,,0,
VGUARD,VGUARD.NS,V-Guard Industries Limited,Industrials,Electrical Equipment & Parts,2026-06-12,129927300401.27785,UNKNOWN,Yahoo,,0,
VHL,VHL.NS,Vardhman Holdings Limited,Financial Services,Credit Services,2026-06-12,10789306913.273438,UNKNOWN,Yahoo,,0,
VHLTD,VHLTD.NS,Viceroy Hotels Limited,Consumer Cyclical,Lodging,2026-06-12,9274890136.0,UNKNOWN,Yahoo,,0,
VIAZ,VIAZ.NS,"VIAZ.NS,0P0001QHZS,2000",,,2026-06-20,782838918.6935425,UNKNOWN,Yahoo,,0,
VIDHIING,VIDHIING.NS,Vidhi Specialty Food Ingredients Limited,Basic Materials,Specialty Chemicals,2026-06-12,14241816445.159912,UNKNOWN,Yahoo,,0,
VIDYAWIRES,VIDYAWIRES.NS,VIDYA WIRES LIMITED,Industrials,Electrical Equipment & Parts,2026-06-12,18946631097.01125,UNKNOWN,Yahoo,,0,
VIJAYA,VIJAYA.NS,Vijaya Diagnostic Centre Limited,Healthcare,Diagnostics & Research,2026-06-12,131203615360.67284,UNKNOWN,Yahoo,,0,
VIJIFIN,VIJIFIN.NS,Viji Finance Limited,Financial Services,Credit Services,2026-06-12,561450008.1539154,UNKNOWN,Yahoo,,0,
VIKASECO,VIKASECO.NS,Vikas Ecotech Limited,Basic Materials,Specialty Chemicals,2026-06-12,2246256616.74461,UNKNOWN,Yahoo,,0,
VIKASLIFE,VIKASLIFE.NS,Vikas Lifecare Limited,Consumer Defensive,Farm Products,2026-06-12,2693619500.58054,UNKNOWN,Yahoo,,0,
VIKRAMSOLR,VIKRAMSOLR.NS,VIKRAM SOLAR LIMITED,Technology,Solar,2026-06-12,75163166596.86725,UNKNOWN,Yahoo,,0,
VIKRAN,VIKRAN.NS,VIKRAN ENGINEERING LTD,Industrials,Engineering & Construction,2026-06-12,17782964455.61801,UNKNOWN,Yahoo,,0,
VILAS,VILAS.NS,"VILAS.NS,0P0001T1AQ,307000",,,2026-06-20,9787103701.171877,UNKNOWN,Yahoo,,0,
VILINBIO,VILINBIO.NS,"VILINBIO.NS,0P0001R6LO,0",,,2026-06-20,642397489.3569946,UNKNOWN,Yahoo,,0,
VIMTALABS,VIMTALABS.NS,Vimta Labs Limited,Healthcare,Diagnostics & Research,2026-06-12,24845545160.9339,UNKNOWN,Yahoo,,0,
VINATIORGA,VINATIORGA.NS,Vinati Organics Limited,Basic Materials,Specialty Chemicals,2026-06-12,136626434733.0,UNKNOWN,Yahoo,,0,
VINCOFE,VINCOFE.NS,Vintage Coffee and Beverages Limited,Consumer Defensive,Beverages - Non-Alcoholic,2026-06-12,23359678965.53311,UNKNOWN,Yahoo,,0,
VINDHYATEL,VINDHYATEL.NS,Vindhya Telelinks Limited,Industrials,Engineering & Construction,2026-06-12,24978063366.44458,UNKNOWN,Yahoo,,0,
VINEETLAB,VINEETLAB.NS,Vineet Laboratories Limited,Basic Materials,Chemicals,2026-06-12,645906746.0945053,UNKNOWN,Yahoo,,0,
VINNY,VINNY.NS,Vinny Overseas Limited,Consumer Cyclical,Textile Manufacturing,2026-06-12,502466371.7262189,UNKNOWN,Yahoo,,0,
VINSYS,VINSYS.NS,"VINSYS.NS,0P0001REJ0,9000",,,2026-06-20,6013546871.073914,UNKNOWN,Yahoo,,0,
VINYAS,VINYAS.NS,"VINYAS.NS,0P0001RNO8,14000",,,2026-06-20,18421523997.088623,UNKNOWN,Yahoo,,0,
VINYLINDIA,VINYLINDIA.NS,Vinyl Chemicals (India) Limited,Basic Materials,Specialty Chemicals,2026-06-12,4418326839.489578,UNKNOWN,Yahoo,,0,
VIPCLOTHNG,VIPCLOTHNG.NS,VIP Clothing Limited,Consumer Cyclical,Apparel Manufacturing,2026-06-12,2316328707.063366,UNKNOWN,Yahoo,,0,
VIPIND,VIPIND.NS,V.I.P. Industries Limited,Consumer Cyclical,Footwear & Accessories,2026-06-12,44433815694.76868,UNKNOWN,Yahoo,,0,
VIPULLTD,VIPULLTD.NS,Vipul Limited,Real Estate,Real Estate - Diversified,2026-06-12,1326428685.2912903,UNKNOWN,Yahoo,,0,
VIRINCHI,VIRINCHI.NS,Virinchi Limited,Technology,Software - Application,2026-06-12,1690610580.0,UNKNOWN,Yahoo,,0,
VISAKAIND,VISAKAIND.NS,Visaka Industries Limited,Industrials,Building Products & Equipment,2026-06-12,6532199724.156799,UNKNOWN,Yahoo,,0,
VISAMAN,VISAMAN.NS,"VISAMAN.NS,0P0001T8EB,21000",,,2026-06-20,1486171071.324562,UNKNOWN,Yahoo,,0,
VISASTEEL,VISASTEEL.NS,Visa Chrome Ltd,Basic Materials,Steel,2026-06-12,6986232840.0,UNKNOWN,Yahoo,,0,
VISHNU,VISHNU.NS,Vishnu Chemicals Limited,Basic Materials,Specialty Chemicals,2026-06-12,39628508512.519775,UNKNOWN,Yahoo,,0,
VISHNUINFR,VISHNUINFR.NS,"VISHNUINFR.NS,0P0001RNW2,34500",,,2026-06-20,4183644070.0,UNKNOWN,Yahoo,,0,
VISHWARAJ,VISHWARAJ.NS,Vishwaraj Sugar Industries Limited,Consumer Defensive,Confectioners,2026-06-12,1269935474.3810654,UNKNOWN,Yahoo,,0,
VISHWAS,VISHWAS.NS,"VISHWAS.NS,0P0001SLPT,366400",,,2026-06-20,519000015.25878906,UNKNOWN,Yahoo,,0,
VITAL,VITAL.NS,VITAL CHEMTECH LIMITED,Basic Materials,Specialty Chemicals,2026-06-12,1304855917.0360565,UNKNOWN,Yahoo,,0,
VIVIANA,VIVIANA.NS,VIVIANA POWER TECH LTD,Industrials,Engineering & Construction,2026-06-12,8254852800.0,UNKNOWN,Yahoo,,0,
VIVIDHA,VIVIDHA.NS,Visagar Polytex Limited,Consumer Cyclical,Textile Manufacturing,2026-06-12,152204272.09718037,UNKNOWN,Yahoo,,0,
VIVIMEDLAB,VIVIMEDLAB.NS,Vivimed Labs Limited,Healthcare,Drug Manufacturers - Specialty & Generic,2026-06-12,501629201.56457424,UNKNOWN,Yahoo,,0,
VIVO,VIVO.NS,"VIVO.NS,0P0001O4TY,1600",,,2026-06-20,156162500.0,UNKNOWN,Yahoo,,0,
VIYASH,VIYASH.NS,Viyash Scientific Limited,Healthcare,Drug Manufacturers - Specialty & Generic,2026-06-12,109181273570.08987,UNKNOWN,Yahoo,,0,
VLEGOV,VLEGOV.NS,VL E-Governance & IT Solutions Limited,Technology,Information Technology Services,2026-06-12,1500966409.9083595,UNKNOWN,Yahoo,,0,
VLSFINANCE,VLSFINANCE.NS,VLS Finance Limited,Financial Services,Capital Markets,2026-06-12,7204227123.257904,UNKNOWN,Yahoo,,0,
VMARCIND,VMARCIND.NS,"VMARCIND.NS,0P0001M1FR,196000",,,2026-06-20,39067008426.0,UNKNOWN,Yahoo,,0,
VMART,VMART.NS,V-Mart Retail Limited,Consumer Cyclical,Department Stores,2026-06-12,56578516422.5,UNKNOWN,Yahoo,,0,
VMM,VMM.NS,VISHAL MEGA MART LIMITED,Consumer Cyclical,Department Stores,2026-06-12,554197247503.8754,UNKNOWN,Yahoo,,0,
VMSTMT,VMSTMT.NS,VMS TMT LIMITED,Basic Materials,Steel,2026-06-12,2225959692.768784,UNKNOWN,Yahoo,,0,
VOLTAMP,VOLTAMP.NS,Voltamp Transformers Limited,Industrials,Electrical Equipment & Parts,2026-06-12,98136064000.0,UNKNOWN,Yahoo,,0,
VOLTAS,VOLTAS.NS,Voltas Limited,Consumer Cyclical,"Furnishings, Fixtures & Appliances",2026-06-12,425319252874.2407,UNKNOWN,Yahoo,,0,
VPRPL,VPRPL.NS,Vishnu Prakash R Punglia Limited,Industrials,Engineering & Construction,2026-06-12,3308732231.472588,UNKNOWN,Yahoo,,0,
VR,VR.NS,"VR.NS,0P0001SIU1,6400",,,2026-06-20,1113107986.4501953,UNKNOWN,Yahoo,,0,
VRAJ,VRAJ.NS,VRAJ IRON AND STEEL LTD,Basic Materials,Steel,2026-06-12,4023879640.0,UNKNOWN,Yahoo,,0,
VRLLOG,VRLLOG.NS,VRL Logistics Limited,Industrials,Trucking,2026-06-12,40139291821.634674,UNKNOWN,Yahoo,,0,
VSCL,VSCL.NS,Vadivarhe Speciality Chemicals Limited,,,2026-06-20,362390995.7262325,UNKNOWN,Yahoo,,0,
VSSL,VSSL.NS,Vardhman Special Steels Limited,Basic Materials,Steel,2026-06-12,26704585443.845093,UNKNOWN,Yahoo,,0,
VSTIND,VSTIND.NS,VST Industries Limited,Consumer Defensive,Tobacco,2026-06-12,43911807940.0,UNKNOWN,Yahoo,,0,
VSTL,VSTL.NS,Vibhor Steel Tubes Limited,Basic Materials,Steel,2026-06-12,2256530717.0,UNKNOWN,Yahoo,,0,
VSTTILLERS,VSTTILLERS.NS,V.S.T. Tillers Tractors Limited,Industrials,Farm & Heavy Construction Machinery,2026-06-12,38552345447.0,UNKNOWN,Yahoo,,0,
VTL,VTL.NS,Vardhman Textiles Limited,Consumer Cyclical,Textile Manufacturing,2026-06-12,179210075100.0,UNKNOWN,Yahoo,,0,
WAAREEENER,WAAREEENER.NS,WAAREE ENERGIES LIMITED,Technology,Solar,2026-06-12,872676634168.4753,UNKNOWN,Yahoo,,0,
WAAREEINDO,WAAREEINDO.NS,Indosolar Limited,Technology,Solar,2026-06-12,15715794275.25,UNKNOWN,Yahoo,,0,
WAAREERTL,WAAREERTL.NS,Waaree Renewable Technologies Limited,Industrials,Engineering & Construction,2026-06-12,98575470976.15234,UNKNOWN,Yahoo,,0,
WABAG,WABAG.NS,VA Tech Wabag Limited,Industrials,Engineering & Construction,2026-06-12,96558119818.5,UNKNOWN,Yahoo,,0,
WAKEFIT,WAKEFIT.NS,WAKEFIT INNOVATIONS LTD,Consumer Cyclical,"Furnishings, Fixtures & Appliances",2026-06-12,38020312345.5,UNKNOWN,Yahoo,,0,
WALCHANNAG,WALCHANNAG.NS,Walchandnagar Industries Limited,Industrials,Engineering & Construction,2026-06-12,17992823686.08264,UNKNOWN,Yahoo,,0,
WALPAR,WALPAR.NS,"WALPAR.NS,0P0001MT1R,11000",,,2026-06-20,218432675.0706482,UNKNOWN,Yahoo,,0,
WANBURY,WANBURY.NS,Wanbury Limited,Healthcare,Drug Manufacturers - Specialty & Generic,2026-06-12,9113942181.553162,UNKNOWN,Yahoo,,0,
WCIL,WCIL.NS,WESTERN CARRIERS (IND) L,Industrials,Integrated Freight & Logistics,2026-06-12,9428818440.49688,UNKNOWN,Yahoo,,0,
WEALTH,WEALTH.NS,Wealth First Portfolio Managers Limited,Financial Services,Capital Markets,2026-06-12,9928328869.934082,UNKNOWN,Yahoo,,0,
WEBELSOLAR,WEBELSOLAR.NS,Websol Energy System Limited,Technology,Solar,2026-06-12,44944600956.94206,UNKNOWN,Yahoo,,0,
WEIZMANIND,WEIZMANIND.NS,Weizmann Limited,Consumer Cyclical,Textile Manufacturing,2026-06-12,1224634076.2650452,UNKNOWN,Yahoo,,0,
WEL,WEL.NS,Wonder Electricals Limited,Consumer Cyclical,"Furnishings, Fixtures & Appliances",2026-06-12,12342136595.52002,UNKNOWN,Yahoo,,0,
WELCORP,WELCORP.NS,Welspun Corp Limited,Basic Materials,Steel,2026-06-12,366284755992.0,UNKNOWN,Yahoo,,0,
WELENT,WELENT.NS,Welspun Enterprises Limited,Industrials,Engineering & Construction,2026-06-12,75035119417.55798,UNKNOWN,Yahoo,,0,
WELINV,WELINV.NS,Welspun Investments and Commercials Limited,Financial Services,Capital Markets,2026-06-12,6471439570.0,UNKNOWN,Yahoo,,0,
WELSPLSOL,WELSPLSOL.NS,Welspun Specialty Solutions Limited,,,2026-06-20,0.0,NO_MARKET_CAP,Yahoo,2026-08-04T07:12:49.326391+00:00,3,No market cap returned.
WELSPUNLIV,WELSPUNLIV.NS,Welspun Living Limited,Consumer Cyclical,Textile Manufacturing,2026-06-12,130558866961.851,UNKNOWN,Yahoo,,0,
WENDT,WENDT.NS,Wendt (India) Limited,Industrials,Tools & Accessories,2026-06-12,15489000000.0,UNKNOWN,Yahoo,,0,
WESTLIFE,WESTLIFE.NS,Westlife Foodworld Limited,Consumer Cyclical,Restaurants,2026-06-12,69094295506.93817,UNKNOWN,Yahoo,,0,
WEWIN,WEWIN.NS,We Win Limited,Technology,Information Technology Services,2026-06-12,518211000.0,UNKNOWN,Yahoo,,0,
WEWORK,WEWORK.NS,WEWORK INDIA MANAGEMENT L,Real Estate,Real Estate Services,2026-06-12,89508510870.64893,UNKNOWN,Yahoo,,0,
WHEELS,WHEELS.NS,Wheels India Limited,Consumer Cyclical,Auto Parts,2026-06-12,39779386240.69092,UNKNOWN,Yahoo,,0,
WHIRLPOOL,WHIRLPOOL.NS,Whirlpool of India Limited,Consumer Cyclical,"Furnishings, Fixtures & Appliances",2026-06-12,97094060865.0,UNKNOWN,Yahoo,,0,
WILLAMAGOR,WILLAMAGOR.NS,Williamson Magor & Co. Limited,Financial Services,Credit Services,2026-06-12,290343540.0,UNKNOWN,Yahoo,,0,
WIMPLAST,WIMPLAST.NS,Wim Plast Limited,Consumer Cyclical,"Furnishings, Fixtures & Appliances",2026-06-12,0.0,NO_MARKET_CAP,Yahoo,2026-08-04T07:12:49.424776+00:00,3,No market cap returned.
WINDLAS,WINDLAS.NS,Windlas Biotech Limited,Healthcare,Drug Manufacturers - Specialty & Generic,2026-06-12,16785509172.414185,UNKNOWN,Yahoo,,0,
WINDMACHIN,WINDMACHIN.NS,Windsor Machines Limited,Industrials,Specialty Industrial Machinery,2026-06-12,29700604870.77118,UNKNOWN,Yahoo,,0,
WINNY,WINNY.NS,"WINNY.NS,0P0001T81I,20000",,,2026-06-20,89512500.0,UNKNOWN,Yahoo,,0,
WINSOL,WINSOL.NS,"WINSOL.NS,0P0001SUT6,75200",,,2026-06-20,1441900000.0,UNKNOWN,Yahoo,,0,
WINSOME,WINSOME.NS,Winsome Yarns Limited,Consumer Cyclical,Textile Manufacturing,2026-06-12,186182895.0,UNKNOWN,Yahoo,,0,
WIPL,WIPL.NS,The Western India Plywoods Limited,Basic Materials,Lumber & Wood Production,2026-06-12,1265547272.5802612,UNKNOWN,Yahoo,,0,
WIPRO,WIPRO.NS,Wipro Limited,Technology,Information Technology Services,2026-06-12,1876858946959.8647,UNKNOWN,Yahoo,,0,
WOCKPHARMA,WOCKPHARMA.NS,Wockhardt Limited,Healthcare,Drug Manufacturers - Specialty & Generic,2026-06-12,315316053944.5,UNKNOWN,Yahoo,,0,
WOMANCART,WOMANCART.NS,"WOMANCART.NS,0P0001RQEO,4800",,,2026-06-20,684646579.2480469,UNKNOWN,Yahoo,,0,
WONDERLA,WONDERLA.NS,Wonderla Holidays Limited,Consumer Cyclical,Leisure,2026-06-12,30135326877.79816,UNKNOWN,Yahoo,,0,
WORTHPERI,WORTHPERI.NS,Worth Peripherals Limited,Consumer Cyclical,Packaging & Containers,2026-06-12,1929497500.0,UNKNOWN,Yahoo,,0,
WPIL,WPIL.NS,WPIL Limited,,,2026-06-20,0.0,NO_MARKET_CAP,Yahoo,2026-08-04T07:12:49.522421+00:00,3,No market cap returned.
WSI,WSI.NS,W.S. Industries (India) Limited,Industrials,Engineering & Construction,2026-06-12,5289903432.98587,UNKNOWN,Yahoo,,0,
WSTCSTPAPR,WSTCSTPAPR.NS,West Coast Paper Mills Limited,Basic Materials,Paper & Paper Products,2026-06-12,32572018577.06945,UNKNOWN,Yahoo,,0,
WTICAB,WTICAB.NS,"WTICAB.NS,0P0001SDUB,76000",,,2026-06-20,3131256565.5,UNKNOWN,Yahoo,,0,
XCHANGING,XCHANGING.NS,Xchanging Solutions Limited,Technology,Information Technology Services,2026-06-12,6997267554.949722,UNKNOWN,Yahoo,,0,
XELPMOC,XELPMOC.NS,Xelpmoc Design and Tech Limited,Technology,Information Technology Services,2026-06-12,1308127177.2371063,UNKNOWN,Yahoo,,0,
XPROINDIA,XPROINDIA.NS,Xpro India Limited,Basic Materials,Specialty Chemicals,2026-06-12,28324069004.815186,UNKNOWN,Yahoo,,0,
XTGLOBAL,XTGLOBAL.NS,XTGlobal Infotech Limited,Technology,Software - Application,2026-06-12,3882881362.078266,UNKNOWN,Yahoo,,0,
YASHO,YASHO.NS,Yasho Industries Limited,Basic Materials,Specialty Chemicals,2026-06-12,33807790758.87573,UNKNOWN,Yahoo,,0,
YASHOPTICS,YASHOPTICS.NS,"YASHOPTICS.NS,0P0001SMEA,68800",,,2026-06-20,2971872000.0,UNKNOWN,Yahoo,,0,
YATHARTH,YATHARTH.NS,Yatharth Hospital & Trauma Care Services Limited,Healthcare,Medical Care Facilities,2026-06-12,80320989642.7987,UNKNOWN,Yahoo,,0,
YATRA,YATRA.NS,Yatra Online Limited,Consumer Cyclical,Travel Services,2026-06-12,16146676499.135109,UNKNOWN,Yahoo,,0,
YCCL,YCCL.NS,"YCCL.NS,0P0001RCVG,0",,,2026-06-20,211377920.31806943,UNKNOWN,Yahoo,,0,
YESBANK,YESBANK.NS,Yes Bank Limited,Financial Services,Banks - Regional,2026-06-12,717486360231.2977,UNKNOWN,Yahoo,,0,
YUDIZ,YUDIZ.NS,"YUDIZ.NS,0P0001RFLH,6400",,,2026-06-20,253340648.37694168,UNKNOWN,Yahoo,,0,
YUKEN,YUKEN.NS,Yuken India Limited,Industrials,Specialty Industrial Machinery,2026-06-12,9256137931.640623,UNKNOWN,Yahoo,,0,
ZAGGLE,ZAGGLE.NS,Zaggle Prepaid Ocean Services Limited,Technology,Software - Infrastructure,2026-06-12,27440538445.60932,UNKNOWN,Yahoo,,0,
ZEAL,ZEAL.NS,"ZEAL.NS,0P0001RE6T,6600",,,2026-06-20,878443566.0,UNKNOWN,Yahoo,,0,
ZEEL,ZEEL.NS,Zee Entertainment Enterprises Limited,Communication Services,Broadcasting,2026-06-12,105830029988.72726,UNKNOWN,Yahoo,,0,
ZEELEARN,ZEELEARN.NS,Zee Learn Limited,Consumer Defensive,Education & Training Services,2026-06-12,2326892134.8451085,UNKNOWN,Yahoo,,0,
ZEEMEDIA,ZEEMEDIA.NS,Zee Media Corporation Limited,Communication Services,Broadcasting,2026-06-12,5341160903.341789,UNKNOWN,Yahoo,,0,
ZENITHDRUG,ZENITHDRUG.NS,"ZENITHDRUG.NS,0P0001SEP2,150400",,,2026-06-20,721107026.9165039,UNKNOWN,Yahoo,,0,
ZENITHEXPO,ZENITHEXPO.NS,Zenith Exports Limited,Consumer Cyclical,Textile Manufacturing,2026-06-12,1079250000.0,UNKNOWN,Yahoo,,0,
ZENITHSTL,ZENITHSTL.NS,Zenith Steel Pipes & Industries Limited,Basic Materials,Steel,2026-06-12,830917838.0302734,UNKNOWN,Yahoo,,0,
ZENSARTECH,ZENSARTECH.NS,Zensar Technologies Limited,Technology,Information Technology Services,2026-06-12,101284656859.75,UNKNOWN,Yahoo,,0,
ZENTEC,ZENTEC.NS,Zen Technologies Limited,Industrials,Aerospace & Defense,2026-06-12,159458471208.0,UNKNOWN,Yahoo,,0,
ZFCVINDIA,ZFCVINDIA.NS,ZF Commercial Vehicle Control Systems India Limited,Consumer Cyclical,Auto Parts,2026-06-12,279677026080.0,UNKNOWN,Yahoo,,0,
ZFSTEERING,ZFSTEERING.NS,ZF Steering Gear (India) Limited,Consumer Cyclical,Auto Parts,2026-06-12,6012422466.516113,UNKNOWN,Yahoo,,0,
ZIMLAB,ZIMLAB.NS,ZIM Laboratories Limited,Healthcare,Drug Manufacturers - Specialty & Generic,2026-06-12,6104590218.0,UNKNOWN,Yahoo,,0,
ZODIAC,ZODIAC.NS,Zodiac Energy Limited,,,2026-06-20,0.0,NO_MARKET_CAP,Yahoo,2026-08-04T07:12:49.616629+00:00,3,No market cap returned.
ZODIACLOTH,ZODIACLOTH.NS,Zodiac Clothing Company Limited,Consumer Cyclical,Apparel Manufacturing,2026-06-12,2045356119.533104,UNKNOWN,Yahoo,,0,
ZOTA,ZOTA.NS,Zota Health Care Limited,Healthcare,Biotechnology,2026-06-12,37139304746.94336,UNKNOWN,Yahoo,,0,
ZSARACOM,ZSARACOM.NS,Saraswati Commercial (India) Limited,,,2026-06-20,0.0,NO_MARKET_CAP,Yahoo,2026-08-04T07:12:49.706850+00:00,3,No market cap returned.
ZTECH,ZTECH.NS,"ZTECH.NS,0P0001T2S3,255600",,,2026-06-20,8644005768.529785,UNKNOWN,Yahoo,,0,
ZUARI,ZUARI.NS,Zuari Agro Chemicals Limited,Basic Materials,Agricultural Inputs,2026-06-12,9015974540.858644,UNKNOWN,Yahoo,,0,
ZUARIIND,ZUARIIND.NS,Zuari Industries Limited,Industrials,Conglomerates,2026-06-12,7236827712.0,UNKNOWN,Yahoo,,0,
ZYDUSLIFE,ZYDUSLIFE.NS,Zydus Lifesciences Limited,Healthcare,Drug Manufacturers - Specialty & Generic,2026-06-12,1113699829264.519,UNKNOWN,Yahoo,,0,
ZYDUSWELL,ZYDUSWELL.NS,Zydus Wellness Limited,Consumer Defensive,Packaged Foods,2026-06-12,160955766010.12207,UNKNOWN,Yahoo,,0,
