Symbol,Yahoo_Symbol,Company_Name,Sector,Industry,Last_Updated,Market_Cap,Last_Close,Avg_Volume,ADV,History_Days,Missing_Close
RELIANCE,RELIANCE.NS,Reliance Industries Limited,Energy,Oil & Gas Refining & Marketing,2026-06-12,17274201318577.5,1309.5,13453336.162379421,17617143704.635853,1244,0.0
HDFCBANK,HDFCBANK.NS,HDFC Bank Limited,Financial Services,Banks - Regional,2026-06-12,11779119316350.0,779.7999877929688,26797841.274115756,20896956298.43338,1244,0.0
BHARTIARTL,BHARTIARTL.NS,Bharti Airtel Limited,Communication Services,Telecom Services,2026-06-12,11056629986929.332,1910.800048828125,7473833.817524116,14281002023.458372,1244,0.0
ICICIBANK,ICICIBANK.NS,ICICI Bank Limited,Financial Services,Banks - Regional,2026-06-12,9573305787285.0,1346.5,13983516.332797427,18828804742.111736,1244,0.0
SBIN,SBIN.NS,State Bank of India,Financial Services,Banks - Regional,2026-06-12,9329385306848.637,1035.0999755859375,15730700.374598071,16282847573.696161,1244,0.0
TCS,TCS.NS,Tata Consultancy Services Limited,Technology,Information Technology Services,2026-06-12,7798787645049.0,2125.0,2530608.0594855305,5377542126.406753,1244,0.0
BAJFINANCE,BAJFINANCE.NS,Bajaj Finance Limited,Financial Services,Credit Services,2026-06-12,5546034873797.011,961.7999877929688,11039363.20659164,10617659397.341988,1244,0.0
LT,LT.NS,Larsen & Toubro Limited,Industrials,Engineering & Construction,2026-06-12,5464841809297.5,4209.39990234375,2210187.188102894,9303561733.76173,1244,0.0
HINDUNILVR,HINDUNILVR.NS,Hindustan Unilever Limited,Consumer Defensive,Household & Personal Products,2026-06-12,5059844782717.0,2194.60009765625,1710578.4863344051,3754035713.158166,1244,0.0
LICI,LICI.NS,Life Insurance Corporation of India,Financial Services,Insurance - Life,2026-06-12,5006868025692.711,440.1499938964844,4173381.886587771,1836914011.9093058,1014,0.0
INFY,INFY.NS,Infosys Limited,Technology,Information Technology Services,2026-06-12,4524720842451.505,1051.4000244140625,7377609.143086817,7756818433.15889,1244,0.0
SUNPHARMA,SUNPHARMA.NS,Sun Pharmaceutical Industries Limited,Healthcare,Drug Manufacturers - Specialty & Generic,2026-06-12,4341596628215.0,1838.300048828125,2723145.159967846,5005957880.534964,1244,0.0
ADANIPOWER,ADANIPOWER.NS,Adani Power Limited,Utilities,Utilities - Independent Power Producers,2026-06-12,4205798997590.7886,231.75999450683594,50497727.979903534,11703353159.230139,1244,0.0
AXISBANK,AXISBANK.NS,Axis Bank Limited,Financial Services,Banks - Regional,2026-06-12,4179866654206.567,1357.9000244140625,8994180.901125401,12213198465.222677,1244,0.0
MARUTI,MARUTI.NS,Maruti Suzuki India Limited,Consumer Cyclical,Auto Manufacturers,2026-06-12,4169606936388.0,13395.0,549735.72829582,7363710080.522509,1244,0.0
ADANIPORTS,ADANIPORTS.NS,Adani Ports and Special Economic Zone Limited,Industrials,Marine Shipping,2026-06-12,4125469104629.799,1835.300048828125,5727293.296623794,10511301666.946642,1244,0.0
KOTAKBANK,KOTAKBANK.NS,Kotak Mahindra Bank Limited,Financial Services,Banks - Regional,2026-06-12,3987537737746.596,399.25,19990150.48874598,7981067582.631832,1244,0.0
ADANIENT,ADANIENT.NS,Adani Enterprises Limited,Energy,Thermal Coal,2026-06-12,3787316140402.608,3038.39990234375,2949131.199356913,8960639948.12495,1244,0.0
TITAN,TITAN.NS,Titan Company Limited,Consumer Cyclical,Luxury Goods,2026-06-12,3657287606980.0,4419.89990234375,1137750.5297427652,5028743455.301598,1244,0.0
M&M,M&M.NS,Mahindra & Mahindra Limited,Consumer Cyclical,Auto Manufacturers,2026-06-12,3604087935396.0,3074.800048828125,3026140.2893890673,9304776309.57426,1244,0.0
ITC,ITC.NS,ITC Limited,Consumer Defensive,Tobacco,2026-06-12,3564633711719.5,292.5,16928940.760450162,4951715172.431672,1244,0.0
NTPC,NTPC.NS,NTPC Limited,Utilities,Utilities - Regulated Electric,2026-06-12,3423892871099.1533,365.79998779296875,14077680.491961414,5149615352.1128,1244,0.0
ULTRACEMCO,ULTRACEMCO.NS,UltraTech Cement Limited,Basic Materials,Building Materials,2026-06-12,3228217574490.0,11367.0,348168.4590032154,3957630873.4895496,1244,0.0
JSWSTEEL,JSWSTEEL.NS,JSW Steel Limited,Basic Materials,Steel,2026-06-12,3165996605790.6978,1287.699951171875,2873553.933279743,3700275259.5740743,1244,0.0
ONGC,ONGC.NS,Oil and Natural Gas Corporation Limited,Energy,Oil & Gas Integrated,2026-06-12,3094748684676.0,246.25,16876575.372990355,4155856685.598875,1244,0.0
HCLTECH,HCLTECH.NS,HCL Technologies Limited,Technology,Information Technology Services,2026-06-12,2995283752398.0,1131.699951171875,3259769.310289389,3689080769.286078,1244,0.0
BEL,BEL.NS,Bharat Electronics Limited,Industrials,Aerospace & Defense,2026-06-12,2957170936041.2515,426.8999938964844,21950578.659967847,9370701895.964575,1244,0.0
BAJAJ-AUTO,BAJAJ-AUTO.NS,Bajaj Auto Limited,Consumer Cyclical,Auto Manufacturers,2026-06-12,2812545623043.0,10066.0,427656.3545016077,4304788864.413183,1244,0.0
HAL,HAL.NS,Hindustan Aeronautics Limited,Industrials,Aerospace & Defense,2026-06-12,2798488987500.0,4408.10009765625,1947277.295016077,8583793234.324168,1244,0.0
NESTLEIND,NESTLEIND.NS,Nestlé India Limited,Consumer Defensive,Packaged Foods,2026-06-12,2739749080011.9727,1414.800048828125,1478653.45096463,2091998974.6246343,1244,0.0
COALINDIA,COALINDIA.NS,Coal India Limited,Energy,Thermal Coal,2026-06-12,2723309610086.991,451.29998779296875,10744061.58681672,4848794862.97729,1244,0.0
BAJAJFINSV,BAJAJFINSV.NS,Bajaj Finserv Ltd.,Financial Services,Financial Conglomerates,2026-06-12,2658958766870.2817,1769.4000244140625,2007623.7363344051,3552289488.0843477,1244,0.0
POWERGRID,POWERGRID.NS,Power Grid Corporation of India Limited,Utilities,Utilities - Regulated Electric,2026-06-12,2641836401254.1885,292.25,15130366.889067525,4421849723.329985,1244,0.0
ASIANPAINT,ASIANPAINT.NS,Asian Paints Limited,Basic Materials,Specialty Chemicals,2026-06-12,2621316866630.393,2732.89990234375,1185097.4573954984,3238752725.583984,1244,0.0
DMART,DMART.NS,Avenue Supermarts Limited,Consumer Defensive,Discount Stores,2026-06-12,2597376186068.2754,4286.89990234375,478892.7564308682,2052965310.776618,1244,0.0
TATASTEEL,TATASTEEL.NS,Tata Steel Limited,Basic Materials,Steel,2026-06-12,2461693342554.2534,198.9600067138672,51332215.4244373,10213057925.483723,1244,0.0
ADANIGREEN,ADANIGREEN.NS,Adani Green Energy Limited,Utilities,Utilities - Renewable,2026-06-12,2422666769202.5234,1502.4000244140625,2522165.213022508,3789301077.6213155,1244,0.0
HINDZINC,HINDZINC.NS,Hindustan Zinc Limited,Basic Materials,Other Industrial Metals & Mining,2026-06-12,2358995546121.399,563.5499877929688,2846274.4091639873,1604017908.5398045,1244,0.0
HINDALCO,HINDALCO.NS,Hindalco Industries Limited,Basic Materials,Aluminum,2026-06-12,2295858389466.432,1010.0,7681039.803054662,7757850201.085209,1244,0.0
ETERNAL,ETERNAL.NS,Eternal Limited,Consumer Cyclical,Internet Retail,2026-06-12,2208832596004.75,264.29998779296875,59552227.61069959,15739653030.551998,1215,0.0
SHRIRAMFIN,SHRIRAMFIN.NS,Shriram Finance Limited,Financial Services,Credit Services,2026-06-12,2187975834971.417,1001.9000244140625,6375420.647909968,6387534102.7909155,1244,0.0
GRASIM,GRASIM.NS,Grasim Industries Limited,Basic Materials,Building Materials,2026-06-12,2101928744185.5864,3149.5,794149.904340836,2501175123.7214627,1244,0.0
EICHERMOT,EICHERMOT.NS,Eicher Motors Limited,Consumer Cyclical,Auto Manufacturers,2026-06-12,1992028575210.0,7611.0,648783.3737942122,4937890257.947749,1244,0.0
IOC,IOC.NS,Indian Oil Corporation Limited,Energy,Oil & Gas Refining & Marketing,2026-06-12,1950848996422.251,143.42999267578125,17582312.95659164,2521831018.5872326,1244,0.0
WIPRO,WIPRO.NS,Wipro Limited,Technology,Information Technology Services,2026-06-12,1876858946959.8647,180.8000030517578,13858220.618971061,2505566330.201901,1244,0.0
INDIGO,INDIGO.NS,InterGlobe Aviation Limited,Industrials,Airlines,2026-06-12,1814544934604.6787,5021.5,1083988.5494770715,5443248501.199115,1243,0.0
ADANIENSOL,ADANIENSOL.NS,Adani Energy Solutions Limited,Utilities,Utilities - Independent Power Producers,2026-06-12,1792553899736.021,1507.4000244140625,1888230.0329581993,2846317997.7805557,1244,0.0
DIVISLAB,DIVISLAB.NS,Divi's Laboratories Limited,Healthcare,Drug Manufacturers - Specialty & Generic,2026-06-12,1764171448390.0,6743.0,494951.0136765889,3337454685.221239,1243,0.0
VBL,VBL.NS,Varun Beverages Limited,Consumer Defensive,Beverages - Non-Alcoholic,2026-06-12,1761161643468.5947,529.5,6330293.127813505,3351890211.177251,1244,0.0
SBILIFE,SBILIFE.NS,SBI Life Insurance Company Limited,Financial Services,Insurance - Life,2026-06-12,1715022042002.1074,1800.199951171875,1262338.6318327973,2272461943.387773,1244,0.0
BSE,BSE.NS,BSE Limited,Financial Services,Financial Data & Stock Exchanges,2026-06-12,1613632028905.879,4020.199951171875,6354676.30385852,25547069366.485096,1244,0.0
HYUNDAI,HYUNDAI.NS,HYUNDAI MOTOR INDIA LTD,Consumer Cyclical,Auto Manufacturers,2026-06-12,1606718790977.4292,1973.199951171875,1104011.852300242,2178436133.052009,413,0.0
PIDILITIND,PIDILITIND.NS,Pidilite Industries Limited,Basic Materials,Specialty Chemicals,2026-06-12,1561674518819.231,1579.9000244140625,792798.0482315113,1252541655.7563858,1244,0.0
TVSMOTOR,TVSMOTOR.NS,TVS Motor Company Limited,Consumer Cyclical,Auto Manufacturers,2026-06-12,1560215354350.0137,3442.89990234375,1296668.8279742766,4464300981.204822,1244,0.0
CUMMINSIND,CUMMINSIND.NS,Cummins India Limited,Industrials,Specialty Industrial Machinery,2026-06-12,1558695600000.0,5865.0,713884.8689710611,4186934756.515273,1244,0.0
SOLARINDS,SOLARINDS.NS,Solar Industries India Limited,Basic Materials,Specialty Chemicals,2026-06-12,1555524045450.0,18052.0,105234.85197103782,1899699547.7811747,1243,0.0
TORNTPHARM,TORNTPHARM.NS,Torrent Pharmaceuticals Limited,Healthcare,Drug Manufacturers - Specialty & Generic,2026-06-12,1548083320155.3125,4429.7998046875,349498.72106109327,1548209366.294962,1244,0.0
JIOFIN,JIOFIN.NS,Jio Financial Services Limited,Financial Services,Asset Management,2026-06-12,1545597408058.4636,244.4499969482422,21332600.238571428,5214754063.216856,700,0.0
POWERINDIA,POWERINDIA.NS,Hitachi Energy India Limited,Industrials,Electrical Equipment & Parts,2026-06-12,1518803269225.0,36880.0,80427.08520900321,2966150902.5080385,1244,0.0
MOTHERSON,MOTHERSON.NS,Samvardhana Motherson International Limited,Consumer Cyclical,Auto Parts,2026-06-12,1494697571482.7888,145.5399932861328,24293619.27090032,3535693185.5826993,1244,0.0
TRENT,TRENT.NS,Trent Limited,Consumer Cyclical,Apparel Retail,2026-06-12,1458283722811.5334,3205.800048828125,920405.7395498392,2950636764.7905607,1244,0.0
ABB,ABB.NS,ABB India Limited,Industrials,Specialty Industrial Machinery,2026-06-12,1429321989375.0,7248.0,336155.7226688103,2436456677.903537,1244,0.0
POLYCAB,POLYCAB.NS,Polycab India Limited,Industrials,Electrical Equipment & Parts,2026-06-12,1428950146682.0,10083.0,492319.6446945338,4964058977.454984,1244,0.0
CGPOWER,CGPOWER.NS,CG Power and Industrial Solutions Limited,Industrials,Electrical Equipment & Parts,2026-06-12,1425337215345.0,963.7000122070312,2695013.4654340837,2597184509.53694,1244,0.0
DLF,DLF.NS,DLF Limited,Real Estate,Real Estate - Development,2026-06-12,1417487308873.3147,624.5,4905266.77170418,3063339098.9292607,1244,0.0
TMPV,TMPV.NS,Tata Motors Passenger Vehicles Limited,Consumer Cyclical,Auto Manufacturers,2026-06-12,1413502942889.8037,359.5,16056856.672829581,5772439973.882235,1244,0.0
BANKBARODA,BANKBARODA.NS,Bank of Baroda Limited,Financial Services,Banks - Regional,2026-06-12,1413074715411.75,281.04998779296875,21558433.751607716,6058997542.7248745,1244,0.0
PFC,PFC.NS,Power Finance Corporation Limited,Financial Services,Credit Services,2026-06-12,1375317408480.0,431.0,10101759.587620579,4353858382.264469,1244,0.0
BHEL,BHEL.NS,Bharat Heavy Electricals Limited,Industrials,Specialty Industrial Machinery,2026-06-12,1296720372149.172,414.3500061035156,24780603.735530548,10267843309.065884,1244,0.0
CHOLAFIN,CHOLAFIN.NS,Cholamandalam Investment and Finance Company Limited,Financial Services,Credit Services,2026-06-12,1291434860067.0078,1693.4000244140625,1914891.5627009647,3242677419.028096,1244,0.0
UNIONBANK,UNIONBANK.NS,Union Bank of India,Financial Services,Banks - Regional,2026-06-12,1286796953082.1873,175.75999450683594,15978887.877009647,2808449245.488563,1244,0.0
TECHM,TECHM.NS,Tech Mahindra Limited,Technology,Information Technology Services,2026-06-12,1270563231285.0,1409.5999755859375,2489989.5418006433,3509889197.3314266,1244,0.0
SIEMENS,SIEMENS.NS,Siemens Limited,Industrials,Specialty Industrial Machinery,2026-06-12,1264192145922.107,3759.60009765625,619285.8045052292,2328266971.0949893,1243,0.0
BPCL,BPCL.NS,Bharat Petroleum Corporation Limited,Energy,Oil & Gas Refining & Marketing,2026-06-12,1259985253264.8115,306.6000061035156,10401221.270096462,3189014504.8955917,1244,0.0
TATAPOWER,TATAPOWER.NS,Tata Power Company Limited,Utilities,Utilities - Independent Power Producers,2026-06-12,1255289160541.755,402.3500061035156,17517513.828778137,7048171795.927302,1244,0.0
GVT&D,GVT&D.NS,GE Vernova T&D India Ltd,Industrials,Specialty Industrial Machinery,2026-06-12,1253219765557.5,5533.5,317981.5618971061,1759550972.7576368,1244,0.0
BRITANNIA,BRITANNIA.NS,Britannia Industries Limited,Consumer Defensive,Packaged Foods,2026-06-12,1236136095072.0,5195.0,356700.87138263666,1853061026.8327975,1244,0.0
IRFC,IRFC.NS,Indian Railway Finance Corporation Limited,Financial Services,Credit Services,2026-06-12,1234320351818.0847,99.51000213623047,36926449.86414791,3674551104.8647656,1244,0.0
APOLLOHOSP,APOLLOHOSP.NS,Apollo Hospitals Enterprise Limited,Healthcare,Medical Care Facilities,2026-06-12,1224398246683.5,8489.5,525202.7242765273,4458708527.745579,1244,0.0
PNB,PNB.NS,Punjab National Bank,Financial Services,Banks - Regional,2026-06-12,1215263796606.7444,108.7699966430664,46555182.89308681,5063807086.998395,1244,0.0
MUTHOOTFIN,MUTHOOTFIN.NS,Muthoot Finance Limited,Financial Services,Credit Services,2026-06-12,1208620846998.0,3126.10009765625,720418.3416398714,2252099848.1537557,1244,0.0
VEDL,VEDL.NS,Vedanta Limited,Basic Materials,Other Industrial Metals & Mining,2026-06-12,1192526425119.7815,300.79998779296875,13463166.060289389,4049720186.5897593,1244,0.0
HDFCLIFE,HDFCLIFE.NS,HDFC Life Insurance Company Limited,Financial Services,Insurance - Life,2026-06-12,1187762732396.9636,591.8499755859375,3773218.876205788,2233179499.762794,1244,0.0
CANBK,CANBK.NS,Canara Bank,Financial Services,Banks - Regional,2026-06-12,1176191332275.3416,133.74000549316406,42788730.452572346,5722565045.772542,1244,0.0
JINDALSTEL,JINDALSTEL.NS,Jindal Steel Limited,Basic Materials,Steel,2026-06-12,1161869682805.318,1137.699951171875,3593977.8344051447,4088868406.715534,1244,0.0
BOSCHLTD,BOSCHLTD.NS,Bosch Limited,Consumer Cyclical,Auto Parts,2026-06-12,1153444990500.0,40195.0,33703.77312952534,1354723160.941271,1243,0.0
LTM,LTM.NS,LTM Limited,Technology,Information Technology Services,2026-06-12,1134290291314.9907,3832.5,410112.3569131833,1571755607.869775,1244,0.0
CIPLA,CIPLA.NS,Cipla Limited,Healthcare,Drug Manufacturers - Specialty & Generic,2026-06-12,1126944215820.0,1351.800048828125,1883036.1334405146,2545488337.130011,1244,0.0
INDIANB,INDIANB.NS,Indian Bank,Financial Services,Banks - Regional,2026-06-12,1121482177695.7373,870.0999755859375,2376065.8786173635,2067414862.975547,1244,0.0
ZYDUSLIFE,ZYDUSLIFE.NS,Zydus Lifesciences Limited,Healthcare,Drug Manufacturers - Specialty & Generic,2026-06-12,1113699829264.519,1070.800048828125,1464630.2893890676,1568326185.3929644,1244,0.0
BAJAJHLDNG,BAJAJHLDNG.NS,Bajaj Holdings & Investment Limited,Financial Services,Asset Management,2026-06-12,1113380274040.0,10677.0,64950.66559485531,693478256.5562701,1244,0.0
INDUSTOWER,INDUSTOWER.NS,Indus Towers Limited,Communication Services,Telecom Services,2026-06-12,1108015280054.4707,411.20001220703125,9043323.004019292,3718614529.6448593,1244,0.0
GAIL,GAIL.NS,GAIL (India) Limited,Utilities,Utilities - Regulated Gas,2026-06-12,1101851858613.2705,173.89999389648438,15786632.992765274,2745295381.08792,1244,0.0
TATACONSUM,TATACONSUM.NS,Tata Consumer Products Limited,Consumer Defensive,Packaged Foods,2026-06-12,1092766256603.0771,1111.5,1665547.5096463023,1851256056.971865,1244,0.0
GMRAIRPORT,GMRAIRPORT.NS,GMR Airports Limited,Industrials,Airports & Air Services,2026-06-12,1080288803870.37,108.83000183105469,20053313.87459807,2182402185.6912227,1244,0.0
MARICO,MARICO.NS,Marico Limited,Consumer Defensive,Household & Personal Products,2026-06-12,1061839224929.95,817.0499877929688,1892575.7017684889,1546328954.027213,1244,0.0
DRREDDY,DRREDDY.NS,Dr. Reddy's Laboratories Limited,Healthcare,Drug Manufacturers - Specialty & Generic,2026-06-12,1061280604377.5,1272.0999755859375,2155766.8376205787,2742350941.506112,1244,0.0
GODREJCP,GODREJCP.NS,Godrej Consumer Products Limited,Consumer Defensive,Household & Personal Products,2026-06-12,1046369883549.0428,1000.5999755859375,1282557.1663987138,1283326669.3861222,1244,0.0
LUPIN,LUPIN.NS,Lupin Limited,Healthcare,Drug Manufacturers - Specialty & Generic,2026-06-12,1044547728492.0,2351.60009765625,1201506.6784565917,2825463222.3931575,1244,0.0
HDFCAMC,HDFCAMC.NS,HDFC Asset Management Company Limited,Financial Services,Asset Management,2026-06-12,1032840015513.0,2719.0,985161.7258842444,2678654732.6792607,1244,0.0
AMBUJACEM,AMBUJACEM.NS,Ambuja Cements Limited,Basic Materials,Building Materials,2026-06-12,1028341607592.2205,423.95001220703125,5023172.4389067525,2129574016.7925406,1244,0.0
JSWENERGY,JSWENERGY.NS,JSW Energy Limited,Utilities,Utilities - Independent Power Producers,2026-06-12,1013856805993.3586,570.0999755859375,2943381.33681672,1678021628.2593162,1244,0.0
MANKIND,MANKIND.NS,Mankind Pharma Limited,Healthcare,Drug Manufacturers - Specialty & Generic,2026-06-12,992553254093.2192,2414.199951171875,636214.0791180285,1535947998.7416039,771,0.0
LLOYDSME,LLOYDSME.NS,Lloyds Metals and Energy Limited,Basic Materials,Steel,2026-06-12,989873974323.3164,1766.199951171875,492823.4074585635,870424678.1896719,724,0.0
MAXHEALTH,MAXHEALTH.NS,Max Healthcare Institute Limited,Healthcare,Medical Care Facilities,2026-06-12,988377718038.5328,1094.75,2445712.838424437,2677444129.865153,1244,0.0
HEROMOTOCO,HEROMOTOCO.NS,Hero MotoCorp Limited,Consumer Cyclical,Auto Manufacturers,2026-06-12,985477748484.126,4974.89990234375,663214.807073955,3299427278.9451475,1244,0.0
MAZDOCK,MAZDOCK.NS,Mazagon Dock Shipbuilders Limited,Industrials,Aerospace & Defense,2026-06-12,963271440000.0,2518.699951171875,3737008.918006431,9412404179.311659,1244,0.0
INDHOTEL,INDHOTEL.NS,The Indian Hotels Company Limited,Consumer Cyclical,Lodging,2026-06-12,954909474731.1866,724.75,4594399.783762058,3329791243.281552,1244,0.0
UNITDSPR,UNITDSPR.NS,UNITED SPIRITS LIMITED,Consumer Defensive,Beverages - Wineries & Distilleries,2026-06-12,923363145467.8192,1320.5,1249127.4991961415,1649472862.688505,1244,0.0
BHARATFORG,BHARATFORG.NS,Bharat Forge Limited,Consumer Cyclical,Auto Parts,2026-06-12,921802679687.1144,2041.4000244140625,1394443.0651649237,2846616107.271695,1243,0.0
RECLTD,RECLTD.NS,REC Limited,Financial Services,Credit Services,2026-06-12,908725618471.9238,355.3500061035156,9828367.928456591,3492510603.364647,1244,0.0
ABCAPITAL,ABCAPITAL.NS,Aditya Birla Capital Limited,Financial Services,Financial Conglomerates,2026-06-12,908472086676.0,375.8999938964844,4937442.290192926,1855984526.7477648,1244,0.0
LODHA,LODHA.NS,Lodha Developers Limited,Real Estate,Real Estate - Development,2026-06-12,886037707892.0,918.1500244140625,1335218.3593247589,1225930769.2121317,1244,0.0
WAAREEENER,WAAREEENER.NS,WAAREE ENERGIES LIMITED,Technology,Solar,2026-06-12,872676634168.4753,3125.39990234375,2187841.4694376527,6837879514.9240465,409,0.0
SHREECEM,SHREECEM.NS,Shree Cement Limited,Basic Materials,Building Materials,2026-06-12,866659566960.0,25075.0,40977.32073954984,1027506317.5442122,1244,0.0
ASHOKLEY,ASHOKLEY.NS,Ashok Leyland Limited,Industrials,Farm & Heavy Construction Machinery,2026-06-12,862105657692.8541,156.66000366210938,24531245.847266883,3843065064.268935,1244,0.0
AUROPHARMA,AUROPHARMA.NS,Aurobindo Pharma Limited,Healthcare,Drug Manufacturers - Specialty & Generic,2026-06-12,848394706177.5,1497.800048828125,1769728.2051488336,2650698992.084433,1243,0.0
ICICIGI,ICICIGI.NS,ICICI Lombard General Insurance Company Limited,Financial Services,Insurance - Diversified,2026-06-12,836753988637.0,1870.0999755859375,709479.3826366559,1326797376.1475363,1244,0.0
NTPCGREEN,NTPCGREEN.NS,NTPC GREEN ENERGY LIMITED,Utilities,Utilities - Renewable,2026-06-12,825021968749.9309,96.04000091552734,11574872.994858611,1111650813.0233338,389,0.0
OFSS,OFSS.NS,Oracle Financial Services Software Limited,Technology,Software - Infrastructure,2026-06-12,810394774332.0,9638.5,169216.05868167203,1630988981.6032958,1244,0.0
HINDPETRO,HINDPETRO.NS,Hindustan Petroleum Corporation Limited,Energy,Oil & Gas Refining & Marketing,2026-06-12,806231938704.102,392.1000061035156,7316997.0667202575,2868994594.520419,1244,0.0
SRF,SRF.NS,SRF Limited,Industrials,Conglomerates,2026-06-12,805157297364.0991,2709.800048828125,674920.6149517685,1828899915.3514106,1244,0.0
IDBI,IDBI.NS,IDBI Bank Limited,Financial Services,Banks - Regional,2026-06-12,801161509028.8591,82.9800033569336,13091627.530546624,1086343296.4324832,1244,0.0
NMDC,NMDC.NS,NMDC Limited,Basic Materials,Steel,2026-06-12,796538656614.7511,88.41999816894531,36401698.31511254,3218638098.36875,1244,0.0
ATGL,ATGL.NS,Adani Total Gas Limited,Utilities,Utilities - Regulated Gas,2026-06-12,794612784967.5,727.2999877929688,1745280.902733119,1269342779.253099,1244,0.0
FEDERALBNK,FEDERALBNK.NS,The Federal Bank Limited,Financial Services,Banks - Regional,2026-06-12,778449810214.7582,323.95001220703125,12984195.098874599,4206230160.7789016,1244,0.0
NYKAA,NYKAA.NS,FSN E-Commerce Ventures Limited,Consumer Cyclical,Internet Retail,2026-06-12,771227796787.0096,302.29998779296875,8199091.292725679,2478585197.704409,1141,0.0
LAURUSLABS,LAURUSLABS.NS,Laurus Labs Limited,Healthcare,Drug Manufacturers - Specialty & Generic,2026-06-12,755809166617.0,1412.9000244140625,2255858.109324759,3187301977.7396126,1244,0.0
SAIL,SAIL.NS,Steel Authority of India Limited,Basic Materials,Steel,2026-06-12,754275225545.3625,180.0500030517578,27257678.786173634,4907745148.634397,1244,0.0
PERSISTENT,PERSISTENT.NS,Persistent Systems Limited,Technology,Information Technology Services,2026-06-12,753267978646.0,4829.0,639816.154340836,3089672209.311897,1244,0.0
SUZLON,SUZLON.NS,Suzlon Energy Limited,Industrials,Specialty Industrial Machinery,2026-06-12,753120135329.2986,59.20000076293945,86537456.95980707,5123017518.043419,1244,0.0
FORTIS,FORTIS.NS,Fortis Healthcare Limited,Healthcare,Medical Care Facilities,2026-06-12,750994617723.0,962.9500122070312,1830231.213022508,1762421168.9217136,1244,0.0
DABUR,DABUR.NS,Dabur India Limited,Consumer Defensive,Household & Personal Products,2026-06-12,748696583700.7078,423.5,2233281.748392283,945794820.4441319,1244,0.0
NHPC,NHPC.NS,NHPC Limited,Utilities,Utilities - Renewable,2026-06-12,738209586360.9406,75.81999969482422,26415279.27652733,2002806466.6849988,1244,0.0
BHARTIHEXA,BHARTIHEXA.NS,BHARTI HEXACOM LIMITED,Communication Services,Telecom Services,2026-06-12,734900024414.0625,1494.5,591641.620626151,884208402.0257826,543,0.0
AUBANK,AUBANK.NS,AU Small Finance Bank Limited,Financial Services,Banks - Regional,2026-06-12,726431885617.5391,1033.050048828125,2635716.1655948553,2722826713.5648437,1244,0.0
HAVELLS,HAVELLS.NS,Havells India Limited,Industrials,Electrical Equipment & Parts,2026-06-12,718648133251.6245,1176.300048828125,1005604.4565916399,1182892571.390526,1244,0.0
MCX,MCX.NS,Multi Commodity Exchange of India Limited,Financial Services,Financial Data & Stock Exchanges,2026-06-12,717933357499.4458,2803.800048828125,3074968.558681672,8621596994.976622,1244,0.0
YESBANK,YESBANK.NS,Yes Bank Limited,Financial Services,Banks - Regional,2026-06-12,717486360231.2977,25.40999984741211,142554378.37781352,3622306732.82817,1244,0.0
INDUSINDBK,INDUSINDBK.NS,IndusInd Bank Limited,Financial Services,Banks - Regional,2026-06-12,704141224620.0,947.4500122070312,4496160.861736335,4259887663.3368664,1244,0.0
TORNTPOWER,TORNTPOWER.NS,Torrent Power Limited,Utilities,Utilities - Independent Power Producers,2026-06-12,703902871519.0326,1438.4000244140625,782055.8625401929,1124909171.7709742,1244,0.0
BAJAJHFL,BAJAJHFL.NS,BAJAJ HOUSING FINANCE LTD,Financial Services,Mortgage Finance,2026-06-12,697775292695.8562,88.36000061035156,13290209.792237444,1174322945.3538008,438,0.0
POLICYBZR,POLICYBZR.NS,PB Fintech Limited,Financial Services,Insurance Brokers,2026-06-12,696389682853.7554,1636.699951171875,1775258.297273527,2905565168.4650474,1137,0.0
DIXON,DIXON.NS,Dixon Technologies (India) Limited,Technology,Consumer Electronics,2026-06-12,695999269171.0,12517.0,450045.02893890673,5633213627.228295,1244,0.0
NATIONALUM,NATIONALUM.NS,National Aluminium Company Limited,Basic Materials,Aluminum,2026-06-12,692685667257.1392,376.0,18280949.5988746,6873637049.176849,1244,0.0
NAM-INDIA,NAM-INDIA.NS,Nippon Life India Asset Management Limited,Financial Services,Asset Management,2026-06-12,684325224097.5378,1186.9000244140625,900073.7395498392,1068297543.4461607,1244,0.0
LTF,LTF.NS,L&T Finance Limited,Financial Services,Credit Services,2026-06-12,684003192327.0,286.5,7897953.479099679,2262763671.762058,1244,0.0
OIL,OIL.NS,Oil India Limited,Energy,Oil & Gas Integrated,2026-06-12,680410019119.2478,418.1499938964844,4297979.518488746,1797200109.423284,1244,0.0
BIOCON,BIOCON.NS,Biocon Limited,Healthcare,Biotechnology,2026-06-12,678087757681.8772,415.5,3923359.7154340837,1630155961.7628617,1244,0.0
ICICIPRULI,ICICIPRULI.NS,ICICI Prudential Life Insurance Company Limited,Financial Services,Insurance - Life,2026-06-12,676504752871.1039,500.29998779296875,1613819.9172025723,807394084.8764968,1244,0.0
PAYTM,PAYTM.NS,One97 Communications Limited,Technology,Software - Infrastructure,2026-06-12,674402903452.7446,1090.0999755859375,5475317.090748899,5968643026.950641,1135,0.0
MAHABANK,MAHABANK.NS,Bank of Maharashtra,Financial Services,Banks - Regional,2026-06-12,659473904982.0659,90.19000244140625,19842838.39710611,1789625643.4794297,1244,0.0
GICRE,GICRE.NS,General Insurance Corporation of India,Financial Services,Insurance - Reinsurance,2026-06-12,654391200000.0,368.70001220703125,1513772.9372990353,558128100.4608278,1244,0.0
BANKINDIA,BANKINDIA.NS,Bank of India Limited,Financial Services,Banks - Regional,2026-06-12,653489914919.6326,146.57000732421875,11031851.352090033,1616938533.4755287,1244,0.0
IDFCFIRSTB,IDFCFIRSTB.NS,IDFC First Bank Limited,Financial Services,Banks - Regional,2026-06-12,643494062943.7166,78.68000030517578,33654917.790192924,2647968942.003045,1244,0.0
SWIGGY,SWIGGY.NS,SWIGGY LIMITED,Consumer Cyclical,Internet Retail,2026-06-12,643304614157.7954,254.0500030517578,13645826.77833753,3466722334.680408,397,0.0
ALKEM,ALKEM.NS,Alkem Laboratories Limited,Healthcare,Drug Manufacturers - Specialty & Generic,2026-06-12,633634717500.0,5373.5,168513.37811745776,905506637.3141593,1243,0.0
IOB,IOB.NS,Indian Overseas Bank,Financial Services,Banks - Regional,2026-06-12,633349226604.2604,35.09000015258789,17752130.118167203,622922248.5552472,1244,0.0
NAUKRI,NAUKRI.NS,Info Edge (India) Limited,Communication Services,Internet Content & Information,2026-06-12,627560400992.3977,984.25,1756936.3721864952,1729264624.324558,1244,0.0
PHOENIXLTD,PHOENIXLTD.NS,The Phoenix Mills Limited,Real Estate,Real Estate - Diversified,2026-06-12,623331592608.9569,1881.0999755859375,653231.8027375201,1228794328.1815069,1242,0.0
SCHAEFFLER,SCHAEFFLER.NS,Schaeffler India Limited,Consumer Cyclical,Auto Parts,2026-06-12,620275468763.9697,4329.89990234375,109432.77090032154,473832944.0345082,1244,0.0
APARINDS,APARINDS.NS,APAR Industries Limited,Industrials,Electrical Equipment & Parts,2026-06-12,612255341400.0,16280.0,150581.04662379422,2451459439.03537,1244,0.0
JSWINFRA,JSWINFRA.NS,JSW Infrastructure Limited,Industrials,Marine Shipping,2026-06-12,610848160994.9846,308.1499938964844,3322805.315946349,1023922437.8280733,671,0.0
GLENMARK,GLENMARK.NS,Glenmark Pharmaceuticals Limited,Healthcare,Drug Manufacturers - Specialty & Generic,2026-06-12,610372102227.4272,2213.60009765625,1059705.8585209004,2345764991.9087653,1244,0.0
COFORGE,COFORGE.NS,Coforge Limited,Technology,Information Technology Services,2026-06-12,607345361112.0,1463.300048828125,2454022.4807073954,3590971215.844448,1244,0.0
BERGEPAINT,BERGEPAINT.NS,Berger Paints India Limited,Basic Materials,Specialty Chemicals,2026-06-12,605155459428.0,550.7000122070312,974053.3754019293,536411205.72414243,1244,0.0
UNOMINDA,UNOMINDA.NS,Uno Minda Limited,Consumer Cyclical,Auto Parts,2026-06-12,601258826690.5591,1115.5999755859375,746873.4493569132,833212001.8683573,1244,0.0
TIINDIA,TIINDIA.NS,Tube Investments of India Limited,Industrials,Conglomerates,2026-06-12,599636596190.5327,3285.60009765625,302956.51286173635,995393948.244118,1244,0.0
FACT,FACT.NS,The Fertilisers and Chemicals Travancore Limited,Basic Materials,Agricultural Inputs,2026-06-12,586117786150.3722,884.8499755859375,1062068.4573954984,939771248.5970011,1244,0.0
PRESTIGE,PRESTIGE.NS,Prestige Estates Projects Limited,Real Estate,Real Estate - Diversified,2026-06-12,583208734128.0,1497.300048828125,922381.0313504824,1381081163.2792137,1244,0.0
OBEROIRLTY,OBEROIRLTY.NS,Oberoi Realty Limited,Real Estate,Real Estate - Development,2026-06-12,583181636801.3077,1683.5,830939.1415929204,1398886044.8716815,1243,0.0
LINDEINDIA,LINDEINDIA.NS,Linde India Limited,Basic Materials,Specialty Chemicals,2026-06-12,581595758748.5,7460.5,92438.34995977474,689636309.8748995,1243,0.0
JSL,JSL.NS,Jindal Stainless Limited,Basic Materials,Steel,2026-06-12,570997228032.0,696.7000122070312,1417695.590836013,987708535.4413046,1244,0.0
COLPAL,COLPAL.NS,Colgate-Palmolive (India) Limited,Consumer Defensive,Household & Personal Products,2026-06-12,559800818618.2515,1997.800048828125,434679.0409967846,868401809.3279388,1244,0.0
ABBOTINDIA,ABBOTINDIA.NS,Abbott India Limited,Healthcare,Drug Manufacturers - Specialty & Generic,2026-06-12,559281628640.0,26215.0,14036.581993569132,367968996.9614148,1244,0.0
TATACOMM,TATACOMM.NS,Tata Communications Limited,Communication Services,Telecom Services,2026-06-12,558571506958.0078,1988.800048828125,617019.2853697749,1227127984.871303,1244,0.0
VMM,VMM.NS,VISHAL MEGA MART LIMITED,Consumer Cyclical,Department Stores,2026-06-12,554197247503.8754,118.66000366210938,22564929.363636363,2677554600.92433,374,0.0
COROMANDEL,COROMANDEL.NS,Coromandel International Limited,Basic Materials,Agricultural Inputs,2026-06-12,552884617928.4154,2015.199951171875,485865.02009646303,979115164.7745143,1244,0.0
SBICARD,SBICARD.NS,SBI Cards and Payment Services Limited,Financial Services,Credit Services,2026-06-12,549316464961.5,616.9000244140625,1576048.5426045016,972264384.4104646,1244,0.0
MFSL,MFSL.NS,Max Financial Services Limited,Financial Services,Insurance - Life,2026-06-12,536326224037.4729,1669.300048828125,896085.8159163987,1495836096.2634344,1244,0.0
MOTILALOFS,MOTILALOFS.NS,Motilal Oswal Financial Services Limited,Financial Services,Capital Markets,2026-06-12,529106929469.5442,953.4500122070312,952551.479903537,908210220.141853,1244,0.0
MRF,MRF.NS,MRF Limited,Consumer Cyclical,Auto Parts,2026-06-12,525414000555.0,128645.0,9056.481094127112,1165071010.3539822,1243,0.0
THERMAX,THERMAX.NS,Thermax Limited,Industrials,Conglomerates,2026-06-12,524683736918.3936,4702.39990234375,131535.79726468222,618533920.2121489,1243,0.0
UPL,UPL.NS,UPL Limited,Basic Materials,Agricultural Inputs,2026-06-12,509875417440.0102,608.6500244140625,2679014.9726688103,1630582528.5205104,1244,0.0
KEI,KEI.NS,KEI Industries Limited,Industrials,Electrical Equipment & Parts,2026-06-12,507782560342.5,5631.0,348997.8971061093,1965207158.6045015,1244,0.0
GODREJPROP,GODREJPROP.NS,Godrej Properties Limited,Real Estate,Real Estate - Development,2026-06-12,499492875480.1011,1795.9000244140625,887397.1430868168,1593676550.9345834,1244,0.0
APLAPOLLO,APLAPOLLO.NS,APL Apollo Tubes Limited,Basic Materials,Steel,2026-06-12,491760794316.7304,1871.5999755859375,626832.9421221865,1173180519.1723456,1244,0.0
HINDCOPPER,HINDCOPPER.NS,Hindustan Copper Limited,Basic Materials,Copper,2026-06-12,491635005865.7538,511.1499938964844,8589122.47829582,4390329902.357065,1244,0.0
RVNL,RVNL.NS,Rail Vikas Nigam Limited,Industrials,Engineering & Construction,2026-06-12,476114352560.9528,243.99000549316406,15309210.547427652,3735294365.562878,1244,0.0
RADICO,RADICO.NS,Radico Khaitan Limited,Consumer Defensive,Beverages - Wineries & Distilleries,2026-06-12,473916081975.0,3769.199951171875,346922.29203539825,1307619486.200258,1243,0.0
PREMIERENE,PREMIERENE.NS,PREMIER ENERGIES LIMITED,Technology,Solar,2026-06-12,473184404365.5,1079.5999755859375,2470674.5570469797,2667340191.468716,447,0.0
PATANJALI,PATANJALI.NS,Patanjali Foods Limited,Consumer Defensive,Packaged Foods,2026-06-12,463436751348.0,421.70001220703125,2200681.893890675,928027581.5174904,1244,0.0
SUNDARMFIN,SUNDARMFIN.NS,Sundaram Finance Limited,Financial Services,Credit Services,2026-06-12,456954258592.0913,4475.5,95793.05707395499,428721826.93448555,1244,0.0
AIIL,AIIL.NS,Authum Investment & Infrastructure Limited,Financial Services,Capital Markets,2026-06-12,452722093316.9556,543.7999877929688,708925.1750465549,385513501.5364448,537,0.0
NLCINDIA,NLCINDIA.NS,NLC India Limited,Utilities,Utilities - Regulated Electric,2026-06-12,440742454634.0082,321.70001220703125,4088311.2258842443,1315209771.2731042,1244,0.0
SUPREMEIND,SUPREMEIND.NS,The Supreme Industries Limited,Industrials,Building Products & Equipment,2026-06-12,440706927130.66895,3525.5,185487.90192926046,653937598.2516078,1244,0.0
360ONE,360ONE.NS,360 One Wam Limited,Financial Services,Asset Management,2026-06-12,437176333998.0,1145.0999755859375,661019.7232502011,756933668.9556284,1243,0.0
BDL,BDL.NS,Bharat Dynamics Limited,Industrials,Aerospace & Defense,2026-06-12,434193281250.0,1373.4000244140625,1924934.8014469454,2643705503.3027134,1244,0.0
MPHASIS,MPHASIS.NS,Mphasis Limited,Technology,Information Technology Services,2026-06-12,432811223492.7612,2267.5,642572.2057877814,1457032476.6237943,1244,0.0
PIIND,PIIND.NS,PI Industries Limited,Basic Materials,Agricultural Inputs,2026-06-12,429623547360.0,2803.60009765625,315232.0498392283,883784605.7136402,1244,0.0
PAGEIND,PAGEIND.NS,Page Industries Limited,Consumer Cyclical,Apparel Manufacturing,2026-06-12,429089532780.0,39975.0,25274.09581320451,1010331980.1328503,1242,0.0
VOLTAS,VOLTAS.NS,Voltas Limited,Consumer Cyclical,"Furnishings, Fixtures & Appliances",2026-06-12,425319252874.2407,1343.4000244140625,1389852.9541800644,1867128492.5774553,1244,0.0
ASTERDM,ASTERDM.NS,Aster DM Healthcare Limited,Healthcare,Medical Care Facilities,2026-06-12,419160299058.5592,809.4000244140625,1082807.8721864952,876424718.1834882,1244,0.0
IRCTC,IRCTC.NS,Indian Railway Catering & Tourism Corporation Limited,Consumer Cyclical,Travel Services,2026-06-12,417639990234.375,519.5999755859375,3877353.705787781,2014672890.8653753,1244,0.0
HUDCO,HUDCO.NS,Housing and Urban Development Corporation Limited,Financial Services,Credit Services,2026-06-12,406105435221.8628,208.64999389648438,9162103.442122186,1911672827.2777524,1244,0.0
IPCALAB,IPCALAB.NS,Ipca Laboratories Limited,Healthcare,Drug Manufacturers - Specialty & Generic,2026-06-12,405977477255.6987,1585.800048828125,445157.4633950121,705930727.1880144,1243,0.0
ASTRAL,ASTRAL.NS,Astral Limited,Industrials,Building Products & Equipment,2026-06-12,405393095967.0,1542.0999755859375,615694.7033762058,949462787.044838,1244,0.0
EMBASSY,EMBASSY.NS,Embassy Office Parks REIT,,,2026-06-20,403641579853.62463,431.5899963378906,929432.6459175424,401133832.2478681,1237,0.0
PETRONET,PETRONET.NS,Petronet LNG Limited,Energy,Oil & Gas Refining & Marketing,2026-06-12,403200005343.85205,288.70001220703125,3279296.575562701,946732961.3954276,1244,0.0
AIAENG,AIAENG.NS,AIA Engineering Limited,Industrials,Specialty Industrial Machinery,2026-06-12,402341434104.6826,4687.0,73233.49355877617,343245384.3099839,1242,0.0
ATHERENERG,ATHERENERG.NS,Ather Energy Limited,Consumer Cyclical,Auto Manufacturers,2026-06-12,401338390830.5786,971.7000122070312,3110933.255319149,3022893882.168876,282,0.0
FLUOROCHEM,FLUOROCHEM.NS,Gujarat Fluorochemicals Limited,Basic Materials,Specialty Chemicals,2026-06-12,399864995727.5391,3839.89990234375,136146.27009646303,522788049.2478742,1244,0.0
M&MFIN,M&MFIN.NS,Mahindra & Mahindra Financial Services Limited,Financial Services,Credit Services,2026-06-12,392546507982.5,294.1000061035156,3993088.677652733,1174367404.469548,1244,0.0
AJANTPHARM,AJANTPHARM.NS,Ajanta Pharma Limited,Healthcare,Drug Manufacturers - Specialty & Generic,2026-06-12,390098980176.85547,3065.199951171875,133219.17779565568,408343417.2744011,1243,0.0
NH,NH.NS,Narayana Hrudayalaya Limited,Healthcare,Medical Care Facilities,2026-06-12,386823940782.50793,1878.699951171875,375489.02170418005,705431206.7412182,1244,0.0
BALKRISIND,BALKRISIND.NS,Balkrishna Industries Limited,Consumer Cyclical,Auto Parts,2026-06-12,386769692593.6841,2243.699951171875,296193.610619469,664569589.684324,1243,0.0
GLAND,GLAND.NS,Gland Pharma Limited,Healthcare,Drug Manufacturers - Specialty & Generic,2026-06-12,372709889401.45605,2199.0,392782.54545454547,863728817.4545455,1243,0.0
NAVINFLUOR,NAVINFLUOR.NS,Navin Fluorine International Limited,Basic Materials,Chemicals,2026-06-12,371823202750.0,7493.5,209685.96057924375,1571281745.600563,1243,0.0
COCHINSHIP,COCHINSHIP.NS,Cochin Shipyard Limited,Industrials,Aerospace & Defense,2026-06-12,368812951904.8706,1458.0,2614426.5610932475,3811833926.073955,1244,0.0
WELCORP,WELCORP.NS,Welspun Corp Limited,Basic Materials,Steel,2026-06-12,366284755992.0,1423.4000244140625,1320776.0739549838,1879992695.9130337,1244,0.0
SONACOMS,SONACOMS.NS,Sona BLW Precision Forgings Limited,Consumer Cyclical,Auto Parts,2026-06-12,366032582500.76935,613.7999877929688,2218834.1271255063,1361920360.1442583,1235,0.0
KPRMILL,KPRMILL.NS,K.P.R. Mill Limited,Consumer Cyclical,Textile Manufacturing,2026-06-12,364786514685.0,1159.75,419014.9340836013,485952569.8034566,1244,0.0
JKCEMENT,JKCEMENT.NS,J.K. Cement Limited,Basic Materials,Building Materials,2026-06-12,363238047951.0,5503.5,124387.34887459807,684565774.5313505,1244,0.0
JBCHEPHARM,JBCHEPHARM.NS,J. B. Chemicals & Pharmaceuticals Limited,Healthcare,Drug Manufacturers - Specialty & Generic,2026-06-12,362525486597.83887,2193.5,210713.2733118971,462199565.0096463,1244,0.0
UBL,UBL.NS,United Breweries Limited,Consumer Defensive,Beverages - Brewers,2026-06-12,357105587784.19617,1341.9000244140625,286224.62057877815,384084825.34256816,1244,0.0
GUJGASLTD,GUJGASLTD.NS,Gujarat Energy Limited,Utilities,Utilities - Regulated Gas,2026-06-12,356340064997.1867,388.45001220703125,1256102.894609815,487933184.74446994,1243,0.0
GODFRYPHLP,GODFRYPHLP.NS,Godfrey Phillips India Limited,Consumer Defensive,Tobacco,2026-06-12,354562153888.59375,2271.0,529342.4477491961,1202136698.8384242,1244,0.0
GLAXO,GLAXO.NS,GlaxoSmithKline Pharmaceuticals Limited,Healthcare,Drug Manufacturers - General,2026-06-12,354414380274.958,2332.0,115301.64549839229,268883437.3022508,1244,0.0
LTTS,LTTS.NS,L&T Technology Services Limited,Technology,Information Technology Services,2026-06-12,353219031907.56104,3331.199951171875,232491.09324758843,774474318.4742625,1244,0.0
3MINDIA,3MINDIA.NS,3M India Limited,Industrials,Conglomerates,2026-06-12,352089762850.0,33125.0,5520.905797101449,182880004.5289855,1242,0.0
KALYANKJIL,KALYANKJIL.NS,Kalyan Jewellers India Limited,Consumer Cyclical,Luxury Goods,2026-06-12,351183294783.658,383.5,4902304.0,1880033584.0,1244,0.0
ENDURANCE,ENDURANCE.NS,Endurance Technologies Limited,Consumer Cyclical,Auto Parts,2026-06-12,349575302981.2969,2622.39990234375,124313.29421221865,325999170.60215205,1244,0.0
NXST,NXST.NS,"NXST.NS,0P0001QYGB,295316",,,2026-06-20,346366525869.2616,155.02999877929688,1260799.0792602377,195461679.7186533,757,0.0
GODREJIND,GODREJIND.NS,Godrej Industries Limited,Industrials,Conglomerates,2026-06-12,344315585865.2128,1112.4000244140625,316364.1125401929,351923446.5134438,1244,0.0
IREDA,IREDA.NS,Indian Renewable Energy Development Agency Limited,Financial Services,Credit Services,2026-06-12,339439419256.2961,127.1500015258789,22998511.225908373,2924260737.4671926,633,0.0
HSCL,HSCL.NS,Himadri Speciality Chemical Limited,Basic Materials,Specialty Chemicals,2026-06-12,339051954528.0,671.0499877929688,4422322.04340836,2967599153.2457566,1244,0.0
POONAWALLA,POONAWALLA.NS,Poonawalla Fincorp Limited,Financial Services,Credit Services,2026-06-12,338438721521.5,426.70001220703125,2817563.5466237944,1202254399.7384593,1244,0.0
AEGISLOG,AEGISLOG.NS,AEGIS LOGISTICS LIMITED,Energy,Oil & Gas Refining & Marketing,2026-06-12,337065295715.33203,1007.7999877929688,1080895.6425120772,1089326615.3291445,1242,0.0
CONCOR,CONCOR.NS,Container Corporation of India Limited,Industrials,Railroads,2026-06-12,336025842219.09393,471.75,1667719.3223472668,786746590.3173231,1244,0.0
TATAINVEST,TATAINVEST.NS,Tata Investment Corporation Limited,Financial Services,Asset Management,2026-06-12,335674497488.1836,691.0,1391286.4099678458,961378909.2877815,1244,0.0
EXIDEIND,EXIDEIND.NS,Exide Industries Limited,Consumer Cyclical,Auto Parts,2026-06-12,331925000000.0,380.75,3325645.4300643085,1266239497.4969854,1244,0.0
MEDANTA,MEDANTA.NS,Global Health Limited,Healthcare,Medical Care Facilities,2026-06-12,329095041629.5586,1265.800048828125,405928.95823927765,513824895.16002756,886,0.0
DELHIVERY,DELHIVERY.NS,Delhivery Limited,Industrials,Integrated Freight & Logistics,2026-06-12,328557114405.0,461.1000061035156,2367620.1516352827,1091709666.3698354,1009,0.0
EMCURE,EMCURE.NS,EMCURE PHARMACEUTICALS L,Healthcare,Drug Manufacturers - Specialty & Generic,2026-06-12,325948892843.84,1776.0,227418.55693581782,403895357.1180124,483,0.0
UCOBANK,UCOBANK.NS,UCO Bank,Financial Services,Banks - Regional,2026-06-12,322517448329.64813,27.579999923706055,14805944.321543409,408347943.2585633,1244,0.0
BLUESTARCO,BLUESTARCO.NS,Blue Star Limited,Industrials,Building Products & Equipment,2026-06-12,321958067976.0,1668.300048828125,393424.69131832797,656350431.7365565,1244,0.0
HONAUT,HONAUT.NS,Honeywell Automation India Limited,Industrials,Electrical Equipment & Parts,2026-06-12,319389659900.0,37460.0,6212.833333333333,232732736.66666666,1242,0.0
BANDHANBNK,BANDHANBNK.NS,Bandhan Bank Limited,Financial Services,Banks - Regional,2026-06-12,318111616407.9206,208.08999633789062,9924100.51045016,2065106038.8764324,1244,0.0
ABSLAMC,ABSLAMC.NS,Aditya Birla Sun Life AMC Limited,Financial Services,Asset Management,2026-06-12,317832281602.26245,1180.5999755859375,288377.59431524546,340458580.8081102,1161,0.0
ITCHOTELS,ITCHOTELS.NS,ITC HOTELS LIMITED,Consumer Cyclical,Resorts & Casinos,2026-06-12,316195810062.9392,170.9199981689453,5467465.552325581,934499202.1922599,344,0.0
WOCKPHARMA,WOCKPHARMA.NS,Wockhardt Limited,Healthcare,Drug Manufacturers - Specialty & Generic,2026-06-12,315316053944.5,2011.0999755859375,1030928.7098070739,2073300703.1238484,1244,0.0
KIMS,KIMS.NS,Krishna Institute of Medical Sciences Limited,Healthcare,Medical Care Facilities,2026-06-12,314789305049.0085,804.25,704959.5969180859,566963755.8213706,1233,0.0
DALBHARAT,DALBHARAT.NS,Dalmia Bharat Limited,Basic Materials,Building Materials,2026-06-12,308288216340.355,1717.199951171875,327585.68382944487,562530120.276528,1243,0.0
MINDSPACE,MINDSPACE.NS,"MINDSPACE.NS,0P0001KHWX,214689",,,2026-06-20,306847211503.7624,460.0400085449219,229850.59208400646,105740468.34638168,1238,0.0
STARHEALTH,STARHEALTH.NS,Star Health and Allied Insurance Company Limited,Financial Services,Insurance - Life,2026-06-12,306205196806.1199,580.25,791013.9098214286,458985821.1738839,1120,0.0
ANGELONE,ANGELONE.NS,Angel One Limited,Financial Services,Capital Markets,2026-06-12,305926392344.33466,353.70001220703125,8876029.233118972,3139451648.1041465,1244,0.0
TATATECH,TATATECH.NS,Tata Technologies Limited,Technology,Information Technology Services,2026-06-12,305574299709.8126,742.25,1611975.3370253164,1196488693.907041,632,0.0
LICHSGFIN,LICHSGFIN.NS,LIC Housing Finance Limited,Financial Services,Mortgage Finance,2026-06-12,304679909129.27246,549.9000244140625,2431782.7966237944,1337237419.2331216,1244,0.0
HEXT,HEXT.NS,Hexaware Technologies Limited,Technology,Information Technology Services,2026-06-12,301437525937.03143,499.6000061035156,1040926.9634146341,520047117.2752652,328,0.0
ESCORTS,ESCORTS.NS,Escorts Kubota Limited,Industrials,Farm & Heavy Construction Machinery,2026-06-12,301023925556.1377,2821.199951171875,475886.20980707393,1342570151.8710856,1244,0.0
GRSE,GRSE.NS,Garden Reach Shipbuilders & Engineers Limited,Industrials,Aerospace & Defense,2026-06-12,300263696806.6406,2798.300048828125,1409515.2266881028,3944246527.6653037,1244,0.0
PGHH,PGHH.NS,Procter & Gamble Hygiene and Health Care Limited,Consumer Defensive,Household & Personal Products,2026-06-12,291416257440.0,9274.5,9163.401448109413,84985966.73049074,1243,0.0
ANANDRATHI,ANANDRATHI.NS,Anand Rathi Wealth Limited,Financial Services,Asset Management,2026-06-12,290821280902.0,1867.5,484635.2513416816,905056331.8805903,1118,0.0
ITI,ITI.NS,ITI Limited,Technology,Communication Equipment,2026-06-12,288663007953.03595,312.45001220703125,3145248.207395498,982732840.7948666,1244,0.0
STLTECH,STLTECH.NS,Sterlite Technologies Limited,Technology,Communication Equipment,2026-06-12,286456762258.9224,654.3499755859375,2536150.393890675,1659529948.324629,1244,0.0
CRISIL,CRISIL.NS,CRISIL Limited,Financial Services,Financial Data & Stock Exchanges,2026-06-12,285016921114.1968,4132.0,57678.20900321544,238326359.60128617,1244,0.0
NUVAMA,NUVAMA.NS,Nuvama Wealth Management Limited,Financial Services,Asset Management,2026-06-12,284991868224.0,1739.5999755859375,596254.5822222222,1037244456.6767812,675,0.0
MANAPPURAM,MANAPPURAM.NS,Manappuram Finance Limited,Financial Services,Credit Services,2026-06-12,283209834753.0,318.6499938964844,7928902.983118971,2526544887.1766768,1244,0.0
SJVN,SJVN.NS,SJVN Limited,Utilities,Utilities - Renewable,2026-06-12,282512972732.19336,72.87999725341797,12399909.198553056,903705348.3331789,1244,0.0
MRPL,MRPL.NS,Mangalore Refinery and Petrochemicals Limited,Energy,Oil & Gas Refining & Marketing,2026-06-12,281467374283.214,154.19000244140625,6656910.959003216,1026429117.0209298,1244,0.0
IKS,IKS.NS,INVENTURUS KNOWLEDGE SO L,Healthcare,Health Information Services,2026-06-12,280859651026.1792,1675.199951171875,353704.2930107527,592525414.3808955,372,0.0
NBCC,NBCC.NS,NBCC (India) Limited,Industrials,Engineering & Construction,2026-06-12,280583995056.15234,111.44999694824219,19895143.95096463,2217313732.619847,1244,0.0
ZFCVINDIA,ZFCVINDIA.NS,ZF Commercial Vehicle Control Systems India Limited,Consumer Cyclical,Auto Parts,2026-06-12,279677026080.0,15795.0,15469.02733118971,244333286.69614148,1244,0.0
CHOLAHLDNG,CHOLAHLDNG.NS,Cholamandalam Financial Holdings Limited,Financial Services,Credit Services,2026-06-12,278793188662.5786,1583.9000244140625,197344.1848874598,312573459.2612208,1244,0.0
CENTRALBK,CENTRALBK.NS,Central Bank of India,Financial Services,Banks - Regional,2026-06-12,278240073091.05865,32.84000015258789,13127238.463826366,431098513.1551155,1244,0.0
KARURVYSYA,KARURVYSYA.NS,The Karur Vysya Bank Limited,Financial Services,Banks - Regional,2026-06-12,276598005784.2761,291.75,3990034.6334405146,1164092604.3062701,1244,0.0
PTCIL,PTCIL.NS,PTC Industries Limited,Industrials,Metal Fabrication,2026-06-12,276027819639.0,18333.0,16303.564171122995,298893241.9491979,748,0.0
GODIGIT,GODIGIT.NS,GO DIGIT GENERAL INS LTD,Financial Services,Insurance - Property & Casualty,2026-06-12,275391367327.3521,305.95001220703125,1205900.558139535,368945290.4832565,516,0.0
SHYAMMETL,SHYAMMETL.NS,Shyam Metalics and Energy Limited,Basic Materials,Steel,2026-06-12,274974698093.1006,970.2999877929688,591500.0153846154,573932457.7072332,1235,0.0
JUBLFOOD,JUBLFOOD.NS,Jubilant FoodWorks Limited,Consumer Cyclical,Restaurants,2026-06-12,273132235493.84613,419.0,2814835.1101286174,1179415911.1438906,1244,0.0
TVSHLTD,TVSHLTD.NS,TVS Holdings Limited,Consumer Cyclical,Auto Parts,2026-06-12,270402069960.0,13132.0,9977.363123993558,131022732.5442834,1242,0.0
METROBRAND,METROBRAND.NS,Metro Brands Limited,Consumer Cyclical,Apparel Retail,2026-06-12,270093817358.0,1037.5999755859375,204996.13333333333,212703982.94187826,1110,0.0
KIRLOSENG,KIRLOSENG.NS,Kirloskar Oil Engines Limited,Industrials,Specialty Industrial Machinery,2026-06-12,268952896400.0,1991.5,431253.04102976667,858840431.2107803,1243,0.0
BIRET,BIRET.NS,"BIRET.NS,0P0001LR17,171521",,,2026-06-20,267146953578.9045,319.4599914550781,300770.965210356,96084289.97603592,1236,0.0
TIMKEN,TIMKEN.NS,Timken India Limited,Industrials,Tools & Accessories,2026-06-12,267026505700.0,3689.39990234375,98081.93724859212,361863489.70664155,1243,0.0
LALPATHLAB,LALPATHLAB.NS,Dr. Lal PathLabs Limited,Healthcare,Diagnostics & Research,2026-06-12,266496527304.0,1635.800048828125,481170.26446945337,787098342.1137736,1244,0.0
HFCL,HFCL.NS,HFCL Limited,Technology,Communication Equipment,2026-06-12,262991114057.17883,209.61000061035156,18546622.262861736,3887557503.8384085,1244,0.0
SCHNEIDER,SCHNEIDER.NS,Schneider Electric Infrastructure Limited,Industrials,Electrical Equipment & Parts,2026-06-12,260599493584.00085,1331.4000244140625,694282.1270096463,924367240.8508903,1244,0.0
SAILIFE,SAILIFE.NS,SAI LIFE SCIENCES LIMITED,Healthcare,Diagnostics & Research,2026-06-12,260286943277.89856,1216.4000244140625,980314.3315508021,1192454376.831851,374,0.0
NETWEB,NETWEB.NS,Netweb Technologies India Limited,Technology,Computer Hardware,2026-06-12,259165536880.5,5060.89990234375,863447.0111731844,4369818894.525372,716,0.0
ACUTAAS,ACUTAAS.NS,Acutaas Chemicals Limited,Basic Materials,Specialty Chemicals,2026-06-12,256395788769.78665,3246.199951171875,451276.2838983051,1464933050.7557032,1180,0.0
AMBER,AMBER.NS,Amber Enterprises India Limited,Consumer Cyclical,"Furnishings, Fixtures & Appliances",2026-06-12,256290862789.0,7889.0,263420.75,2078126296.75,1244,0.0
PNBHOUSING,PNBHOUSING.NS,PNB Housing Finance Limited,Financial Services,Mortgage Finance,2026-06-12,255065413451.37067,1003.0,1130055.4919614147,1133445658.437299,1244,0.0
CDSL,CDSL.NS,Central Depository Services (India) Limited,Financial Services,Capital Markets,2026-06-12,252681000000.0,1370.300048828125,2421597.028135048,3318314525.8954988,1244,0.0
TATAELXSI,TATAELXSI.NS,Tata Elxsi Limited,Technology,Software - Application,2026-06-12,252303109200.0,4065.5,266168.904340836,1082109680.5976686,1244,0.0
DATAPATTNS,DATAPATTNS.NS,Data Patterns (India) Limited,Industrials,Aerospace & Defense,2026-06-12,251759908593.0,4822.10009765625,530263.7891891892,2556985069.6327624,1110,0.0
GILLETTE,GILLETTE.NS,Gillette India Limited,Consumer Defensive,Household & Personal Products,2026-06-12,250889878291.5,7828.5,25128.638263665594,196719544.6471061,1244,0.0
IRB,IRB.NS,IRB Infrastructure Developers Limited,Industrials,Infrastructure Operations,2026-06-12,249048370136.261,21.440000534057617,50919978.07315113,1091724357.0825622,1244,0.0
NIACL,NIACL.NS,The New India Assurance Company Limited,Financial Services,Insurance - Diversified,2026-06-12,248007529052.7344,202.30999755859375,1876352.9694533763,379604964.6691727,1244,0.0
ACC,ACC.NS,ACC Limited,Basic Materials,Building Materials,2026-06-12,247353373654.30005,1343.300048828125,490904.09324758843,659431492.429412,1244,0.0
APOLLOTYRE,APOLLOTYRE.NS,Apollo Tyres Limited,Consumer Cyclical,Auto Parts,2026-06-12,246042517581.2401,425.5,2456010.0,1045032255.0,1244,0.0
SYRMA,SYRMA.NS,Syrma SGS Technology Limited,Technology,Electronic Components,2026-06-12,243709111494.88354,1334.0,1256875.3308589607,1676671691.3658535,943,0.0
RRKABEL,RRKABEL.NS,R R Kabel Limited,Industrials,Electrical Equipment & Parts,2026-06-12,243493536686.7297,2321.10009765625,325243.070901034,754921723.6304086,677,0.0
AWL,AWL.NS,AWL Agri Business Limited,Consumer Defensive,Packaged Foods,2026-06-12,243048983890.9189,184.30999755859375,3839688.3948100093,707692958.6731936,1079,0.0
MSUMI,MSUMI.NS,Motherson Sumi Wiring India Limited,Consumer Cyclical,Auto Parts,2026-06-12,242718815347.687,38.029998779296875,8900184.612225406,338474009.938449,1047,0.0
KIOCL,KIOCL.NS,KIOCL Limited,Basic Materials,Steel,2026-06-12,242492687703.0,405.45001220703125,455267.9308681672,184588388.12796825,1244,0.0
AEGISVOPAK,AEGISVOPAK.NS,AEGIS VOPAK TERMINALS LTD,Energy,Oil & Gas Equipment & Services,2026-06-12,240079587721.348,238.35000610351562,1155911.9467680608,275511619.56729394,263,0.0
ACMESOLAR,ACMESOLAR.NS,ACME SOLAR HOLDINGS LTD,Utilities,Utilities - Renewable,2026-06-12,237070782144.0,337.6499938964844,1611027.549118388,543963442.1268919,397,0.0
FORCEMOT,FORCEMOT.NS,Force Motors Limited,Consumer Cyclical,Auto Manufacturers,2026-06-12,228476383080.0,18637.0,88297.25685785536,1645595976.0598505,1203,0.0
IFCI,IFCI.NS,IFCI Limited,Financial Services,Credit Services,2026-06-12,227858162150.4305,85.7300033569336,19229256.101286173,1648524190.1145995,1244,0.0
IGL,IGL.NS,Indraprastha Gas Limited,Utilities,Utilities - Regulated Gas,2026-06-12,227458261660.9864,167.60000610351562,4979466.1921221865,834558564.1919281,1244,0.0
SUMICHEM,SUMICHEM.NS,Sumitomo Chemical India Limited,Basic Materials,Agricultural Inputs,2026-06-12,227410800368.1438,452.70001220703125,469254.36414791,212431456.37796155,1244,0.0
DEEPAKNTR,DEEPAKNTR.NS,Deepak Nitrite Limited,Basic Materials,Chemicals,2026-06-12,226180586550.1165,1644.4000244140625,500024.2614641995,822239907.7593533,1243,0.0
RBLBANK,RBLBANK.NS,RBL Bank Limited,Financial Services,Banks - Regional,2026-06-12,225810724737.83148,378.8500061035156,11840631.339228297,4485823255.136119,1244,0.0
CESC,CESC.NS,CESC Limited,Utilities,Utilities - Regulated Electric,2026-06-12,223093507414.31992,168.89999389648438,4521418.594051447,763667572.9387404,1244,0.0
ASAHIINDIA,ASAHIINDIA.NS,Asahi India Glass Limited,Consumer Cyclical,Auto Parts,2026-06-12,222959315899.3916,846.3499755859375,260189.7154340836,220211559.30534866,1244,0.0
NEULANDLAB,NEULANDLAB.NS,Neuland Laboratories Limited,Healthcare,Drug Manufacturers - Specialty & Generic,2026-06-12,220661260911.0,17345.0,51714.3922829582,896986134.14791,1244,0.0
MTARTECH,MTARTECH.NS,MTAR Technologies Limited,Industrials,Specialty Industrial Machinery,2026-06-12,218700692010.0,8374.5,335628.20257234725,2810718382.442122,1244,0.0
KPIL,KPIL.NS,Kalpataru Projects International Limited,Industrials,Engineering & Construction,2026-06-12,217512983501.6968,1398.699951171875,324020.42156074016,453207347.8156976,1243,0.0
IIFL,IIFL.NS,IIFL Finance Limited,Financial Services,Credit Services,2026-06-12,217482828454.9206,532.5999755859375,1544391.7612540193,822543014.3390137,1244,0.0
PPLPHARMA,PPLPHARMA.NS,Piramal Pharma Limited,Healthcare,Drug Manufacturers - Specialty & Generic,2026-06-12,217005341884.70657,158.89999389648438,5962877.278941565,947501163.2293,907,0.0
CUPID,CUPID.NS,Cupid Limited,Consumer Defensive,Household & Personal Products,2026-06-12,214594396188.70544,176.9199981689453,13500225.008038586,2388459783.7025366,1244,0.0
GRINDWELL,GRINDWELL.NS,Grindwell Norton Limited,Industrials,Building Products & Equipment,2026-06-12,212460610703.125,2136.800048828125,73614.4698310539,157299402.7294525,1243,0.0
TRITURBINE,TRITURBINE.NS,Triveni Turbine Limited,Industrials,Specialty Industrial Machinery,2026-06-12,211098156924.3961,672.2999877929688,1268499.152733119,852811964.8978671,1244,0.0
HBLENGINE,HBLENGINE.NS,HBL ENGINEERING LTD,Industrials,Electrical Equipment & Parts,2026-06-12,211000796278.92737,815.5,2856113.612540193,2329160651.0265274,1244,0.0
CRAFTSMAN,CRAFTSMAN.NS,Craftsman Automation Limited,Consumer Cyclical,Auto Parts,2026-06-12,210406242060.0,9806.5,54883.62077294686,538216227.1099033,1242,0.0
CREDITACC,CREDITACC.NS,CreditAccess Grameen Limited,Financial Services,Credit Services,2026-06-12,206556766282.4359,1406.4000244140625,489473.8553054662,688396042.051653,1244,0.0
PFIZER,PFIZER.NS,Pfizer Limited,Healthcare,Drug Manufacturers - General,2026-06-12,206322271320.0,4533.7001953125,35284.43604183427,159969054.57435545,1243,0.0
ASTRAZEN,ASTRAZEN.NS,AstraZeneca Pharma India Limited,Healthcare,Drug Manufacturers - Specialty & Generic,2026-06-12,205675000000.0,8433.5,25827.513274336285,217816333.19911507,1243,0.0
AADHARHFC,AADHARHFC.NS,AADHAR HOUSING FINANCE L,Financial Services,Mortgage Finance,2026-06-12,204393502723.5393,515.0999755859375,943260.2528735632,485873333.22635764,522,0.0
KAYNES,KAYNES.NS,Kaynes Technology India Limited,Technology,Electronic Components,2026-06-12,204254590738.0,3253.10009765625,681915.7084745762,2218340057.831975,885,0.0
OLAELEC,OLAELEC.NS,OLA ELECTRIC MOBILITY LTD,Consumer Cyclical,Auto Manufacturers,2026-06-12,204054676213.0144,42.25,84083993.41036718,3552548721.588013,463,0.0
BOSCH-HCIL,BOSCH-HCIL.NS,Bosch Home Comfort India Limited,Consumer Cyclical,"Furnishings, Fixtures & Appliances",2026-06-12,204015687380.27344,1382.800048828125,39767.47266881029,54990463.148201995,1244,0.0
RAMCOCEM,RAMCOCEM.NS,The Ramco Cements Limited,Basic Materials,Building Materials,2026-06-12,203294143364.14307,885.2999877929688,520722.8511665326,460995933.7812512,1243,0.0
HATSUN,HATSUN.NS,Hatsun Agro Product Limited,Consumer Defensive,Packaged Foods,2026-06-12,203179838094.3901,920.75,70611.48833467417,65015527.88415124,1243,0.0
KPITTECH,KPITTECH.NS,KPIT Technologies Limited,Technology,Software - Infrastructure,2026-06-12,202360096597.4777,760.0499877929688,1483427.8906752411,1127479350.1994665,1244,0.0
BELRISE,BELRISE.NS,BELRISE INDUSTRIES LTD,Consumer Cyclical,Auto Parts,2026-06-12,201700020917.55493,241.08999633789062,10373327.466165414,2500905480.82956,266,0.0
SUNTV,SUNTV.NS,Sun TV Network Limited,Communication Services,Broadcasting,2026-06-12,201298419085.3968,520.8499755859375,907442.5723472668,472641441.65271425,1244,0.0
CUB,CUB.NS,City Union Bank Limited,Financial Services,Banks - Regional,2026-06-12,200238106644.9853,196.64999389648438,3296634.140675241,648283083.6427282,1244,0.0
SAMMAANCAP,SAMMAANCAP.NS,Sammaan Capital Limited,Financial Services,Mortgage Finance,2026-06-12,197639026449.3463,174.60000610351562,14885126.495980708,2598943177.049834,1244,0.0
AFFLE,AFFLE.NS,Affle 3i Limited,Communication Services,Advertising Agencies,2026-06-12,197557881879.6819,1463.699951171875,341478.91720257234,499822674.4356299,1244,0.0
DEEPAKFERT,DEEPAKFERT.NS,Deepak Fertilisers And Petrochemicals Corporation Limited,Basic Materials,Chemicals,2026-06-12,196788733021.88208,1563.300048828125,717232.0868167203,1121248956.341677,1244,0.0
GESHIP,GESHIP.NS,The Great Eastern Shipping Company Limited,Industrials,Marine Shipping,2026-06-12,196262009255.6472,1437.699951171875,557033.5040192927,800847041.5296354,1244,0.0
CARBORUNIV,CARBORUNIV.NS,Carborundum Universal Limited,Industrials,Conglomerates,2026-06-12,195846364755.4797,1241.699951171875,214349.43765084472,266157686.26477274,1243,0.0
ERIS,ERIS.NS,Eris Lifesciences Limited,Healthcare,Drug Manufacturers - Specialty & Generic,2026-06-12,194382153482.7793,1448.4000244140625,140359.40096618357,203296559.78616348,1242,0.0
CEMPRO,CEMPRO.NS,Cemindia Projects Limited,Industrials,Engineering & Construction,2026-06-12,193381274920.7344,1252.0,1037420.3094855306,1298850227.4758842,1244,0.0
CGCL,CGCL.NS,Capri Global Capital Limited,Financial Services,Credit Services,2026-06-12,193008090649.7217,220.9600067138672,1320228.04903537,291717598.5786911,1244,0.0
ATUL,ATUL.NS,Atul Ltd,Basic Materials,Specialty Chemicals,2026-06-12,192460752435.0,6482.0,47628.308681672024,308726696.8745981,1244,0.0
GMDCLTD,GMDCLTD.NS,Gujarat Mineral Development Corporation Limited,Energy,Thermal Coal,2026-06-12,191436000000.0,612.9000244140625,3528349.813504823,2162525686.838459,1244,0.0
BAYERCROP,BAYERCROP.NS,Bayer CropScience Limited,Basic Materials,Agricultural Inputs,2026-06-12,191376901585.8477,4269.5,26943.316720257233,115034490.73713826,1244,0.0
ANANTRAJ,ANANTRAJ.NS,Anant Raj Limited,Real Estate,Real Estate - Development,2026-06-12,190500844109.4421,520.2000122070312,1981642.1623794213,1030850277.0597428,1244,0.0
ELGIEQUIP,ELGIEQUIP.NS,Elgi Equipments Limited,Industrials,Specialty Industrial Machinery,2026-06-12,190437369163.47485,612.75,560670.2041800643,343550667.6113344,1244,0.0
TATACHEM,TATACHEM.NS,Tata Chemicals Limited,Basic Materials,Chemicals,2026-06-12,190175561527.0,729.1500244140625,1449513.3818327973,1056912717.7518945,1244,0.0
GRANULES,GRANULES.NS,Granules India Limited,Healthcare,Drug Manufacturers - Specialty & Generic,2026-06-12,189713316667.87048,786.9000244140625,1741866.3065164923,1370674639.1238606,1243,0.0
CHAMBLFERT,CHAMBLFERT.NS,Chambal Fertilisers and Chemicals Limited,Basic Materials,Agricultural Inputs,2026-06-12,187324976571.5749,484.20001220703125,2136087.1229903535,1034293411.0272114,1244,0.0
SAGILITY,SAGILITY.NS,Sagility Limited,Healthcare,Health Information Services,2026-06-12,186644558826.11185,39.4900016784668,27862361.630653266,1100284707.5605464,398,0.0
TDPOWERSYS,TDPOWERSYS.NS,TD Power Systems Limited,Industrials,Specialty Industrial Machinery,2026-06-12,183724633680.0,1272.699951171875,739929.5844051447,941708345.9430534,1244,0.0
ONESOURCE,ONESOURCE.NS,ONESOURCE SPECL PHARMA L,Healthcare,Biotechnology,2026-06-12,183674034983.13025,1608.5999755859375,311172.0890804598,500551414.8978528,348,0.0
CAMS,CAMS.NS,Computer Age Management Services Limited,Technology,Information Technology Services,2026-06-12,183409328666.49097,823.1500244140625,1464226.3255627009,1205277935.6346502,1244,0.0
GABRIEL,GABRIEL.NS,Gabriel India Limited,Consumer Cyclical,Auto Parts,2026-06-12,183362177468.8952,1197.4000244140625,556026.1165594856,665785685.5431844,1244,0.0
REDINGTON,REDINGTON.NS,Redington Limited,Technology,Information Technology Services,2026-06-12,182919578025.2793,280.760009765625,3661623.7210610933,1028037511.6831567,1244,0.0
SANSERA,SANSERA.NS,Sansera Engineering Limited,Consumer Cyclical,Auto Parts,2026-06-12,182632900640.0,2945.800048828125,147758.20392491468,435266124.3367697,1172,0.0
SYNGENE,SYNGENE.NS,Syngene International Limited,Healthcare,Diagnostics & Research,2026-06-12,182339922105.0,440.75,845934.3151125401,372845549.3858521,1244,0.0
SARDAEN,SARDAEN.NS,Sarda Energy & Minerals Limited,Basic Materials,Steel,2026-06-12,181863964843.94165,523.6500244140625,719646.479903537,376842896.77098125,1244,0.0
BBOX,BBOX.NS,Black Box Limited,Technology,Software - Application,2026-06-12,181826063911.0409,1023.0,255991.8006430868,261879612.0578778,1244,0.0
EIHOTEL,EIHOTEL.NS,EIH Limited,Consumer Cyclical,Lodging,2026-06-12,181637034295.7401,321.8500061035156,817108.5667202573,262986397.18614972,1244,0.0
GPIL,GPIL.NS,Godawari Power & Ispat Limited,Basic Materials,Steel,2026-06-12,181516682970.0,269.1000061035156,1488524.3480707395,400561911.1510676,1244,0.0
CAPLIPOINT,CAPLIPOINT.NS,Caplin Point Laboratories Limited,Healthcare,Drug Manufacturers - Specialty & Generic,2026-06-12,181318292215.3828,2503.5,175538.30490748188,439460146.3358809,1243,0.0
PFOCUS,PFOCUS.NS,Prime Focus Limited,Communication Services,Entertainment,2026-06-12,181116188933.5296,231.72000122070312,894653.6725663717,207309150.09918618,1243,0.0
CASTROLIND,CASTROLIND.NS,Castrol India Limited,Energy,Oil & Gas Refining & Marketing,2026-06-12,180821460604.19043,185.8000030517578,2901049.2411575564,539014957.8603736,1244,0.0
INDIACEM,INDIACEM.NS,The India Cements Limited,Basic Materials,Building Materials,2026-06-12,179825375807.34006,374.8500061035156,3231263.615755627,1211239186.0880647,1244,0.0
VTL,VTL.NS,Vardhman Textiles Limited,Consumer Cyclical,Textile Manufacturing,2026-06-12,179210075100.0,657.4500122070312,538942.5329581994,354327774.8722565,1244,0.0
RATNAMANI,RATNAMANI.NS,Ratnamani Metals & Tubes Limited,Basic Materials,Steel,2026-06-12,178517307955.07812,2770.89990234375,45469.823813354786,125992330.3640123,1243,0.0
SUNDRMFAST,SUNDRMFAST.NS,Sundram Fasteners Limited,Consumer Cyclical,Auto Parts,2026-06-12,177695062066.23718,878.5499877929688,122711.24617860017,107807963.83226916,1243,0.0
ABDL,ABDL.NS,ALLIED BLEND N DISTILS L,Consumer Defensive,Beverages - Wineries & Distilleries,2026-06-12,175560083104.0111,631.25,816892.1226993866,515663152.4539878,489,0.0
KANSAINER,KANSAINER.NS,Kansai Nerolac Paints Limited,Basic Materials,Specialty Chemicals,2026-06-12,173056813877.70126,211.1300048828125,463225.5466988728,97800811.93637651,1242,0.0
KAJARIACER,KAJARIACER.NS,Kajaria Ceramics Limited,Industrials,Building Products & Equipment,2026-06-12,172603372896.0327,1170.4000244140625,271091.97588424437,317286055.19337606,1244,0.0
J&KBANK,J&KBANK.NS,Jammu and Kashmir Bank Limited,Financial Services,Banks - Regional,2026-06-12,171916600746.6925,163.55999755859375,5061045.031350482,827784512.9716179,1244,0.0
FSL,FSL.NS,Firstsource Solutions Limited,Technology,Information Technology Services,2026-06-12,170656503650.7945,244.6999969482422,3627550.1808681674,887661518.188036,1244,0.0
CIEINDIA,CIEINDIA.NS,CIE Automotive India Limited,Consumer Cyclical,Auto Parts,2026-06-12,169347362777.3558,464.0,592394.4436392915,274871021.84863126,1242,0.0
BIKAJI,BIKAJI.NS,Bikaji Foods International Limited,Consumer Defensive,Packaged Foods,2026-06-12,169247070000.0,660.2000122070312,478066.6711711712,315619622.142982,888,0.0
EMAMILTD,EMAMILTD.NS,Emami Limited,Consumer Defensive,Household & Personal Products,2026-06-12,169209222335.81543,413.5,601329.1093247589,248649586.7057878,1244,0.0
CHENNPETRO,CHENNPETRO.NS,Chennai Petroleum Corporation Limited,Energy,Oil & Gas Refining & Marketing,2026-06-12,168627272995.53223,1097.800048828125,1797650.003215434,1973460261.3057826,1244,0.0
THANGAMAYL,THANGAMAYL.NS,Thangamayil Jewellery Limited,Consumer Cyclical,Luxury Goods,2026-06-12,167936159463.0,5454.60009765625,67553.87218649518,368479357.82551444,1244,0.0
PSB,PSB.NS,Punjab & Sind Bank,Financial Services,Banks - Regional,2026-06-12,167881545222.49963,25.09000015258789,2860313.1824758844,71765258.1847691,1244,0.0
LMW,LMW.NS,LMW Limited,Industrials,Specialty Industrial Machinery,2026-06-12,167124852000.0,16665.0,6811.231078904992,113509165.92995168,1242,0.0
INDIGRID,INDIGRID.NS,Indigrid Infrastructure Trust,,,2026-06-20,165879619585.26062,170.88999938964844,477007.51253031526,81515813.5251633,1237,0.0
CROMPTON,CROMPTON.NS,Crompton Greaves Consumer Electricals Limited,Consumer Cyclical,"Furnishings, Fixtures & Appliances",2026-06-12,165458293257.15527,275.25,2575211.5924437298,708826990.8201367,1244,0.0
INOXINDIA,INOXINDIA.NS,INOX India Limited,Industrials,Specialty Industrial Machinery,2026-06-12,164599607250.0,1917.800048828125,345500.19967532466,662600299.8074646,616,0.0
NAVA,NAVA.NS,Nava Limited,Industrials,Conglomerates,2026-06-12,164310533936.38916,621.5499877929688,1280121.3384244372,795659402.2712277,1244,0.0
COHANCE,COHANCE.NS,COHANCE LIFESCIENCES LTD,Healthcare,Drug Manufacturers - Specialty & Generic,2026-06-12,162554860683.0,405.8500061035156,619108.3030546624,251265108.57347193,1244,0.0
BRIGADE,BRIGADE.NS,Brigade Enterprises Limited,Real Estate,Real Estate - Development,2026-06-12,161205756315.0,545.4500122070312,427846.75562700967,233369018.07949114,1244,0.0
ZYDUSWELL,ZYDUSWELL.NS,Zydus Wellness Limited,Consumer Defensive,Packaged Foods,2026-06-12,160955766010.12207,512.3499755859375,379554.8159163987,194464900.6682919,1244,0.0
JBMA,JBMA.NS,JBM Auto Limited,Consumer Cyclical,Auto Parts,2026-06-12,159574504634.0,727.2999877929688,945054.0811897106,687337821.7129718,1244,0.0
ZENTEC,ZENTEC.NS,Zen Technologies Limited,Industrials,Aerospace & Defense,2026-06-12,159458471208.0,1997.0,678789.2741157556,1355542180.409164,1244,0.0
CENTURYPLY,CENTURYPLY.NS,Century Plyboards (India) Limited,Basic Materials,Lumber & Wood Production,2026-06-12,159120298150.07263,758.5,204538.38053097346,155142361.63274336,1243,0.0
DCMSHRIRAM,DCMSHRIRAM.NS,DCM Shriram Limited,Industrials,Conglomerates,2026-06-12,158748689851.93262,1053.699951171875,135957.39098954143,143258296.2471353,1243,0.0
CHALET,CHALET.NS,Chalet Hotels Limited,Consumer Cyclical,Lodging,2026-06-12,158354647887.1637,802.3499755859375,332509.3231511254,266788847.31240207,1244,0.0
GALLANTT,GALLANTT.NS,Gallantt Ispat Limited,Basic Materials,Steel,2026-06-12,158280299920.0,713.3499755859375,330503.58085277554,235764721.33239236,1243,0.0
FINCABLES,FINCABLES.NS,Finolex Cables Limited,Industrials,Electrical Equipment & Parts,2026-06-12,157374586005.0,1164.300048828125,410135.19292604504,477520425.1499267,1244,0.0
SHRIPISTON,SHRIPISTON.NS,SPR Auto Technologies Limited,Consumer Cyclical,Auto Parts,2026-06-12,156350444553.25928,3739.699951171875,65725.21721641191,245792591.6149765,1243,0.0
AARTIIND,AARTIIND.NS,Aarti Industries Limited,Basic Materials,Specialty Chemicals,2026-06-12,156210649260.5,484.5,1297648.0152733119,628710463.3999196,1244,0.0
IGIL,IGIL.NS,International Gemological Institute Limited,Basic Materials,Other Precious Metals & Mining,2026-06-12,155966431648.70654,355.75,1185781.3415300546,421841712.24931693,366,0.0
NIVABUPA,NIVABUPA.NS,Niva Bupa Health Insurance Company Limited,Financial Services,Insurance - Life,2026-06-12,154435556093.5246,86.87000274658203,3589415.546835443,311812538.41221917,395,0.0
POLYMED,POLYMED.NS,Poly Medicure Limited,Healthcare,Medical Instruments & Supplies,2026-06-12,154248835440.0,1563.300048828125,134065.18408360129,209584108.82404545,1244,0.0
AETHER,AETHER.NS,Aether Industries Limited,Basic Materials,Specialty Chemicals,2026-06-12,153424754893.93665,1162.300048828125,172322.77622377622,200290771.21909317,1001,0.0
NATCOPHARM,NATCOPHARM.NS,NATCO Pharma Limited,Healthcare,Drug Manufacturers - Specialty & Generic,2026-06-12,153264317945.39978,889.0,713410.1326366559,634221607.9139872,1244,0.0
JUBLPHARMA,JUBLPHARMA.NS,Jubilant Pharmova Limited,Healthcare,Drug Manufacturers - Specialty & Generic,2026-06-12,153128712088.9629,966.3499755859375,299710.9388576026,289625658.44788265,1243,0.0
JYOTICNC,JYOTICNC.NS,Jyoti CNC Automation Limited,Industrials,Specialty Industrial Machinery,2026-06-12,151827653337.27832,737.9500122070312,731356.2333333333,539704341.3160217,600,0.0
MINDACORP,MINDACORP.NS,Minda Corporation Limited,Consumer Cyclical,Auto Parts,2026-06-12,150336781901.25,652.9500122070312,816637.0337892197,533223161.1813848,1243,0.0
CHOICEIN,CHOICEIN.NS,Choice International Limited,Financial Services,Capital Markets,2026-06-12,150173633211.1206,726.0999755859375,622218.3240115718,451792709.87392527,1037,0.0
CCL,CCL.NS,CCL Products (India) Limited,Consumer Defensive,Packaged Foods,2026-06-12,149952914253.19067,1137.300048828125,386843.2178456592,439956810.54469717,1244,0.0
JSWDULUX,JSWDULUX.NS,JSW Dulux Limited,,,2026-06-20,149909607848.84814,3177.5,37726.7183212268,119876647.46569815,1239,0.0
ARE&M,ARE&M.NS,Amara Raja Energy & Mobility Limited,Industrials,Electrical Equipment & Parts,2026-06-12,148872835545.99268,844.6500244140625,888043.8762057878,750086281.7179773,1244,0.0
INOXWIND,INOXWIND.NS,Inox Wind Limited,Industrials,Specialty Industrial Machinery,2026-06-12,148369214381.61835,90.72000122070312,7123805.48392283,646271642.1975307,1244,0.0
JINDALSAW,JINDALSAW.NS,Jindal Saw Limited,Basic Materials,Steel,2026-06-12,147386111986.3697,260.8800048828125,3307121.359324759,862761836.3686966,1244,0.0
USHAMART,USHAMART.NS,Usha Martin Limited,Basic Materials,Steel,2026-06-12,147223193564.08813,476.04998779296875,1129808.5723472668,537845357.0743078,1244,0.0
BEML,BEML.NS,BEML Limited,Industrials,Conglomerates,2026-06-12,146505351000.0,1749.300048828125,779371.902733119,1363355307.5063138,1244,0.0
APLLTD,APLLTD.NS,Alembic Pharmaceuticals Limited,Healthcare,Drug Manufacturers - Specialty & Generic,2026-06-12,146242964256.0,763.0,241779.1302250804,184477476.36173633,1244,0.0
KSB,KSB.NS,KSB Limited,Industrials,Specialty Industrial Machinery,2026-06-12,146149434995.0,902.5499877929688,241755.79662379422,218196691.2916849,1244,0.0
GRWRHITECH,GRWRHITECH.NS,Garware Hi-Tech Films Limited,Basic Materials,Specialty Chemicals,2026-06-12,144505490680.0,6785.5,64183.869685767095,435519647.7527726,1082,0.0
VENTIVE,VENTIVE.NS,VENTIVE HOSPITALITY LTD,Consumer Cyclical,Lodging,2026-06-12,144083498523.39972,647.1500244140625,205723.64032697547,133134058.86015199,367,0.0
FINEORG,FINEORG.NS,Fine Organic Industries Limited,Basic Materials,Specialty Chemicals,2026-06-12,144074296215.73828,5285.7998046875,38950.70900321544,205885650.0416358,1244,0.0
APOLLO,APOLLO.NS,Apollo Micro Systems Limited,Industrials,Aerospace & Defense,2026-06-12,143771355878.68195,433.1499938964844,4828098.016881029,2091290626.543646,1244,0.0
BASF,BASF.NS,BASF India Limited,Basic Materials,Specialty Chemicals,2026-06-12,143275468400.0,3503.699951171875,40008.228295819936,140176827.52653754,1244,0.0
THELEELA,THELEELA.NS,Leela Palaces Hotels & Resorts Limited,Consumer Cyclical,Lodging,2026-06-12,142165872741.23425,494.20001220703125,498895.91603053437,246554367.79232812,262,0.0
AVANTIFEED,AVANTIFEED.NS,Avanti Feeds Limited,Consumer Defensive,Packaged Foods,2026-06-12,141899823645.0,967.7000122070312,711745.041834272,688755685.671319,1243,0.0
CONCORDBIO,CONCORDBIO.NS,Concord Biotech Limited,Healthcare,Biotechnology,2026-06-12,141890962593.4131,1315.0999755859375,259927.02710413694,341830026.9987758,701,0.0
KFINTECH,KFINTECH.NS,KFin Technologies Limited,Technology,Software - Application,2026-06-12,141545835522.0,915.3499755859375,996712.0396270396,912340341.1388206,858,0.0
MAHSCOOTER,MAHSCOOTER.NS,Maharashtra Scooters Ltd.,Financial Services,Asset Management,2026-06-12,139977100864.0,12597.0,8462.502011263074,106602137.83588094,1243,0.0
AGARWALEYE,AGARWALEYE.NS,DR AGARWALS HEALTH CARE L,Healthcare,Medical Instruments & Supplies,2026-06-12,139773670066.02173,466.6499938964844,404442.6982248521,188733182.6581049,338,0.0
SOBHA,SOBHA.NS,Sobha Limited,Real Estate,Real Estate - Development,2026-06-12,139574753370.0,1418.9000244140625,434577.0796460177,616621428.9195265,1243,0.0
ANURAS,ANURAS.NS,Anupam Rasayan India Ltd,Basic Materials,Specialty Chemicals,2026-06-12,139464179750.0,1277.0999755859375,209936.50442477877,268109904.67548203,1243,0.0
DOMS,DOMS.NS,DOMS Industries Limited,Industrials,Business Equipment & Supplies,2026-06-12,138921675864.1953,2274.10009765625,186031.82495948137,423054991.307527,617,0.0
PGEL,PGEL.NS,PG Electroplast Limited,Technology,Electronic Components,2026-06-12,138115037638.74133,560.5,1495754.3432475885,838370309.3902733,1244,0.0
TBOTEK,TBOTEK.NS,TBO TEK LIMITED,Consumer Cyclical,Travel Services,2026-06-12,137729985197.66162,1489.800048828125,218664.4252873563,325766271.47007734,522,0.0
NSLNISP,NSLNISP.NS,NMDC Steel Limited,Basic Materials,Steel,2026-06-12,137474719976.32504,46.880001068115234,7754322.047445255,363522625.8667431,822,0.0
SHAILY,SHAILY.NS,Shaily Engineering Plastics Limited,Basic Materials,Specialty Chemicals,2026-06-12,137019843792.0,2803.800048828125,132686.52207293667,372026477.06693393,1042,0.0
RAINBOW,RAINBOW.NS,Rainbow Children's Medicare Limited,Healthcare,Medical Care Facilities,2026-06-12,137004979025.63538,1470.800048828125,264850.1974459725,389541683.3356749,1018,0.0
AZAD,AZAD.NS,AZAD ENGINEERING LIMITED,Industrials,Specialty Industrial Machinery,2026-06-12,136958499226.69458,2095.199951171875,339683.7814029364,711705442.2093102,613,0.0
KIRLOSBROS,KIRLOSBROS.NS,Kirloskar Brothers Limited,Industrials,Specialty Industrial Machinery,2026-06-12,136654822692.09448,1933.5999755859375,142314.442926045,275179203.3673269,1244,0.0
VINATIORGA,VINATIORGA.NS,Vinati Organics Limited,Basic Materials,Specialty Chemicals,2026-06-12,136626434733.0,1333.9000244140625,65469.59163987138,87329889.88680314,1244,0.0
HONASA,HONASA.NS,Honasa Consumer Limited,Consumer Defensive,Household & Personal Products,2026-06-12,136475211224.11322,417.3999938964844,1499823.8328173375,626026458.6637585,646,0.0
SCI,SCI.NS,The Shipping Corporation of India Limited,Industrials,Marine Shipping,2026-06-12,135873576903.02309,312.1499938964844,4260639.569935692,1329958615.750546,1244,0.0
ASTRAMICRO,ASTRAMICRO.NS,Astra Microwave Products Limited,Technology,Communication Equipment,2026-06-12,135828326126.80664,1684.0999755859375,582995.3303858521,981822421.6695292,1244,0.0
APTUS,APTUS.NS,Aptus Value Housing Finance India Limited,Financial Services,Mortgage Finance,2026-06-12,134574610300.0,269.75,1026349.9413735344,276857896.6855109,1194,0.0
JSWHL,JSWHL.NS,JSW Holdings Limited,Industrials,Conglomerates,2026-06-12,134291099800.0,12578.0,6294.4469453376205,79171553.67845659,1244,0.0
PRIVISCL,PRIVISCL.NS,Privi Speciality Chemicals Limited,Basic Materials,Specialty Chemicals,2026-06-12,133848362109.0,3493.89990234375,65670.76749798874,229447088.14806196,1243,0.0
KEC,KEC.NS,KEC International Limited,Industrials,Engineering & Construction,2026-06-12,133659021624.75586,541.4500122070312,816407.577170418,442043892.6248356,1244,0.0
DEVYANI,DEVYANI.NS,Devyani International Limited,Consumer Cyclical,Restaurants,2026-06-12,133021873298.46329,116.91000366210938,3433570.6138448706,401418753.03871495,1199,0.0
LTFOODS,LTFOODS.NS,LT Foods Limited,Consumer Defensive,Packaged Foods,2026-06-12,132095017778.13625,383.0,1658222.5723472668,635099245.2090032,1244,0.0
SPLPETRO,SPLPETRO.NS,Supreme Petrochem Limited,Basic Materials,Specialty Chemicals,2026-06-12,131440898058.0,750.25,121606.14790996784,91235012.46945336,1244,0.0
VIJAYA,VIJAYA.NS,Vijaya Diagnostic Centre Limited,Healthcare,Diagnostics & Research,2026-06-12,131203615360.67284,1364.199951171875,358877.0992366412,489580121.2553301,1179,0.0
ABREL,ABREL.NS,Aditya Birla Real Estate Limited,Real Estate,Real Estate Services,2026-06-12,131090034062.0,1279.5,344216.8167202572,440425416.99356914,1244,0.0
WELSPUNLIV,WELSPUNLIV.NS,Welspun Living Limited,Consumer Cyclical,Textile Manufacturing,2026-06-12,130558866961.851,162.22999572753906,3439153.778135048,557933902.7331986,1244,0.0
TEGA,TEGA.NS,Tega Industries Limited,Industrials,Specialty Industrial Machinery,2026-06-12,130496811426.0,1794.9000244140625,147704.40697674418,265114643.68862277,1118,0.0
CEATLTD,CEATLTD.NS,CEAT Limited,Consumer Cyclical,Auto Parts,2026-06-12,130141743520.0,3450.0,211674.9991961415,730278747.2266881,1244,0.0
INGERRAND,INGERRAND.NS,Ingersoll-Rand (India) Limited,Industrials,Specialty Industrial Machinery,2026-06-12,129984399882.8125,4611.2998046875,28258.84163987138,130309990.9346339,1244,0.0
VGUARD,VGUARD.NS,V-Guard Industries Limited,Industrials,Electrical Equipment & Parts,2026-06-12,129927300401.27785,311.25,438355.1818181818,136438050.3409091,1243,0.0
PARADEEP,PARADEEP.NS,Paradeep Phosphates Limited,Basic Materials,Agricultural Inputs,2026-06-12,129916667499.51096,136.22000122070312,5888519.870775348,802134183.9851525,1006,0.0
ALIVUS,ALIVUS.NS,Alivus Life Sciences Limited,Healthcare,Drug Manufacturers - Specialty & Generic,2026-06-12,129514659536.46288,1070.300048828125,163306.0199335548,174786441.10881045,1204,0.0
ARVIND,ARVIND.NS,Arvind Limited,Consumer Cyclical,Textile Manufacturing,2026-06-12,129288046180.0,516.5999755859375,1118935.7363344051,578042174.0725867,1244,0.0
FIVESTAR,FIVESTAR.NS,Five-Star Business Finance Limited,Financial Services,Credit Services,2026-06-12,128491758113.1311,519.4500122070312,1003305.8384180791,521167230.0136569,885,0.0
ECLERX,ECLERX.NS,eClerx Services Limited,Technology,Information Technology Services,2026-06-12,127437501407.5,1418.699951171875,209005.9308681672,296516703.91730106,1244,0.0
ENGINERSIN,ENGINERSIN.NS,Engineers India Limited,Industrials,Engineering & Construction,2026-06-12,127398143658.77968,250.74000549316406,4843610.035369775,1214486806.875362,1244,0.0
EIDPARRY,EIDPARRY.NS,E.I.D.- Parry (India) Limited,Basic Materials,Agricultural Inputs,2026-06-12,127193830857.0,704.0999755859375,444080.9646017699,312677396.3342858,1243,0.0
HAPPYFORGE,HAPPYFORGE.NS,HAPPY FORGINGS LIMITED,Industrials,Metal Fabrication,2026-06-12,126250349560.62196,1465.0,94435.74429967426,138348365.3990228,614,0.0
IRCON,IRCON.NS,Ircon International Limited,Industrials,Engineering & Construction,2026-06-12,125605879947.22626,137.19000244140625,8887422.450160772,1219265507.635365,1244,0.0
GRAPHITE,GRAPHITE.NS,Graphite India Limited,Industrials,Electrical Equipment & Parts,2026-06-12,123360154821.51196,639.5499877929688,1216506.504823151,778016720.3097134,1244,0.0
INDGN,INDGN.NS,INDEGENE LIMITED,Healthcare,Health Information Services,2026-06-12,122838093398.92072,532.4000244140625,720663.2595419848,383681136.97447056,524,0.0
TRIDENT,TRIDENT.NS,Trident Limited,Consumer Cyclical,Textile Manufacturing,2026-06-12,122446888700.95992,25.93000030517578,13120470.872990353,340213813.7406898,1244,0.0
SOUTHBANK,SOUTHBANK.NS,The South Indian Bank Limited,Financial Services,Banks - Regional,2026-06-12,121902510722.18613,48.459999084472656,25186330.016077172,1220529529.520326,1244,0.0
INDIAMART,INDIAMART.NS,IndiaMART InterMESH Limited,Communication Services,Internet Content & Information,2026-06-12,120914780285.3711,2089.39990234375,230311.8263665595,481213507.5189001,1244,0.0
TMB,TMB.NS,Tamilnad Mercantile Bank Limited,Financial Services,Banks - Regional,2026-06-12,120742983675.0,780.5999755859375,177531.44779332617,138581043.81320655,929,0.0
ELECON,ELECON.NS,Elecon Engineering Company Limited,Industrials,Specialty Industrial Machinery,2026-06-12,120390562445.0,539.0499877929688,1113935.211414791,600466762.1153011,1244,0.0
TECHNOE,TECHNOE.NS,Techno Electric & Engineering Company Limited,Industrials,Engineering & Construction,2026-06-12,120370059090.0,1079.300048828125,215852.63665594856,232969761.2824448,1244,0.0
PRUDENT,PRUDENT.NS,Prudent Corporate Advisory Services Limited,Financial Services,Asset Management,2026-06-12,119242959085.81056,3029.199951171875,66259.28118811881,200712611.33973303,1010,0.0
UTIAMC,UTIAMC.NS,UTI Asset Management Company Limited,Financial Services,Asset Management,2026-06-12,117990763503.36272,950.25,237351.29662379422,225543069.61676046,1244,0.0
AFCONS,AFCONS.NS,AFCONS INFRASTRUCTURE LTD,Industrials,Engineering & Construction,2026-06-12,117378462738.87076,313.45001220703125,1598408.2673267326,501021090.905384,404,0.0
JWL,JWL.NS,Jupiter Wagons Limited,Industrials,Railroads,2026-06-12,116415691355.13815,277.29998779296875,1940435.4107717043,538082715.7200379,1244,0.0
GRAVITA,GRAVITA.NS,Gravita India Limited,Industrials,Metal Fabrication,2026-06-12,115519342432.0,1721.5999755859375,362400.62781350483,623908911.9960583,1244,0.0
CANFINHOME,CANFINHOME.NS,Can Fin Homes Limited,Financial Services,Mortgage Finance,2026-06-12,114745968794.25,885.3499755859375,754343.674437299,667858153.746469,1244,0.0
TITAGARH,TITAGARH.NS,Titagarh Rail Systems Limited,Industrials,Railroads,2026-06-12,114661249363.1338,922.4500122070312,1466395.5072347268,1352676553.5490096,1244,0.0
HOMEFIRST,HOMEFIRST.NS,Home First Finance Company India Limited,Financial Services,Mortgage Finance,2026-06-12,114517837820.81177,1153.9000244140625,288829.2743362832,333280106.70813316,1243,0.0
BALRAMCHIN,BALRAMCHIN.NS,Balrampur Chini Mills Limited,Consumer Defensive,Confectioners,2026-06-12,114306119768.4046,531.5999755859375,1801997.036977492,957941580.8631665,1244,0.0
MARKSANS,MARKSANS.NS,Marksans Pharma Limited,Healthcare,Drug Manufacturers - General,2026-06-12,113744100246.0,259.6700134277344,2174704.7081993567,564705600.7794842,1244,0.0
JMFINANCIL,JMFINANCIL.NS,JM Financial Limited,Financial Services,Capital Markets,2026-06-12,113035175098.81032,126.31999969482422,4908956.492765273,620099382.6680146,1244,0.0
BLUEDART,BLUEDART.NS,Blue Dart Express Limited,Industrials,Integrated Freight & Logistics,2026-06-12,112517863028.0,4968.7998046875,32260.442926045016,160295682.51006472,1244,0.0
PCBL,PCBL.NS,PCBL Chemical Limited,Basic Materials,Specialty Chemicals,2026-06-12,112294224780.09483,309.5,2525240.3713826365,781561894.942926,1244,0.0
CARTRADE,CARTRADE.NS,CarTrade Tech Limited,Consumer Cyclical,Auto & Truck Dealerships,2026-06-12,112181809760.0,2558.60009765625,359337.3862876254,919400671.64706,1196,0.0
AAVAS,AAVAS.NS,Aavas Financiers Limited,Financial Services,Mortgage Finance,2026-06-12,111629270213.53688,1471.9000244140625,212050.13987138265,312116606.0536935,1244,0.0
AVALON,AVALON.NS,Avalon Technologies Limited,Technology,Electronic Components,2026-06-12,110921010438.71802,1744.5999755859375,402299.3727735369,701851475.9189504,786,0.0
LUMAXTECH,LUMAXTECH.NS,Lumax Auto Technologies Limited,Consumer Cyclical,Auto Parts,2026-06-12,110885771928.50648,1646.4000244140625,227212.7779565567,374083123.1748619,1243,0.0
NUVOCO,NUVOCO.NS,Nuvoco Vistas Corporation Limited,Basic Materials,Building Materials,2026-06-12,110075530714.41632,312.75,398968.32552301255,124777343.80732217,1195,0.0
RPOWER,RPOWER.NS,Reliance Power Limited,Utilities,Utilities - Independent Power Producers,2026-06-12,109473854630.21144,26.100000381469727,48451390.20819936,1264581302.9167418,1244,0.0
VIYASH,VIYASH.NS,Viyash Scientific Limited,Healthcare,Drug Manufacturers - Specialty & Generic,2026-06-12,109181273570.08987,254.9499969482422,1866078.3729903537,475756675.4990714,1244,0.0
ACE,ACE.NS,Action Construction Equipment Limited,Industrials,Farm & Heavy Construction Machinery,2026-06-12,109165215160.0818,975.6500244140625,492915.1736334405,480912701.1895281,1244,0.0
GODREJAGRO,GODREJAGRO.NS,Godrej Agrovet Limited,Consumer Defensive,Packaged Foods,2026-06-12,108596817021.70589,574.9500122070312,250328.39790996784,143926315.4341026,1244,0.0
METROPOLIS,METROPOLIS.NS,Metropolis Healthcare Limited,Healthcare,Diagnostics & Research,2026-06-12,108019955328.0,552.75,942936.7347266881,521208280.12017685,1244,0.0
MGL,MGL.NS,Mahanagar Gas Limited,Utilities,Utilities - Regulated Gas,2026-06-12,107667779110.0,1209.0,540941.456154465,653998220.4907482,1243,0.0
SHILPAMED,SHILPAMED.NS,Shilpa Medicare Limited,Healthcare,Drug Manufacturers - Specialty & Generic,2026-06-12,107247284028.65332,551.3499755859375,903926.3424437299,498379766.83783627,1244,0.0
SIGNATURE,SIGNATURE.NS,Signatureglobal (India) Limited,Real Estate,Real Estate - Development,2026-06-12,106675718322.4184,798.7999877929688,508936.3214285714,406538327.34454125,672,0.0
SANOFICONR,SANOFICONR.NS,SANOFI CONS HEALTHC IND L,Healthcare,Drug Manufacturers - General,2026-06-12,106670940601.09377,4812.5,16942.89269406393,81537671.09018266,438,0.0
TI,TI.NS,Tilaknagar Industries Ltd.,Consumer Defensive,Beverages - Wineries & Distilleries,2026-06-12,106493551459.861,443.1000061035156,923590.1398713826,409242796.6141565,1244,0.0
IEX,IEX.NS,Indian Energy Exchange Limited,Financial Services,Capital Markets,2026-06-12,106242326896.76828,122.77999877929688,11415590.554662379,1401606194.3663998,1244,0.0
IIFLCAPS,IIFLCAPS.NS,IIFL Capital Services Limited,Financial Services,Capital Markets,2026-06-12,105921039167.6825,344.3999938964844,870403.8503620273,299767080.7521587,1243,0.0
OLECTRA,OLECTRA.NS,Olectra Greentech Limited,Industrials,Farm & Heavy Construction Machinery,2026-06-12,105916985028.72424,1520.300048828125,859518.3496784566,1306725788.9848268,1244,0.0
ZEEL,ZEEL.NS,Zee Entertainment Enterprises Limited,Communication Services,Broadcasting,2026-06-12,105830029988.72726,113.36000061035156,15490480.485530546,1756000877.2943816,1244,0.0
UJJIVANSFB,UJJIVANSFB.NS,Ujjivan Small Finance Bank Limited,Financial Services,Banks - Regional,2026-06-12,105821917998.6248,57.27000045776367,10652187.53778135,610050785.1649224,1244,0.0
MEDPLUS,MEDPLUS.NS,MedPlus Health Services Limited,Healthcare,Pharmaceutical Retailers,2026-06-12,105615461100.0,844.4500122070312,258251.3841298467,218080384.48093176,1109,0.0
JKTYRE,JKTYRE.NS,JK Tyre & Industries Limited,Consumer Cyclical,Auto Parts,2026-06-12,105542791736.67952,401.29998779296875,1559665.6350482316,625893800.3059682,1244,0.0
RKFORGE,RKFORGE.NS,Ramkrishna Forgings Limited,Industrials,Metal Fabrication,2026-06-12,105525657859.5,588.7000122070312,705230.0779742765,415168955.5122222,1244,0.0
DIACABS,DIACABS.NS,Diamond Power Infrastructure Limited,Industrials,Specialty Industrial Machinery,2026-06-12,105473254442.6239,209.24000549316406,714747.3802250804,149553745.76452044,1244,0.0
BLS,BLS.NS,BLS International Services Limited,Industrials,Specialty Business Services,2026-06-12,105473148420.435,267.45001220703125,3574174.5434083603,955913025.2646263,1244,0.0
NAZARA,NAZARA.NS,Nazara Technologies Limited,Communication Services,Electronic Gaming & Multimedia,2026-06-12,105212066816.0,297.3500061035156,2486444.66318328,739344335.7736021,1244,0.0
FIRSTCRY,FIRSTCRY.NS,BRAINBEES SOLUTIONS LTD,Consumer Cyclical,Internet Retail,2026-06-12,105140733563.45123,215.75,2582470.7852494577,557168071.9175705,461,0.0
MMTC,MMTC.NS,MMTC Limited,Industrials,Conglomerates,2026-06-12,104895000457.76369,74.55000305175781,5908086.644694534,440447877.3920271,1244,0.0
BBTC,BBTC.NS,The Bombay Burmah Trading Corporation Limited,Consumer Defensive,Packaged Foods,2026-06-12,104769483336.58447,1537.5999755859375,129362.35289389068,198907550.65138575,1244,0.0
FINPIPE,FINPIPE.NS,Finolex Industries Limited,Industrials,Building Products & Equipment,2026-06-12,104748560910.38316,175.5800018310547,1019203.3389694042,178951724.12246504,1242,0.0
PGHL,PGHL.NS,Procter & Gamble Health Limited,Healthcare,Drug Manufacturers - Specialty & Generic,2026-06-12,104584406291.0,6244.0,12224.669887278584,76330838.77616748,1242,0.0
TEJASNET,TEJASNET.NS,Tejas Networks Limited,Technology,Communication Equipment,2026-06-12,104294705011.48218,632.3499755859375,1810569.7805466237,1144913756.5252938,1244,0.0
SANDUMA,SANDUMA.NS,The Sandur Manganese & Iron Ores Limited,Basic Materials,Steel,2026-06-12,103831991237.34831,211.72000122070312,1681002.8369723435,355901922.69579,687,0.0
INTELLECT,INTELLECT.NS,Intellect Design Arena Limited,Technology,Software - Application,2026-06-12,103306919659.42664,746.7000122070312,645754.498392283,482184891.83226305,1244,0.0
KTKBANK,KTKBANK.NS,The Karnataka Bank Limited,Financial Services,Banks - Regional,2026-06-12,103243566426.0,274.70001220703125,2449680.588424437,672927287.5435205,1244,0.0
KIRLPNU,KIRLPNU.NS,Kirloskar Pneumatic Company Limited,Industrials,Specialty Industrial Machinery,2026-06-12,103082153296.89333,1950.0,132508.63029525033,258391829.07573816,779,0.0
EDELWEISS,EDELWEISS.NS,Edelweiss Financial Services Limited,Financial Services,Financial Conglomerates,2026-06-12,101752152697.5,124.70999908447266,5606389.960610933,699172886.8549861,1244,0.0
ZENSARTECH,ZENSARTECH.NS,Zensar Technologies Limited,Technology,Information Technology Services,2026-06-12,101284656859.75,447.95001220703125,1299195.8480707395,581974796.0026121,1244,0.0
LLOYDSENT,LLOYDSENT.NS,Lloyds Enterprises Limited,Basic Materials,Steel,2026-06-12,100874555320.8001,77.22000122070312,3311381.026506024,255704846.90900832,415,0.0
SBFC,SBFC.NS,SBFC Finance Limited,Financial Services,Credit Services,2026-06-12,100102788302.45992,95.4000015258789,3119387.113960114,297589535.4316019,702,0.0
LLOYDSENGG,LLOYDSENGG.NS,Lloyds Engineering Works Limited,Industrials,Specialty Industrial Machinery,2026-06-12,99769134080.0,86.83999633789062,5916971.545016077,513829787.3005992,1244,0.0
HEG,HEG.NS,HEG Limited,Industrials,Electrical Equipment & Parts,2026-06-12,99605356820.86548,531.8499755859375,1738560.503215434,924653361.1898038,1244,0.0
SWANCORP,SWANCORP.NS,Swan Corp Limited,Industrials,Conglomerates,2026-06-12,99130740197.5,318.25,1851534.691318328,589250915.5120579,1244,0.0
WAAREERTL,WAAREERTL.NS,Waaree Renewable Technologies Limited,Industrials,Engineering & Construction,2026-06-12,98575470976.15234,988.0499877929688,720452.8855218855,711843464.745308,297,0.0
BLACKBUCK,BLACKBUCK.NS,BlackBuck Limited,Technology,Software - Application,2026-06-12,98376526137.97302,574.0499877929688,976208.189258312,560392299.1271302,391,0.0
JUBLINGREA,JUBLINGREA.NS,Jubilant Ingrevia Limited,Basic Materials,Specialty Chemicals,2026-06-12,98249526124.80084,637.6500244140625,649301.4638263666,414027094.26096916,1244,0.0
VOLTAMP,VOLTAMP.NS,Voltamp Transformers Limited,Industrials,Electrical Equipment & Parts,2026-06-12,98136064000.0,10237.5,37180.06109324759,380630875.4421222,1244,0.0
MANYAVAR,MANYAVAR.NS,Vedant Fashions Limited,Consumer Cyclical,Apparel Manufacturing,2026-06-12,97956274838.7346,412.5,246192.3889925373,101554360.45942163,1072,0.0
RITES,RITES.NS,RITES Limited,Industrials,Engineering & Construction,2026-06-12,97802868009.0,213.32000732421875,2264722.887459807,483110702.9402519,1244,0.0
BANCOINDIA,BANCOINDIA.NS,Banco Products (India) Limited,Consumer Cyclical,Auto Parts,2026-06-12,97551438600.0,663.0499877929688,492427.543845535,326504076.9357036,1243,0.0
RAILTEL,RAILTEL.NS,RailTel Corporation of India Limited,Communication Services,Telecom Services,2026-06-12,97485041126.25,319.3999938964844,3417326.169614148,1091493957.717055,1244,0.0
WHIRLPOOL,WHIRLPOOL.NS,Whirlpool of India Limited,Consumer Cyclical,"Furnishings, Fixtures & Appliances",2026-06-12,97094060865.0,794.9500122070312,258615.78938906753,205586624.93177027,1244,0.0
WABAG,WABAG.NS,VA Tech Wabag Limited,Industrials,Engineering & Construction,2026-06-12,96558119818.5,1983.5999755859375,471747.3078778135,935757948.3891627,1244,0.0
CYIENT,CYIENT.NS,Cyient Limited,Industrials,Conglomerates,2026-06-12,96102064273.3396,859.0499877929688,430927.4606109325,370188229.7774766,1244,0.0
AKUMS,AKUMS.NS,AKUMS DRUGS AND PHARMA L,Healthcare,Drug Manufacturers - Specialty & Generic,2026-06-12,95964368085.4784,604.7000122070312,361017.5226781857,218307300.3704511,463,0.0
NCC,NCC.NS,NCC Limited,Industrials,Engineering & Construction,2026-06-12,94647873141.0,155.83999633789062,4948744.825562701,771212375.4928465,1244,0.0
HCG,HCG.NS,HealthCare Global Enterprises Limited,Healthcare,Medical Care Facilities,2026-06-12,94508294499.0,610.9500122070312,207692.92041800643,126889992.26469499,1244,0.0
TARIL,TARIL.NS,TRANS & RECTI. LTD,Industrials,Electrical Equipment & Parts,2026-06-12,93771804709.53314,357.54998779296875,2100534.226688103,751045987.1110442,1244,0.0
STAR,STAR.NS,Strides Pharma Science Limited,Healthcare,Drug Manufacturers - Specialty & Generic,2026-06-12,93278787580.0,1110.9000244140625,612690.8826366559,680638316.4793346,1244,0.0
ALKYLAMINE,ALKYLAMINE.NS,Alkyl Amines Chemicals Limited,Basic Materials,Specialty Chemicals,2026-06-12,93169117031.13184,1845.4000244140625,76704.14871382636,141549837.90915504,1244,0.0
TTML,TTML.NS,Tata Teleservices (Maharashtra) Limited,Communication Services,Telecom Services,2026-06-12,93054556822.217,44.189998626708984,7013548.15755627,309928683.4507689,1244,0.0
MANORAMA,MANORAMA.NS,Manorama Industries Limited,Consumer Defensive,Packaged Foods,2026-06-12,92966181210.0,1558.199951171875,86000.12130479103,134005384.8179007,981,0.0
RATEGAIN,RATEGAIN.NS,RateGain Travel Technologies Limited,Technology,Software - Application,2026-06-12,92759914524.37347,867.7000122070312,522415.5906642729,453300014.396533,1114,0.0
PVRINOX,PVRINOX.NS,PVR INOX Limited,Communication Services,Entertainment,2026-06-12,92553464185.0,948.9000244140625,647259.9131134353,614184947.3555827,1243,0.0
VESUVIUS,VESUVIUS.NS,Vesuvius India Limited,Industrials,Specialty Industrial Machinery,2026-06-12,90906141081.2256,464.8999938964844,191453.7248592116,89006835.51850668,1243,0.0
BLUEJET,BLUEJET.NS,Blue Jet Healthcare Limited,Healthcare,Biotechnology,2026-06-12,89126533247.50214,512.5999755859375,505408.2196620584,259072241.05970326,651,0.0
POWERMECH,POWERMECH.NS,Power Mech Projects Limited,Industrials,Engineering & Construction,2026-06-12,88364371423.27148,2839.89990234375,111930.92357200322,317872618.92137766,1243,0.0
SAREGAMA,SAREGAMA.NS,Saregama India Limited,Communication Services,Entertainment,2026-06-12,88224582775.62775,465.8999938964844,617680.9388576025,287777545.6437318,1243,0.0
STARCEMENT,STARCEMENT.NS,Star Cement Limited,Basic Materials,Building Materials,2026-06-12,87986035963.4986,213.25,565888.638777152,120675752.21922767,1243,0.0
ESABINDIA,ESABINDIA.NS,ESAB India Limited,Industrials,Tools & Accessories,2026-06-12,87717124470.0,5829.0,8923.838969404187,52017057.352657005,1242,0.0
JAYNECOIND,JAYNECOIND.NS,Jayaswal Neco Industries Limited,Basic Materials,Steel,2026-06-12,87205349923.03882,89.68000030517578,3782136.1101286174,339181967.51055074,1244,0.0
JLHL,JLHL.NS,Jupiter Life Line Hospitals Limited,Healthcare,Medical Care Facilities,2026-06-12,86940545172.0,1342.0999755859375,80376.06932153393,107872720.6741243,678,0.0
BSOFT,BSOFT.NS,Birlasoft Limited,Technology,Information Technology Services,2026-06-12,86850363996.0,326.3999938964844,2399344.8818327975,783146154.7857862,1244,0.0
VARROC,VARROC.NS,Varroc Engineering Limited,Consumer Cyclical,Auto Parts,2026-06-12,86637222945.0,615.2000122070312,393046.87208366854,241802440.50380835,1243,0.0
TSFINV,TSFINV.NS,TSF Investments Limited,Financial Services,Asset Management,2026-06-12,86566373847.75,395.3999938964844,185325.2266881029,73277593.50134048,1244,0.0
GENUSPOWER,GENUSPOWER.NS,Genus Power Infrastructures Limited,Industrials,Electrical Equipment & Parts,2026-06-12,86464775627.22488,324.70001220703125,997450.2508038585,323872108.6119192,1244,0.0
SIGMAADV,SIGMAADV.NS,Sigma Advanced Systems Limited,Industrials,Aerospace & Defense,2026-06-12,85476256925.0,525.0499877929688,265155.6894609815,139219991.51472455,1243,0.0
PGINVIT,PGINVIT.NS,"PGINVIT.NS,0P0001MGQ9,2267108",,,2026-06-20,85439824332.58057,93.77999877929688,1074955.9029911074,100809363.27030402,1237,0.0
RELAXO,RELAXO.NS,Relaxo Footwears Limited,Consumer Cyclical,Footwear & Accessories,2026-06-12,85385934998.0,355.8500061035156,188455.08125502817,67061741.81484031,1243,0.0
BATAINDIA,BATAINDIA.NS,Bata India Limited,Consumer Cyclical,Footwear & Accessories,2026-06-12,85181627135.0,747.7000122070312,335552.1463022508,250892343.88628846,1244,0.0
EQUITASBNK,EQUITASBNK.NS,Equitas Small Finance Bank Limited,Financial Services,Banks - Regional,2026-06-12,84829844256.80283,77.25,3675773.5160771706,283953504.1169614,1244,0.0
PARAS,PARAS.NS,Paras Defence and Space Technologies Limited,Industrials,Aerospace & Defense,2026-06-12,84620729801.42822,1408.6500244140625,812578.4807197943,1144638696.7042801,1167,0.0
TRIVENI,TRIVENI.NS,Triveni Engineering & Industries Limited,Consumer Defensive,Confectioners,2026-06-12,84376997481.41089,403.54998779296875,847674.538585209,342079049.69847155,1244,0.0
EUREKAFORB,EUREKAFORB.NS,Eureka Forbes Limited,Consumer Cyclical,"Furnishings, Fixtures & Appliances",2026-06-12,84217312914.0,468.75,243337.1090909091,114064269.88636364,440,0.0
ASKAUTOLTD,ASKAUTOLTD.NS,ASK AUTOMOTIVE LIMITED,Consumer Cyclical,Auto Parts,2026-06-12,84051748713.26294,470.0,356308.7258566978,167465101.15264797,642,0.0
LEMONTREE,LEMONTREE.NS,Lemon Tree Hotels Limited,Consumer Cyclical,Lodging,2026-06-12,84038786054.11554,113.04000091552734,4883510.553054662,552032037.3882865,1244,0.0
THYROCARE,THYROCARE.NS,Thyrocare Technologies Limited,Healthcare,Diagnostics & Research,2026-06-12,83727005607.65826,540.5499877929688,510842.1856913183,276135737.23957556,1244,0.0
KRBL,KRBL.NS,KRBL Limited,Consumer Defensive,Packaged Foods,2026-06-12,82972585850.0,384.95001220703125,790517.6202735318,304309767.57416934,1243,0.0
CELLO,CELLO.NS,Cello World Limited,Consumer Cyclical,"Furnishings, Fixtures & Appliances",2026-06-12,82500560199.0,390.20001220703125,298540.07120743033,116490339.4294273,646,0.0
TIMETECHNO,TIMETECHNO.NS,Time Technoplast Limited,Consumer Cyclical,Packaging & Containers,2026-06-12,82437108293.0,178.4199981689453,3468505.8745980705,618850811.7947638,1244,0.0
KRN,KRN.NS,KRN HEAT EXCHANGE N REF L,Technology,Electronic Components,2026-06-12,81895110236.49243,1235.199951171875,1220177.0915492957,1507162683.9027305,426,0.0
MAHSEAMLES,MAHSEAMLES.NS,Maharashtra Seamless Limited,Basic Materials,Steel,2026-06-12,81752940373.73389,630.6500244140625,376941.8118971061,237718362.87559092,1244,0.0
INDIASHLTR,INDIASHLTR.NS,India Shelter Finance Corporation Limited,Financial Services,Mortgage Finance,2026-06-12,81523555846.4862,784.3499755859375,237901.95454545456,186598392.2395741,616,0.0
SHARDACROP,SHARDACROP.NS,Sharda Cropchem Limited,Basic Materials,Agricultural Inputs,2026-06-12,81469106985.0,900.7999877929688,326620.8592115849,294220065.9907246,1243,0.0
MIDHANI,MIDHANI.NS,Mishra Dhatu Nigam Limited,Basic Materials,Steel,2026-06-12,81399230000.0,437.0,935518.8480707395,408821736.60691315,1244,0.0
GRINFRA,GRINFRA.NS,G R Infraprojects Limited,Industrials,Engineering & Construction,2026-06-12,81380441734.2912,895.1500244140625,93558.94170771757,83749288.95381723,1218,0.0
EMBDL,EMBDL.NS,Embassy Developments Limited,Real Estate,Real Estate - Diversified,2026-06-12,81247455219.36134,62.13999938964844,10164037.727491962,631593298.1827142,1244,0.0
V2RETAIL,V2RETAIL.NS,V2 Retail Limited,Consumer Cyclical,Apparel Retail,2026-06-12,81182903909.4429,236.85000610351562,677426.6093247589,160448496.55325302,1244,0.0
RELIGARE,RELIGARE.NS,Religare Enterprises Limited,Financial Services,Insurance - Life,2026-06-12,81094196703.57452,253.39999389648438,1487834.4078841512,377017229.87682337,1243,0.0
CLEAN,CLEAN.NS,Clean Science and Technology Limited,Basic Materials,Specialty Chemicals,2026-06-12,81082937102.78809,782.1500244140625,254595.7142857143,199132044.1442871,1218,0.0
TIPSMUSIC,TIPSMUSIC.NS,Tips Music Limited,Communication Services,Entertainment,2026-06-12,80981312265.0,653.0,254890.9107717042,166443764.73392284,1244,0.0
GMRP&UI,GMRP&UI.NS,GMR Power And Urban Infra Limited,Energy,Thermal Coal,2026-06-12,80913414812.66183,100.51000213623047,2902906.601904762,291771148.75872517,1050,0.0
AXISCADES,AXISCADES.NS,AXISCADES Technologies Limited,Industrials,Engineering & Construction,2026-06-12,80766348111.0,1943.199951171875,136893.4847266881,266011412.83664814,1244,0.0
YATHARTH,YATHARTH.NS,Yatharth Hospital & Trauma Care Services Limited,Healthcare,Medical Care Facilities,2026-06-12,80320989642.7987,839.75,571796.10719323,480165781.01551485,709,0.0
SUPRIYA,SUPRIYA.NS,Supriya Lifescience Limited,Healthcare,Biotechnology,2026-06-12,79275558000.0,932.2000122070312,474957.49051490513,442755378.4558155,1107,0.0
SKYGOLD,SKYGOLD.NS,Sky Gold and Diamonds Limited,Consumer Cyclical,Luxury Goods,2026-06-12,78459110579.67517,509.3999938964844,859279.9377934273,437717195.0673433,852,0.0
KPIGREEN,KPIGREEN.NS,KPI Green Energy Limited,Utilities,Utilities - Renewable,2026-06-12,78179263344.0,409.1499938964844,1245984.3404781534,509794485.3017516,1213,0.0
E2E,E2E.NS,E2E Networks Limited,Technology,Software - Infrastructure,2026-06-12,78048348200.0,425.8999938964844,529375.3762057878,225460969.49499413,1244,0.0
IRBINVIT,IRBINVIT.NS,IRB InvIT Fund,,,2026-06-20,77844386151.12305,60.310001373291016,480055.3640776699,28952139.66677999,1236,0.0
SKFINDIA,SKFINDIA.NS,SKF India Limited,Industrials,Tools & Accessories,2026-06-12,77775800977.63696,1638.300048828125,47950.43649517685,78557202.45137814,1244,0.0
CERA,CERA.NS,Cera Sanitaryware Limited,Industrials,Building Products & Equipment,2026-06-12,77576970405.0,6448.0,23560.037811745777,151915123.81013677,1243,0.0
NESCO,NESCO.NS,Nesco Limited,Industrials,Conglomerates,2026-06-12,76449056600.0,1138.0,96340.13123993558,109635069.3510467,1242,0.0
IXIGO,IXIGO.NS,LE TRAVENUES TECHNOLOGY L,Consumer Cyclical,Travel Services,2026-06-12,76253852368.35713,189.97999572753906,2753631.112,523134826.89297867,500,0.0
BAJAJCON,BAJAJCON.NS,Bajaj Consumer Care Limited,Consumer Defensive,Household & Personal Products,2026-06-12,76039458759.07385,625.25,745717.3754019293,466259788.9700563,1244,0.0
RHIM,RHIM.NS,RHI Magnesita India Limited,Industrials,Metal Fabrication,2026-06-12,75909925457.98468,381.95001220703125,391793.07562349155,149645370.0170229,1243,0.0
BORORENEW,BORORENEW.NS,Borosil Renewables Limited,Technology,Solar,2026-06-12,75858131207.25,598.25,604800.9003215434,361822138.6173634,1244,0.0
SFL,SFL.NS,Sheela Foam Limited,Consumer Cyclical,"Furnishings, Fixtures & Appliances",2026-06-12,75814400744.5,700.6500244140625,111149.1229903537,77876635.73679295,1244,0.0
INOXGREEN,INOXGREEN.NS,Inox Green Energy Services Limited,Utilities,Utilities - Renewable,2026-06-12,75360055621.24352,199.47000122070312,2431114.9242081447,484934496.8994682,884,0.0
SAFARI,SAFARI.NS,Safari Industries (India) Limited,Consumer Cyclical,Footwear & Accessories,2026-06-12,75227770201.58044,1675.5,64750.35829307568,108489225.3200483,1242,0.0
PGIL,PGIL.NS,Pearl Global Industries Limited,Consumer Cyclical,Apparel Manufacturing,2026-06-12,75210834534.5,1793.5,92172.8326629123,165311975.38093323,1243,0.0
WELENT,WELENT.NS,Welspun Enterprises Limited,Industrials,Engineering & Construction,2026-06-12,75035119417.55798,567.8499755859375,374224.37057877815,212503299.696822,1244,0.0
IMFA,IMFA.NS,Indian Metals and Ferro Alloys Limited,Basic Materials,Other Industrial Metals & Mining,2026-06-12,74909882087.63892,1429.0999755859375,170574.6390675241,243768212.52697882,1244,0.0
JSLL,JSLL.NS,JEENA SIKHO LIFECARE LTD,Healthcare,Medical Care Facilities,2026-06-12,74456137270.0,557.2000122070312,175584.8639921722,97835888.35980828,1022,0.0
JKLAKSHMI,JKLAKSHMI.NS,JK Lakshmi Cement Limited,Basic Materials,Building Materials,2026-06-12,73605233206.26978,605.5,306882.4581993569,185817328.43971062,1244,0.0
TTKPRESTIG,TTKPRESTIG.NS,TTK Prestige Limited,Consumer Cyclical,"Furnishings, Fixtures & Appliances",2026-06-12,73508440662.0,541.2999877929688,127297.70096463023,68906243.97822733,1244,0.0
GPPL,GPPL.NS,Gujarat Pipavav Port Limited,Industrials,Marine Shipping,2026-06-12,73414400648.30887,153.0800018310547,2162364.9863344054,331014836.0674793,1244,0.0
REDTAPE,REDTAPE.NS,REDTAPE Limited,Consumer Cyclical,Footwear & Accessories,2026-06-12,73379683860.66284,134.1300048828125,381287.04822695034,51142033.64043401,705,0.0
JYOTHYLAB,JYOTHYLAB.NS,Jyothy Labs Limited,Consumer Defensive,Household & Personal Products,2026-06-12,73354768700.19044,202.27999877929688,760255.7821543409,153784538.68613347,1244,0.0
GNFC,GNFC.NS,Gujarat Narmada Valley Fertilizers & Chemicals Limited,Basic Materials,Chemicals,2026-06-12,72956049109.5,567.6500244140625,1240796.061897106,704337914.8287648,1244,0.0
SPARC,SPARC.NS,Sun Pharma Advanced Research Company Limited,Healthcare,Drug Manufacturers - Specialty & Generic,2026-06-12,72861588324.26581,238.08999633789062,1448119.8191318328,344782842.4339249,1244,0.0
PNGJL,PNGJL.NS,P N GADGIL JEWELLERS LTD,Consumer Cyclical,Luxury Goods,2026-06-12,72583598591.85828,552.7999877929688,451437.6361556064,249554719.7561059,437,0.0
CAMPUS,CAMPUS.NS,Campus Activewear Limited,Consumer Cyclical,Footwear & Accessories,2026-06-12,72532549071.9429,237.4499969482422,1073360.3921568627,254869421.84201106,1020,0.0
GAEL,GAEL.NS,Gujarat Ambuja Exports Limited,Consumer Defensive,Packaged Foods,2026-06-12,72359880802.04681,159.97999572753906,1208381.9774919613,193316943.5963992,1244,0.0
BIRLACORPN,BIRLACORPN.NS,Birla Corporation Limited,Basic Materials,Building Materials,2026-06-12,72100105456.09332,1018.2999877929688,130964.76186645213,133361415.40991727,1243,0.0
EPL,EPL.NS,EPL Limited,Consumer Cyclical,Packaging & Containers,2026-06-12,71771467612.41086,229.57000732421875,848406.3274336283,194768646.80285156,1243,0.0
SANOFI,SANOFI.NS,Sanofi India Limited,Healthcare,Drug Manufacturers - General,2026-06-12,71763418152.0,3341.0,20985.89863234111,70113887.33065166,1243,0.0
ABFRL,ABFRL.NS,Aditya Birla Fashion and Retail Limited,Consumer Cyclical,Apparel Manufacturing,2026-06-12,71753355387.09378,60.63999938964844,4715874.661575562,285970636.5996006,1244,0.0
TCI,TCI.NS,Transport Corporation of India Limited,Industrials,Integrated Freight & Logistics,2026-06-12,71667192954.82214,948.0499877929688,78924.24376508447,74824128.33805762,1243,0.0
SUVEN,SUVEN.NS,Suven Life Sciences Limited,Healthcare,Drug Manufacturers - Specialty & Generic,2026-06-12,71521025328.8454,268.20001220703125,574359.1881028939,154043141.2604167,1244,0.0
PRECWIRE,PRECWIRE.NS,Precision Wires India Limited,Industrials,Electrical Equipment & Parts,2026-06-12,71185424349.22867,408.25,682276.3360128617,278539314.1772508,1244,0.0
SONATSOFTW,SONATSOFTW.NS,Sonata Software Limited,Technology,Information Technology Services,2026-06-12,70527231545.90968,297.3999938964844,1192902.2242765273,354769114.21894187,1244,0.0
MAXESTATES,MAXESTATES.NS,MAX ESTATES LIMITED,Real Estate,Real Estate - Development,2026-06-12,69948181781.94928,452.6000061035156,152475.599078341,69010457.07349434,651,0.0
RCF,RCF.NS,Rashtriya Chemicals and Fertilizers Limited,Basic Materials,Agricultural Inputs,2026-06-12,69716826712.25662,136.64999389648438,5043009.999196141,689127285.6100624,1244,0.0
SUDARSCHEM,SUDARSCHEM.NS,Sudarshan Chemical Industries Limited,Basic Materials,Specialty Chemicals,2026-06-12,69338198696.0,913.5999755859375,241930.2687047466,221027487.5821558,1243,0.0
MAHLIFE,MAHLIFE.NS,Mahindra Lifespace Developers Limited,Real Estate,Real Estate - Development,2026-06-12,69208375443.8594,352.3500061035156,287108.0377813505,101162518.86462724,1244,0.0
KIRLFER,KIRLFER.NS,Kirloskar Ferrous Industries Limited,Industrials,Metal Fabrication,2026-06-12,69173823866.0506,476.79998779296875,226439.07819548872,107966149.71946011,665,0.0
WESTLIFE,WESTLIFE.NS,Westlife Foodworld Limited,Consumer Cyclical,Restaurants,2026-06-12,69094295506.93817,467.1000061035156,179475.0305711987,83832787.87523557,1243,0.0
DBL,DBL.NS,Dilip Buildcon Limited,Industrials,Engineering & Construction,2026-06-12,69055299499.78458,439.5,696318.9919484702,306032196.96135265,1242,0.0
KINGFA,KINGFA.NS,Kingfa Science & Technology (India) Limited,Basic Materials,Specialty Chemicals,2026-06-12,68780034265.5,5159.5,12027.531400966183,62056048.263285026,1242,0.0
GOKULAGRO,GOKULAGRO.NS,Gokul Agro Resources Limited,Consumer Defensive,Packaged Foods,2026-06-12,68466021107.06647,221.77000427246094,746968.176045016,165655135.59289557,1244,0.0
BALAMINES,BALAMINES.NS,Balaji Amines Limited,Basic Materials,Specialty Chemicals,2026-06-12,68379067235.83984,2138.199951171875,127952.69774919614,273588452.07964087,1244,0.0
DYNAMATECH,DYNAMATECH.NS,Dynamatic Technologies Limited,Consumer Cyclical,Auto Parts,2026-06-12,68335499466.0,10923.0,18703.78439259855,204301436.92035398,1243,0.0
AVL,AVL.NS,Aditya Vision Limited,Consumer Cyclical,Specialty Retail,2026-06-12,68314028450.0,629.9000244140625,289492.9825,182351636.74444976,400,0.0
SJS,SJS.NS,S.J.S. Enterprises Limited,Consumer Cyclical,Auto Parts,2026-06-12,68042957404.0,2215.300048828125,154759.90325417765,342839621.2356157,1137,0.0
GARFIBRES,GARFIBRES.NS,Garware Technical Fibres Limited,Consumer Cyclical,Textile Manufacturing,2026-06-12,67626360137.7536,796.4000244140625,91431.09171359614,72815723.67291234,1243,0.0
TANLA,TANLA.NS,Tanla Platforms Limited,Technology,Software - Application,2026-06-12,67540703979.0,521.3499755859375,814245.5763665595,424506911.35966337,1244,0.0
ACI,ACI.NS,Archean Chemical Industries Limited,Basic Materials,Chemicals,2026-06-12,67470012321.0,527.75,443543.62598870054,234080148.61553672,885,0.0
PRICOLLTD,PRICOLLTD.NS,Pricol Limited,Consumer Cyclical,Auto Parts,2026-06-12,67369998019.5,559.1500244140625,772597.3258246179,431997813.5970745,1243,0.0
ICIL,ICIL.NS,Indo Count Industries Limited,Consumer Cyclical,Textile Manufacturing,2026-06-12,66625478767.17224,394.6000061035156,549783.0233118971,216944384.35448384,1244,0.0
RAIN,RAIN.NS,Rain Industries Limited,Basic Materials,Specialty Chemicals,2026-06-12,66404724941.50067,191.0,2844288.147106109,543259036.0972669,1244,0.0
ISGEC,ISGEC.NS,Isgec Heavy Engineering Limited,Industrials,Specialty Industrial Machinery,2026-06-12,66356707197.07703,925.0,107256.3378921963,99212112.55028158,1243,0.0
CEIGALL,CEIGALL.NS,CEIGALL INDIA LIMITED,Industrials,Engineering & Construction,2026-06-12,65692654146.36209,374.6000061035156,402224.00865800865,150673116.09827057,462,0.0
DODLA,DODLA.NS,Dodla Dairy Limited,Consumer Defensive,Food Distribution,2026-06-12,65582359691.0531,1108.9000244140625,104882.49309504467,116304199.15370278,1231,0.0
ASHAPURMIN,ASHAPURMIN.NS,Ashapura Minechem Limited,Basic Materials,Other Industrial Metals & Mining,2026-06-12,65440152268.80994,708.1500244140625,437672.5072347267,309937796.68363565,1244,0.0
SHAKTIPUMP,SHAKTIPUMP.NS,Shakti Pumps (India) Limited,Industrials,Specialty Industrial Machinery,2026-06-12,65123276028.75,551.0499877929688,942148.9557877814,519171170.58601516,1244,0.0
NEWGEN,NEWGEN.NS,Newgen Software Technologies Limited,Technology,Software - Infrastructure,2026-06-12,64933374140.0,481.95001220703125,784835.1985530547,378251333.52315253,1244,0.0
GSFC,GSFC.NS,Gujarat State Fertilizers & Chemicals Limited,Basic Materials,Agricultural Inputs,2026-06-12,64800413982.908936,165.44000244140625,2866259.3360128617,474193951.5476713,1244,0.0
GREENLAM,GREENLAM.NS,Greenlam Industries Limited,Consumer Cyclical,"Furnishings, Fixtures & Appliances",2026-06-12,64710558935.40161,252.25,150639.8735909823,37998908.11332528,1242,0.0
INDIAGLYCO,INDIAGLYCO.NS,India Glycols Limited,Basic Materials,Chemicals,2026-06-12,64308830497.447815,957.75,379395.9300643087,363366452.01909167,1244,0.0
HNDFDS,HNDFDS.NS,Hindustan Foods Limited,Industrials,Conglomerates,2026-06-12,63992084019.37378,545.4000244140625,73940.18584070797,40326979.16270245,1243,0.0
TRANSRAILL,TRANSRAILL.NS,TRANSRAIL LIGHTING LTD,Industrials,Engineering & Construction,2026-06-12,63946143068.63251,507.70001220703125,1750715.3668478262,888838213.1196785,368,0.0
JKPAPER,JKPAPER.NS,JK Paper Limited,Basic Materials,Paper & Paper Products,2026-06-12,63787941424.4361,349.8999938964844,1104899.582461786,386604357.15960705,1243,0.0
ETHOSLTD,ETHOSLTD.NS,Ethos Limited,Consumer Cyclical,Luxury Goods,2026-06-12,63688659572.07202,2380.89990234375,52109.25398406375,124066917.72186305,1004,0.0
KOVAI,KOVAI.NS,Kovai Medical Center and Hospital Limited,Healthcare,Medical Care Facilities,2026-06-12,63410408290.0,5842.5,4975.299248120301,29068185.85714286,665,0.0
SUNFLAG,SUNFLAG.NS,Sunflag Iron and Steel Company Limited,Basic Materials,Steel,2026-06-12,63302081110.0,358.54998779296875,620196.5900321543,222371479.7852698,1244,0.0
FDC,FDC.NS,FDC Limited,Healthcare,Drug Manufacturers - Specialty & Generic,2026-06-12,63007502508.0,389.3500061035156,260218.73209975864,101316164.93129012,1243,0.0
GANESHHOU,GANESHHOU.NS,Ganesh Housing Limited,Real Estate,Real Estate - Development,2026-06-12,62832172315.0,769.0,116005.97988736926,89208598.53338696,1243,0.0
SUPRAJIT,SUPRAJIT.NS,Suprajit Engineering Limited,Consumer Cyclical,Auto Parts,2026-06-12,62625485488.39752,466.54998779296875,249496.53660498792,116402606.10744509,1243,0.0
AJAXENGG,AJAXENGG.NS,AJAX ENGINEERING LIMITED,Industrials,Farm & Heavy Construction Machinery,2026-06-12,62591957486.865234,549.9500122070312,201233.8212121212,110668542.4320736,330,0.0
GVPIL,GVPIL.NS,GE Power India Limited,Industrials,Engineering & Construction,2026-06-12,62491294847.40216,1052.550048828125,422588.5233118971,444795570.84614253,1244,0.0
SKIPPER,SKIPPER.NS,Skipper Limited,Industrials,Engineering & Construction,2026-06-12,61306891005.0,543.2999877929688,600426.3692679002,326211639.0938268,1243,0.0
GALAXYSURF,GALAXYSURF.NS,Galaxy Surfactants Limited,Basic Materials,Specialty Chemicals,2026-06-12,61010411310.36072,1945.4000244140625,24499.590177133654,47661503.32873034,1242,0.0
KENNAMET,KENNAMET.NS,Kennametal India Limited,Industrials,Tools & Accessories,2026-06-12,60826979170.3125,2999.300048828125,15610.664661654135,46821067.28193873,665,0.0
HCC,HCC.NS,Hindustan Construction Company Limited,Industrials,Engineering & Construction,2026-06-12,60771661036.89553,27.020000457763672,25962899.06109325,701517544.5156115,1244,0.0
CSBBANK,CSBBANK.NS,CSB Bank Limited,Financial Services,Banks - Regional,2026-06-12,60613657956.1409,365.5,460818.1061093248,168429017.7829582,1244,0.0
DBREALTY,DBREALTY.NS,Valor Estate Limited,Real Estate,Real Estate - Development,2026-06-12,60478353851.5,118.12000274658203,2094428.2733118972,247393873.39612037,1244,0.0
FIEMIND,FIEMIND.NS,Fiem Industries Limited,Consumer Cyclical,Auto Parts,2026-06-12,60061464120.0,2286.699951171875,126350.83922829582,288926457.89386946,1244,0.0
LATENTVIEW,LATENTVIEW.NS,Latent View Analytics Limited,Industrials,Consulting Services,2026-06-12,60018587923.0603,299.1499938964844,873443.2718446602,261290549.44125542,1133,0.0
SIS,SIS.NS,SIS Limited,Industrials,Security & Protection Services,2026-06-12,59946843187.5,429.75,127731.09090909091,54892436.31818182,1243,0.0
ARVINDFASN,ARVINDFASN.NS,Arvind Fashions Limited,Consumer Cyclical,Apparel Retail,2026-06-12,59924215133.91531,484.04998779296875,421020.0265273312,203794738.70115006,1244,0.0
JAIBALAJI,JAIBALAJI.NS,Jai Balaji Industries Limited,Basic Materials,Steel,2026-06-12,59752468665.0,67.97000122070312,1346551.4541800644,91525103.98435855,1244,0.0
PRAJIND,PRAJIND.NS,Praj Industries Limited,Industrials,Engineering & Construction,2026-06-12,59739253600.0,340.5,1215947.8376205787,414030238.70980704,1244,0.0
PRSMJOHNSN,PRSMJOHNSN.NS,Prism Johnson Limited,Basic Materials,Building Materials,2026-06-12,59365876274.0979,119.26000213623047,863249.2246376812,102951104.37438916,1242,0.0
UNIMECH,UNIMECH.NS,UNIMECH AEROSPACE N MFG L,Industrials,Aerospace & Defense,2026-06-12,59146554929.0,1197.6500244140625,168519.7698630137,201827706.49069056,365,0.0
MOIL,MOIL.NS,MOIL Limited,Basic Materials,Other Industrial Metals & Mining,2026-06-12,58644440294.15033,293.8500061035156,1210441.1221864952,355688131.14244795,1244,0.0
TVSSCS,TVSSCS.NS,TVS Supply Chain Solutions Limited,Industrials,Integrated Freight & Logistics,2026-06-12,58350467947.54573,140.30999755859375,1293563.3945480632,181499876.730925,697,0.0
SENORES,SENORES.NS,SENORES PHARMACEUTICALS L,Healthcare,Drug Manufacturers - General,2026-06-12,58253184585.555176,1315.0,535816.0245231608,704598072.2479564,367,0.0
AARTIPHARM,AARTIPHARM.NS,Aarti Pharmalabs Limited,Healthcare,Drug Manufacturers - Specialty & Generic,2026-06-12,57835113357.112,691.7999877929688,327432.6487455197,226517902.40516993,837,0.0
AEROFLEX,AEROFLEX.NS,Aeroflex Industries Limited,Industrials,Metal Fabrication,2026-06-12,57828545616.0,507.25,1848137.3121387283,937467651.5823699,692,0.0
TIIL,TIIL.NS,Technocraft Industries (India) Limited,Industrials,Tools & Accessories,2026-06-12,56940462683.05957,2616.699951171875,25299.719806763285,66201775.58301961,1242,0.0
DCBBANK,DCBBANK.NS,DCB Bank Limited,Financial Services,Banks - Regional,2026-06-12,56830561011.247696,184.58999633789062,1912572.038585209,353041665.59839576,1244,0.0
VMART,VMART.NS,V-Mart Retail Limited,Consumer Cyclical,Department Stores,2026-06-12,56578516422.5,797.7999877929688,250912.16814159293,200177724.68047017,1243,0.0
FEDFINA,FEDFINA.NS,Fedbank Financial Services Limited,Financial Services,Credit Services,2026-06-12,56116793547.29813,154.57000732421875,906326.4129746836,140090880.29162976,632,0.0
SURYAROSNI,SURYAROSNI.NS,Surya Roshni Limited,Basic Materials,Steel,2026-06-12,56013352182.20117,266.3399963378906,903511.7749196142,240641322.82333112,1244,0.0
PTC,PTC.NS,PTC India Limited,Utilities,Utilities - Independent Power Producers,2026-06-12,55951494100.10399,186.64999389648438,1657260.9019292605,309327737.2299787,1244,0.0
SMLMAH,SMLMAH.NS,SML MAHINDRA LIMITED,Consumer Cyclical,Auto Manufacturers,2026-06-12,55720179300.42334,4092.199951171875,69346.17845659165,283778428.0940205,1244,0.0
BECTORFOOD,BECTORFOOD.NS,Mrs. Bectors Food Specialities Limited,Consumer Defensive,Packaged Foods,2026-06-12,55675814496.57219,190.32000732421875,990160.5257234727,188447358.5078436,1244,0.0
RPEL,RPEL.NS,Raghav Productivity Enhancers Limited,Basic Materials,Chemicals,2026-06-12,54970872489.78272,1197.949951171875,72942.38444924405,87381325.88933206,463,0.0
INNOVACAP,INNOVACAP.NS,Innova Captab Limited,Healthcare,Drug Manufacturers - Specialty & Generic,2026-06-12,54950238072.25,949.5499877929688,134313.87725040916,127537740.50355232,611,0.0
NEOGEN,NEOGEN.NS,Neogen Chemicals Limited,Basic Materials,Specialty Chemicals,2026-06-12,54938591382.0979,1932.0,78724.72427652733,152096167.3022508,1244,0.0
SENCO,SENCO.NS,Senco Gold Limited,Consumer Cyclical,Luxury Goods,2026-06-12,54795838158.03351,340.3999938964844,1095026.8565517243,372747135.2866934,725,0.0
PAISALO,PAISALO.NS,Paisalo Digital Limited,Financial Services,Credit Services,2026-06-12,54198408610.44202,58.810001373291016,3926005.8416398712,230888408.9383894,1244,0.0
SAPPHIRE,SAPPHIRE.NS,Sapphire Foods India Limited,Consumer Cyclical,Restaurants,2026-06-12,54196916284.26196,187.8699951171875,870888.7242290749,163613860.36852995,1135,0.0
STYLAMIND,STYLAMIND.NS,Stylam Industries Limited,Consumer Cyclical,"Furnishings, Fixtures & Appliances",2026-06-12,53759193120.0,3327.800048828125,43388.08271298594,144386863.77083334,1209,0.0
MASFIN,MASFIN.NS,MAS Financial Services Limited,Financial Services,Credit Services,2026-06-12,53655765793.90704,319.04998779296875,214173.79501607717,68332146.6854532,1244,0.0
AHLUCONT,AHLUCONT.NS,Ahluwalia Contracts (India) Limited,Industrials,Engineering & Construction,2026-06-12,53137881970.0,838.7999877929688,81653.14630225081,68490658.12158547,1244,0.0
CENTUM,CENTUM.NS,Centum Electronics Limited,Technology,Electronic Components,2026-06-12,52946663459.17456,3539.0,36816.330112721414,130292992.26892109,1242,0.0
HAPPSTMNDS,HAPPSTMNDS.NS,Happiest Minds Technologies Limited,Technology,Information Technology Services,2026-06-12,52396338917.45215,345.3500061035156,720700.9188102894,248894066.70994276,1244,0.0
IBULLSLTD,IBULLSLTD.NS,INDIABULLS LIMITED,Real Estate,Real Estate - Development,2026-06-12,52090862102.04298,26.510000228881836,1131133.4622186495,29986348.3423123,1244,0.0
THOMASCOOK,THOMASCOOK.NS,Thomas Cook (India) Limited,Consumer Cyclical,Travel Services,2026-06-12,52039065831.0041,111.5999984741211,1108215.2395498392,123676819.04275979,1244,0.0
IFBIND,IFBIND.NS,IFB Industries Limited,Consumer Cyclical,"Furnishings, Fixtures & Appliances",2026-06-12,51661464900.0,1284.5,77508.14630225081,99559213.92524117,1244,0.0
PNCINFRA,PNCINFRA.NS,PNC Infratech Limited,Industrials,Engineering & Construction,2026-06-12,50794754670.0,226.00999450683594,700347.7459807073,158285590.2219746,1244,0.0
BALUFORGE,BALUFORGE.NS,Balu Forge Industries Limited,Industrials,Metal Fabrication,2026-06-12,50366452200.0,448.75,815000.6679174484,365731549.727955,533,0.0
ITDC,ITDC.NS,India Tourism Development Corporation Limited,Consumer Cyclical,Lodging,2026-06-12,50020715126.98975,619.0,202440.7723250201,125310838.06918745,1243,0.0
RTNINDIA,RTNINDIA.NS,RattanIndia Enterprises Limited,Consumer Cyclical,Internet Retail,2026-06-12,49711953744.0,35.06999969482422,4393590.535369775,154083218.7346006,1244,0.0
ICRA,ICRA.NS,ICRA Limited,Financial Services,Financial Data & Stock Exchanges,2026-06-12,49502283840.0,5322.0,7192.191626409018,38276843.83574879,1242,0.0
MBAPL,MBAPL.NS,Madhya Bharat Agro Products Limited,Basic Materials,Agricultural Inputs,2026-06-12,49290153750.0,563.0,92872.54911433172,52287245.15136876,1242,0.0
PURVA,PURVA.NS,Puravankara Limited,Real Estate,Real Estate - Development,2026-06-12,49184843428.95319,220.36000061035156,459889.87691069994,101341333.55673635,1243,0.0
LUMAXIND,LUMAXIND.NS,Lumax Industries Limited,Consumer Cyclical,Auto Parts,2026-06-12,49136353258.0,5279.5,14907.095736122285,78702011.9388576,1243,0.0
JSFB,JSFB.NS,Jana Small Finance Bank Limited,Financial Services,Banks - Regional,2026-06-12,48962516894.89856,460.1000061035156,435658.93287435453,200446677.67454162,581,0.0
RBA,RBA.NS,Restaurant Brands Asia Limited,Consumer Cyclical,Restaurants,2026-06-12,48961831529.18339,73.66999816894531,2267840.0933226068,167071775.5225372,1243,0.0
ENTERO,ENTERO.NS,Entero Healthcare Solutions Limited,Healthcare,Medical Distribution,2026-06-12,48953598369.75549,1089.4000244140625,98559.84602076125,107371098.66126356,578,0.0
GOKEX,GOKEX.NS,Gokaldas Exports Limited,Consumer Cyclical,Apparel Manufacturing,2026-06-12,48873509876.0,818.7000122070312,458036.51848874596,374994503.27800244,1244,0.0
RUSTOMJEE,RUSTOMJEE.NS,Keystone Realtors Limited,Real Estate,Real Estate - Development,2026-06-12,48866388374.09021,388.29998779296875,73994.32122587968,28731994.02875809,881,0.0
DHANUKA,DHANUKA.NS,Dhanuka Agritech Limited,Basic Materials,Agricultural Inputs,2026-06-12,48801792461.85498,1068.300048828125,59615.148148148146,63686865.67756257,1242,0.0
MASTEK,MASTEK.NS,Mastek Limited,Technology,Information Technology Services,2026-06-12,48587527142.31006,1605.5,129766.59726688103,208340271.9119775,1244,0.0
CARERATING,CARERATING.NS,CARE Ratings Limited,Financial Services,Financial Data & Stock Exchanges,2026-06-12,48541556380.1936,1713.300048828125,119333.9147224457,204454801.92081752,1243,0.0
CMSINFO,CMSINFO.NS,CMS Info Systems Limited,Industrials,Specialty Business Services,2026-06-12,48526915209.75,298.70001220703125,776391.5981900452,231908179.856803,1105,0.0
RAYMONDLSL,RAYMONDLSL.NS,Raymond Lifestyle Limited,Consumer Cyclical,Apparel Manufacturing,2026-06-12,48075983060.19226,810.6500244140625,200320.24719101124,162389613.27602428,445,0.0
LGBBROSLTD,LGBBROSLTD.NS,L.G. Balakrishnan & Bros Limited,Consumer Cyclical,Auto Parts,2026-06-12,48036689232.0,1554.800048828125,99401.23231511255,154549040.8571128,1244,0.0
SWSOLAR,SWSOLAR.NS,Sterling and Wilson Renewable Energy Limited,Technology,Solar,2026-06-12,47849419365.90738,235.47000122070312,1675030.63585209,394419465.8688068,1244,0.0
EPIGRAL,EPIGRAL.NS,Epigral Limited,Basic Materials,Chemicals,2026-06-12,47550380637.08936,1127.5999755859375,101829.01338912133,114822393.01151332,1195,0.0
JAMNAAUTO,JAMNAAUTO.NS,Jamna Auto Industries Limited,Consumer Cyclical,Auto Parts,2026-06-12,47434684852.77599,132.3699951171875,2220606.4790996783,293941668.79561937,1244,0.0
NETWORK18,NETWORK18.NS,Network18 Media & Investments Limited,Communication Services,Entertainment,2026-06-12,47276769072.36047,33.97999954223633,4131206.1856913185,140378384.29867488,1244,0.0
RENUKA,RENUKA.NS,Shree Renuka Sugars Limited,Consumer Defensive,Confectioners,2026-06-12,47252474584.50882,23.09000015258789,12295161.65755627,283895284.549067,1244,0.0
PILANIINVS,PILANIINVS.NS,Pilani Investment and Industries Corporation Limited,Financial Services,Asset Management,2026-06-12,47154496137.45117,4424.39990234375,8176.429146537842,36175792.317462616,1242,0.0
BANSALWIRE,BANSALWIRE.NS,BANSAL WIRE INDUSTRIES L,Basic Materials,Steel,2026-06-12,46825886198.7417,306.75,250571.74688796682,76862883.35788383,482,0.0
BLISSGVS,BLISSGVS.NS,Bliss GVS Pharma Limited,Healthcare,Drug Manufacturers - Specialty & Generic,2026-06-12,46705831138.0,486.29998779296875,944377.3030546624,459250670.9474391,1244,0.0
SUBROS,SUBROS.NS,Subros Limited,Consumer Cyclical,Auto Parts,2026-06-12,46669657142.66968,747.4500122070312,130843.72888173773,97799146.74986835,1243,0.0
KMEW,KMEW.NS,Knowledge Marine & Engineering Works Limited,Industrials,Marine Shipping,2026-06-12,46614913956.0,2072.89990234375,122164.66492146597,253235121.98556376,382,0.0
AGIIL,AGIIL.NS,AGI Infra Limited,Real Estate,Real Estate - Development,2026-06-12,46261534061.72351,375.6499938964844,1019081.6216216217,382818004.9421816,481,0.0
NORTHARC,NORTHARC.NS,Northern Arc Capital Limited,Financial Services,Credit Services,2026-06-12,46169410243.96857,295.04998779296875,1077461.037037037,317904865.82517725,432,0.0
INDIGOPNTS,INDIGOPNTS.NS,Indigo Paints Limited,Basic Materials,Specialty Chemicals,2026-06-12,46097598751.75659,1025.1500244140625,111416.77170418006,114218906.23267622,1244,0.0
ORCHPHARMA,ORCHPHARMA.NS,Orchid Pharma Limited,Healthcare,Drug Manufacturers - Specialty & Generic,2026-06-12,46073236220.2594,979.0499877929688,74776.72588424437,73210152.56416762,1244,0.0
GULFOILLUB,GULFOILLUB.NS,Gulf Oil Lubricants India Limited,Basic Materials,Specialty Chemicals,2026-06-12,46055551218.59436,1026.800048828125,105759.82797427653,108594196.52804124,1244,0.0
MHRIL,MHRIL.NS,Mahindra Holidays & Resorts India Limited,Consumer Cyclical,Resorts & Casinos,2026-06-12,46036758975.71616,235.00999450683594,346630.4686495177,81461624.53322512,1244,0.0
GUJALKALI,GUJALKALI.NS,Gujarat Alkalies and Chemicals Limited,Basic Materials,Chemicals,2026-06-12,46019252724.09375,638.6500244140625,509268.80370072403,325244533.9167878,1243,0.0
MAPMYINDIA,MAPMYINDIA.NS,C. E. Info Systems Limited,Technology,Software - Infrastructure,2026-06-12,45988334160.33008,889.3499755859375,210379.35971223022,187100878.4238571,1112,0.0
DATAMATICS,DATAMATICS.NS,Datamatics Global Services Limited,Technology,Information Technology Services,2026-06-12,45689238697.0,801.5,291817.81350482313,233891977.52411574,1244,0.0
SYMPHONY,SYMPHONY.NS,Symphony Limited,Consumer Cyclical,"Furnishings, Fixtures & Appliances",2026-06-12,45625279836.54785,697.1500244140625,107073.2154340836,74646094.75396356,1244,0.0
JUSTDIAL,JUSTDIAL.NS,Just Dial Limited,Communication Services,Internet Content & Information,2026-06-12,45513991551.19238,539.9000244140625,544605.8464630225,294032709.801427,1244,0.0
DEEDEV,DEEDEV.NS,DEE DEVELOPMENT ENG LTD,Industrials,Metal Fabrication,2026-06-12,45485237536.89978,703.0499877929688,993002.2576064909,698130225.0886338,493,0.0
RESPONIND,RESPONIND.NS,Responsive Industries Limited,Basic Materials,Specialty Chemicals,2026-06-12,45184814898.04541,191.08999633789062,262325.7447665056,50127825.606765985,1242,0.0
FCL,FCL.NS,Fineotex Chemical Limited,Basic Materials,Specialty Chemicals,2026-06-12,45089476269.50989,43.52000045776367,7674409.603697749,333990309.465992,1244,0.0
SWARAJENG,SWARAJENG.NS,Swaraj Engines Limited,Consumer Cyclical,Auto Parts,2026-06-12,45068081312.77588,3927.60009765625,17828.41304347826,70022876.81062117,1242,0.0
KSCL,KSCL.NS,Kaveri Seed Company Limited,Basic Materials,Agricultural Inputs,2026-06-12,44951693951.35748,849.5,180322.7144006436,153184145.88334674,1243,0.0
WEBELSOLAR,WEBELSOLAR.NS,Websol Energy System Limited,Technology,Solar,2026-06-12,44944600956.94206,104.70999908447266,3751731.721864952,392843825.1616661,1244,0.0
REFEX,REFEX.NS,Refex Industries Limited,Energy,Thermal Coal,2026-06-12,44934791494.940186,336.8999938964844,972350.8238133548,327584986.6079608,1243,0.0
SHARDAMOTR,SHARDAMOTR.NS,Sharda Motor Industries Limited,Consumer Cyclical,Auto Parts,2026-06-12,44743590839.956055,825.8499755859375,55293.81174577635,45664393.08030283,1243,0.0
MANINFRA,MANINFRA.NS,Man Infraconstruction Limited,Industrials,Engineering & Construction,2026-06-12,44601111275.12531,104.97000122070312,1177358.203539823,123587292.06278005,1243,0.0
VIPIND,VIPIND.NS,V.I.P. Industries Limited,Consumer Cyclical,Footwear & Accessories,2026-06-12,44433815694.76868,317.5,669938.3499597748,212705426.11222848,1243,0.0
RALLIS,RALLIS.NS,Rallis India Limited,Basic Materials,Agricultural Inputs,2026-06-12,44130823783.36731,229.77999877929688,787600.4991961415,180974841.74386302,1244,0.0
ELECTCAST,ELECTCAST.NS,Electrosteel Castings Limited,Industrials,Building Products & Equipment,2026-06-12,43928195527.22028,81.33999633789062,2439601.4622186497,198437174.00277758,1244,0.0
VSTIND,VSTIND.NS,VST Industries Limited,Consumer Defensive,Tobacco,2026-06-12,43911807940.0,259.95001220703125,258979.88665594856,67321824.6975894,1244,0.0
SANDHAR,SANDHAR.NS,Sandhar Technologies Limited,Consumer Cyclical,Auto Parts,2026-06-12,43863785637.0,707.9500122070312,152016.40675241157,107620017.01603879,1244,0.0
AVANTEL,AVANTEL.NS,Avantel Limited,Technology,Communication Equipment,2026-06-12,43496865334.11484,179.9199981689453,1962655.4371002133,353120962.6493409,469,0.0
JUNIPER,JUNIPER.NS,Juniper Hotels Limited,Consumer Cyclical,Lodging,2026-06-12,43276713688.0,201.75999450683594,283889.1996497373,57277483.36188104,571,0.0
PDSL,PDSL.NS,PDS Limited,Industrials,Specialty Business Services,2026-06-12,43222947028.269165,338.75,120595.39983909896,40851691.69549477,1243,0.0
VADILALIND,VADILALIND.NS,Vadilal Industries Limited,Consumer Defensive,Packaged Foods,2026-06-12,43155011835.06348,6108.0,23517.228663446054,143643232.6763285,1242,0.0
GREAVESCOT,GREAVESCOT.NS,Greaves Cotton Limited,Industrials,Specialty Industrial Machinery,2026-06-12,42956243007.77728,198.5399932861328,2807426.493569132,557386437.1845268,1244,0.0
AURIONPRO,AURIONPRO.NS,Aurionpro Solutions Limited,Technology,Software - Application,2026-06-12,42856742659.993286,876.4000244140625,139596.34807073954,122342242.8573101,1244,0.0
GOODLUCK,GOODLUCK.NS,Goodluck India Limited,Basic Materials,Steel,2026-06-12,42807876552.58704,1423.4000244140625,185785.02574416733,264446410.180015,1243,0.0
TEXRAIL,TEXRAIL.NS,Texmaco Rail & Engineering Limited,Industrials,Railroads,2026-06-12,42435976101.25214,109.29000091552734,3174350.8110932475,346924803.050586,1244,0.0
LXCHEM,LXCHEM.NS,Laxmi Organic Industries Limited,Basic Materials,Specialty Chemicals,2026-06-12,42413369751.0,152.3699951171875,1293003.1760450162,197014887.62048703,1244,0.0
IONEXCHANG,IONEXCHANG.NS,Ion Exchange (India) Limited,Industrials,Pollution & Treatment Controls,2026-06-12,42183583167.19208,370.3999938964844,309205.7434456929,114529805.48504256,1068,0.0
GUJTHEM,GUJTHEM.NS,Gujarat Themis Biosyn Limited,Healthcare,Drug Manufacturers - Specialty & Generic,2026-06-12,41902081565.6759,383.54998779296875,209755.65846153846,80451780.2424292,325,0.0
AGI,AGI.NS,AGI Greenpac Limited,Consumer Cyclical,Packaging & Containers,2026-06-12,41571301371.78705,731.1500244140625,276843.83185840707,202414374.42215693,1243,0.0
NRBBEARING,NRBBEARING.NS,NRB Bearings Limited,Consumer Cyclical,Auto Parts,2026-06-12,41478027853.13721,428.25,336754.7506033789,144215221.945897,1243,0.0
KRISHANA,KRISHANA.NS,Krishana Phoschem Limited,Basic Materials,Agricultural Inputs,2026-06-12,41436858274.731445,679.5,99582.543845535,67666338.54304104,1243,0.0
SHOPERSTOP,SHOPERSTOP.NS,Shoppers Stop Limited,Consumer Cyclical,Department Stores,2026-06-12,41252730523.74811,360.5,182180.18649517684,65675957.23151125,1244,0.0
SUNTECK,SUNTECK.NS,Sunteck Realty Limited,Real Estate,Real Estate - Development,2026-06-12,41115767000.0,326.1000061035156,600749.4019292605,195904383.6358152,1244,0.0
ADVENZYMES,ADVENZYMES.NS,Advanced Enzyme Technologies Limited,Basic Materials,Specialty Chemicals,2026-06-12,40955276862.5,373.70001220703125,285633.5627009646,106741265.8680883,1244,0.0
UNIVCABLES,UNIVCABLES.NS,Universal Cables Limited,Industrials,Electrical Equipment & Parts,2026-06-12,40524205008.0,1273.5,89535.96382636655,114024049.93287781,1244,0.0
MOSCHIP,MOSCHIP.NS,MOSCHIP TECHNOLOGIES LTD,Technology,Semiconductor Equipment & Materials,2026-06-12,40375898225.21393,212.6199951171875,2528384.457227139,537585090.950007,339,0.0
EMIL,EMIL.NS,Electronics Mart India Limited,Consumer Cyclical,Specialty Retail,2026-06-12,40340907108.61998,120.86000061035156,1500937.1716171617,181403267.47774953,909,0.0
SBCL,SBCL.NS,Shivalik Bimetal Controls Limited,Industrials,Metal Fabrication,2026-06-12,40334461543.17627,746.5499877929688,163747.92139384116,122246008.71769612,1234,0.0
VRLLOG,VRLLOG.NS,VRL Logistics Limited,Industrials,Trucking,2026-06-12,40139291821.634674,240.00999450683594,406016.8012872084,97448090.24662599,1243,0.0
MSTCLTD,MSTCLTD.NS,MSTC Limited,Industrials,Conglomerates,2026-06-12,40057600000.0,692.75,520784.3263665595,360773342.0904341,1244,0.0
SEAMECLTD,SEAMECLTD.NS,Seamec Limited,Industrials,Marine Shipping,2026-06-12,39822277418.60156,1366.800048828125,54005.25845410628,73814389.89204797,1242,0.0
WHEELS,WHEELS.NS,Wheels India Limited,Consumer Cyclical,Auto Parts,2026-06-12,39779386240.69092,1553.4000244140625,56374.43327974276,87572046.03308135,1244,0.0
VISHNU,VISHNU.NS,Vishnu Chemicals Limited,Basic Materials,Specialty Chemicals,2026-06-12,39628508512.519775,601.0,145725.90273311897,87581267.5426045,1244,0.0
HEMIPROP,HEMIPROP.NS,Hemisphere Properties India Limited,Real Estate,Real Estate - Diversified,2026-06-12,39535396937.91797,139.5500030517578,1070028.4405144695,149322472.13926187,1244,0.0
MANINDS,MANINDS.NS,Man Industries (India) Limited,Basic Materials,Steel,2026-06-12,39530043917.0,587.5999755859375,477674.4115755627,280681472.5798277,1244,0.0
SOTL,SOTL.NS,Savita Oil Technologies Limited,Basic Materials,Specialty Chemicals,2026-06-12,39511366327.58087,604.7999877929688,140097.04180064308,84730689.17085998,1244,0.0
VMARCIND,VMARCIND.NS,"VMARCIND.NS,0P0001M1FR,196000",,,2026-06-20,39067008426.0,1363.0,47895.54655870445,65281629.95951417,1235,0.0
GHCL,GHCL.NS,GHCL Limited,Basic Materials,Chemicals,2026-06-12,38847363972.65002,435.3999938964844,333061.9573954984,145015174.21715114,1244,0.0
HIRECT,HIRECT.NS,Hind Rectifiers Limited,Industrials,Electrical Equipment & Parts,2026-06-12,38840630070.0,1152.4000244140625,94055.46463022508,108389519.73614737,1244,0.0
IOLCP,IOLCP.NS,IOL Chemicals and Pharmaceuticals Limited,Healthcare,Drug Manufacturers - Specialty & Generic,2026-06-12,38795530459.23508,130.2100067138672,2430058.0691318326,316417877.496743,1244,0.0
VAIBHAVGBL,VAIBHAVGBL.NS,Vaibhav Global Limited,Consumer Cyclical,Luxury Goods,2026-06-12,38698630389.75559,244.3300018310547,445311.41673370876,108802939.26593661,1243,0.0
VSTTILLERS,VSTTILLERS.NS,V.S.T. Tillers Tractors Limited,Industrials,Farm & Heavy Construction Machinery,2026-06-12,38552345447.0,4566.60009765625,17102.21319388576,78098968.44133672,1243,0.0
NACLIND,NACLIND.NS,NACL Industries Limited,Basic Materials,Agricultural Inputs,2026-06-12,38390139210.72922,193.8000030517578,335266.91479099676,64974729.1096486,1244,0.0
EMUDHRA,EMUDHRA.NS,eMudhra Limited,Technology,Software - Application,2026-06-12,38318430152.04205,459.8500061035156,226115.95309381236,103979422.41029187,1002,0.0
INDOSTAR,INDOSTAR.NS,IndoStar Capital Finance Limited,Financial Services,Credit Services,2026-06-12,38248101632.81081,249.47000122070312,159120.74115755627,39695851.49081475,1244,0.0
LUXIND,LUXIND.NS,Lux Industries Limited,Consumer Cyclical,Apparel Manufacturing,2026-06-12,38218100117.0719,1246.199951171875,86035.01688102893,107216833.8362097,1244,0.0
RAYMOND,RAYMOND.NS,Raymond Limited,Industrials,Specialty Industrial Machinery,2026-06-12,38057434192.5592,586.4500122070312,621615.9501607717,364546681.5598699,1244,0.0
POCL,POCL.NS,Pondy Oxides And Chemicals Limited,Basic Materials,Specialty Chemicals,2026-06-12,37833985960.0,1343.0,159654.99115755627,214416653.1245981,1244,0.0
SINDHUTRAD,SINDHUTRAD.NS,Sindhu Trade Links Limited,Industrials,Conglomerates,2026-06-12,37761835469.28051,25.209999084472656,2783449.866396761,70170768.58353788,741,0.0
ROSSTECH,ROSSTECH.NS,Rossell Techsys Limited,Industrials,Aerospace & Defense,2026-06-12,37741880237.43457,1027.5999755859375,129470.4907651715,133043873.14938958,379,0.0
IDEAFORGE,IDEAFORGE.NS,ideaForge Technology Limited,Technology,Computer Hardware,2026-06-12,37704951493.0,931.4500122070312,629404.2232876712,586258571.4644583,730,0.0
ROLEXRINGS,ROLEXRINGS.NS,Rolex Rings Limited,Industrials,Metal Fabrication,2026-06-12,37587418385.93262,143.22999572753906,912899.3471760798,130754569.5957031,1204,0.0
ORIENTELEC,ORIENTELEC.NS,Orient Electric Limited,Consumer Cyclical,"Furnishings, Fixtures & Appliances",2026-06-12,37494780823.55298,180.52999877929688,374447.4959807074,67599005.99230789,1244,0.0
OPTIEMUS,OPTIEMUS.NS,Optiemus Infracom Limited,Technology,Electronics & Computer Distribution,2026-06-12,37382322034.5,440.8500061035156,272999.6025744167,120351876.46118896,1243,0.0
FOSECOIND,FOSECOIND.NS,Foseco India Limited,Basic Materials,Chemicals,2026-06-12,37325589501.32324,5258.5,5685.041834271923,29894792.485518906,1243,0.0
STYRENIX,STYRENIX.NS,Styrenix Performance Materials Limited,Basic Materials,Chemicals,2026-06-12,37323522132.78906,2312.89990234375,48482.39549839228,112134927.81362258,1244,0.0
ANUP,ANUP.NS,The Anup Engineering Limited,Industrials,Specialty Industrial Machinery,2026-06-12,37306602767.44946,2246.0,59747.95736122285,134193912.23330651,1243,0.0
ZOTA,ZOTA.NS,Zota Health Care Limited,Healthcare,Biotechnology,2026-06-12,37139304746.94336,1307.5999755859375,64277.78519710378,84049630.35445105,1243,0.0
TARC,TARC.NS,TARC Limited,Real Estate,Real Estate - Development,2026-06-12,36833924444.64375,126.18000030517578,991749.9139179405,125139004.44082378,1243,0.0
RPGLIFE,RPGLIFE.NS,RPG Life Sciences Limited,Healthcare,Drug Manufacturers - Specialty & Generic,2026-06-12,36792694384.13818,2277.39990234375,46129.035369774916,105054260.64633678,1244,0.0
GREENPLY,GREENPLY.NS,Greenply Industries Limited,Basic Materials,Lumber & Wood Production,2026-06-12,36696219296.31683,291.6700134277344,342542.6012861736,99909405.11670932,1244,0.0
PREMEXPLN,PREMEXPLN.NS,Premier Explosives Limited,Basic Materials,Specialty Chemicals,2026-06-12,36471026055.21057,775.2999877929688,373755.8882636656,289772935.6083701,1244,0.0
HARSHA,HARSHA.NS,Harsha Engineers International Limited,Industrials,Tools & Accessories,2026-06-12,36417642000.0,431.04998779296875,218626.0097613883,94238738.8388719,922,0.0
RPTECH,RPTECH.NS,Rashi Peripherals Limited,Technology,Electronics & Computer Distribution,2026-06-12,36389796369.63928,750.6500244140625,387908.1135972461,291183234.9421857,581,0.0
QUESS,QUESS.NS,Quess Corp Limited,Industrials,Staffing & Employment Services,2026-06-12,36385552906.05202,249.8699951171875,408296.02090032154,102020924.74873044,1244,0.0
NFL,NFL.NS,National Fertilizers Limited,Basic Materials,Agricultural Inputs,2026-06-12,36361672355.41382,77.86000061035156,4182910.9959807075,325681452.7001041,1244,0.0
SSWL,SSWL.NS,Steel Strips Wheels Limited,Consumer Cyclical,Auto Parts,2026-06-12,36179493350.0,229.08999633789062,335444.5028157683,76846979.9216299,1243,0.0
GUFICBIO,GUFICBIO.NS,Gufic Biosciences Limited,Healthcare,Drug Manufacturers - Specialty & Generic,2026-06-12,36111731022.67584,355.25,175590.038585209,62378361.207395494,1244,0.0
HGINFRA,HGINFRA.NS,H.G. Infra Engineering Limited,Industrials,Engineering & Construction,2026-06-12,36072209938.5,582.8499755859375,195819.04180064308,114133123.7327665,1244,0.0
ASHIANA,ASHIANA.NS,Ashiana Housing Limited,Real Estate,Real Estate - Development,2026-06-12,36063292448.75,383.8500061035156,136229.057073955,52291524.3893138,1244,0.0
PITTIENG,PITTIENG.NS,Pitti Engineering Limited,Industrials,Metal Fabrication,2026-06-12,36007359865.20532,1009.4500122070312,145654.79146537842,147031231.02273884,1242,0.0
SAMHI,SAMHI.NS,SAMHI Hotels Limited,Consumer Cyclical,Lodging,2026-06-12,35925849904.21802,175.80999755859375,1445556.775480059,254143333.1679578,677,0.0
SMSPHARMA,SMSPHARMA.NS,SMS Pharmaceuticals Limited,Healthcare,Drug Manufacturers - General,2026-06-12,35849995940.78674,378.6000061035156,266897.51729686244,101047401.67760529,1243,0.0
PSPPROJECT,PSPPROJECT.NS,PSP Projects Limited,Industrials,Engineering & Construction,2026-06-12,35838160669.64142,969.0999755859375,181158.85668276972,175561043.5884485,1242,0.0
DBCORP,DBCORP.NS,D. B. Corp Limited,Communication Services,Publishing,2026-06-12,35697281037.3578,204.19000244140625,306875.50683829444,62660910.49051912,1243,0.0
CYIENTDLM,CYIENTDLM.NS,Cyient DLM Limited,Industrials,Aerospace & Defense,2026-06-12,35555249408.0,473.6499938964844,465839.0219478738,220644649.9023547,729,0.0
BAJAJELEC,BAJAJELEC.NS,Bajaj Electricals Limited,Consumer Cyclical,"Furnishings, Fixtures & Appliances",2026-06-12,35275570891.90314,325.6499938964844,168335.34324758843,54818403.501139775,1244,0.0
GOPAL,GOPAL.NS,Gopal Snacks Limited,Consumer Defensive,Packaged Foods,2026-06-12,35050075400.94412,283.79998779296875,240312.8482142857,68200783.38970783,560,0.0
INDRAMEDCO,INDRAMEDCO.NS,Indraprastha Medical Corporation Limited,Healthcare,Medical Care Facilities,2026-06-12,34945748719.055176,382.95001220703125,298177.30546623794,114187002.7681555,1244,0.0
RAMRAT,RAMRAT.NS,Ram Ratna Wires Limited,Industrials,Electrical Equipment & Parts,2026-06-12,34912552928.0,407.1499938964844,191386.39375,77922969.04718265,960,0.0
KDDL,KDDL.NS,KDDL Limited,Consumer Cyclical,Luxury Goods,2026-06-12,34905356640.0,2959.699951171875,26298.55233494364,77835824.06162369,1242,0.0
JKIL,JKIL.NS,J. Kumar Infraprojects Limited,Industrials,Engineering & Construction,2026-06-12,34843965513.0,500.20001220703125,286766.4590032154,143440586.29397547,1244,0.0
MAYURUNIQ,MAYURUNIQ.NS,Mayur Uniquoters Limited,Consumer Cyclical,Textile Manufacturing,2026-06-12,34727318450.427246,826.25,105148.3808373591,86878849.66686796,1242,0.0
TFCILTD,TFCILTD.NS,Tourism Finance Corporation of India Limited,Financial Services,Credit Services,2026-06-12,34686253973.063354,74.16000366210938,6927368.797427652,513733695.3860169,1244,0.0
SANATHAN,SANATHAN.NS,SANATHAN TEXTILES LIMITED,Consumer Cyclical,Textile Manufacturing,2026-06-12,34567681333.127014,439.5,163787.52588555857,71984617.626703,367,0.0
NPST,NPST.NS,NETWORK PEOPLE SRV TECH L,Technology,Software - Application,2026-06-12,34349666909.3628,1572.0,23531.502978723405,36991522.682553194,1175,0.0
BHAGCHEM,BHAGCHEM.NS,Bhagiradha Chemicals & Industries Limited,Basic Materials,Agricultural Inputs,2026-06-12,34329888930.0,279.260009765625,142624.94718614718,39829444.144025214,1155,0.0
KSL,KSL.NS,Kalyani Steels Limited,Basic Materials,Steel,2026-06-12,34317854184.74853,829.2999877929688,94736.92845659165,78565333.61259481,1244,0.0
KNRCON,KNRCON.NS,KNR Constructions Limited,Industrials,Engineering & Construction,2026-06-12,34215002465.911865,140.86000061035156,1254632.6430868166,176727554.870976,1244,0.0
JTEKTINDIA,JTEKTINDIA.NS,JTEKT India Limited,Consumer Cyclical,Auto Parts,2026-06-12,34119817470.0,137.3000030517578,393084.41639871383,53970491.57114185,1244,0.0
GMMPFAUDLR,GMMPFAUDLR.NS,GMM Pfaudler Limited,Industrials,Specialty Industrial Machinery,2026-06-12,33830311060.0,809.6500244140625,147156.24054706356,119145053.75161166,1243,0.0
YASHO,YASHO.NS,Yasho Industries Limited,Basic Materials,Specialty Chemicals,2026-06-12,33807790758.87573,2878.60009765625,19371.308908045976,55762251.71443053,696,0.0
SHANTIGEAR,SHANTIGEAR.NS,Shanthi Gears Limited,Industrials,Specialty Industrial Machinery,2026-06-12,33777246537.964325,450.6000061035156,115391.3161705551,51995327.77074483,1243,0.0
AARTIDRUGS,AARTIDRUGS.NS,Aarti Drugs Limited,Healthcare,Drug Manufacturers - Specialty & Generic,2026-06-12,33774462385.864258,370.3500061035156,296331.9726688103,109746547.88656071,1244,0.0
HEIDELBERG,HEIDELBERG.NS,HeidelbergCement India Limited,Basic Materials,Building Materials,2026-06-12,33722739470.823868,152.77999877929688,306102.961414791,46766410.071290925,1244,0.0
ASHOKA,ASHOKA.NS,Ashoka Buildcon Limited,Industrials,Engineering & Construction,2026-06-12,33686786040.0,135.16000366210938,1865247.5233118972,252106862.08157647,1244,0.0
ORIANA,ORIANA.NS,"ORIANA.NS,0P0001RF21,151050",,,2026-06-20,33655623606.427,1570.0,86892.39598278336,136421061.6929699,697,0.0
CARYSIL,CARYSIL.NS,Carysil Limited,Consumer Cyclical,"Furnishings, Fixtures & Appliances",2026-06-12,33420062050.0,1199.300048828125,118134.5458199357,141678766.57013726,1244,0.0
SETL,SETL.NS,Standard Engineering Technology Limited,Industrials,Specialty Industrial Machinery,2026-06-12,33363655724.487305,186.11000061035156,1070119.8258426967,199160001.44073358,356,0.0
SANGHVIMOV,SANGHVIMOV.NS,Sanghvi Movers Limited,Industrials,Rental & Leasing Services,2026-06-12,33323101871.58203,414.75,427656.1374598071,177370383.011455,1244,0.0
MAHLOG,MAHLOG.NS,Mahindra Logistics Limited,Industrials,Integrated Freight & Logistics,2026-06-12,33279220192.594025,354.95001220703125,219902.00241157555,78054218.44033936,1244,0.0
KERNEX,KERNEX.NS,Kernex Microsystems (India) Limited,Technology,Software - Application,2026-06-12,32939468499.01538,1999.5,91296.77974276527,182547911.09565917,1244,0.0
KIRLOSIND,KIRLOSIND.NS,Kirloskar Industries Limited,Industrials,Metal Fabrication,2026-06-12,32796821193.06299,3749.800048828125,8772.329042638778,32894479.87242327,1243,0.0
NOVARTIND,NOVARTIND.NS,Novartis India Limited,Healthcare,Drug Manufacturers - Specialty & Generic,2026-06-12,32762219142.10266,1388.9000244140625,29091.789156626506,40405586.66988731,664,0.0
GRAUWEIL,GRAUWEIL.NS,Grauer & Weil (India) Limited,Basic Materials,Specialty Chemicals,2026-06-12,32740843999.889374,76.38999938964844,478806.5996810207,36576035.85739282,627,0.0
ROUTE,ROUTE.NS,Route Mobile Limited,Communication Services,Telecom Services,2026-06-12,32730101099.0,545.5,296116.7467845659,161531685.3709807,1244,0.0
WSTCSTPAPR,WSTCSTPAPR.NS,West Coast Paper Mills Limited,Basic Materials,Paper & Paper Products,2026-06-12,32572018577.06945,513.3499755859375,244427.61464199517,125476910.00899716,1243,0.0
SASKEN,SASKEN.NS,Sasken Technologies Limited,Technology,Information Technology Services,2026-06-12,32521827646.5,2586.10009765625,41441.049879324215,107170703.13989788,1243,0.0
JINDALPOLY,JINDALPOLY.NS,Jindal Poly Films Limited,Consumer Cyclical,Packaging & Containers,2026-06-12,32434785429.75,686.9000244140625,126156.9461414791,86657209.38458556,1244,0.0
PANACEABIO,PANACEABIO.NS,Panacea Biotec Limited,Healthcare,Biotechnology,2026-06-12,32413895530.88977,536.4000244140625,326603.86334405147,175190320.27147633,1244,0.0
MARINE,MARINE.NS,Marine Electricals (India) Limited,Industrials,Electrical Equipment & Parts,2026-06-12,32118257834.724422,258.45001220703125,576863.7652733119,149090447.17668146,1244,0.0
UNICHEMLAB,UNICHEMLAB.NS,Unichem Laboratories Limited,Healthcare,Drug Manufacturers - Specialty & Generic,2026-06-12,31981811937.5,444.29998779296875,116326.10530546623,51683687.16722225,1244,0.0
EIEL,EIEL.NS,ENVIRO INFRA ENGINEERS L,Industrials,Engineering & Construction,2026-06-12,31878003407.13501,205.8699951171875,5249876.80620155,1080792112.458549,387,0.0
CHEMPLASTS,CHEMPLASTS.NS,Chemplast Sanmar Limited,Basic Materials,Chemicals,2026-06-12,31780024374.0,214.47000122070312,315533.8668341708,67672548.80509779,1194,0.0
DEEPINDS,DEEPINDS.NS,Deep Industries Limited,Energy,Oil & Gas E&P,2026-06-12,31494400390.625,487.04998779296875,301344.47427652735,146769822.51786125,1244,0.0
BBL,BBL.NS,Bharat Bijlee Limited,Industrials,Electrical Equipment & Parts,2026-06-12,31131052552.089844,2801.60009765625,53738.877009646305,150554843.07816228,1244,0.0
NAVNETEDUL,NAVNETEDUL.NS,Navneet Education Limited,Communication Services,Publishing,2026-06-12,31087088055.89438,139.30999755859375,377505.5024115756,52590290.6193123,1244,0.0
ADFFOODS,ADFFOODS.NS,ADF Foods Limited,Consumer Defensive,Packaged Foods,2026-06-12,30871670195.0,306.8500061035156,225466.68971061092,69184455.11384043,1244,0.0
KOLTEPATIL,KOLTEPATIL.NS,Kolte-Patil Developers Limited,Real Estate,Real Estate - Development,2026-06-12,30842935610.67932,377.79998779296875,359089.47020933975,135663997.4616722,1242,0.0
NITINSPIN,NITINSPIN.NS,Nitin Spinners Limited,Consumer Cyclical,Textile Manufacturing,2026-06-12,30712985313.720703,568.7000122070312,220249.31214802896,125255786.5071743,1243,0.0
JINDWORLD,JINDWORLD.NS,Jindal Worldwide Limited,Consumer Cyclical,Textile Manufacturing,2026-06-12,30689647831.939697,32.439998626708984,1623075.1704180064,52652556.299405575,1244,0.0
MPSLTD,MPSLTD.NS,MPS Limited,Communication Services,Publishing,2026-06-12,30661206875.71656,1812.0999755859375,30886.05958132045,55968627.8132566,1242,0.0
MUTHOOTMF,MUTHOOTMF.NS,MUTHOOT MICROFIN LIMITED,Financial Services,Credit Services,2026-06-12,30617418552.5,203.77000427246094,379610.8580750408,77353306.17182362,613,0.0
DREDGECORP,DREDGECORP.NS,Dredging Corporation of India Limited,Industrials,Engineering & Construction,2026-06-12,30408000000.0,1136.0,226011.81832797427,256749425.62057877,1244,0.0
PRINCEPIPE,PRINCEPIPE.NS,Prince Pipes and Fittings Limited,Industrials,Building Products & Equipment,2026-06-12,30376944875.48096,281.95001220703125,279274.4859211585,78741444.71458302,1243,0.0
ANTELOPUS,ANTELOPUS.NS,ANTELOPUS SELAN ENRGY LTD,Energy,Oil & Gas E&P,2026-06-12,30366211510.343994,775.2000122070312,178954.94855305465,138725878.30283663,1244,0.0
INDOTHAI,INDOTHAI.NS,Indo Thai Securities Limited,Financial Services,Capital Markets,2026-06-12,30321738292.5,236.50999450683594,280103.64119066775,66247310.63934957,1243,0.0
TVSSRICHAK,TVSSRICHAK.NS,TVS Srichakra Limited,Consumer Cyclical,Auto Parts,2026-06-12,30220845313.879395,4105.60009765625,11357.913917940466,46631052.49066766,1243,0.0
63MOONS,63MOONS.NS,63 moons technologies limited,Technology,Software - Application,2026-06-12,30179138370.63214,670.4500122070312,240800.0152733119,161444373.17944527,1244,0.0
RAMKY,RAMKY.NS,Ramky Infrastructure Limited,Industrials,Engineering & Construction,2026-06-12,30166777831.1496,427.25,169150.52495974235,72269561.78904992,1242,0.0
WONDERLA,WONDERLA.NS,Wonderla Holidays Limited,Consumer Cyclical,Leisure,2026-06-12,30135326877.79816,480.70001220703125,140348.89460981498,67465715.3521814,1243,0.0
UFLEX,UFLEX.NS,Uflex Limited,Consumer Cyclical,Packaging & Containers,2026-06-12,30108579969.187862,425.8999938964844,219862.2582461786,93639334.44511473,1243,0.0
SUNCLAY,SUNCLAY.NS,Sundaram-Clayton Limited,Industrials,Metal Fabrication,2026-06-12,29978372164.07276,1339.5,23786.006568144498,31861355.798029553,609,0.0
PARAGMILK,PARAGMILK.NS,Parag Milk Foods Limited,Consumer Defensive,Packaged Foods,2026-06-12,29782640019.735947,229.61000061035156,975623.327170418,224012872.7470729,1244,0.0
UNIPARTS,UNIPARTS.NS,Uniparts India Limited,Industrials,Farm & Heavy Construction Machinery,2026-06-12,29762258564.80261,674.7000122070312,164059.4103448276,110690886.16233353,870,0.0
BALMLAWRIE,BALMLAWRIE.NS,Balmer Lawrie & Co. Ltd.,Industrials,Conglomerates,2026-06-12,29754669204.0,181.44000244140625,524214.1463022508,95113415.98490007,1244,0.0
SHAREINDIA,SHAREINDIA.NS,Share India Securities Limited,Financial Services,Capital Markets,2026-06-12,29714317249.53445,138.89999389648438,598540.5868167203,83137283.85564063,1244,0.0
WINDMACHIN,WINDMACHIN.NS,Windsor Machines Limited,Industrials,Specialty Industrial Machinery,2026-06-12,29700604870.77118,325.04998779296875,212836.94690265486,69182646.9926007,1243,0.0
HERITGFOOD,HERITGFOOD.NS,Heritage Foods Limited,Consumer Defensive,Packaged Foods,2026-06-12,29694720000.0,330.0,498302.27893890673,164439752.04983923,1244,0.0
RSYSTEMS,RSYSTEMS.NS,R Systems International Limited,Technology,Information Technology Services,2026-06-12,29661925543.25,264.1499938964844,301539.18649517687,79651574.27225183,1244,0.0
INTERARCH,INTERARCH.NS,Interarch Building Solutions Limited,Industrials,Engineering & Construction,2026-06-12,29508398577.669067,1900.0999755859375,184056.8580931264,349726431.5691738,451,0.0
MAITHANALL,MAITHANALL.NS,Maithan Alloys Limited,Basic Materials,Steel,2026-06-12,29498733259.6344,1111.199951171875,83810.22186495177,93129914.44403842,1244,0.0
CARRARO,CARRARO.NS,CARRARO INDIA LIMITED,Consumer Cyclical,Auto Parts,2026-06-12,29275700187.0885,560.5499877929688,192297.0,107792081.00262451,365,0.0
GATEWAY,GATEWAY.NS,Gateway Distriparks Limited,Industrials,Integrated Freight & Logistics,2026-06-12,29169207679.3572,60.939998626708984,967231.8953377736,58943110.373593055,1051,0.0
NIITMTS,NIITMTS.NS,NIIT Learning Systems Limited,Consumer Defensive,Education & Training Services,2026-06-12,29154333068.0,229.5500030517578,187695.70780141844,43085550.298617445,705,0.0
SOLARA,SOLARA.NS,Solara Active Pharma Sciences Limited,Healthcare,Drug Manufacturers - Specialty & Generic,2026-06-12,29058413826.45862,563.0999755859375,184900.4453376206,104117436.25544313,1244,0.0
JTLIND,JTLIND.NS,JTL Industries Limited,Basic Materials,Steel,2026-06-12,29021217462.65396,79.2300033569336,2469121.3378378376,195628491.88556823,1110,0.0
STEELCAS,STEELCAS.NS,Steelcast Limited,Basic Materials,Steel,2026-06-12,28902720617.67578,293.3999938964844,123637.96024734982,36275376.78194622,1132,0.0
RPSGVENT,RPSGVENT.NS,RPSG Ventures Limited,Technology,Information Technology Services,2026-06-12,28844730962.31317,871.2000122070312,138603.231511254,120751136.98453847,1244,0.0
FLAIR,FLAIR.NS,FLAIR WRITING INDUST LTD,Industrials,Business Equipment & Supplies,2026-06-12,28815095701.917664,279.3999938964844,210237.99841269842,58740495.47331703,630,0.0
VENUSPIPES,VENUSPIPES.NS,Venus Pipes and Tubes Limited,Basic Materials,Steel,2026-06-12,28731173464.764404,1546.0999755859375,115329.20138888889,178310475.4517068,1008,0.0
KITEX,KITEX.NS,Kitex Garments Limited,Consumer Cyclical,Apparel Manufacturing,2026-06-12,28696079269.40918,163.41000366210938,1337535.9879421222,218566760.68782526,1244,0.0
DCAL,DCAL.NS,Dishman Carbogen Amcis Limited,Healthcare,Biotechnology,2026-06-12,28589398330.17807,170.72000122070312,744370.9597747385,127079011.16139932,1243,0.0
JUBLCPL,JUBLCPL.NS,Jubilant Agri and Consumer Products Limited,Basic Materials,Specialty Chemicals,2026-06-12,28366981775.36609,1867.199951171875,9041.302114803626,16881918.8672915,331,0.0
XPROINDIA,XPROINDIA.NS,Xpro India Limited,Basic Materials,Specialty Chemicals,2026-06-12,28324069004.815186,1344.800048828125,48813.4501607717,65644330.15967503,1244,0.0
NSIL,NSIL.NS,Nalwa Sons Investments Limited,Financial Services,Asset Management,2026-06-12,28305394293.0,5732.5,8416.075623491553,48245153.51166533,1243,0.0
JASH,JASH.NS,Jash Engineering Limited,Industrials,Specialty Industrial Machinery,2026-06-12,28228672600.0,500.04998779296875,136842.16747181964,68427924.1738468,1242,0.0
POLYPLEX,POLYPLEX.NS,Polyplex Corporation Limited,Basic Materials,Specialty Chemicals,2026-06-12,28206127107.0,951.0999755859375,162060.19131832797,154135444.0063141,1244,0.0
TATVA,TATVA.NS,Tatva Chintan Pharma Chem Limited,Basic Materials,Specialty Chemicals,2026-06-12,27845902843.095093,1194.0,70694.44426094137,84409166.44756399,1211,0.0
JNKINDIA,JNKINDIA.NS,JNK India Limited,Industrials,Specialty Industrial Machinery,2026-06-12,27730760615.515594,486.95001220703125,321705.0885122411,156654296.77809986,531,0.0
SIYSIL,SIYSIL.NS,Siyaram Silk Mills Limited,Consumer Cyclical,Textile Manufacturing,2026-06-12,27723391718.56592,631.5999755859375,144632.02813504823,91349585.43904108,1244,0.0
ROSSARI,ROSSARI.NS,Rossari Biotech Limited,Basic Materials,Specialty Chemicals,2026-06-12,27684729000.63281,560.9000244140625,108373.19131832797,60786525.656280026,1244,0.0
FUSION,FUSION.NS,Fusion Finance Limited,Financial Services,Credit Services,2026-06-12,27572635458.5,179.25999450683594,483295.3824521935,86635527.60355937,889,0.0
MOREPENLAB,MOREPENLAB.NS,Morepen Laboratories Limited,Healthcare,Drug Manufacturers - Specialty & Generic,2026-06-12,27529194757.48209,49.5,5338513.572347267,264256421.8311897,1244,0.0
ZAGGLE,ZAGGLE.NS,Zaggle Prepaid Ocean Services Limited,Technology,Software - Infrastructure,2026-06-12,27440538445.60932,213.1699981689453,1439670.11816839,306894476.453841,677,0.0
APCOTEXIND,APCOTEXIND.NS,Apcotex Industries Limited,Basic Materials,Specialty Chemicals,2026-06-12,27330071929.746094,546.6500244140625,81185.8930008045,44380270.39096724,1243,0.0
MONARCH,MONARCH.NS,Monarch Networth Capital Limited,Financial Services,Capital Markets,2026-06-12,27268308272.0,350.25,282970.02636363637,99110251.73386364,1100,0.0
ORIENTCEM,ORIENTCEM.NS,Orient Cement Limited,Basic Materials,Building Materials,2026-06-12,27252197429.317245,135.50999450683594,1016848.9396621078,137793194.2278942,1243,0.0
MEDIASSIST,MEDIASSIST.NS,MEDI ASSIST HEALTH SER L,Healthcare,Healthcare Plans,2026-06-12,27068212904.64386,364.3500061035156,291100.82352941175,106062586.8296796,595,0.0
INDOTECH,INDOTECH.NS,Indo Tech Transformers Limited,Industrials,Electrical Equipment & Parts,2026-06-12,26974800000.0,2679.699951171875,28709.702333065165,76933387.94007379,1243,0.0
MARATHON,MARATHON.NS,Marathon Nextgen Realty Limited,Real Estate,Real Estate - Development,2026-06-12,26846862240.204712,398.25,110637.70819935692,44061467.29039389,1244,0.0
NOCIL,NOCIL.NS,NOCIL Limited,Basic Materials,Specialty Chemicals,2026-06-12,26767414364.304657,159.02000427246094,995209.5474276528,158258226.48393926,1244,0.0
KKCL,KKCL.NS,Kewal Kiran Clothing Limited,Consumer Cyclical,Apparel Manufacturing,2026-06-12,26751493184.63028,493.5,115816.23188405797,57155310.43478261,1242,0.0
DIAMONDYD,DIAMONDYD.NS,Prataap Snacks Limited,Consumer Defensive,Packaged Foods,2026-06-12,26734359654.9469,1135.699951171875,71107.56038647343,80756852.85886903,1242,0.0
VSSL,VSSL.NS,Vardhman Special Steels Limited,Basic Materials,Steel,2026-06-12,26704585443.845093,281.54998779296875,192920.3024939662,54316708.81219202,1243,0.0
DDEVPLSTIK,DDEVPLSTIK.NS,Ddev Plastiks Industries Limited,Basic Materials,Specialty Chemicals,2026-06-12,26528311844.42285,273.1700134277344,172703.07627118644,47177301.66401103,354,0.0
SANGAMIND,SANGAMIND.NS,Sangam (India) Limited,Consumer Cyclical,Textile Manufacturing,2026-06-12,26509063397.742188,541.0,65550.10950080515,35462609.239935584,1242,0.0
DALMIASUG,DALMIASUG.NS,Dalmia Bharat Sugar and Industries Limited,Consumer Defensive,Confectioners,2026-06-12,26341697149.3786,337.29998779296875,202015.37439613527,68139783.31780843,1242,0.0
CAMLINFINE,CAMLINFINE.NS,Camlin Fine Sciences Limited,Basic Materials,Specialty Chemicals,2026-06-12,26318470841.93925,140.27999877929688,862963.5494770716,121056525.66722131,1243,0.0
BOROLTD,BOROLTD.NS,Borosil Limited,Consumer Cyclical,"Furnishings, Fixtures & Appliances",2026-06-12,26309278380.0,231.25,226586.58601286175,52398148.01547428,1244,0.0
HLEGLAS,HLEGLAS.NS,HLE Glascoat Limited,Industrials,Specialty Industrial Machinery,2026-06-12,26194854389.931915,375.0,150681.64389067524,56505616.45900322,1244,0.0
ARVSMART,ARVSMART.NS,Arvind SmartSpaces Limited,Real Estate,Real Estate - Development,2026-06-12,26006577093.0,610.7000122070312,115529.543845535,70553893.83674097,1243,0.0
KIRIINDUS,KIRIINDUS.NS,Kiri Industries Limited,Basic Materials,Specialty Chemicals,2026-06-12,25979222802.246094,394.6499938964844,451429.77250803856,178156756.96498874,1244,0.0
PATELENG,PATELENG.NS,Patel Engineering Limited,Industrials,Engineering & Construction,2026-06-12,25977298087.043568,31.020000457763672,5551534.526527331,172208603.55416864,1244,0.0
BOMDYEING,BOMDYEING.NS,The Bombay Dyeing and Manufacturing Company Limited,Consumer Cyclical,Textile Manufacturing,2026-06-12,25973829465.206142,135.0,2883063.387459807,389213557.30707395,1244,0.0
HUBTOWN,HUBTOWN.NS,Hubtown Limited,Real Estate,Real Estate - Development,2026-06-12,25856636501.76494,195.0399932861328,408285.5297427653,79632006.97985412,1244,0.0
POKARNA,POKARNA.NS,Pokarna Limited,Industrials,Building Products & Equipment,2026-06-12,25829431643.066406,951.2999877929688,131864.34887459807,125442553.47473292,1244,0.0
AIMTRON,AIMTRON.NS,"AIMTRON.NS,0P0001T33D,126400",,,2026-06-20,25632619859.6344,1241.300048828125,73484.56913827655,91216399.25945641,499,0.0
RML,RML.NS,Rane (Madras) Limited,Consumer Cyclical,Auto Parts,2026-06-12,25285217316.03479,1121.1500244140625,43555.83681672026,48832627.51044084,1244,0.0
SPECTRUM,SPECTRUM.NS,SPECTRUM ELECTRIC IND LTD,Industrials,Electrical Equipment & Parts,2026-06-12,25285139560.36133,1805.0,6525.8388396454475,11779139.105560033,1241,0.0
EVEREADY,EVEREADY.NS,Eveready Industries India Limited,Industrials,Electrical Equipment & Parts,2026-06-12,25073471224.29565,368.8500061035156,293627.3869670153,108304463.47494292,1243,0.0
AUTOAXLES,AUTOAXLES.NS,Automotive Axles Limited,Consumer Cyclical,Auto Parts,2026-06-12,24993689205.844604,1793.300048828125,21086.967015285598,37815258.97814872,1243,0.0
VINDHYATEL,VINDHYATEL.NS,Vindhya Telelinks Limited,Industrials,Engineering & Construction,2026-06-12,24978063366.44458,2374.10009765625,28840.300643086815,68469760.57318802,1244,0.0
PRAKASH,PRAKASH.NS,Prakash Industries Limited,Basic Materials,Steel,2026-06-12,24897747857.56424,145.60000610351562,927753.4774919614,135080911.98538744,1244,0.0
VIMTALABS,VIMTALABS.NS,Vimta Labs Limited,Healthcare,Diagnostics & Research,2026-06-12,24845545160.9339,571.4000244140625,383944.47909967846,219385884.73120078,1244,0.0
DIVGIITTS,DIVGIITTS.NS,Divgi TorqTransfer Systems Limited,Consumer Cyclical,Auto Parts,2026-06-12,24831807950.976746,856.7000122070312,47015.767701863355,40278408.76410928,805,0.0
FMGOETZE,FMGOETZE.NS,Federal-Mogul Goetze (India) Limited,Consumer Cyclical,Auto Parts,2026-06-12,24828618939.89685,454.04998779296875,118401.85346215781,53760360.11915763,1242,0.0
STYLEBAAZA,STYLEBAAZA.NS,Baazar Style Retail Limited,Consumer Cyclical,Apparel Retail,2026-06-12,24772961528.0,343.54998779296875,722430.4481981982,248190971.65975994,444,0.0
PROTEAN,PROTEAN.NS,Protean eGov Technologies Limited,Technology,Information Technology Services,2026-06-12,24721374314.76941,606.4500122070312,480356.8639053254,291312425.97911584,338,0.0
GIPCL,GIPCL.NS,Gujarat Industries Power Company Limited,Utilities,Utilities - Regulated Electric,2026-06-12,24671573825.11853,161.35000610351562,667499.9702572348,107701124.27510133,1244,0.0
GLOBUSSPR,GLOBUSSPR.NS,Globus Spirits Limited,Consumer Defensive,Beverages - Wineries & Distilleries,2026-06-12,24667076935.13281,889.5999755859375,186018.51166532582,165482063.43600628,1243,0.0
SUNDROP,SUNDROP.NS,Sundrop Brands Limited,Consumer Defensive,Packaged Foods,2026-06-12,24642433266.266663,653.5499877929688,27980.625100563153,18286737.192912683,1243,0.0
SATIN,SATIN.NS,Satin Creditcare Network Limited,Financial Services,Credit Services,2026-06-12,24554825241.75,235.42999267578125,372531.1110217216,87704996.73934457,1243,0.0
RAMCOIND,RAMCOIND.NS,Ramco Industries Limited,Industrials,Building Products & Equipment,2026-06-12,24554451090.0,291.0,168943.51286173632,49162562.24276527,1244,0.0
RELTD,RELTD.NS,Ravindra Energy Limited,Technology,Solar,2026-06-12,24458719840.0,170.75,263485.9063829787,44990218.514893614,470,0.0
PARKHOTELS,PARKHOTELS.NS,PARKHOTELS,Consumer Cyclical,Lodging,2026-06-12,24448421497.37992,120.98999786376953,722229.8370497427,87382586.44179899,583,0.0
GANECOS,GANECOS.NS,Ganesha Ecosphere Limited,Consumer Cyclical,Textile Manufacturing,2026-06-12,24351445076.38794,927.5499877929688,113755.4381028939,105513855.22372304,1244,0.0
VEEDOL,VEEDOL.NS,Veedol Corporation Limited,Basic Materials,Specialty Chemicals,2026-06-12,24234670360.0,1482.199951171875,35085.967845659165,52004419.82765399,1244,0.0
NIBE,NIBE.NS,Nibe Limited,Industrials,Conglomerates,2026-06-12,24091445185.210327,1815.4000244140625,105339.81008902077,191233893.807381,337,0.0
MUFIN,MUFIN.NS,Mufin Green Finance Limited,Financial Services,Credit Services,2026-06-12,24037074009.143005,130.86000061035156,646250.2129629629,84568303.26277316,648,0.0
CONFIPET,CONFIPET.NS,Confidence Petroleum India Limited,Energy,Oil & Gas Refining & Marketing,2026-06-12,23974514879.58304,70.44000244140625,1549616.035369775,109154957.31468923,1244,0.0
BEPL,BEPL.NS,Bhansali Engineering Polymers Limited,Basic Materials,Chemicals,2026-06-12,23897877610.0177,105.86000061035156,1002505.0450160771,106125184.67728244,1244,0.0
ORISSAMINE,ORISSAMINE.NS,The Orissa Minerals Development Company Limited,Basic Materials,Steel,2026-06-12,23866800292.96875,4118.2001953125,20545.436495176848,84610220.58721785,1244,0.0
REPCOHOME,REPCOHOME.NS,Repco Home Finance Limited,Financial Services,Mortgage Finance,2026-06-12,23835878922.0,393.6499938964844,241378.5844051447,95018678.27782725,1244,0.0
SIRCA,SIRCA.NS,Sirca Paints India Limited,Basic Materials,Specialty Chemicals,2026-06-12,23792234324.30951,412.29998779296875,191358.7347266881,78897203.99189144,1244,0.0
IMAGICAA,IMAGICAA.NS,Imagicaaworld Entertainment Limited,Communication Services,Entertainment,2026-06-12,23732228310.08756,44.529998779296875,1263225.2534191473,56251418.992731616,1243,0.0
TEAMLEASE,TEAMLEASE.NS,TeamLease Services Limited,Industrials,Staffing & Employment Services,2026-06-12,23702716154.479004,1465.0,40744.16411906677,59690200.43443282,1243,0.0
VENUSREM,VENUSREM.NS,Venus Remedies Limited,Healthcare,Drug Manufacturers - Specialty & Generic,2026-06-12,23605730745.52588,1739.0999755859375,41981.31239935588,73009699.36878543,1242,0.0
BFUTILITIE,BFUTILITIE.NS,BF Utilities Limited,Industrials,Infrastructure Operations,2026-06-12,23566752377.819824,659.5,300769.33279742766,198357374.97990355,1244,0.0
BGRENERGY,BGRENERGY.NS,BGR Energy Systems Limited,Industrials,Engineering & Construction,2026-06-12,23506628170.0,331.6499938964844,440399.576489533,146058516.85476792,1242,0.0
GREENPANEL,GREENPANEL.NS,Greenpanel Industries Limited,Basic Materials,Lumber & Wood Production,2026-06-12,23501539503.29178,188.86000061035156,328582.41479099676,62056075.05797844,1244,0.0
NITCO,NITCO.NS,NITCO Limited,Industrials,Building Products & Equipment,2026-06-12,23447914562.65217,113.73999786376953,327981.85840707965,37304655.8745764,1243,0.0
MSPL,MSPL.NS,MSP Steel & Power Limited,Basic Materials,Steel,2026-06-12,23437040405.886955,44.31999969482422,1013071.041062802,44899308.23073864,1242,0.0
VINCOFE,VINCOFE.NS,Vintage Coffee and Beverages Limited,Consumer Defensive,Beverages - Non-Alcoholic,2026-06-12,23359678965.53311,152.16000366210938,1666500.096385542,253574660.76892972,415,0.0
RAJRATAN,RAJRATAN.NS,Rajratan Global Wire Limited,Basic Materials,Steel,2026-06-12,23253118000.0,448.6000061035156,94871.3378921963,42559282.75748795,1243,0.0
ALPEXSOLAR,ALPEXSOLAR.NS,"ALPEXSOLAR.NS,0P0001SDK4,104400",,,2026-06-20,23193441478.74756,920.6500244140625,121976.8826619965,112298020.00071831,571,0.0
MANGLMCEM,MANGLMCEM.NS,Mangalam Cement Limited,Basic Materials,Building Materials,2026-06-12,23188471067.739624,852.5999755859375,102967.91062801932,87790438.08758427,1242,0.0
AJMERA,AJMERA.NS,Ajmera Realty & Infra India Limited,Real Estate,Real Estate - Development,2026-06-12,23182528170.572662,140.94000244140625,632111.2242765273,89089757.49277405,1244,0.0
SPORTKING,SPORTKING.NS,Sportking India Limited,Consumer Cyclical,Textile Manufacturing,2026-06-12,23170879481.42084,183.07000732421875,325524.83050847455,59593833.1054015,944,0.0
PRABHA,PRABHA.NS,Prabha Energy Limited,Energy,Oil & Gas E&P,2026-06-12,23161432744.00652,156.5,66531.60322580645,10412195.90483871,310,0.0
SERVOTECH,SERVOTECH.NS,Servotech Renewable Power System Limited,Industrials,Electrical Equipment & Parts,2026-06-12,23110719263.534546,101.66999816894531,874662.3762057878,88926922.1872878,1244,0.0
BHARATRAS,BHARATRAS.NS,Bharat Rasayan Limited,Basic Materials,Agricultural Inputs,2026-06-12,23070047936.0,1422.300048828125,17122.088495575223,24352747.303296115,1243,0.0
INDOCO,INDOCO.NS,Indoco Remedies Limited,Healthcare,Drug Manufacturers - Specialty & Generic,2026-06-12,23035130954.10019,234.99000549316406,172355.98231511255,40501933.231007986,1244,0.0
UFBL,UFBL.NS,UNITED FOODBRANDS LIMITED,Consumer Cyclical,Restaurants,2026-06-12,22955434607.97125,644.1500244140625,151900.5539452496,97846745.53234214,1242,0.0
KPEL,KPEL.NS,K.P. Energy Limited,Industrials,Engineering & Construction,2026-06-12,22949656511.5,351.54998779296875,333929.35714285716,117392861.42728534,392,0.0
FILATEX,FILATEX.NS,Filatex India Limited,Consumer Cyclical,Textile Manufacturing,2026-06-12,22935615746.329308,54.86000061035156,1884773.6484312147,103398683.50331098,1243,0.0
TCPLPACK,TCPLPACK.NS,TCPL Packaging Limited,Consumer Cyclical,Packaging & Containers,2026-06-12,22721333287.30713,3029.39990234375,19417.722445695897,58824046.48072919,1243,0.0
PANAMAPET,PANAMAPET.NS,Panama Petrochem Limited,Energy,Oil & Gas Refining & Marketing,2026-06-12,22715346049.0,483.25,184612.417538214,89213950.77534191,1243,0.0
BAJEL,BAJEL.NS,Bajel Projects Limited,Utilities,Utilities - Regulated Electric,2026-06-12,22700896393.123856,204.67999267578125,671249.0306946688,137391246.68621007,619,0.0
HPL,HPL.NS,HPL Electric & Power Limited,Industrials,Electrical Equipment & Parts,2026-06-12,22649846193.5,383.5,403195.69694533764,154625549.77853698,1244,0.0
RAJESHEXPO,RAJESHEXPO.NS,Rajesh Exports Limited,Consumer Cyclical,Luxury Goods,2026-06-12,22560814548.464264,97.51000213623047,740398.4590032154,72196255.31906529,1244,0.0
JISLJALEQS,JISLJALEQS.NS,Jain Irrigation Systems Limited,Industrials,Conglomerates,2026-06-12,22548104947.85283,34.869998931884766,4677760.624598071,163113507.98334736,1244,0.0
MOLDTKPAC,MOLDTKPAC.NS,Mold-Tek Packaging Limited,Consumer Cyclical,Packaging & Containers,2026-06-12,22454438635.5,698.0999755859375,71958.56315366049,50234271.18076953,1243,0.0
HIKAL,HIKAL.NS,Hikal Limited,Healthcare,Drug Manufacturers - Specialty & Generic,2026-06-12,22265649660.770416,204.77000427246094,533649.1407884151,109275336.83923887,1243,0.0
ALEMBICLTD,ALEMBICLTD.NS,Alembic Limited,Real Estate,Real Estate - Development,2026-06-12,22188518697.84314,89.9800033569336,758258.176045016,68228073.2259529,1244,0.0
TALBROAUTO,TALBROAUTO.NS,Talbros Automotive Components Limited,Consumer Cyclical,Auto Parts,2026-06-12,22188184271.017456,360.45001220703125,347562.3922829582,125278868.54109727,1244,0.0
PIXTRANS,PIXTRANS.NS,PIX Transmissions Limited,Industrials,Specialty Industrial Machinery,2026-06-12,22108249187.35352,1640.5999755859375,41694.7685546875,68404436.27288163,1024,0.0
SAGCEM,SAGCEM.NS,Sagar Cements Limited,Basic Materials,Building Materials,2026-06-12,22043827172.42444,172.02999877929688,173029.4255832663,29766251.871871743,1243,0.0
HINDOILEXP,HINDOILEXP.NS,Hindustan Oil Exploration Company Limited,Energy,Oil & Gas E&P,2026-06-12,21939160837.95102,162.67999267578125,1173200.2508038585,190856208.20799643,1244,0.0
KICL,KICL.NS,Kalyani Investment Company Limited,Financial Services,Asset Management,2026-06-12,21824347347.0,5212.0,4152.012077294686,21640286.946859904,1242,0.0
EPACK,EPACK.NS,EPACK Durable Limited,Consumer Cyclical,"Furnishings, Fixtures & Appliances",2026-06-12,21816920422.906403,230.38999938964844,1248317.1503378379,287599787.5044221,592,0.0
VERANDA,VERANDA.NS,Veranda Learning Solutions Limited,Consumer Defensive,Education & Training Services,2026-06-12,21542129558.35495,244.88999938964844,264610.612343298,64800492.695244744,1037,0.0
MMFL,MMFL.NS,M M Forgings Limited,Industrials,Metal Fabrication,2026-06-12,21519109709.375,469.79998779296875,95860.7347266881,45035372.00442308,1244,0.0
KCP,KCP.NS,The KCP Limited,Basic Materials,Building Materials,2026-06-12,21413805462.872314,167.85000610351562,428845.15768302494,71981662.33455886,1243,0.0
APOLLOPIPE,APOLLOPIPE.NS,Apollo Pipes Limited,Industrials,Building Products & Equipment,2026-06-12,21406293846.337524,494.25,219150.09726688103,108314935.57415594,1244,0.0
RISHABH,RISHABH.NS,Rishabh Instruments Limited,Technology,Scientific & Technical Instruments,2026-06-12,21383876803.705444,578.6500244140625,153005.84187408493,88536834.13593343,683,0.0
STOVEKRAFT,STOVEKRAFT.NS,Stove Kraft Limited,Consumer Cyclical,"Furnishings, Fixtures & Appliances",2026-06-12,21355877006.90789,694.25,185750.70394207563,128957426.211786,1243,0.0
RAMCOSYS,RAMCOSYS.NS,Ramco Systems Limited,Technology,Software - Application,2026-06-12,21281927542.5,557.2000122070312,173508.93649517684,96679181.53314154,1244,0.0
AWFIS,AWFIS.NS,AWFIS SPACE SOLUTIONS LTD,Industrials,Rental & Leasing Services,2026-06-12,21107562584.274048,304.1000061035156,397522.91796875,120886721.78058422,512,0.0
ARKADE,ARKADE.NS,ARKADE DEVELOPERS LIMITED,Real Estate,Real Estate - Development,2026-06-12,21018977910.58988,114.25,1393840.6589327147,159246295.28306267,431,0.0
STALLION,STALLION.NS,STALLION IND FLUOROCHEM L,Basic Materials,Specialty Chemicals,2026-06-12,21015001008.433777,188.72999572753906,1434222.9570200574,270680892.55073386,349,0.0
TASTYBITE,TASTYBITE.NS,Tasty Bite Eatables Limited,Consumer Defensive,Packaged Foods,2026-06-12,21014257000.0,8297.5,3378.52855993564,28033340.72606597,1243,0.0
SOMANYCERA,SOMANYCERA.NS,Somany Ceramics Limited,Industrials,Building Products & Equipment,2026-06-12,20957543866.0,516.4000244140625,62132.63687600644,32085295.199679807,1242,0.0
GEOJITFSL,GEOJITFSL.NS,Geojit Financial Services Limited,Financial Services,Capital Markets,2026-06-12,20867170212.70917,78.3499984741211,987860.814159292,77398893.28202455,1243,0.0
PENIND,PENIND.NS,Pennar Industries Limited,Industrials,Specialty Industrial Machinery,2026-06-12,20811407909.54929,160.89999389648438,1173794.4907481899,188863526.39711073,1243,0.0
INSECTICID,INSECTICID.NS,Insecticides (India) Limited,Basic Materials,Agricultural Inputs,2026-06-12,20806407991.651794,688.5,57514.38294448914,39598652.65728077,1243,0.0
BLSE,BLSE.NS,BLS E-SERVICES LIMITED,Industrials,Specialty Business Services,2026-06-12,20796044710.491425,227.02999877929688,677611.129471891,153838053.89684138,587,0.0
SANSTAR,SANSTAR.NS,SANSTAR LIMITED,Basic Materials,Chemicals,2026-06-12,20566263334.417343,116.44999694824219,1124432.262156448,130940133.49662344,473,0.0
RANEHOLDIN,RANEHOLDIN.NS,Rane Holdings Limited,Consumer Cyclical,Auto Parts,2026-06-12,20557190095.358643,1688.300048828125,31526.631832797426,53226414.062698215,1244,0.0
SCILAL,SCILAL.NS,Shipping Corporation of India Land and Assets Limited,Real Estate,Real Estate Services,2026-06-12,20527762228.549423,45.86000061035156,1762395.5485611511,80823460.93269527,556,0.0
TAJGVK,TAJGVK.NS,TAJGVK Hotels & Resorts Limited,Consumer Cyclical,Lodging,2026-06-12,20431282528.449554,338.45001220703125,312730.8247588425,105843751.45714518,1244,0.0
GMBREW,GMBREW.NS,G.M. Breweries Limited,Consumer Defensive,Beverages - Wineries & Distilleries,2026-06-12,20390878777.5,920.3499755859375,168110.26688102895,154720280.01970044,1244,0.0
DCXINDIA,DCXINDIA.NS,DCX Systems Limited,Industrials,Aerospace & Defense,2026-06-12,20382602888.59392,204.32000732421875,1212739.9147982062,247787028.2739419,892,0.0
TIRUMALCHM,TIRUMALCHM.NS,Thirumalai Chemicals Limited,Basic Materials,Specialty Chemicals,2026-06-12,20343280612.5,167.0,596696.7481898633,99648356.94770716,1243,0.0
DPABHUSHAN,DPABHUSHAN.NS,D. P. Abhushan Limited,Consumer Cyclical,Luxury Goods,2026-06-12,20288313900.0,918.2999877929688,24496.086886564764,22494756.288907927,1243,0.0
SPANDANA,SPANDANA.NS,Spandana Sphoorty Financial Limited,Financial Services,Credit Services,2026-06-12,20192079737.306305,254.6999969482422,298851.02411575563,76117354.93026201,1244,0.0
SIMPLEXINF,SIMPLEXINF.NS,Simplex Infrastructures Limited,Industrials,Engineering & Construction,2026-06-12,20090217884.0,274.8500061035156,158238.01610305958,43491719.69173413,1242,0.0
SPAL,SPAL.NS,S.P. Apparels Limited,Consumer Cyclical,Apparel Manufacturing,2026-06-12,20047002555.22113,1028.4000244140625,69996.85679806919,71984769.24004199,1243,0.0
HINDWAREAP,HINDWAREAP.NS,Hindware Home Innovation Limited,Consumer Cyclical,"Furnishings, Fixtures & Appliances",2026-06-12,20031629216.984207,248.64999389648438,162300.24537409493,40355955.02166662,1243,0.0
INDNIPPON,INDNIPPON.NS,India Nippon Electricals Limited,Consumer Cyclical,Auto Parts,2026-06-12,19957751324.0,914.2999877929688,39384.76910699919,36009493.913758256,1243,0.0
ADOR,ADOR.NS,Ador Welding Limited,Industrials,Specialty Industrial Machinery,2026-06-12,19870535016.746822,1216.4000244140625,28941.279742765273,35204173.38567389,1244,0.0
HGS,HGS.NS,Hinduja Global Solutions Limited,Industrials,Specialty Business Services,2026-06-12,19815315963.624573,424.8999938964844,63598.665325824615,27023072.50876743,1243,0.0
EXICOM,EXICOM.NS,Exicom Tele-Systems Limited,Industrials,Electrical Equipment & Parts,2026-06-12,19770188598.774445,172.52999877929688,1488354.1992945326,256785748.1874471,567,0.0
TCIEXP,TCIEXP.NS,TCI Express Limited,Industrials,Integrated Freight & Logistics,2026-06-12,19705100908.963623,537.5499877929688,45704.99194847021,24568717.863977898,1242,0.0
MTNL,MTNL.NS,Mahanagar Telephone Nigam Limited,Communication Services,Telecom Services,2026-06-12,19700100288.39112,31.8700008392334,5646872.381028939,179965827.52243617,1244,0.0
JAICORPLTD,JAICORPLTD.NS,Jai Corp Limited,Basic Materials,Specialty Chemicals,2026-06-12,19621458976.59874,121.16000366210938,2067051.2242765273,250443933.90311173,1244,0.0
NUCLEUS,NUCLEUS.NS,Nucleus Software Exports Limited,Technology,Software - Application,2026-06-12,19616302408.607662,785.3499755859375,81406.40064360418,63932514.757993594,1243,0.0
PFS,PFS.NS,PTC India Financial Services Limited,Financial Services,Credit Services,2026-06-12,19589641717.5,31.049999237060547,1883398.2620578778,58479514.59997827,1244,0.0
PARACABLES,PARACABLES.NS,Paramount Communications Limited,Technology,Communication Equipment,2026-06-12,19576157283.67472,73.05999755859375,1205522.4911575562,88075470.26080091,1244,0.0
GOCLCORP,GOCLCORP.NS,GOCL Corporation Limited,Basic Materials,Specialty Chemicals,2026-06-12,19524125489.066467,437.5,112273.03942075623,49119454.746580854,1243,0.0
VENKEYS,VENKEYS.NS,Venky's (India) Limited,Consumer Defensive,Farm Products,2026-06-12,19436296791.3418,1423.5,76892.80611423975,109456909.50362028,1243,0.0
GRMOVER,GRMOVER.NS,GRM Overseas Limited,Consumer Defensive,Packaged Foods,2026-06-12,19426308661.262512,93.30999755859375,1170418.6784188035,109211764.02579108,936,0.0
LAOPALA,LAOPALA.NS,La Opala RG Limited,Consumer Cyclical,"Furnishings, Fixtures & Appliances",2026-06-12,19360619796.75293,183.4600067138672,207090.172829582,37992764.49769103,1244,0.0
ORIENTHOT,ORIENTHOT.NS,Oriental Hotels Limited,Consumer Cyclical,Lodging,2026-06-12,19222629252.8627,121.30999755859375,607046.2178456591,73640775.20481047,1244,0.0
MUKANDLTD,MUKANDLTD.NS,Mukand Limited,Basic Materials,Steel,2026-06-12,19123988644.980927,135.80999755859375,218959.77572347267,29736926.60643506,1244,0.0
NILKAMAL,NILKAMAL.NS,Nilkamal Limited,Consumer Cyclical,"Furnishings, Fixtures & Appliances",2026-06-12,19023798932.06543,1290.9000244140625,8815.434782608696,11379844.97609014,1242,0.0
COSMOFIRST,COSMOFIRST.NS,Cosmo First Limited,Consumer Cyclical,Packaging & Containers,2026-06-12,18805385706.62201,780.75,113347.5301689461,88496084.17940468,1243,0.0
NDRAUTO,NDRAUTO.NS,NDR Auto Components Limited,Consumer Cyclical,Auto Parts,2026-06-12,18759761318.40332,855.3499755859375,61921.69991954948,52964724.514426395,1243,0.0
GOCOLORS,GOCOLORS.NS,Go Fashion (India) Limited,Consumer Cyclical,Apparel Retail,2026-06-12,18524306206.84082,354.1000061035156,193992.2857142857,68692669.55546352,1127,0.0
NGLFINE,NGLFINE.NS,NGL Fine-Chem Limited,Healthcare,Drug Manufacturers - General,2026-06-12,18454992991.13867,3055.60009765625,6421.913934426229,19622800.84517282,976,0.0
VINYAS,VINYAS.NS,"VINYAS.NS,0P0001RNO8,14000",,,2026-06-20,18421523997.088623,1402.050048828125,17838.694992412748,25010743.185142323,659,0.0
CAPACITE,CAPACITE.NS,Capacit'e Infraprojects Limited,Industrials,Engineering & Construction,2026-06-12,18375997881.40895,233.75999450683594,766396.1229903537,179152753.50028545,1244,0.0
IPL,IPL.NS,India Pesticides Limited,Basic Materials,Agricultural Inputs,2026-06-12,18249961253.34045,160.27999877929688,658655.7155664222,105569337.28696306,1227,0.0
SAKAR,SAKAR.NS,Sakar Healthcare Limited,Healthcare,Drug Manufacturers - Specialty & Generic,2026-06-12,18210743367.386475,803.5999755859375,50711.264469453374,40751570.88958475,1244,0.0
EIHAHOTELS,EIHAHOTELS.NS,EIH Associated Hotels Limited,Consumer Cyclical,Lodging,2026-06-12,18140735467.651245,325.1000061035156,67945.43765084473,22089062.194995664,1243,0.0
WALCHANNAG,WALCHANNAG.NS,Walchandnagar Industries Limited,Industrials,Engineering & Construction,2026-06-12,17992823686.08264,312.04998779296875,579341.6036977492,180783540.3618416,1244,0.0
CANTABIL,CANTABIL.NS,Cantabil Retail India Limited,Consumer Cyclical,Apparel Manufacturing,2026-06-12,17975487403.654175,227.19000244140625,218210.58937198066,49575264.33216099,1242,0.0
RICOAUTO,RICOAUTO.NS,Rico Auto Industries Limited,Consumer Cyclical,Auto Parts,2026-06-12,17973965182.57141,145.27999877929688,1967988.786977492,285909408.56975996,1244,0.0
SURYODAY,SURYODAY.NS,Suryoday Small Finance Bank Limited,Financial Services,Banks - Regional,2026-06-12,17894954833.51416,175.08999633789062,478521.5325824618,83784333.38746504,1243,0.0
SHALBY,SHALBY.NS,Shalby Limited,Healthcare,Medical Care Facilities,2026-06-12,17886702131.050186,170.82000732421875,284556.1784565916,48607888.488106675,1244,0.0
SAKSOFT,SAKSOFT.NS,Saksoft Limited,Technology,Information Technology Services,2026-06-12,17862969891.70204,139.9600067138672,583986.2331189711,81734717.1081372,1244,0.0
SBC,SBC.NS,SBC Exports Limited,Industrials,Conglomerates,2026-06-12,17833315863.30414,43.59000015258789,5967010.094439541,260101970.9271131,1133,0.0
HITECH,HITECH.NS,Hi-Tech Pipes Limited,Basic Materials,Steel,2026-06-12,17820257413.28705,92.5999984741211,1162008.6800643087,107602002.00087045,1244,0.0
DLINKINDIA,DLINKINDIA.NS,D-Link (India) Limited,Technology,Communication Equipment,2026-06-12,17789704659.091187,525.0499877929688,404783.248392283,212531439.62716642,1244,0.0
ASIANENE,ASIANENE.NS,Asian Energy Services Limited,Energy,Oil & Gas Equipment & Services,2026-06-12,17769460843.75,367.25,155820.67528991972,57225143.00022302,1121,0.0
ASIANTILES,ASIANTILES.NS,Asian Granito India Limited,Industrials,Building Products & Equipment,2026-06-12,17749974996.28023,59.189998626708984,1380657.714630225,81721128.23291819,1244,0.0
ASTEC,ASTEC.NS,Astec LifeSciences Limited,Basic Materials,Agricultural Inputs,2026-06-12,17346722283.0,797.7000122070312,126595.25,100985032.47035217,1244,0.0
JINDRILL,JINDRILL.NS,Jindal Drilling & Industries Limited,Energy,Oil & Gas Equipment & Services,2026-06-12,17337945468.0,580.2000122070312,331097.05305466236,192102514.2240272,1244,0.0
KRSNAA,KRSNAA.NS,Krsnaa Diagnostics Limited,Healthcare,Diagnostics & Research,2026-06-12,17322250848.0,531.2999877929688,112876.1859883236,59971116.2377132,1199,0.0
LANDMARK,LANDMARK.NS,Landmark Cars Limited,Consumer Cyclical,Auto & Truck Dealerships,2026-06-12,17313672664.336548,426.04998779296875,140596.80836236934,59901268.486517824,861,0.0
KRISHNADEF,KRISHNADEF.NS,KRISHNA DEF AND ALD IND L,Industrials,Specialty Industrial Machinery,2026-06-12,17309472124.72412,1350.5999755859375,61825.9153696498,83502079.78882726,1028,0.0
SHK,SHK.NS,S H Kelkar and Company Limited,Basic Materials,Specialty Chemicals,2026-06-12,17219547855.61338,140.07000732421875,455319.5337620579,63776610.42891131,1244,0.0
DELTACORP,DELTACORP.NS,Delta Corp Limited,Consumer Cyclical,Resorts & Casinos,2026-06-12,17113250768.411371,65.94999694824219,4262414.8151125405,281106244.04881436,1244,0.0
ARMANFIN,ARMANFIN.NS,Arman Financial Services Limited,Financial Services,Credit Services,2026-06-12,17111722308.108032,1694.199951171875,31111.22606596943,52708637.68186257,1243,0.0
JGCHEM,JGCHEM.NS,J.G.CHEMICALS LIMITED,Basic Materials,Other Industrial Metals & Mining,2026-06-12,16926420391.195496,437.6000061035156,294163.4723707665,128725937.30487877,561,0.0
WINDLAS,WINDLAS.NS,Windlas Biotech Limited,Healthcare,Drug Manufacturers - Specialty & Generic,2026-06-12,16785509172.414185,816.0,81423.98747913189,66441973.78297162,1198,0.0
GOODYEAR,GOODYEAR.NS,Goodyear India Limited,Consumer Cyclical,Auto Parts,2026-06-12,16733597784.723572,749.0499877929688,26992.917293233084,20219044.368992858,665,0.0
HESTERBIO,HESTERBIO.NS,Hester Biosciences Limited,Healthcare,Drug Manufacturers - Specialty & Generic,2026-06-12,16667501009.874268,2076.39990234375,10735.980691874498,22292189.260172594,1243,0.0
EMSLIMITED,EMSLIMITED.NS,EMS Limited,Industrials,Engineering & Construction,2026-06-12,16623147414.383148,350.1499938964844,503288.69469026546,176226533.37396604,678,0.0
ACCELYA,ACCELYA.NS,Accelya Solutions India Limited,Technology,Information Technology Services,2026-06-12,16621883885.189331,1127.699951171875,37004.44935691318,41729915.73293312,1244,0.0
THEJO,THEJO.NS,Thejo Engineering Limited,Industrials,Specialty Industrial Machinery,2026-06-12,16620280410.792849,1817.699951171875,8309.227053140097,15103681.608768778,1242,0.0
BFINVEST,BFINVEST.NS,BF Investment Limited,Financial Services,Asset Management,2026-06-12,16472053264.590088,458.0,76331.35880933226,34959762.33467417,1243,0.0
NELCO,NELCO.NS,Nelco Limited,Technology,Communication Equipment,2026-06-12,16458911641.455078,940.3499755859375,181744.72186495177,170903644.7685804,1244,0.0
ASALCBR,ASALCBR.NS,Associated Alcohols & Breweries Limited,Consumer Defensive,Beverages - Wineries & Distilleries,2026-06-12,16379607400.0,843.8499755859375,73796.86082059534,62273479.2017782,1243,0.0
INFOBEAN,INFOBEAN.NS,InfoBeans Technologies Limited,Technology,Software - Application,2026-06-12,16270763389.682615,166.8300018310547,323521.01366559486,53973011.30221586,1244,0.0
SUMMITSEC,SUMMITSEC.NS,Summit Securities Limited,Financial Services,Capital Markets,2026-06-12,16201266960.0,1550.0,12466.422025723472,19322954.13987138,1244,0.0
DSSL,DSSL.NS,Dynacons Systems & Solutions Limited,Technology,Information Technology Services,2026-06-12,16167176265.927734,1449.300048828125,79372.85679806919,115035085.23306945,1243,0.0
YATRA,YATRA.NS,Yatra Online Limited,Consumer Cyclical,Travel Services,2026-06-12,16146676499.135109,112.95999908447266,1458688.3120356612,164773430.39207926,673,0.0
AMRUTANJAN,AMRUTANJAN.NS,Amrutanjan Health Care Limited,Healthcare,Drug Manufacturers - Specialty & Generic,2026-06-12,16127689849.265808,545.4500122070312,44670.66077170418,24365612.463222194,1244,0.0
SDBL,SDBL.NS,Som Distilleries & Breweries Limited,Consumer Defensive,Beverages - Brewers,2026-06-12,15946029995.935549,75.30999755859375,1249559.9437299035,94104356.31161559,1244,0.0
SPMLINFRA,SPMLINFRA.NS,SPML Infra Limited,Industrials,Engineering & Construction,2026-06-12,15699038920.975113,198.3000030517578,259940.06591639871,51546115.86449599,1244,0.0
TINNARUBR,TINNARUBR.NS,Tinna Rubber and Infrastructure Limited,Basic Materials,Specialty Chemicals,2026-06-12,15636776508.068909,891.25,35170.65753424657,31345848.52739726,292,0.0
JAYBARMARU,JAYBARMARU.NS,Jay Bharat Maruti Limited,Consumer Cyclical,Auto Parts,2026-06-12,15584752632.141111,169.5500030517578,255709.72646822204,43355584.903051205,1243,0.0
GNA,GNA.NS,G N A Axles Limited,Consumer Cyclical,Auto Parts,2026-06-12,15575293715.942385,413.1499938964844,162327.85048231512,67065750.43599792,1244,0.0
GANDHAR,GANDHAR.NS,Gandhar Oil Refinery (India) Limited,Energy,Oil & Gas Refining & Marketing,2026-06-12,15513905505.0,180.25999450683594,737150.9857594937,132878832.64371502,632,0.0
WENDT,WENDT.NS,Wendt (India) Limited,Industrials,Tools & Accessories,2026-06-12,15489000000.0,7909.0,5292.586484312148,41859066.50442478,1243,0.0
INDIANHUME,INDIANHUME.NS,The Indian Hume Pipe Company Limited,Industrials,Engineering & Construction,2026-06-12,15388345338.544006,317.6499938964844,113261.62590506839,35977554.77745087,1243,0.0
CLSEL,CLSEL.NS,Chaman Lal Setia Exports Ltd.,Consumer Defensive,Packaged Foods,2026-06-12,15357758040.5011,295.3500061035156,185084.52415458937,54664715.338724256,1242,0.0
GARUDA,GARUDA.NS,GARUDA CONSTRUCT N ENG L,Industrials,Engineering & Construction,2026-06-12,15286758494.540865,170.16000366210938,1988877.6531100478,338427428.7366932,418,0.0
NAVKARCORP,NAVKARCORP.NS,Navkar Corporation Limited,Industrials,Integrated Freight & Logistics,2026-06-12,15265655061.411148,104.9800033569336,1245120.7033762059,130712775.62022161,1244,0.0
DYCL,DYCL.NS,Dynamic Cables Limited,Industrials,Electrical Equipment & Parts,2026-06-12,15254778650.863892,366.75,255388.8836967809,93663873.0957944,963,0.0
KALAMANDIR,KALAMANDIR.NS,Sai Silks (Kalamandir) Limited,Consumer Cyclical,Apparel Retail,2026-06-12,15250721584.5,109.30999755859375,988931.706231454,108100122.3937762,674,0.0
MOBIKWIK,MOBIKWIK.NS,ONE MOBIKWIK SYSTEMS LTD,Technology,Software - Infrastructure,2026-06-12,15237454378.895475,198.33999633789062,5717186.989304813,1133946846.5217524,374,0.0
ELECTHERM,ELECTHERM.NS,Electrotherm (India) Limited,Basic Materials,Steel,2026-06-12,15125082455.092283,1073.699951171875,37197.040225261466,39938460.27360151,1243,0.0
SMCGLOBAL,SMCGLOBAL.NS,SMC Global Securities Limited,Financial Services,Capital Markets,2026-06-12,15055860319.519045,72.08999633789062,667874.539452496,48147073.103300825,1242,0.0
RACLGEAR,RACLGEAR.NS,RACL Geartech Limited,Consumer Cyclical,Auto Parts,2026-06-12,14927649163.196411,1318.800048828125,54717.344736842104,72161236.91069272,380,0.0
ONEPOINT,ONEPOINT.NS,One Point One Solutions Limited,Industrials,Specialty Business Services,2026-06-12,14867838698.984451,58.31999969482422,1085185.234915527,63288002.56910129,1243,0.0
IZMO,IZMO.NS,IZMO Limited,Technology,Software - Application,2026-06-12,14711952852.0,1075.550048828125,116115.48592115848,124888016.55220346,1243,0.0
SHRIRAMPPS,SHRIRAMPPS.NS,Shriram Properties Limited,Real Estate,Real Estate - Development,2026-06-12,14584124184.081238,91.80999755859375,1765490.2064631956,162089651.54510716,1114,0.0
5PAISA,5PAISA.NS,5paisa Capital Limited,Financial Services,Capital Markets,2026-06-12,14455219182.078278,325.20001220703125,94826.40064360418,30837546.646848917,1243,0.0
UGROCAP,UGROCAP.NS,UGRO Capital Limited,Financial Services,Credit Services,2026-06-12,14425783716.377953,99.7300033569336,328556.873438801,32766978.090995226,1201,0.0
GPTINFRA,GPTINFRA.NS,GPT Infraprojects Limited,Industrials,Engineering & Construction,2026-06-12,14341118184.056091,121.38999938964844,310431.0796460177,37683228.568757996,1243,0.0
SESHAPAPER,SESHAPAPER.NS,Seshasayee Paper and Boards Limited,Basic Materials,Paper & Paper Products,2026-06-12,14316467780.0,225.75999450683594,86055.24135156878,19427830.81481461,1243,0.0
KODYTECH,KODYTECH.NS,"KODYTECH.NS,0P0001RM18,8200",,,2026-06-20,14242211410.0,904.2000122070312,18081.606606606605,16349388.914416429,666,0.0
VIDHIING,VIDHIING.NS,Vidhi Specialty Food Ingredients Limited,Basic Materials,Specialty Chemicals,2026-06-12,14241816445.159912,284.3999938964844,57680.494363929145,16404332.24504765,1242,0.0
INDSWFTLAB,INDSWFTLAB.NS,Ind-Swift Laboratories Limited,Healthcare,Drug Manufacturers - Specialty & Generic,2026-06-12,14183430640.571228,187.3800048828125,372296.45695897023,69760911.92282563,1243,0.0
MAHASTEEL,MAHASTEEL.NS,Mahamaya Steel Industries Limited,Basic Materials,Steel,2026-06-12,14181244161.230469,830.0999755859375,39211.14009661836,32549166.436899673,1242,0.0
SIGNPOST,SIGNPOST.NS,Signpost India Limited,Communication Services,Advertising Agencies,2026-06-12,14164250000.0,248.0,120618.60621761659,29913414.341968913,579,0.0
GODAVARIB,GODAVARIB.NS,GODAVARI BIOREFINERIES L,Basic Materials,Chemicals,2026-06-12,14137363646.25,294.04998779296875,252977.04433497536,74387896.79860082,406,0.0
ESAFSFB,ESAFSFB.NS,ESAF Small Finance Bank,Financial Services,Banks - Regional,2026-06-12,14116441426.111984,36.33000183105469,1235822.1244167963,44897420.042920105,643,0.0
SURAKSHA,SURAKSHA.NS,SURAKSHA DIAGNOSTIC LTD,Healthcare,Diagnostics & Research,2026-06-12,14059201257.85144,268.3500061035156,105708.30446194226,28366824.147554494,381,0.0
SPIC,SPIC.NS,Southern Petrochemical Industries Corporation Limited,Basic Materials,Agricultural Inputs,2026-06-12,14030819461.130491,70.66000366210938,1454318.8817377314,102762177.50946291,1243,0.0
BHARATWIRE,BHARATWIRE.NS,Bharat Wire Ropes Limited,Basic Materials,Steel,2026-06-12,14025151498.392822,214.57000732421875,341995.2909967846,73381932.09402838,1244,0.0
OMAXE,OMAXE.NS,Omaxe Limited,Real Estate,Real Estate - Development,2026-06-12,14022004303.165802,78.1500015258789,431963.9702333065,33757984.93285762,1243,0.0
AURUM,AURUM.NS,Aurum PropTech Limited,Real Estate,Real Estate Services,2026-06-12,13964349489.684843,203.91000366210938,196486.9348874598,40065651.61245857,1244,0.0
DIFFNKG,DIFFNKG.NS,DIFFUSION ENGINEERS LTD,Industrials,Specialty Industrial Machinery,2026-06-12,13940910254.5,375.54998779296875,224393.17966903074,84270855.88552994,423,0.0
DOLLAR,DOLLAR.NS,Dollar Industries Limited,Consumer Cyclical,Apparel Manufacturing,2026-06-12,13940822469.083862,258.75,137066.64440868865,35465994.24074819,1243,0.0
JAGSNPHARM,JAGSNPHARM.NS,Jagsonpal Pharmaceuticals Limited,Healthcare,Drug Manufacturers - Specialty & Generic,2026-06-12,13893259153.734436,212.27999877929688,246375.93247588424,52300682.64522883,1244,0.0
BOROSCI,BOROSCI.NS,Borosil Scientific Limited,Consumer Cyclical,Packaging & Containers,2026-06-12,13758329042.532349,154.7100067138672,169908.50495049506,26286545.941634227,505,0.0
MIRCELECTR,MIRCELECTR.NS,Onida Electronics Limited,Consumer Cyclical,"Furnishings, Fixtures & Appliances",2026-06-12,13663824164.372818,40.099998474121094,991654.9003215434,39765359.9897486,1244,0.0
DCW,DCW.NS,DCW Limited,Basic Materials,Chemicals,2026-06-12,13627306594.445024,49.599998474121094,2807319.042604502,139243020.22955438,1244,0.0
JAGRAN,JAGRAN.NS,Jagran Prakashan Limited,Communication Services,Publishing,2026-06-12,13603392000.0,66.04000091552734,387579.6082059533,25595757.680760887,1243,0.0
QUADFUTURE,QUADFUTURE.NS,QUADRANT FUTURE TEK LTD,Industrials,Railroads,2026-06-12,13568000488.28125,408.75,1879609.441011236,768290359.0133427,356,0.0
PRECAM,PRECAM.NS,Precision Camshafts Limited,Consumer Cyclical,Auto Parts,2026-06-12,13556378487.149506,152.32000732421875,447614.8802250804,68180701.83431354,1244,0.0
GENESYS,GENESYS.NS,Genesys International Corporation Limited,Technology,Software - Application,2026-06-12,13471128281.01822,350.75,273420.45176848874,95902223.45779742,1244,0.0
IFGLEXPOR,IFGLEXPOR.NS,IFGL Refractories Limited,Basic Materials,Building Materials,2026-06-12,13459241151.566896,192.67999267578125,88363.04099678456,17025790.092070207,1244,0.0
IGPL,IGPL.NS,I G Petrochemicals Limited,Basic Materials,Chemicals,2026-06-12,13258722291.586304,446.79998779296875,57330.24557165861,25615153.02158497,1242,0.0
FAZE3Q,FAZE3Q.NS,Faze Three Limited,Consumer Cyclical,Textile Manufacturing,2026-06-12,13234933470.324097,597.5,53971.772009029344,32248133.775395032,886,0.0
SULA,SULA.NS,Sula Vineyards Limited,Consumer Defensive,Beverages - Wineries & Distilleries,2026-06-12,13165322485.675018,156.8699951171875,660112.6083429896,103551861.64755867,863,0.0
DOLATALGO,DOLATALGO.NS,Dolat Algotech Limited,Financial Services,Capital Markets,2026-06-12,13053919677.734377,76.94999694824219,481663.2429605792,37063985.07589701,1243,0.0
MCLOUD,MCLOUD.NS,Magellanic Cloud Limited,Technology,Information Technology Services,2026-06-12,12953585833.973236,29.239999771118164,6232729.614243323,182245012.49391615,337,0.0
HUHTAMAKI,HUHTAMAKI.NS,Huhtamaki India Limited,Consumer Cyclical,Packaging & Containers,2026-06-12,12891593903.325348,185.85000610351562,185672.27893890676,34507194.174049474,1244,0.0
DEN,DEN.NS,DEN Networks Limited,Communication Services,Entertainment,2026-06-12,12848841746.043526,33.08000183105469,1719411.615942029,56878139.40369902,1242,0.0
CAPITALSFB,CAPITALSFB.NS,Capital Small Finance Bank Limited,Financial Services,Banks - Regional,2026-06-12,12800349073.75,285.5,75122.506044905,21447475.47582038,579,0.0
LINCOLN,LINCOLN.NS,Lincoln Pharmaceuticals Limited,Healthcare,Drug Manufacturers - Specialty & Generic,2026-06-12,12796993708.207031,614.6500244140625,106339.56602254428,65361616.85193766,1242,0.0
DHANBANK,DHANBANK.NS,Dhanlaxmi Bank Limited,Financial Services,Banks - Regional,2026-06-12,12748772586.168674,34.310001373291016,2107615.6133440514,72312294.588204,1244,0.0
APEX,APEX.NS,Apex Frozen Foods Limited,Consumer Defensive,Farm Products,2026-06-12,12737500190.734863,419.75,341204.6149517685,143220637.12600482,1244,0.0
AYMSYNTEX,AYMSYNTEX.NS,AYM Syntex Limited,Consumer Cyclical,Textile Manufacturing,2026-06-12,12721016098.179596,215.25,61759.81737731295,13293800.690466613,1243,0.0
GULPOLY,GULPOLY.NS,Gulshan Polyols Limited,Basic Materials,Chemicals,2026-06-12,12707183073.9375,209.47000122070312,177278.00724054707,37134424.39308121,1243,0.0
AWHCL,AWHCL.NS,Antony Waste Handling Cell Limited,Industrials,Waste Management,2026-06-12,12625398045.0,474.5,270009.2001607717,128119365.47628619,1244,0.0
TEXINFRA,TEXINFRA.NS,Texmaco Infrastructure & Holdings Limited,Real Estate,Real Estate Services,2026-06-12,12573181401.974943,102.38999938964844,431275.22928399034,44158270.46315826,1243,0.0
SKMEGGPROD,SKMEGGPROD.NS,SKM Egg Products Export (India) Limited,Consumer Defensive,Packaged Foods,2026-06-12,12571321742.857485,237.25999450683594,343644.3078778135,81533046.59939547,1244,0.0
HARIOMPIPE,HARIOMPIPE.NS,Hariom Pipe Industries Limited,Basic Materials,Steel,2026-06-12,12557235689.5,415.20001220703125,245098.33140096618,101764830.18960415,1035,0.0
LAXMIDENTL,LAXMIDENTL.NS,LAXMI DENTAL LIMITED,Healthcare,Medical Instruments & Supplies,2026-06-12,12551705698.760132,223.74000549316406,525083.0994318182,117482095.55124262,352,0.0
TTKHLTCARE,TTKHLTCARE.NS,TTK Healthcare Limited,Healthcare,Drug Manufacturers - General,2026-06-12,12525833860.339417,929.4000244140625,16260.81013676589,15112797.338102652,1243,0.0
AEROENTER,AEROENTER.NS,Aeroflex Enterprises Limited,Basic Materials,Steel,2026-06-12,12499284911.956787,135.8699951171875,622218.8587570621,84540873.301144,885,0.0
ALLDIGI,ALLDIGI.NS,Alldigi Tech Limited,Industrials,Specialty Business Services,2026-06-12,12426854853.0,815.6500244140625,30769.334407735696,25097008.360874075,1241,0.0
ROTO,ROTO.NS,Roto Pumps Limited,Industrials,Specialty Industrial Machinery,2026-06-12,12386904769.118889,64.38999938964844,1035970.4238603298,66706134.96006047,1031,0.0
UDS,UDS.NS,Updater Services Limited,Industrials,Specialty Business Services,2026-06-12,12364438459.701584,181.02000427246094,318893.03437967115,57726018.44586611,669,0.0
PLATIND,PLATIND.NS,Platinum Industries Limited,Basic Materials,Specialty Chemicals,2026-06-12,12361787159.46643,228.3000030517578,435810.2962962963,99495491.97443192,567,0.0
WEL,WEL.NS,Wonder Electricals Limited,Consumer Cyclical,"Furnishings, Fixtures & Appliances",2026-06-12,12342136595.52002,94.37000274658203,286929.19372990355,27077508.800365567,1244,0.0
ATULAUTO,ATULAUTO.NS,Atul Auto Limited,Consumer Cyclical,Auto Manufacturers,2026-06-12,12300754860.0,473.95001220703125,296405.8239549839,140481543.88169977,1244,0.0
TBZ,TBZ.NS,Tribhovandas Bhimji Zaveri Limited,Consumer Cyclical,Luxury Goods,2026-06-12,12259082648.22052,188.8800048828125,499524.0273311897,94350100.72139728,1244,0.0
ICEMAKE,ICEMAKE.NS,Ice Make Refrigeration Limited,Industrials,Specialty Industrial Machinery,2026-06-12,12252176209.82373,752.0999755859375,49192.7154340836,36997840.07698025,1244,0.0
PUNJABCHEM,PUNJABCHEM.NS,Punjab Chemicals and Crop Protection Limited,Basic Materials,Chemicals,2026-06-12,12236434710.869753,1042.800048828125,25872.351329572924,26979689.22977705,1241,0.0
ANDHRAPAP,ANDHRAPAP.NS,Andhra Paper Limited,Basic Materials,Paper & Paper Products,2026-06-12,12193493896.715736,63.2599983215332,475785.71600965405,30098203.59618019,1243,0.0
IGARASHI,IGARASHI.NS,Igarashi Motors India Limited,Consumer Cyclical,Auto Parts,2026-06-12,12086418432.0,414.29998779296875,121989.52009646302,50540256.686834745,1244,0.0
INDOBORAX,INDOBORAX.NS,Indo Borax & Chemicals Limited,Basic Materials,Chemicals,2026-06-12,12065840000.0,364.1000061035156,116584.81435406698,42448531.617893025,1045,0.0
EKC,EKC.NS,Everest Kanto Cylinder Limited,Industrials,Specialty Industrial Machinery,2026-06-12,12053348994.981598,113.55000305175781,762738.1898632341,86608923.78666246,1243,0.0
NELCAST,NELCAST.NS,Nelcast Limited,Industrials,Metal Fabrication,2026-06-12,12047476689.904177,137.19000244140625,289176.56717618665,39672133.956898525,1243,0.0
BLKASHYAP,BLKASHYAP.NS,B.L. Kashyap and Sons Limited,Industrials,Engineering & Construction,2026-06-12,12040760931.25885,54.470001220703125,750227.8094855306,40864909.69848228,1244,0.0
GPTHEALTH,GPTHEALTH.NS,GPT Healthcare Limited,Healthcare,Medical Care Facilities,2026-06-12,12017749927.485184,147.82000732421875,317958.2323943662,47000588.241330855,568,0.0
MOL,MOL.NS,Meghmani Organics Limited,Basic Materials,Agricultural Inputs,2026-06-12,11996000867.206772,50.290000915527344,1235424.209690894,62129484.636419706,1197,0.0
EXPLEOSOL,EXPLEOSOL.NS,Expleo Solutions Limited,Technology,Information Technology Services,2026-06-12,11984342645.24994,810.4500122070312,30618.186795491143,24814509.86216296,1242,0.0
GALAPREC,GALAPREC.NS,GALA PRECISION ENG LTD,Industrials,Specialty Industrial Machinery,2026-06-12,11972747746.279907,1060.3499755859375,67670.73529411765,71754662.5170001,442,0.0
RIIL,RIIL.NS,Reliance Industrial Infrastructure Limited,Industrials,Engineering & Construction,2026-06-12,11856520184.326172,858.4000244140625,537246.134244373,461172094.75173044,1244,0.0
IKIO,IKIO.NS,IKIO Technologies Limited,Technology,Electronic Components,2026-06-12,11823174870.50557,162.1699981689453,388755.5080645161,63044480.03098998,744,0.0
HARDWYN,HARDWYN.NS,Hardwyn India Limited,Industrials,Building Products & Equipment,2026-06-12,11815220027.111929,25.190000534057617,1108208.2666666666,27915766.829180397,1035,0.0
RUPA,RUPA.NS,Rupa & Company Limited,Consumer Cyclical,Apparel Manufacturing,2026-06-12,11810760041.589432,160.75999450683594,311726.312148029,50113120.22855336,1243,0.0
NIITLTD,NIITLTD.NS,NIIT Limited,Consumer Defensive,Education & Training Services,2026-06-12,11810094180.081978,94.91000366210938,1182971.8287781351,112275860.60150503,1244,0.0
KROSS,KROSS.NS,KROSS LIMITED,Consumer Cyclical,Auto Parts,2026-06-12,11692977477.35916,188.4600067138672,935937.8310502283,176386849.92348832,438,0.0
RATNAVEER,RATNAVEER.NS,Ratnaveer Precision Engineering Limited,Basic Materials,Steel,2026-06-12,11671119239.446136,188.99000549316406,829924.4166666666,156847420.0647443,684,0.0
INDORAMA,INDORAMA.NS,Indo Rama Synthetics (India) Limited,Consumer Cyclical,Textile Manufacturing,2026-06-12,11619535219.5,46.16999816894531,291615.2451768489,13463875.335851653,1244,0.0
SHREEPUSHK,SHREEPUSHK.NS,Shree Pushkar Chemicals & Fertilisers Limited,Basic Materials,Specialty Chemicals,2026-06-12,11496049150.5,396.0,132141.09565916398,52327873.881028935,1244,0.0
MANAKCOAT,MANAKCOAT.NS,Manaksia Coated Metals & Industries Limited,Industrials,Metal Fabrication,2026-06-12,11472411181.489944,116.0999984741211,248165.0989541432,28811967.609906137,1243,0.0
ORIENTTECH,ORIENTTECH.NS,ORIENT TECHNOLOGIES LTD,Technology,Information Technology Services,2026-06-12,11467511350.177124,254.6999969482422,1055735.2106430156,268895754.9289279,451,0.0
EXCELINDUS,EXCELINDUS.NS,Excel Industries Limited,Basic Materials,Specialty Chemicals,2026-06-12,11465727866.29834,927.0499877929688,27338.22383252818,25343900.070226695,1242,0.0
SOLEX,SOLEX.NS,SOLEX ENERGY LIMITED,Technology,Solar,2026-06-12,11425792087.834717,1103.800048828125,21386.01128122482,23605880.296454787,1241,0.0
JPOLYINVST,JPOLYINVST.NS,Jindal Poly Investment and Finance Company Limited,Financial Services,Asset Management,2026-06-12,11308733731.477783,1092.0,25193.859098228662,27511694.1352657,1242,0.0
DPEL,DPEL.NS,"DPEL.NS,0P0001T8MW,69000",,,2026-06-20,11305048846.101074,488.1499938964844,74014.49275362318,36130174.18593255,483,0.0
JINDALPHOT,JINDALPHOT.NS,Jindal Photo Limited,Financial Services,Asset Management,2026-06-12,11304558677.605955,1114.0,40158.54186795491,44736615.640901774,1242,0.0
RUBYMILLS,RUBYMILLS.NS,The Ruby Mills Limited,Consumer Cyclical,Textile Manufacturing,2026-06-12,11269280000.0,339.8999938964844,73381.2117552335,24942273.427720495,1242,0.0
BUTTERFLY,BUTTERFLY.NS,Butterfly Gandhimathi Appliances Limited,Consumer Cyclical,"Furnishings, Fixtures & Appliances",2026-06-12,11254283595.206238,649.5999755859375,40021.7361222848,25998118.80794304,1243,0.0
FINOPB,FINOPB.NS,Fino Payments Bank Limited,Financial Services,Banks - Regional,2026-06-12,11252792420.024963,156.2100067138672,393998.7910447761,61546553.79436003,1139,0.0
BCLIND,BCLIND.NS,BCL Industries Limited,Consumer Defensive,Beverages - Wineries & Distilleries,2026-06-12,11245722803.616486,37.150001525878906,1439225.4915526952,53467229.20726644,1243,0.0
RGL,RGL.NS,Renaissance Global Limited,Consumer Cyclical,Luxury Goods,2026-06-12,11229270925.021309,111.33000183105469,547651.9477491961,60970092.34569867,1244,0.0
MWL,MWL.NS,MANGALAM WORLDWIDE LTD,Basic Materials,Steel,2026-06-12,11210519763.857056,375.8500061035156,35904.67463617463,13494772.181150978,962,0.0
HMAAGRO,HMAAGRO.NS,HMA Agro Industries Limited,Consumer Defensive,Packaged Foods,2026-06-12,11207227032.337284,22.270000457763672,717480.881147541,15978299.55159242,732,0.0
ANDHRSUGAR,ANDHRSUGAR.NS,The Andhra Sugars Limited,Basic Materials,Chemicals,2026-06-12,11162694803.124235,84.41999816894531,421400.2580385852,35574609.01201045,1244,0.0
BHARATSE,BHARATSE.NS,Bharat Seats Limited,Consumer Cyclical,Auto Parts,2026-06-12,11116227655.029297,191.30999755859375,315265.69381107495,60313479.113305114,307,0.0
MANALIPETC,MANALIPETC.NS,Manali Petrochemicals Limited,Basic Materials,Specialty Chemicals,2026-06-12,11093950270.5,65.5,736023.0072347267,48209506.9738746,1244,0.0
OAL,OAL.NS,Oriental Aromatics Limited,Basic Materials,Specialty Chemicals,2026-06-12,11011450478.010254,343.29998779296875,32125.504424778763,11028685.276869513,1243,0.0
MADRASFERT,MADRASFERT.NS,Madras Fertilizers Limited,Basic Materials,Agricultural Inputs,2026-06-12,10996775082.149506,71.83999633789062,883582.1320450886,63476537.130344756,1242,0.0
SALZERELEC,SALZERELEC.NS,Salzer Electronics Limited,Industrials,Electrical Equipment & Parts,2026-06-12,10978326834.742554,652.7000122070312,159364.47266881028,104017193.25629957,1244,0.0
MONTECARLO,MONTECARLO.NS,Monte Carlo Fashions Limited,Consumer Cyclical,Apparel Manufacturing,2026-06-12,10956895824.0,560.7000122070312,70090.46215780999,39299722.98748052,1242,0.0
SRM,SRM.NS,SRM CONTRACTORS LIMITED,Industrials,Engineering & Construction,2026-06-12,10946448333.0,489.75,148498.1496350365,72726968.78375913,548,0.0
CENTENKA,CENTENKA.NS,Century Enka Limited,Consumer Cyclical,Textile Manufacturing,2026-06-12,10868482835.234589,524.8499755859375,72473.69831053902,38037818.78890901,1243,0.0
TARSONS,TARSONS.NS,Tarsons Products Limited,Healthcare,Medical Instruments & Supplies,2026-06-12,10868447247.191755,262.6199951171875,188621.60442477875,49535804.83303147,1130,0.0
ARIHANTSUP,ARIHANTSUP.NS,Arihant Superstructures Limited,Real Estate,Real Estate - Development,2026-06-12,10849260506.326996,270.79998779296875,117021.17471819646,31689332.685206465,1242,0.0
AVTNPL,AVTNPL.NS,AVT Natural Products Limited,Basic Materials,Specialty Chemicals,2026-06-12,10795412667.053225,72.16999816894531,256808.20128824477,18533847.416742764,1242,0.0
SHREDIGCEM,SHREDIGCEM.NS,Shree Digvijay Cement Company Limited,Basic Materials,Building Materials,2026-06-12,10773755685.332245,76.26000213623047,497997.80466237944,37977313.64739114,1244,0.0
HITECHGEAR,HITECHGEAR.NS,The Hi-Tech Gears Limited,Consumer Cyclical,Auto Parts,2026-06-12,10761348884.0,574.2999877929688,22203.859098228662,12751676.00906952,1242,0.0
BALAJITELE,BALAJITELE.NS,Balaji Telefilms Limited,Communication Services,Entertainment,2026-06-12,10525043358.520475,89.66000366210938,407207.99597747385,36510270.41058052,1243,0.0
CNL,CNL.NS,Creative Newtech Limited,Technology,Electronics & Computer Distribution,2026-06-12,10466622475.0,753.25,37539.35909822866,28276522.24074074,1242,0.0
ALICON,ALICON.NS,Alicon Castalloy Limited,Industrials,Metal Fabrication,2026-06-12,10422087277.424316,651.1500244140625,26710.202898550724,17392349.269495867,1242,0.0
IRMENERGY,IRMENERGY.NS,IRM Energy Limited,Utilities,Utilities - Regulated Gas,2026-06-12,10388098281.0,279.8500061035156,725888.2290076336,203139825.3182564,655,0.0
GANDHITUBE,GANDHITUBE.NS,Gandhi Special Tubes Limited,Industrials,Metal Fabrication,2026-06-12,10327985096.679688,852.2999877929688,17077.813204508857,14555419.9857335,1242,0.0
CENTRUM,CENTRUM.NS,Centrum Capital Limited,Financial Services,Financial Conglomerates,2026-06-12,10320537255.0,21.829999923706055,830524.649517685,18130353.03560706,1244,0.0
DAMCAPITAL,DAMCAPITAL.NS,DAM CAPITAL ADVISORS LTD,Financial Services,Capital Markets,2026-06-12,10265727477.996826,154.88999938964844,1286657.8994565217,199290441.261507,368,0.0
CREST,CREST.NS,Crest Ventures Limited,Financial Services,Financial Conglomerates,2026-06-12,10260839325.0,402.1499938964844,41721.05314009662,16778121.265644755,1242,0.0
MICEL,MICEL.NS,MIC Electronics Limited,Technology,Electronic Components,2026-06-12,10221300222.824554,42.290000915527344,983782.0844051447,41604145.250172965,1244,0.0
AFSL,AFSL.NS,Abans Financial Services Limited,Financial Services,Capital Markets,2026-06-12,10218791559.0,201.02000427246094,210219.8523255814,42258395.61264448,860,0.0
UNIECOM,UNIECOM.NS,UNICOMMERCE ESOLUTIONS L,Technology,Software - Application,2026-06-12,10206276457.564598,89.69000244140625,1030882.4446854664,92459848.98064232,461,0.0
STEL,STEL.NS,STEL Holdings Limited,Financial Services,Asset Management,2026-06-12,10187383560.0,598.0499877929688,30864.69533762058,18458630.669897687,1244,0.0
GAYAPROJ,GAYAPROJ.NS,Gayatri Projects Limited,Industrials,Engineering & Construction,2026-06-12,10158861730.344772,23.520000457763672,822929.2725080386,19355296.86609619,1244,0.0
ACCENTMIC,ACCENTMIC.NS,"ACCENTMIC.NS,0P0001S1I0,23500",,,2026-06-20,10055286016.0,449.8999938964844,57917.33496732026,26057008.648298025,612,0.0
TNPL,TNPL.NS,Tamil Nadu Newsprint and Papers Limited,Basic Materials,Paper & Paper Products,2026-06-12,9964941892.300417,145.38999938964844,324481.6870474658,47176392.28178315,1243,0.0
BHAGYANGR,BHAGYANGR.NS,Bhagyanagar India Limited,Basic Materials,Copper,2026-06-12,9918450000.0,388.04998779296875,132430.26125401928,51389561.26304185,1244,0.0
MODISONLTD,MODISONLTD.NS,Modison Limited,Industrials,Electrical Equipment & Parts,2026-06-12,9895627896.118164,322.1499938964844,101959.11021721641,32846126.734167244,1243,0.0
MUNJALAU,MUNJALAU.NS,Munjal Auto Industries Limited,Consumer Cyclical,Auto Parts,2026-06-12,9880999755.859377,98.52999877929688,359861.6532582462,35457168.256250754,1243,0.0
RSWM,RSWM.NS,RSWM Limited,Consumer Cyclical,Textile Manufacturing,2026-06-12,9821171872.102722,191.6300048828125,132760.49879324215,25440895.031993616,1243,0.0
SWELECTES,SWELECTES.NS,Swelect Energy Systems Limited,Technology,Solar,2026-06-12,9820455660.497314,639.3499755859375,54650.322866344606,34940682.59036103,1242,0.0
VILAS,VILAS.NS,"VILAS.NS,0P0001T1AQ,307000",,,2026-06-20,9787103701.171877,367.95001220703125,60816.60039761431,22377468.858692326,503,0.0
MACPOWER,MACPOWER.NS,Macpower CNC Machines Limited,Industrials,Specialty Industrial Machinery,2026-06-12,9765060331.757812,1182.050048828125,29941.94529364441,35392877.896361426,1243,0.0
BAJAJHCARE,BAJAJHCARE.NS,Bajaj HealthCare Limited,Healthcare,Drug Manufacturers - Specialty & Generic,2026-06-12,9684747980.621157,312.95001220703125,214663.3492484527,67178897.76770549,1131,0.0
THEMISMED,THEMISMED.NS,Themis Medicare Limited,Healthcare,Drug Manufacturers - Specialty & Generic,2026-06-12,9678472712.141691,101.7300033569336,146594.36012861735,14913044.747991776,1244,0.0
PRIMESECU,PRIMESECU.NS,Prime Securities Limited,Financial Services,Capital Markets,2026-06-12,9653117543.75,299.8999938964844,72158.99355877617,21640481.72785343,1242,0.0
CONTROLPR,CONTROLPR.NS,Control Print Limited,Industrials,Business Equipment & Supplies,2026-06-12,9638111760.716309,623.4500122070312,41511.74718196457,25880499.287331007,1242,0.0
BIRLANU,BIRLANU.NS,BirlaNu Limited,Industrials,Building Products & Equipment,2026-06-12,9572417374.70398,1423.0999755859375,15814.791465378423,22506029.348276727,1242,0.0
RAJOOENG,RAJOOENG.NS,Rajoo Engineers Limited,Industrials,Specialty Industrial Machinery,2026-06-12,9535900196.564198,55.439998626708984,887679.5886792453,49212955.17733496,265,0.0
MASTERTR,MASTERTR.NS,Master Trust Limited,Financial Services,Capital Markets,2026-06-12,9521438587.70752,78.62999725341797,565488.1736842105,44464333.54362982,380,0.0
INDOAMIN,INDOAMIN.NS,Indo Amines Limited,Basic Materials,Chemicals,2026-06-12,9456707228.19214,143.5500030517578,269483.5771484375,38684368.322056815,1024,0.0
NAHARSPING,NAHARSPING.NS,Nahar Spinning Mills Limited,Consumer Cyclical,Textile Manufacturing,2026-06-12,9450912210.89972,255.5,57275.49637972647,14633889.325020114,1243,0.0
MENONBE,MENONBE.NS,Menon Bearings Limited,Consumer Cyclical,Auto Parts,2026-06-12,9431532171.020508,175.42999267578125,129340.28881737731,22690165.919915933,1243,0.0
WCIL,WCIL.NS,WESTERN CARRIERS (IND) L,Industrials,Integrated Freight & Logistics,2026-06-12,9428818440.49688,102.44999694824219,442336.09722222225,45317331.810514025,432,0.0
HIMATSEIDE,HIMATSEIDE.NS,Himatsingka Seide Limited,Consumer Cyclical,Textile Manufacturing,2026-06-12,9411810139.782494,83.94000244140625,695021.5610932476,58340111.53499719,1244,0.0
DHARMAJ,DHARMAJ.NS,Dharmaj Crop Guard Limited,Basic Materials,Agricultural Inputs,2026-06-12,9385509511.764648,264.6000061035156,151889.5986238532,40189988.7229321,872,0.0
PRIZOR,PRIZOR.NS,"PRIZOR.NS,0P0001TBGW,1345600",,,2026-06-20,9333420219.0,830.5499877929688,48937.31343283582,40644885.07426248,469,0.0
YUKEN,YUKEN.NS,Yuken India Limited,Industrials,Specialty Industrial Machinery,2026-06-12,9256137931.640623,692.4500122070312,15418.25042158516,10676367.69263771,1186,0.0
AMBIKCO,AMBIKCO.NS,Ambika Cotton Mills Limited,Consumer Cyclical,Textile Manufacturing,2026-06-12,9190915139.770508,1679.0999755859375,21676.33467417538,36396733.022200495,1243,0.0
LIKHITHA,LIKHITHA.NS,Likhitha Infrastructure Limited,Energy,Oil & Gas Equipment & Services,2026-06-12,9136353721.614532,243.2100067138672,206099.76125401928,50125524.31831645,1244,0.0
WANBURY,WANBURY.NS,Wanbury Limited,Healthcare,Drug Manufacturers - Specialty & Generic,2026-06-12,9113942181.553162,266.75,72871.08125502816,19438360.92477876,1243,0.0
QUICKHEAL,QUICKHEAL.NS,Quick Heal Technologies Limited,Technology,Software - Application,2026-06-12,9113700288.0,178.6999969482422,334479.95578778133,59771567.07852471,1244,0.0
AVADHSUGAR,AVADHSUGAR.NS,Avadh Sugar & Energy Limited,Consumer Defensive,Confectioners,2026-06-12,9108381100.0,448.45001220703125,127823.75945293644,57322566.487017974,1243,0.0
ESTER,ESTER.NS,Ester Industries Limited,Basic Materials,Specialty Chemicals,2026-06-12,9072625480.781754,92.7300033569336,262673.4622186495,24357711.033312738,1244,0.0
BHAGERIA,BHAGERIA.NS,Bhageria Industries Limited,Basic Materials,Specialty Chemicals,2026-06-12,9064459850.753174,224.6699981689453,100619.57280772325,22606199.238471244,1243,0.0
NDTV,NDTV.NS,New Delhi Television Limited,Communication Services,Broadcasting,2026-06-12,9056439654.844915,81.02999877929688,473633.7202572347,38378539.77427757,1244,0.0
DHAMPURSUG,DHAMPURSUG.NS,Dhampur Sugar Mills Limited,Consumer Defensive,Confectioners,2026-06-12,9051783853.593796,141.13999938964844,490010.1832797428,69160036.96902442,1244,0.0
SURAJEST,SURAJEST.NS,SURAJ ESTATE DEVELOPERS L,Real Estate,Real Estate - Development,2026-06-12,9041162674.136414,196.10000610351562,237315.76585365852,46537623.132362925,615,0.0
ZUARI,ZUARI.NS,Zuari Agro Chemicals Limited,Basic Materials,Agricultural Inputs,2026-06-12,9015974540.858644,238.4600067138672,363457.4549839228,86670067.15567131,1244,0.0
CIFL,CIFL.NS,Capital India Finance Limited,Financial Services,Credit Services,2026-06-12,9009937510.022736,25.549999237060547,462193.470790378,11809042.826068524,291,0.0
GRPLTD,GRPLTD.NS,GRP Limited,Consumer Cyclical,Auto Parts,2026-06-12,8997331084.0,1905.0,7998.87117552335,15237849.589371981,1242,0.0
ORICONENT,ORICONENT.NS,Oricon Enterprises Limited,Consumer Cyclical,Packaging & Containers,2026-06-12,8967494425.699554,56.41999816894531,411019.8238133548,23189737.7069497,1243,0.0
UTTAMSUGAR,UTTAMSUGAR.NS,Uttam Sugar Mills Limited,Consumer Defensive,Confectioners,2026-06-12,8800752361.70105,237.85000610351562,190005.45819935692,45192799.392418325,1244,0.0
EIMCOELECO,EIMCOELECO.NS,Eimco Elecon (India) Limited,Industrials,Farm & Heavy Construction Machinery,2026-06-12,8796787125.0,1596.4000244140625,22897.14412238325,36553001.43598493,1242,0.0
MAMATA,MAMATA.NS,MAMATA MACHINERY LIMITED,Industrials,Specialty Industrial Machinery,2026-06-12,8796058410.388184,369.79998779296875,578646.6114130435,213983509.8369862,368,0.0
UNIHEALTH,UNIHEALTH.NS,Unihealth Hospitals Limited,,,2026-06-20,8716372832.0,465.75,35331.09118086696,16455455.717488788,669,0.0
GHCLTEXTIL,GHCLTEXTIL.NS,GHCL Textiles Limited,Consumer Cyclical,Textile Manufacturing,2026-06-12,8715511996.650467,95.33000183105469,424183.71619812585,40437434.44187092,747,0.0
KOPRAN,KOPRAN.NS,Kopran Limited,Healthcare,Drug Manufacturers - General,2026-06-12,8681268598.766861,194.00999450683594,380799.66639871383,73878941.18621942,1244,0.0
ZTECH,ZTECH.NS,"ZTECH.NS,0P0001T2S3,255600",,,2026-06-20,8644005768.529785,583.5,58729.2,34268488.199999996,500,0.0
ARROWGREEN,ARROWGREEN.NS,Arrow Greentech Limited,Consumer Cyclical,Packaging & Containers,2026-06-12,8631054748.72107,596.5,58606.81496379727,34958965.12590507,1243,0.0
ROHLTD,ROHLTD.NS,Royal Orchid Hotels Limited,Consumer Cyclical,Lodging,2026-06-12,8611517510.0,330.20001220703125,132205.10708534622,43654127.97341319,1242,0.0
BORANA,BORANA.NS,BORANA WEAVES LIMITED,Consumer Cyclical,Textile Manufacturing,2026-06-12,8606430285.0,307.6000061035156,148061.3283018868,45543665.489355005,265,0.0
IFBAGRO,IFBAGRO.NS,IFB Agro Industries Limited,Consumer Defensive,Beverages - Wineries & Distilleries,2026-06-12,8568096546.044617,914.7000122070312,21927.92926045016,20057477.16220868,1244,0.0
TAC,TAC.NS,"TAC.NS,0P0001SMEB,32400",,,2026-06-20,8544017752.075195,348.3999938964844,60244.155844155845,20989063.52840275,539,0.0
SRHHYPOLTD,SRHHYPOLTD.NS,Sree Rayalaseema Hi-Strength Hypo Limited,Basic Materials,Chemicals,2026-06-12,8525766800.231506,490.25,44345.73129525342,21740494.76749799,1243,0.0
BODALCHEM,BODALCHEM.NS,Bodal Chemicals Limited,Basic Materials,Specialty Chemicals,2026-06-12,8501224387.5,70.6500015258789,607966.0732099758,42952803.9999674,1243,0.0
SGIL,SGIL.NS,Synergy Green Industries Limited,Industrials,Metal Fabrication,2026-06-12,8499975629.272461,586.4000244140625,33391.12561983471,19580556.878684103,1210,0.0
TVSELECT,TVSELECT.NS,TVS Electronics Limited,Technology,Computer Hardware,2026-06-12,8497259347.5,482.3500061035156,180846.8793242156,87231493.34583715,1243,0.0
TEMBO,TEMBO.NS,Tembo Global Industries Limited,Industrials,Metal Fabrication,2026-06-12,8490689985.507935,561.5999755859375,94765.1126307321,53220084.939817764,1243,0.0
SAHANA,SAHANA.NS,"SAHANA.NS,0P0001R3DD,19500",,,2026-06-20,8431480710.650391,713.8499755859375,37488.949932341,26761485.993944056,739,0.0
MAXIND,MAXIND.NS,Max India Limited,Healthcare,Medical Care Facilities,2026-06-12,8383285303.531616,167.97000122070312,140143.34943639292,23539878.575904343,1242,0.0
KOKUYOCMLN,KOKUYOCMLN.NS,Kokuyo Camlin Limited,Industrials,Business Equipment & Supplies,2026-06-12,8351295101.8320465,87.0999984741211,202807.9034593725,17664568.081851043,1243,0.0
NCLIND,NCLIND.NS,NCL Industries Limited,Basic Materials,Building Materials,2026-06-12,8348163611.968384,191.8800048828125,183302.29525341914,35172045.308256805,1243,0.0
GICHSGFIN,GICHSGFIN.NS,GIC Housing Finance Limited,Financial Services,Mortgage Finance,2026-06-12,8321066948.396576,163.7100067138672,357669.4255832663,58554064.06358155,1243,0.0
SUDARCOLOR,SUDARCOLOR.NS,Sudarshan Colorants India Limited,Basic Materials,Specialty Chemicals,2026-06-12,8304830638.63977,362.6499938964844,58450.88656476267,21197213.655955285,1243,0.0
VIVIANA,VIVIANA.NS,VIVIANA POWER TECH LTD,Industrials,Engineering & Construction,2026-06-12,8254852800.0,813.8499755859375,20303.493520518357,16523997.705983106,926,0.0
DWARKESH,DWARKESH.NS,Dwarikesh Sugar Industries Limited,Consumer Defensive,Confectioners,2026-06-12,8234797072.327156,44.029998779296875,1889768.6781979082,83206512.59420736,1243,0.0
DVL,DVL.NS,Dhunseri Ventures Limited,Financial Services,Capital Markets,2026-06-12,8213304813.0,241.72999572753906,66356.79710144928,16040428.27982651,1242,0.0
SALSTEEL,SALSTEEL.NS,S.A.L. Steel Limited,Basic Materials,Steel,2026-06-12,8208272000.448227,57.5099983215332,225150.8961352657,12948427.658830827,1242,0.0
KABRAEXTRU,KABRAEXTRU.NS,Kabra Extrusiontechnik Limited,Industrials,Specialty Industrial Machinery,2026-06-12,8199381293.4713745,237.74000549316406,130793.85599356396,31094932.042382006,1243,0.0
PROSTARM,PROSTARM.NS,PROSTARM INFO SYSTEMS LTD,Industrials,Electrical Equipment & Parts,2026-06-12,8195343026.729004,140.3699951171875,1453870.1072796935,204079739.85987544,261,0.0
SARLAPOLY,SARLAPOLY.NS,Sarla Performance Fibers Limited,Consumer Cyclical,Textile Manufacturing,2026-06-12,8155737857.10144,96.48999786376953,358961.62138263666,34636206.08038586,1244,0.0
EFFWA,EFFWA.NS,"EFFWA.NS,0P0001TAFY,195200",,,2026-06-20,8144330850.229095,308.1499938964844,76006.75105485233,23421479.873644352,474,0.0
TNPETRO,TNPETRO.NS,Tamilnadu Petroproducts Limited,Basic Materials,Specialty Chemicals,2026-06-12,8124424376.771149,90.58999633789062,426948.0265273312,38677220.159580566,1244,0.0
SUYOG,SUYOG.NS,Suyog Telematics Limited,Communication Services,Telecom Services,2026-06-12,8090085647.03125,813.0499877929688,34026.34065934066,27665115.857716322,455,0.0
KRYSTAL,KRYSTAL.NS,KRYSTAL INTEGRATED SER L,Industrials,Specialty Business Services,2026-06-12,8072295268.0,608.5,137804.1010830325,83853795.50902528,554,0.0
DECCANCE,DECCANCE.NS,Deccan Cements Limited,Basic Materials,Building Materials,2026-06-12,8052211033.02002,569.0999755859375,36499.98953301127,20772143.15212369,1242,0.0
MATRIMONY,MATRIMONY.NS,Matrimony.com Limited,Communication Services,Internet Content & Information,2026-06-12,8051079123.5,389.1499938964844,35468.93322606597,13802735.148438385,1243,0.0
VASCONEQ,VASCONEQ.NS,Vascon Engineers Limited,Industrials,Engineering & Construction,2026-06-12,8049158025.035908,36.310001373291016,1825953.3183279743,66300367.49605403,1244,0.0
PVP,PVP.NS,PVP Ventures Limited,Industrials,Conglomerates,2026-06-12,8023037272.539431,29.850000381469727,519354.06999195495,15502719.18737771,1243,0.0
KAMDHENU,KAMDHENU.NS,Kamdhenu Limited,Basic Materials,Steel,2026-06-12,8019571565.059662,28.829999923706055,2179859.6655948553,62845353.99278958,1244,0.0
STANLEY,STANLEY.NS,STANLEY LIFESTYLES LTD,Consumer Cyclical,"Furnishings, Fixtures & Appliances",2026-06-12,8009589592.764114,146.9600067138672,256873.79429735235,37750174.53455544,491,0.0
SIGACHI,SIGACHI.NS,Sigachi Industries Limited,Healthcare,Drug Manufacturers - Specialty & Generic,2026-06-12,7902147789.137363,22.950000762939453,3548988.151275286,81449280.7794309,1137,0.0
BAJAJINDEF,BAJAJINDEF.NS,INDEF MANUFACTURING LTD,Industrials,Farm & Heavy Construction Machinery,2026-06-12,7870399902.34375,248.85000610351562,73126.33128834356,18197487.987432,326,0.0
CELLECOR,CELLECOR.NS,"CELLECOR.NS,0P0001RM26,155400",,,2026-06-20,7869052802.149963,34.75,601207.2180451128,20891950.82706767,665,0.0
GANESHBE,GANESHBE.NS,Ganesh Benzoplast Limited,Basic Materials,Specialty Chemicals,2026-06-12,7841807651.499428,106.9800033569336,254140.98640611724,27188003.578860838,1177,0.0
OMINFRAL,OMINFRAL.NS,Om Infra Limited,Industrials,Engineering & Construction,2026-06-12,7831425718.49041,87.97000122070312,211630.70394207563,18617153.284122653,1243,0.0
ASAL,ASAL.NS,Automotive Stampings and Assemblies Limited,Consumer Cyclical,Auto Parts,2026-06-12,7818768158.278595,509.95001220703125,70703.74919614148,36055377.76565522,1244,0.0
EMKAY,EMKAY.NS,Emkay Global Financial Services Limited,Financial Services,Capital Markets,2026-06-12,7802793705.65094,290.3500061035156,96001.835076428,27874133.40038957,1243,0.0
DBOL,DBOL.NS,Dhampur Bio Organics Limited,Consumer Defensive,Farm Products,2026-06-12,7690686271.385422,117.38999938964844,184927.0653104925,21708588.08392819,934,0.0
PDMJEPAPER,PDMJEPAPER.NS,Pudumjee Paper Products Limited,Basic Materials,Paper & Paper Products,2026-06-12,7652020152.282715,82.7300033569336,445996.4336283186,36897286.45125121,1243,0.0
NRAIL,NRAIL.NS,N R Agarwal Industries Limited,Basic Materials,Paper & Paper Products,2026-06-12,7632215602.752686,462.6000061035156,25429.261464199517,11763576.50854659,1243,0.0
BLAL,BLAL.NS,BEML Land Assets Limited,Financial Services,Shell Companies,2026-06-12,7630938408.760071,182.77000427246094,212310.96815286623,38804076.55638968,785,0.0
VALIANTORG,VALIANTORG.NS,Valiant Organics Limited,Basic Materials,Chemicals,2026-06-12,7587710045.963745,290.95001220703125,83391.1884057971,24262667.28462551,1242,0.0
STERTOOLS,STERTOOLS.NS,Sterling Tools Limited,Industrials,Tools & Accessories,2026-06-12,7573451667.343018,245.52000427246094,143944.02333065166,35341137.22313681,1243,0.0
GGBL,GGBL.NS,"GGBL.NS,0P0001TAFZ,726600",,,2026-06-20,7550664752.746582,300.6000061035156,84691.57894736843,25458289.148495324,475,0.0
JITFINFRA,JITFINFRA.NS,JITF Infralogistics Limited,Industrials,Engineering & Construction,2026-06-12,7550463637.5,289.6000061035156,46159.049879324215,13367661.126784775,1243,0.0
ARIHANTCAP,ARIHANTCAP.NS,Arihant Capital Markets Limited,Financial Services,Capital Markets,2026-06-12,7519410472.744751,70.0199966430664,642833.383252818,45011191.33741334,1242,0.0
ECOSMOBLTY,ECOSMOBLTY.NS,ECOS (INDIA) MOB & HOSP L,Industrials,Rental & Leasing Services,2026-06-12,7440000000.0,136.6999969482422,503716.1076233184,68857990.37488806,446,0.0
BAHETI,BAHETI.NS,"BAHETI.NS,0P0001Q4XC,12750",,,2026-06-20,7411425117.43103,598.25,29967.485549132947,17928048.229768787,865,0.0
HERANBA,HERANBA.NS,Heranba Industries Limited,Basic Materials,Agricultural Inputs,2026-06-12,7372881209.619461,188.35000610351562,113038.02331189711,21290712.38072516,1244,0.0
SCODATUBES,SCODATUBES.NS,Scoda Tubes Limited,Basic Materials,Steel,2026-06-12,7350821847.172546,144.3800048828125,471517.1417624521,68077647.22999263,261,0.0
MAANALU,MAANALU.NS,Maan Aluminium Limited,Basic Materials,Aluminum,2026-06-12,7346946344.085205,127.13999938964844,265173.3185840708,33714135.56292981,1243,0.0
FAIRCHEMOR,FAIRCHEMOR.NS,Fairchem Organics Limited,Basic Materials,Specialty Chemicals,2026-06-12,7335853632.317139,608.9000244140625,28923.066022544284,17611255.607256755,1242,0.0
SOUTHWEST,SOUTHWEST.NS,South West Pinnacle Exploration Limited,Energy,Oil & Gas Equipment & Services,2026-06-12,7335199522.832062,244.35000610351562,104887.22025723473,25629192.910036094,1244,0.0
BIRLAMONEY,BIRLAMONEY.NS,Aditya Birla Money Limited,Financial Services,Capital Markets,2026-06-12,7315681540.85527,144.39999389648438,257613.757843926,37199425.060313314,1243,0.0
ZUARIIND,ZUARIIND.NS,Zuari Industries Limited,Industrials,Conglomerates,2026-06-12,7236827712.0,267.3500061035156,160126.37489943684,42809787.30669827,1243,0.0
COFFEEDAY,COFFEEDAY.NS,Coffee Day Enterprises Limited,Consumer Cyclical,Restaurants,2026-06-12,7212133557.722183,34.439998626708984,3042131.8311897106,104771016.08844133,1244,0.0
PROZONER,PROZONER.NS,Prozone Realty Limited,Real Estate,Real Estate - Diversified,2026-06-12,7210486221.75,47.93000030517578,715981.9814963797,34317016.59162184,1243,0.0
VLSFINANCE,VLSFINANCE.NS,VLS Finance Limited,Financial Services,Capital Markets,2026-06-12,7204227123.257904,242.24000549316406,88274.02254428342,21383499.706030905,1242,0.0
STCINDIA,STCINDIA.NS,The State Trading Corporation of India Limited,Industrials,Conglomerates,2026-06-12,7188000183.105469,135.9499969482422,219972.99517684887,29905328.022988297,1244,0.0
AGARIND,AGARIND.NS,Agarwal Industrial Corporation Limited,Basic Materials,Specialty Chemicals,2026-06-12,7113924539.695099,547.7999877929688,65161.86956521739,35695671.352393106,1242,0.0
MVGJL,MVGJL.NS,Manoj Vaibhav Gems 'N' Jewellers Limited,Consumer Cyclical,Luxury Goods,2026-06-12,7083367151.082993,147.5,270931.9745889387,39962466.25186846,669,0.0
SARTELE,SARTELE.NS,"SARTELE.NS,0P0001RT0P,168000",,,2026-06-20,7077901875.0,107.55000305175781,174906.7214397496,18811218.424618024,639,0.0
CHEMCON,CHEMCON.NS,Chemcon Speciality Chemicals Limited,Basic Materials,Specialty Chemicals,2026-06-12,7072289710.361267,192.60000610351562,146329.67632850242,28183096.553995032,1242,0.0
RITCO,RITCO.NS,Ritco Logistics Limited,Industrials,Integrated Freight & Logistics,2026-06-12,7012285960.985092,274.6499938964844,91587.93907156673,25154626.906997383,1034,0.0
XCHANGING,XCHANGING.NS,Xchanging Solutions Limited,Technology,Information Technology Services,2026-06-12,6997267554.949722,63.20000076293945,486464.74014481093,30744571.948295195,1243,0.0
ATL,ATL.NS,Allcargo Terminals Limited,Industrials,Integrated Freight & Logistics,2026-06-12,6960844964.885496,24.459999084472656,773644.640113798,18923347.188890677,703,0.0
KOTHARIPET,KOTHARIPET.NS,Kothari Petrochemicals Limited,Basic Materials,Specialty Chemicals,2026-06-12,6943286610.290527,122.66999816894531,190811.7962962963,23406882.702279832,1242,0.0
MUKKA,MUKKA.NS,Mukka Proteins Limited,Consumer Defensive,Packaged Foods,2026-06-12,6917999839.782715,24.309999465942383,1204196.5514184397,29274017.521871928,564,0.0
BIGBLOC,BIGBLOC.NS,Bigbloc Construction Limited,Industrials,Building Products & Equipment,2026-06-12,6914559651.602745,49.40999984741211,331820.5610932476,16395253.872985564,1244,0.0
COMSYN,COMSYN.NS,Commercial Syn Bags Limited,Consumer Cyclical,Packaging & Containers,2026-06-12,6852823492.96875,163.41000366210938,114631.57478991596,18731946.05621353,595,0.0
GEECEE,GEECEE.NS,GeeCee Ventures Limited,Real Estate,Real Estate - Development,2026-06-12,6832907450.75,353.75,37801.24054706356,13372188.843523733,1243,0.0
KSOLVES,KSOLVES.NS,Ksolves India Limited,Technology,Software - Application,2026-06-12,6779290030.444336,291.04998779296875,74466.76366559486,21673550.65585327,1244,0.0
MCLEODRUSS,MCLEODRUSS.NS,McLeod Russel India Limited,Consumer Defensive,Packaged Foods,2026-06-12,6697702015.096245,65.0,852733.8743961352,55427701.83574879,1242,0.0
PVSL,PVSL.NS,Popular Vehicles and Services Limited,Consumer Cyclical,Auto & Truck Dealerships,2026-06-12,6691918477.92424,95.31999969482422,119956.33752244165,11434238.056031369,557,0.0
MINDTECK,MINDTECK.NS,Mindteck (India) Limited,Technology,Information Technology Services,2026-06-12,6612925938.433456,209.25999450683594,126640.85358004826,26500864.324501913,1243,0.0
APTECHT,APTECHT.NS,Aptech Limited,Consumer Defensive,Education & Training Services,2026-06-12,6581579715.79422,110.94999694824219,417896.3697749196,46365600.951208815,1244,0.0
RADHIKAJWE,RADHIKAJWE.NS,Radhika Jeweltech Limited,Consumer Cyclical,Luxury Goods,2026-06-12,6577284001.489349,56.65999984741211,844039.9783057851,47823305.0420155,968,0.0
KECL,KECL.NS,Kirloskar Electric Company Limited,Industrials,Specialty Industrial Machinery,2026-06-12,6574993029.0,104.55999755859375,434912.3890675241,45474438.3391025,1244,0.0
ADSL,ADSL.NS,Allied Digital Services Limited,Technology,Information Technology Services,2026-06-12,6571000419.640137,123.83000183105469,508709.22829581995,62993464.6713458,1244,0.0
VISAKAIND,VISAKAIND.NS,Visaka Industries Limited,Industrials,Building Products & Equipment,2026-06-12,6532199724.156799,77.16999816894531,309605.30812550284,23892241.0611408,1243,0.0
MMP,MMP.NS,MMP Industries Limited,Basic Materials,Aluminum,2026-06-12,6511959997.595245,269.8999938964844,48177.40982286634,13003082.617140053,1242,0.0
20MICRONS,20MICRONS.NS,20 Microns Limited,Basic Materials,Other Industrial Metals & Mining,2026-06-12,6490951935.214142,184.13999938964844,239266.14239742557,44058467.31502548,1243,0.0
DENTA,DENTA.NS,DENTA WATER N INFRA SOL L,Industrials,Engineering & Construction,2026-06-12,6470745162.963867,292.0,549159.9072463769,160354692.91594204,345,0.0
KUANTUM,KUANTUM.NS,Kuantum Papers Limited,Basic Materials,Paper & Paper Products,2026-06-12,6461872067.807465,75.55000305175781,154407.4492753623,11665483.263967762,1242,0.0
SAURASHCEM,SAURASHCEM.NS,Saurashtra Cement Limited,Basic Materials,Building Materials,2026-06-12,6449097960.905457,58.4900016784668,206139.54465849386,12057102.313073687,571,0.0
OCCLLTD,OCCLLTD.NS,OCCL Limited,Basic Materials,Chemicals,2026-06-12,6443609340.0,129.0500030517578,200041.87407407406,25815404.45973861,405,0.0
MAGADSUGAR,MAGADSUGAR.NS,Magadh Sugar & Energy Limited,Consumer Defensive,Confectioners,2026-06-12,6289799136.508484,452.8999938964844,42045.33145615447,19042330.35986802,1243,0.0
INDOFARM,INDOFARM.NS,INDO FARM EQUIPMENT LTD,Industrials,Farm & Heavy Construction Machinery,2026-06-12,6231331136.05957,149.38999938964844,498095.1694444445,74410437.05929239,360,0.0
MANBA,MANBA.NS,MANBA FINANCE LIMITED,Financial Services,Credit Services,2026-06-12,6229686840.0,132.35000610351562,216505.5751173709,28654514.1882292,426,0.0
TVTODAY,TVTODAY.NS,T.V. Today Network Limited,Communication Services,Broadcasting,2026-06-12,6225823070.587006,107.37000274658203,172475.42156074016,18518686.486694563,1243,0.0
SNOWMAN,SNOWMAN.NS,Snowman Logistics Limited,Industrials,Integrated Freight & Logistics,2026-06-12,6223662220.57724,39.38999938964844,1089523.2323151126,42916319.45590008,1244,0.0
TREL,TREL.NS,Transindia Real Estate Limited,Real Estate,Real Estate Services,2026-06-12,6216096569.749191,26.06999969482422,625357.3011363636,16303064.649781097,704,0.0
FOCUS,FOCUS.NS,Focus Lighting and Fixtures Limited,Consumer Cyclical,"Furnishings, Fixtures & Appliances",2026-06-12,6168439416.605949,92.20999908447266,209808.8309178744,19346472.106851477,1242,0.0
PYRAMID,PYRAMID.NS,Pyramid Technoplast Limited,Consumer Cyclical,Packaging & Containers,2026-06-12,6118377839.302856,175.41000366210938,145148.9436416185,25460576.73572761,692,0.0
ZIMLAB,ZIMLAB.NS,ZIM Laboratories Limited,Healthcare,Drug Manufacturers - Specialty & Generic,2026-06-12,6104590218.0,119.43000030517578,197047.62202043133,23533397.558034275,881,0.0
SUPREMEPWR,SUPREMEPWR.NS,"SUPREMEPWR.NS,0P0001S3NK,113000",,,2026-06-20,6091589156.25,234.9499969482422,131892.2056384743,30988073.312256467,603,0.0
APS,APS.NS,"APS.NS,0P0001S7LV,53000",,,2026-06-20,6064128240.966797,302.1000061035156,87170.62818336162,26334247.306240838,589,0.0
DENTALKART,DENTALKART.NS,"DENTALKART.NS,0P0001R1DI,44500",,,2026-06-20,6043716186.555176,386.1499938964844,32404.362416107382,12512944.349199334,745,0.0
DMCC,DMCC.NS,DMCC Speciality Chemicals Limited,Basic Materials,Chemicals,2026-06-12,6025487965.021271,251.25,47670.74133333333,11977273.76,1125,0.0
VINSYS,VINSYS.NS,"VINSYS.NS,0P0001REJ0,9000",,,2026-06-20,6013546871.073914,367.25,33220.90517241379,12200377.424568964,696,0.0
NAHARPOLY,NAHARPOLY.NS,Nahar Poly Films Limited,Consumer Cyclical,Packaging & Containers,2026-06-12,5999469804.0,252.64999389648438,48715.86714975845,12308063.538048416,1242,0.0
PCCL,PCCL.NS,"PCCL.NS,0P0001T8EA,262400",,,2026-06-20,5994689924.621582,271.54998779296875,44131.95020746888,11984030.54011808,482,0.0
PASUPTAC,PASUPTAC.NS,Pasupati Acrylon Limited,Consumer Cyclical,Textile Manufacturing,2026-06-12,5962114409.28746,67.44999694824219,255713.03278688525,17247843.281101163,1159,0.0
OSWALGREEN,OSWALGREEN.NS,Oswal Greentech Limited,Financial Services,Asset Management,2026-06-12,5955404557.550888,23.81999969482422,639054.944533762,15222288.58377012,1244,0.0
MVKAGRO,MVKAGRO.NS,"MVKAGRO.NS,0P0001SHLC,55200",,,2026-06-20,5896268405.456543,452.20001220703125,54257.374100719426,24535185.230666786,556,0.0
LINC,LINC.NS,Linc Limited,Industrials,Business Equipment & Supplies,2026-06-12,5837499563.501656,104.12999725341797,105727.70233306517,11009425.353552269,1243,0.0
PREMIERPOL,PREMIERPOL.NS,Premier Polyfilm Ltd.,Basic Materials,Specialty Chemicals,2026-06-12,5827871245.070267,63.33000183105469,258440.52936444088,16367039.197868783,1243,0.0
BIRLACABLE,BIRLACABLE.NS,Birla Cable Limited,Technology,Communication Equipment,2026-06-12,5823900146.484375,227.35000610351562,209639.252614642,47661485.36147531,1243,0.0
PPL,PPL.NS,Prakash Pipes Limited,Industrials,Building Products & Equipment,2026-06-12,5798508587.929031,259.6300048828125,136231.88254223653,35369884.32963561,1243,0.0
HMVL,HMVL.NS,Hindustan Media Ventures Limited,Communication Services,Publishing,2026-06-12,5748858777.850571,86.12999725341797,136051.05152979065,11718076.694585495,1242,0.0
MUFTI,MUFTI.NS,CREDO BRANDS MARKETING L,Consumer Cyclical,Apparel Retail,2026-06-12,5683401731.210358,89.9000015258789,329165.1207177814,29591944.854794662,613,0.0
CHEMFAB,CHEMFAB.NS,Chemfab Alkalis Limited,Basic Materials,Specialty Chemicals,2026-06-12,5662520078.3602295,379.8999938964844,32473.90418679549,12336836.002358625,1242,0.0
ABSMARINE,ABSMARINE.NS,"ABSMARINE.NS,0P0001SWTJ,135000",,,2026-06-20,5597400000.0,228.75,107756.36007827788,24649267.367906064,511,0.0
LOKESHMACH,LOKESHMACH.NS,Lokesh Machines Limited,Industrials,Specialty Industrial Machinery,2026-06-12,5539290006.985168,270.25,119757.38455349959,32364433.175583266,1243,0.0
SWARAJ,SWARAJ.NS,"SWARAJ.NS,0P0001OO59,36000",,,2026-06-20,5496858474.611206,249.60000610351562,40387.15953307393,10080635.265958913,1028,0.0
ONWARDTEC,ONWARDTEC.NS,Onward Technologies Limited,Technology,Information Technology Services,2026-06-12,5473362395.219513,256.79998779296875,77999.85507246378,20030361.830462027,1242,0.0
SATIA,SATIA.NS,Satia Industries Limited,Basic Materials,Paper & Paper Products,2026-06-12,5413999938.964844,55.5,438024.49074818986,24310359.236524537,1243,0.0
KHAICHEM,KHAICHEM.NS,Khaitan Chemicals and Fertilizers Limited,Basic Materials,Agricultural Inputs,2026-06-12,5334406000.0,56.380001068115234,394221.1005631537,22226186.07082417,1243,0.0
TERASOFT,TERASOFT.NS,Tera Software Limited,Technology,Information Technology Services,2026-06-12,5303783736.133575,416.54998779296875,83865.97827835882,34934372.22809575,1243,0.0
RBZJEWEL,RBZJEWEL.NS,RBZ Jewellers Limited,Consumer Cyclical,Luxury Goods,2026-06-12,5297199707.03125,133.32000732421875,171682.39705882352,22888698.433321785,612,0.0
CEWATER,CEWATER.NS,CONCORD ENVIRO SYSTEMS L,Utilities,Utilities - Regulated Water,2026-06-12,5295131339.3697815,350.54998779296875,163832.38419618527,57431440.280065715,367,0.0
TIRUPATIFL,TIRUPATIFL.NS,Tirupati Forge Limited,Industrials,Metal Fabrication,2026-06-12,5286129588.548119,47.97999954223633,429350.26247987116,20600225.397243265,1242,0.0
ONMOBILE,ONMOBILE.NS,OnMobile Global Limited,Communication Services,Telecom Services,2026-06-12,5231010550.316753,52.529998779296875,1049106.6181672027,55109569.37167543,1244,0.0
HTMEDIA,HTMEDIA.NS,HT Media Limited,Communication Services,Publishing,2026-06-12,5216266770.616814,22.770000457763672,584663.8824476651,13312796.87097122,1242,0.0
GLOBAL,GLOBAL.NS,Global Education Limited,Consumer Defensive,Education & Training Services,2026-06-12,5206205357.86438,107.37000274658203,167245.90506838294,17957193.286546875,1243,0.0
TPLPLASTEH,TPLPLASTEH.NS,TPL Plastech Limited,Consumer Cyclical,Packaging & Containers,2026-06-12,5196560074.241638,66.80999755859375,254402.2274919614,16996612.197638754,1244,0.0
NRL,NRL.NS,Nupur Recyclers Limited,Industrials,Waste Management,2026-06-12,5193988288.418152,79.73999786376953,230357.6572727273,18368719.098830227,1100,0.0
GPECO,GPECO.NS,"GPECO.NS,0P0001T5Y4,294000",,,2026-06-20,5193739800.0,439.29998779296875,64862.29508196721,28494005.437732134,488,0.0
SJLOGISTIC,SJLOGISTIC.NS,"SJLOGISTIC.NS,0P0001S278,56500",,,2026-06-20,5146080781.036682,341.79998779296875,59778.688524590165,20432355.0079846,610,0.0
EVERESTIND,EVERESTIND.NS,Everest Industries Limited,Industrials,Building Products & Equipment,2026-06-12,5137264296.0,378.3999938964844,46345.8768115942,17537279.502634462,1242,0.0
MUNJALSHOW,MUNJALSHOW.NS,Munjal Showa Limited,Consumer Cyclical,Auto Parts,2026-06-12,5119360000.0,128.80999755859375,118454.32636655949,15258101.490081394,1244,0.0
ELIN,ELIN.NS,Elin Electronics Limited,Industrials,Electrical Equipment & Parts,2026-06-12,5081773727.470551,106.47000122070312,275007.06308411213,29280002.3422674,856,0.0
REPRO,REPRO.NS,Repro India Limited,Industrials,Specialty Business Services,2026-06-12,5078966743.786011,370.5,29688.140096618357,10999455.905797102,1242,0.0
SPECIALITY,SPECIALITY.NS,Speciality Restaurants Limited,Consumer Cyclical,Restaurants,2026-06-12,5064743985.0,118.41000366210938,161397.08608205954,19111029.554030452,1243,0.0
CSLFINANCE,CSLFINANCE.NS,CSL Finance Limited,Financial Services,Credit Services,2026-06-12,5062832134.034729,225.27999877929688,49540.83937823834,11160560.234654877,965,0.0
SCHAND,SCHAND.NS,S Chand And Company Limited,Communication Services,Publishing,2026-06-12,5057327061.1875,150.3699951171875,116307.83574879228,17489208.69363654,1242,0.0
INTLCONV,INTLCONV.NS,International Conveyors Limited,Industrials,Specialty Industrial Machinery,2026-06-12,5034234349.4644165,83.38999938964844,309399.4541595925,25800820.29352598,1178,0.0
RKSWAMY,RKSWAMY.NS,R K SWAMY LIMITED,Communication Services,Advertising Agencies,2026-06-12,5014913816.327843,98.05999755859375,155221.3256227758,15221002.81161108,562,0.0
ORBTEXP,ORBTEXP.NS,Orbit Exports Limited,Consumer Cyclical,Textile Manufacturing,2026-06-12,4963417909.802246,216.97999572753906,55434.268921095005,12028127.433658445,1242,0.0
KRONOX,KRONOX.NS,KRONOX LAB SCIENCES LTD,Basic Materials,Specialty Chemicals,2026-06-12,4962660000.0,152.77000427246094,229239.08333333334,35020855.74024837,504,0.0
SCPL,SCPL.NS,Sheetal Cool Products Limited,Consumer Defensive,Packaged Foods,2026-06-12,4882500000.0,482.8500061035156,28460.118912797283,13741968.59075095,883,0.0
BASILIC,BASILIC.NS,"BASILIC.NS,0P0001RJM3,48300",,,2026-06-20,4831595858.154297,205.35000610351562,90638.1093057607,18612536.299149077,677,0.0
OMAXAUTO,OMAXAUTO.NS,Omax Autos Limited,Consumer Cyclical,Auto Parts,2026-06-12,4823198324.466644,226.25999450683594,95081.75140788415,21513196.551248208,1243,0.0
KAMATHOTEL,KAMATHOTEL.NS,Kamat Hotels (India) Limited,Consumer Cyclical,Lodging,2026-06-12,4750713422.86792,171.0399932861328,132646.84231697506,22687915.01932213,1243,0.0
MANCREDIT,MANCREDIT.NS,Mangal Credit and Fincorp Limited,Financial Services,Credit Services,2026-06-12,4693639152.234772,217.77000427246094,56198.818380743985,12238416.918881875,457,0.0
ESSARSHPNG,ESSARSHPNG.NS,Essar Shipping Limited,Industrials,Marine Shipping,2026-06-12,4683638513.522976,24.239999771118164,435854.6242960579,10565115.993177237,1243,0.0
UNIDT,UNIDT.NS,United Drilling Tools Limited,Energy,Oil & Gas Equipment & Services,2026-06-12,4680885761.260223,222.50999450683594,45394.280998389695,10100681.215593457,1242,0.0
DONEAR,DONEAR.NS,Donear Industries Limited,Consumer Cyclical,Textile Manufacturing,2026-06-12,4617600158.691406,90.66000366210938,195381.9831053902,17713331.303844865,1243,0.0
MAZDA,MAZDA.NS,Mazda Limited,Industrials,Specialty Industrial Machinery,2026-06-12,4573509737.77771,233.6699981689453,75250.71463022508,17583834.34985652,1244,0.0
SBGLP,SBGLP.NS,Suratwwala Business Group Limited,Real Estate,Real Estate - Development,2026-06-12,4498422546.214371,26.049999237060547,428079.79418886197,11151478.31202089,826,0.0
BANSWRAS,BANSWRAS.NS,Banswara Syntex Limited,Consumer Cyclical,Textile Manufacturing,2026-06-12,4471394644.931152,137.7899932861328,82551.22383252818,11374732.577646105,1242,0.0
MANAKSTEEL,MANAKSTEEL.NS,Manaksia Steels Limited,Basic Materials,Steel,2026-06-12,4439276407.004166,72.4000015258789,162886.02011263074,11792948.104698807,1243,0.0
ANLON,ANLON.NS,"ANLON.NS,0P0001QAIM,6000",,,2026-06-20,4435078600.0,683.0,16389.536266349583,11194053.269916765,841,0.0
UGARSUGAR,UGARSUGAR.NS,The Ugar Sugar Works Limited,Consumer Defensive,Confectioners,2026-06-12,4432500171.661377,39.63999938964844,558181.401125402,22126310.399924044,1244,0.0
VINYLINDIA,VINYLINDIA.NS,Vinyl Chemicals (India) Limited,Basic Materials,Specialty Chemicals,2026-06-12,4418326839.489578,253.89999389648438,95980.64251207729,24369484.547997072,1242,0.0
ATMASTCO,ATMASTCO.NS,"ATMASTCO.NS,0P0001SEJZ,69600",,,2026-06-20,4397827957.484283,173.35000610351562,96396.46017699115,16710326.960038718,565,0.0
ARIES,ARIES.NS,Aries Agro Limited,Basic Materials,Agricultural Inputs,2026-06-12,4379861216.455627,328.29998779296875,143247.72222222222,47028225.45692613,1242,0.0
TAKE,TAKE.NS,TAKE Solutions Limited,Healthcare,Biotechnology,2026-06-12,4372126965.819595,30.030000686645508,608083.8421900161,18260758.19850422,1242,0.0
SHALPAINTS,SHALPAINTS.NS,Shalimar Paints Limited,Basic Materials,Specialty Chemicals,2026-06-12,4310288695.726433,54.209999084472656,239315.1463022508,12973273.861945456,1244,0.0
RAMAPHO,RAMAPHO.NS,Rama Phosphates Limited,Basic Materials,Agricultural Inputs,2026-06-12,4268664471.188278,129.0800018310547,88721.60104712042,11452184.425616408,955,0.0
KOTYARK,KOTYARK.NS,KOTYARK INDUSTRIES LTD,Basic Materials,Specialty Chemicals,2026-06-12,4211353950.67749,393.29998779296875,27718.455428067078,10901668.18149873,1133,0.0
CYBERTECH,CYBERTECH.NS,CyberTech Systems and Software Limited,Technology,Information Technology Services,2026-06-12,4197960656.056061,150.0,196049.52051488333,29407428.0772325,1243,0.0
RADIANTCMS,RADIANTCMS.NS,Radiant Cash Management Services Limited,Industrials,Specialty Business Services,2026-06-12,4182949996.611672,39.81999969482422,391740.4707259953,15599105.424759429,854,0.0
ALBERTDAVD,ALBERTDAVD.NS,Albert David Limited,Healthcare,Drug Manufacturers - Specialty & Generic,2026-06-12,4115434378.86499,711.1500244140625,16342.797101449276,11622180.557689723,1242,0.0
MIRZAINT,MIRZAINT.NS,Mirza International Limited,Consumer Cyclical,Footwear & Accessories,2026-06-12,4047933777.5276175,33.40999984741211,787491.6854384553,26310097.090337098,1243,0.0
MAWANASUG,MAWANASUG.NS,Mawana Sugars Limited,Consumer Defensive,Confectioners,2026-06-12,4040772170.5751953,109.41000366210938,230339.63665594856,25201460.490056276,1244,0.0
VRAJ,VRAJ.NS,VRAJ IRON AND STEEL LTD,Basic Materials,Steel,2026-06-12,4023879640.0,122.33999633789062,132432.6380368098,16201808.452440506,489,0.0
LIBERTSHOE,LIBERTSHOE.NS,Liberty Shoes Ltd.,Consumer Cyclical,Footwear & Accessories,2026-06-12,4023484716.796875,258.6199951171875,163925.39340305713,42394384.44148167,1243,0.0
FOODSIN,FOODSIN.NS,Foods and Inns Limited,Consumer Defensive,Packaged Foods,2026-06-12,4014087762.440025,56.38999938964844,255135.08714788733,14387067.408547267,1136,0.0
TOLINS,TOLINS.NS,TOLINS TYRES LIMITED,Consumer Cyclical,Auto Parts,2026-06-12,3968267082.097107,106.12999725341797,261883.62700228833,27793708.614467997,437,0.0
DENORA,DENORA.NS,De Nora India Limited,Industrials,Electrical Equipment & Parts,2026-06-12,3906889257.102661,855.0,23541.201126307322,20127726.96299276,1243,0.0
VERTOZ,VERTOZ.NS,Vertoz Limited,Technology,Software - Infrastructure,2026-06-12,3858362139.0151978,43.400001525878906,312775.98230088496,13574478.10911668,1243,0.0
HARRMALAYA,HARRMALAYA.NS,Harrisons Malayalam Limited,Consumer Defensive,Farm Products,2026-06-12,3839277879.621429,209.52000427246094,71661.615755627,15014542.039290424,1244,0.0
PAKKA,PAKKA.NS,Pakka Limited,Basic Materials,Paper & Paper Products,2026-06-12,3765303117.169952,80.87999725341797,255658.08390646492,20677625.124168985,727,0.0
DREAMFOLKS,DREAMFOLKS.NS,Dreamfolks Services Limited,Industrials,Airports & Air Services,2026-06-12,3691601599.1667175,70.7300033569336,341010.6036324786,24119681.139675163,936,0.0
MEGATHERM,MEGATHERM.NS,"MEGATHERM.NS,0P0001SBAB,43600",,,2026-06-20,3660753896.497345,190.39999389648438,53189.637305699485,10127306.6183614,579,0.0
MOLDTECH,MOLDTECH.NS,Mold-Tek Technologies Limited,Industrials,Engineering & Construction,2026-06-12,3655369518.153122,134.75999450683594,162810.5185185185,21940344.581210665,1242,0.0
ATALREAL,ATALREAL.NS,Atal Realtech Limited,Industrials,Engineering & Construction,2026-06-12,3596708222.5728035,30.719999313354492,1382224.6425120772,42461940.06887267,1242,0.0
TRANSWORLD,TRANSWORLD.NS,Transworld Shipping Lines Limited,Industrials,Marine Shipping,2026-06-12,3513205280.0,177.9499969482422,91377.52855993564,16260630.92837846,1243,0.0
MEDICO,MEDICO.NS,Medico Remedies Limited,Healthcare,Drug Manufacturers - Specialty & Generic,2026-06-12,3460432863.311768,42.630001068115234,470405.2246520875,20053375.229365475,1006,0.0
GOACARBON,GOACARBON.NS,Goa Carbon Limited,Basic Materials,Specialty Chemicals,2026-06-12,3446286239.053589,417.8999938964844,83194.72083668543,34767073.32987057,1243,0.0
SHEMAROO,SHEMAROO.NS,Shemaroo Entertainment Limited,Communication Services,Entertainment,2026-06-12,3430972253.973252,130.60000610351562,85975.16344605475,11228356.870805504,1242,0.0
SYSTANGO,SYSTANGO.NS,"SYSTANGO.NS,0P0001QKGD,22800",,,2026-06-20,3430298969.53125,218.60000610351562,51792.722710163114,11321889.500559349,797,0.0
CGRAPHICS,CGRAPHICS.NS,"CGRAPHICS.NS,0P0001SN5H,145600",,,2026-06-20,3424326000.0,145.35000610351562,94545.99627560521,13742261.135722183,537,0.0
TRACXN,TRACXN.NS,Tracxn Technologies Limited,Technology,Software - Application,2026-06-12,3343720935.559965,30.549999237060547,980511.7185430464,29954632.253418993,906,0.0
SHEETAL,SHEETAL.NS,"SHEETAL.NS,0P0001S0OQ,56000",,,2026-06-20,3322240000.0,291.0,36802.26904376013,10709460.291734196,617,0.0
AUTOIND,AUTOIND.NS,Autoline Industries Limited,Consumer Cyclical,Auto Parts,2026-06-12,3312404273.0,79.06999969482422,154514.70796460178,12217477.911606915,1243,0.0
VPRPL,VPRPL.NS,Vishnu Prakash R Punglia Limited,Industrials,Engineering & Construction,2026-06-12,3308732231.472588,31.469999313354492,1777652.6342525398,55942727.17931023,689,0.0
COASTCORP,COASTCORP.NS,Coastal Corporation Limited,Consumer Defensive,Packaged Foods,2026-06-12,3288581890.800857,51.849998474121094,226742.2885443583,11756587.315043703,1161,0.0
HPAL,HPAL.NS,HP Adhesives Limited,Basic Materials,Specialty Chemicals,2026-06-12,3242259482.263832,36.33000183105469,360638.0821299639,13101982.184129639,1108,0.0
RUCHIRA,RUCHIRA.NS,Ruchira Papers Limited,Basic Materials,Paper & Paper Products,2026-06-12,3205052920.934067,110.5199966430664,150712.49959774737,16656744.949611187,1243,0.0
MUTHOOTCAP,MUTHOOTCAP.NS,Muthoot Capital Services Limited,Financial Services,Credit Services,2026-06-12,3191479192.893448,205.52000427246094,54410.35317779565,11182416.017566672,1243,0.0
SPENCERS,SPENCERS.NS,Spencer's Retail Limited,Consumer Cyclical,Department Stores,2026-06-12,3134218125.910515,37.06999969482422,442806.6004823151,16414840.544745572,1244,0.0
AARTISURF,AARTISURF.NS,Aarti Surfactants Limited,Basic Materials,Specialty Chemicals,2026-06-12,3072370038.5824585,386.70001220703125,28049.8115942029,10846862.485883188,1242,0.0
RPPINFRA,RPPINFRA.NS,R.P.P. Infra Projects Limited,Industrials,Engineering & Construction,2026-06-12,3013336259.558632,63.900001525878906,193708.49557522123,12377973.162832344,1243,0.0
UNIVASTU,UNIVASTU.NS,Univastu India Limited,Industrials,Engineering & Construction,2026-06-12,2928963188.3354187,89.12000274658203,218340.4778761062,19458503.98800862,1243,0.0
ESFL,ESFL.NS,"ESFL.NS,0P0001R76T,10200",,,2026-06-20,2921071066.098633,119.30000305175781,113608.75346260388,13553524.634795044,722,0.0
DYNPRO,DYNPRO.NS,Dynemic Products Limited,Basic Materials,Specialty Chemicals,2026-06-12,2901406907.221573,232.1999969482422,46035.59935639582,10689466.03006561,1243,0.0
GSMFOILS,GSMFOILS.NS,"GSMFOILS.NS,0P0001T1S3,16000",,,2026-06-20,2857573118.2207184,202.9499969482422,59598.337972167,12095482.509571599,503,0.0
VETO,VETO.NS,Veto Switchgears and Cables Limited,Industrials,Electrical Equipment & Parts,2026-06-12,2802826091.614746,131.74000549316406,182308.95578778136,24017382.836935323,1244,0.0
UFO,UFO.NS,UFO Moviez India Limited,Communication Services,Entertainment,2026-06-12,2794662504.0,73.38999938964844,301378.44086886564,22118163.591419246,1243,0.0
SHANKARA,SHANKARA.NS,Shankara Building Products Limited,Consumer Cyclical,Home Improvement Retail,2026-06-12,2705012389.30307,121.80999755859375,135654.35265700484,16524056.365962375,1242,0.0
CORDSCABLE,CORDSCABLE.NS,Cords Cable Industries Limited,Industrials,Electrical Equipment & Parts,2026-06-12,2703198876.904907,217.82000732421875,98415.6838294449,21436904.972547684,1243,0.0
PONNIERODE,PONNIERODE.NS,Ponni Sugars (Erode) Limited,Consumer Defensive,Confectioners,2026-06-12,2690444939.7194214,315.20001220703125,52501.83494363929,16548579.015126644,1242,0.0
TRANSTEEL,TRANSTEEL.NS,"TRANSTEEL.NS,0P0001RSSZ,92000",,,2026-06-20,2639450782.879257,118.6500015258789,112128.3255086072,13304025.99269049,639,0.0
KCPSUGIND,KCPSUGIND.NS,K.C.P. Sugar and Industries Corporation Limited,Consumer Defensive,Confectioners,2026-06-12,2571357532.5,21.969999313354492,560113.6621078037,12305696.771908918,1243,0.0
RBMINFRA,RBMINFRA.NS,"RBMINFRA.NS,0P0001Q9NO,69800",,,2026-06-20,2545805651.5197754,305.0,37852.307692307695,11544953.846153848,845,0.0
BPL,BPL.NS,BPL Limited,Technology,Consumer Electronics,2026-06-12,2522251176.5,54.439998626708984,237782.75884244373,12944893.064837711,1244,0.0
LYKALABS,LYKALABS.NS,Lyka Labs Limited,Healthcare,Biotechnology,2026-06-12,2506151843.5668945,67.37999725341797,164401.02979066022,11077340.935753772,1242,0.0
JAYSREETEA,JAYSREETEA.NS,Jay Shree Tea & Industries Limited,Consumer Defensive,Farm Products,2026-06-12,2503678121.4729004,88.45999908447266,169910.80998389694,15030310.09561753,1242,0.0
NOVAAGRI,NOVAAGRI.NS,Nova Agritech Limited,Basic Materials,Agricultural Inputs,2026-06-12,2467443060.5940666,25.850000381469727,603125.8234295415,15590802.765727893,589,0.0
TRF,TRF.NS,TRF Limited,Industrials,Specialty Industrial Machinery,2026-06-12,2453983876.0,233.8000030517578,72204.45900321544,16881402.73530229,1244,0.0
KMSUGAR,KMSUGAR.NS,K.M. Sugar Mills Limited,Consumer Defensive,Confectioners,2026-06-12,2429724475.661888,27.149999618530273,559817.6133440514,15199047.988737524,1244,0.0
INTENTECH,INTENTECH.NS,Intense Technologies Limited,Technology,Software - Infrastructure,2026-06-12,2368334229.8389664,101.41000366210938,140005.5185185185,14197960.145678485,1242,0.0
ANNAPURNA,ANNAPURNA.NS,"ANNAPURNA.NS,0P0001PQ2X,67000",,,2026-06-20,2322759553.68042,136.0500030517578,102174.9726177437,13900905.3364573,913,0.0
NURECA,NURECA.NS,Nureca Limited,Healthcare,Medical Devices,2026-06-12,2318149503.825928,237.0500030517578,79762.94609814964,18907806.615983564,1243,0.0
VIPCLOTHNG,VIPCLOTHNG.NS,VIP Clothing Limited,Consumer Cyclical,Apparel Manufacturing,2026-06-12,2316328707.063366,24.989999771118164,402451.77312952536,10057269.718392938,1243,0.0
STARPAPER,STARPAPER.NS,Star Paper Mills Limited,Basic Materials,Paper & Paper Products,2026-06-12,2120313015.886688,137.22000122070312,92008.79340836013,12625446.743810598,1244,0.0
GSLSU,GSLSU.NS,Global Surfaces Limited,Basic Materials,Building Materials,2026-06-12,2060603945.8913343,46.81999969482422,329427.57393483707,15423798.911095755,798,0.0
BHARATGEAR,BHARATGEAR.NS,Bharat Gears Limited,Consumer Cyclical,Auto Parts,2026-06-12,1702722372.2480164,137.0500030517578,118067.0884244373,16181094.828881292,1244,0.0
TRIGYN,TRIGYN.NS,Trigyn Technologies Limited,Technology,Information Technology Services,2026-06-12,1662737549.6871643,57.0,193804.06999195495,11046831.989541432,1243,0.0
OLIL,OLIL.NS,"OLIL.NS,0P0001RNW4,3600",,,2026-06-20,1531434853.9916992,449.0,31741.24809741248,14251820.395738203,657,0.0
