Date,Portfolio_Return,Portfolio_Value,Drawdown
2020-01-02 00:00:00+05:30,0.019982176004346448,1019982.1760043463,0.0
2020-01-03 00:00:00+05:30,-0.005156541684273554,1014722.595396564,-0.005156541684273486
2020-01-06 00:00:00+05:30,-0.019019590789825604,995422.9868669315,-0.024078057161373567
2020-01-07 00:00:00+05:30,0.006069300083421006,1001464.5076841624,-0.018154894032290536
2020-01-08 00:00:00+05:30,0.0012805583872482046,1002746.9414590087,-0.016897584046864922
2020-01-09 00:00:00+05:30,0.01744893481746178,1020243.8074789362,0.0
2020-01-10 00:00:00+05:30,0.002732591306802687,1023031.7168380723,0.0
2020-01-13 00:00:00+05:30,0.0056237264327983864,1028784.9673456455,0.0
2020-01-14 00:00:00+05:30,0.0036411399323181062,1032530.9173720164,0.0
2020-01-15 00:00:00+05:30,0.003494702572747142,1036139.3058253974,0.0
2020-01-16 00:00:00+05:30,0.004298873790986856,1040593.5379310214,0.0
2020-01-17 00:00:00+05:30,-0.00389379628171575,1036541.6786822481,-0.0038937962817158223
2020-01-20 00:00:00+05:30,-0.0038523432701989485,1032548.564322096,-0.007731139312013302
2020-01-21 00:00:00+05:30,-0.006631650964356335,1025701.0626397645,-0.014311520058895577
2020-01-22 00:00:00+05:30,-0.004299734905656154,1021290.8199779636,-0.01854971922220161
2020-01-23 00:00:00+05:30,0.010263867858687091,1031773.2139995075,-0.00847624323042706
2020-01-24 00:00:00+05:30,0.007534509519966678,1039547.1191028333,-0.0010055980457736036
2020-01-27 00:00:00+05:30,-0.0072200969735835155,1032041.4880943017,-0.0082184345039501
2020-01-28 00:00:00+05:30,-0.008327626979299632,1023447.0315542909,-0.016477621426347122
2020-01-29 00:00:00+05:30,0.008593804956621424,1032242.3357269018,-0.00802542193441258
2020-01-30 00:00:00+05:30,-0.008863514191829524,1023093.0411347792,-0.01681780268503097
2020-01-31 00:00:00+05:30,-0.009563911914681268,1013308.2694088427,-0.026220870616234238
2020-02-03 00:00:00+05:30,-0.01645005581431625,996639.2918199591,-0.042239591645413466
2020-02-04 00:00:00+05:30,0.01739560057172615,1013976.4308545472,-0.025578774138263594
2020-02-05 00:00:00+05:30,0.010389467182796756,1024511.1057070397,-0.015455056789952626
2020-02-06 00:00:00+05:30,0.0075315971252421276,1032227.3106055615,-0.008039860926000175
2020-02-07 00:00:00+05:30,0.002561616428673113,1034871.4810425336,-0.005498839537159461
2020-02-10 00:00:00+05:30,-0.014890905821039505,1019461.3072814496,-0.020307862656526177
2020-02-11 00:00:00+05:30,0.0005592435018052228,1020031.4343928884,-0.019759976194947293
2020-02-12 00:00:00+05:30,-0.004318517433380116,1015626.410860867,-0.023993159826646404
2020-02-13 00:00:00+05:30,0.0014848294619707637,1017134.4428780689,-0.022543956115271935
2020-02-14 00:00:00+05:30,-0.007845185877063622,1009154.834111727,-0.03021228046620683
2020-02-17 00:00:00+05:30,-0.008580817945366132,1000495.4602015279,-0.0385338523331783
2020-02-18 00:00:00+05:30,-0.006826831697514608,993665.2460806046,-0.04509761990615746
2020-02-19 00:00:00+05:30,0.010915345283772828,1004511.4453380594,-0.03467453071513671
2020-02-20 00:00:00+05:30,0.002933106761075431,1007457.7846499581,-0.03184312805453904
2020-02-24 00:00:00+05:30,-0.027274731098293602,979979.644480748,-0.058249346397816426
2020-02-25 00:00:00+05:30,0.0014009139524043081,981352.5116377732,-0.05693003476749936
2020-02-26 00:00:00+05:30,-0.00901550933036869,972505.1189127222,-0.06543229083824331
2020-02-27 00:00:00+05:30,-0.009542441750117547,963225.0454638064,-0.07435034876446023
2020-02-28 00:00:00+05:30,-0.03537472625689504,929151.2231567389,-0.10709495178670791
2020-03-02 00:00:00+05:30,-0.009081086949296008,920713.520110208,-0.11520350016699799
2020-03-03 00:00:00+05:30,0.014949166116149944,934477.4194677207,-0.10197653031200637
2020-03-04 00:00:00+05:30,-0.00819614196537617,926818.3098743248,-0.10933685815780891
2020-03-05 00:00:00+05:30,-0.0017573965432041943,925189.5225803733,-0.11090210648444176
2020-03-06 00:00:00+05:30,-0.0237509326798294,903215.4085134834,-0.13201901069910793
2020-03-09 00:00:00+05:30,-0.04324768115414369,864153.4365125826,-0.16955717577225105
2020-03-11 00:00:00+05:30,-0.005251847153973735,859615.0347464373,-0.17391853455520956
2020-03-12 00:00:00+05:30,-0.08055036046567804,790372.7338358953,-0.24045969437080306
2020-03-13 00:00:00+05:30,0.025867878390195758,810817.9995976889,-0.22081199811233487
2020-03-16 00:00:00+05:30,-0.04220092431248962,776600.7305654625,-0.25369445200519625
2020-03-17 00:00:00+05:30,-0.01523580919873068,764768.5900109723,-0.26506502093839923
2020-03-18 00:00:00+05:30,-0.03864030125311572,735217.7013040278,-0.2934631299307917
2020-03-19 00:00:00+05:30,-0.02330781514087715,718081.383033733,-0.3099309606885787
2020-03-20 00:00:00+05:30,0.02949291515541706,739259.6963382316,-0.2895788130607867
2020-03-23 00:00:00+05:30,-0.09303200840352696,670484.8820561044,-0.35567072289415924
2020-03-24 00:00:00+05:30,-0.004287550237269833,667610.1444409589,-0.3584333170390943
2020-03-25 00:00:00+05:30,0.0240480573131157,683664.8714572925,-0.3430048846770649
2020-03-26 00:00:00+05:30,0.027976178818806013,702791.2021533177,-0.3246246718477084
2020-03-27 00:00:00+05:30,-0.002854244960793773,700785.2639060814,-0.3265523584747315
2020-03-30 00:00:00+05:30,-0.017938606424352084,688214.1528688845,-0.3386330706634615
2020-03-31 00:00:00+05:30,0.02654209615665293,706480.7990907,-0.3210790060301806
2020-04-01 00:00:00+05:30,-0.01209199996866844,697938.0332902304,-0.329288518667992
2020-04-03 00:00:00+05:30,-0.0037972411532818627,695287.7942677801,-0.3318353719068845
2020-04-07 00:00:00+05:30,0.05537142092055237,733786.867385104,-0.29483814704051625
2020-04-08 00:00:00+05:30,0.00958260649685664,740818.4581878165,-0.28808085848701115
2020-04-09 00:00:00+05:30,0.03326425654382306,765461.2334333755,-0.26439939752526487
2020-04-13 00:00:00+05:30,-0.004728614163348166,761841.6626034685,-0.26787776895269433
2020-04-15 00:00:00+05:30,0.006631474697929939,766893.7963128523,-0.26302271890171214
2020-04-16 00:00:00+05:30,0.015940564755470548,779118.5165335458,-0.25127488482905436
2020-04-17 00:00:00+05:30,0.01796236670111923,793113.3290311533,-0.23782600975201618
2020-04-20 00:00:00+05:30,0.005877378606796737,797774.7563439665,-0.23334642464707567
2020-04-21 00:00:00+05:30,-0.03062979220458721,773339.0813310856,-0.25682886435303953
2020-04-22 00:00:00+05:30,0.007497930493285643,779137.5240106476,-0.2512566188333424
2020-04-23 00:00:00+05:30,0.00509062153544986,783103.8182694532,-0.2474450496526499
2020-04-24 00:00:00+05:30,-0.0148003799050592,771513.5842539627,-0.2585831488172238
2020-04-27 00:00:00+05:30,0.012441652341119795,781112.4880457018,-0.24935869811495992
2020-04-28 00:00:00+05:30,0.0029244886826341075,783396.8426768556,-0.24716345612287938
2020-04-29 00:00:00+05:30,0.01262201552701049,793284.8897889339,-0.23766114157676144
2020-04-30 00:00:00+05:30,0.021470833299719556,810317.3774167785,-0.22129309102965755
2020-05-04 00:00:00+05:30,-0.04180115482326,776445.1752674017,-0.25384393909346903
2020-05-05 00:00:00+05:30,-0.0050934294838275804,772490.406519119,-0.2576444323736271
2020-05-06 00:00:00+05:30,0.0005539995750779814,772918.3658760826,-0.25723316770460514
2020-05-07 00:00:00+05:30,-0.00024051655440832868,772732.466213883,-0.25741181542383773
2020-05-08 00:00:00+05:30,-0.006238007238462161,767912.1554962462,-0.2620440858944203
2020-05-11 00:00:00+05:30,0.0039920969228951645,770977.7352492566,-0.25909809436048703
2020-05-12 00:00:00+05:30,-0.004108857443526938,767809.8976429842,-0.26214235467039726
2020-05-13 00:00:00+05:30,0.027307969403417592,788777.2268354599,-0.24199296066765874
2020-05-14 00:00:00+05:30,-0.0024351861547115806,786856.4074535184,-0.24383884891501484
2020-05-15 00:00:00+05:30,-9.663474310523945e-05,786780.3697867234,-0.243911920353596
2020-05-18 00:00:00+05:30,-0.02790841114020088,764822.5797496762,-0.2650131373385729
2020-05-19 00:00:00+05:30,0.008378447193077102,771230.6053461817,-0.2588550887221589
2020-05-20 00:00:00+05:30,0.008073168446429494,777456.8799341832,-0.25287170101019885
2020-05-21 00:00:00+05:30,-0.00016524286314878548,777328.4107333682,-0.2529951586294633
2020-05-22 00:00:00+05:30,-0.013731168750374717,766654.7831511277,-0.263252408163669
2020-05-26 00:00:00+05:30,0.01716265162999953,779812.6121148235,-0.2506078659057409
2020-05-27 00:00:00+05:30,0.010919390021668496,788327.6901703214,-0.24242496091439514
2020-05-28 00:00:00+05:30,0.014623253217238745,799855.6056018429,-0.2313467492867869
2020-05-29 00:00:00+05:30,0.011358800476056604,808941.0058355295,-0.22261577037666325
2020-06-01 00:00:00+05:30,0.023152948133945722,827670.3749870613,-0.20461703362804695
2020-06-02 00:00:00+05:30,0.014569013053686958,839728.7154843976,-0.19302908880829384
2020-06-03 00:00:00+05:30,0.0013774695683949967,840885.4162356848,-0.19191751093554732
2020-06-04 00:00:00+05:30,0.0023136501591879905,842830.9309128174,-0.1900478907560863
2020-06-05 00:00:00+05:30,0.02547245733238668,864299.9058389099,-0.16941642021209402
2020-06-08 00:00:00+05:30,0.003810259801867221,867593.1130268855,-0.16625168098593712
2020-06-09 00:00:00+05:30,-0.00655869199912185,861902.837017983,-0.17171997941513595
2020-06-10 00:00:00+05:30,0.0021293147626228483,863738.0994527919,-0.16995631053971905
2020-06-11 00:00:00+05:30,-0.01759517135905953,848540.4795835715,-0.18456107149127865
2020-06-12 00:00:00+05:30,0.010432943502735142,857393.2544668507,-0.17605364322021644
2020-06-15 00:00:00+05:30,-0.007973479394540529,850556.8470193412,-0.18262336251820677
2020-06-16 00:00:00+05:30,0.0012678659124302728,851635.2390522612,-0.1815870385419266
2020-06-17 00:00:00+05:30,-0.002567629962195903,849448.5548956088,-0.18368842018321585
2020-06-18 00:00:00+05:30,0.017631352834530684,864425.4820817554,-0.169295742696553
2020-06-19 00:00:00+05:30,0.01180473713559086,874629.797671037,-0.1594894973016695
2020-06-22 00:00:00+05:30,0.015282421181295955,887996.2586167573,-0.14664446179213098
2020-06-23 00:00:00+05:30,0.0187628569235372,904657.6053658199,-0.13063307392382872
2020-06-24 00:00:00+05:30,-0.009808371509712518,895784.3874833051,-0.13916014771304053
2020-06-25 00:00:00+05:30,0.0005270152202725727,896256.4794895912,-0.13870647200866815
2020-06-26 00:00:00+05:30,0.0007018908143780365,896885.5536798717,-0.13810193799288784
2020-06-29 00:00:00+05:30,-0.01107876371052003,886949.1705552734,-0.14765070296441984
2020-06-30 00:00:00+05:30,-0.00022317831991164956,886751.2227295418,-0.1478409288485102
2020-07-01 00:00:00+05:30,0.005424182757915953,891561.1234224325,-0.14321866230776836
2020-07-02 00:00:00+05:30,0.01160085801087723,901903.9974232743,-0.13327926366283138
2020-07-03 00:00:00+05:30,0.005680321224982703,907027.1018427345,-0.12835601146808273
2020-07-06 00:00:00+05:30,0.01512972474515332,920750.1722300093,-0.11516827784582706
2020-07-07 00:00:00+05:30,-0.001066482434783692,919768.208344502,-0.11611193533524389
2020-07-08 00:00:00+05:30,0.0022565301414486927,921843.6930297777,-0.114117415275661
2020-07-09 00:00:00+05:30,0.008979032149668767,930120.9571864614,-0.10616304706658952
2020-07-10 00:00:00+05:30,-0.007094427218251137,923522.2817515321,-0.11250430827415892
2020-07-13 00:00:00+05:30,0.0022271953156005465,925579.1462513017,-0.11052768202693153
2020-07-14 00:00:00+05:30,-0.017030572568120985,909816.0034335295,-0.12567590488550662
2020-07-15 00:00:00+05:30,-0.005008131963607047,905259.5248257328,-0.13005463533280137
2020-07-16 00:00:00+05:30,0.0018565987057809234,906940.2284879202,-0.12843949589465997
2020-07-17 00:00:00+05:30,0.013132982035580968,918851.0582159978,-0.11699330745132275
2020-07-20 00:00:00+05:30,0.00489115440864687,923345.3006202809,-0.1126743853741985
2020-07-21 00:00:00+05:30,0.004037146576519106,927072.9809396251,-0.10909212180685424
2020-07-22 00:00:00+05:30,-0.003933218585692942,923426.6002606995,-0.1125962572315038
2020-07-23 00:00:00+05:30,0.0058472315382760934,928826.089401027,-0.10740740207960364
2020-07-24 00:00:00+05:30,-0.00729383259397459,922051.3873960199,-0.11391782306345577
2020-07-27 00:00:00+05:30,-0.005165046467113951,917288.9491350525,-0.11849447868101459
2020-07-28 00:00:00+05:30,0.012095158680868107,928383.7045310478,-0.10783252952259992
2020-07-29 00:00:00+05:30,0.0069051871159910875,934794.3677262716,-0.10167194620015307
2020-07-30 00:00:00+05:30,-0.0039020238249615263,931146.7778319638,-0.1051772436687115
2020-07-31 00:00:00+05:30,0.008971175357123003,939500.2588591146,-0.0971496318081192
2020-08-03 00:00:00+05:30,0.005607174952189259,944768.2011781648,-0.09208719183801872
2020-08-04 00:00:00+05:30,0.008693060038576925,952981.1278735448,-0.08419465128687376
2020-08-05 00:00:00+05:30,0.012586705844081754,964976.0210050504,-0.07266767875218494
2020-08-06 00:00:00+05:30,0.004896824185088939,969701.3389227388,-0.06812669541388394
2020-08-07 00:00:00+05:30,0.007996875836263889,977455.9201283628,-0.0606746203019799
2020-08-10 00:00:00+05:30,0.01672986700024177,993808.6276707093,-0.044959831629680425
2020-08-11 00:00:00+05:30,0.00465771473988287,998437.5047644341,-0.040511526960281596
2020-08-12 00:00:00+05:30,0.0035642517943391743,1001996.1874323263,-0.03709166844860201
2020-08-13 00:00:00+05:30,0.013221653240098502,1015244.2335704572,-0.024360428386827615
2020-08-14 00:00:00+05:30,-0.0034398704610349986,1011751.9249206621,-0.027716502129836562
2020-08-17 00:00:00+05:30,0.009557425985729688,1021421.6690590108,-0.01842397456179612
2020-08-18 00:00:00+05:30,0.011528172234273514,1033196.7939837421,-0.007108197079510936
2020-08-19 00:00:00+05:30,0.008176738845090433,1041644.9743437318,0.0
2020-08-20 00:00:00+05:30,0.005497506998916299,1047371.4248805724,0.0
2020-08-21 00:00:00+05:30,0.01119344239117748,1059095.1165871385,0.0
2020-08-24 00:00:00+05:30,0.006093267515999952,1065548.466457393,0.0
2020-08-25 00:00:00+05:30,-0.002592070293846515,1062786.489930835,-0.00259207029384656
2020-08-26 00:00:00+05:30,0.00444394423733375,1067509.4538282794,0.0
2020-08-27 00:00:00+05:30,-0.0014242667722845683,1065989.0355840921,-0.001424266772284577
2020-08-28 00:00:00+05:30,0.002062109925438042,1068187.2221547784,0.0
2020-08-31 00:00:00+05:30,-0.030111991917617004,1036021.9771547519,-0.030111991917617043
2020-09-01 00:00:00+05:30,0.00989159564102224,1046269.887627979,-0.02051825192458967
2020-09-02 00:00:00+05:30,0.012267699511103843,1059105.2122169153,-0.008502264162589923
2020-09-03 00:00:00+05:30,0.00847429826145673,1068080.385675505,-0.00010001662354464091
2020-09-04 00:00:00+05:30,-0.017927420228009878,1048932.4597642054,-0.01802564381151439
2020-09-07 00:00:00+05:30,-0.0004518970528008652,1048458.4502770506,-0.018469395129002142
2020-09-08 00:00:00+05:30,-0.018191189833464943,1029385.7435755604,-0.03632460468956611
2020-09-09 00:00:00+05:30,-0.006363093169392714,1022835.6661819444,-0.042456561014977856
2020-09-10 00:00:00+05:30,0.004772746629311664,1027717.4016600541,-0.03788644879414249
2020-09-11 00:00:00+05:30,0.004699202599044699,1032546.8539450185,-0.033365282293739806
2020-09-14 00:00:00+05:30,0.014451381669459673,1047468.5826229777,-0.01939607505321639
2020-09-15 00:00:00+05:30,0.00561355680226113,1053348.6070101156,-0.013891399220007483
2020-09-16 00:00:00+05:30,-0.00020528573448274945,1053132.3695676592,-0.014093833248398302
2020-09-17 00:00:00+05:30,-0.004466156313523727,1048428.9157863385,-0.01849704429957788
2020-09-18 00:00:00+05:30,0.002537911146843962,1051089.7352183862,-0.016006077007645447
2020-09-21 00:00:00+05:30,-0.03431189414100016,1015024.8554908809,-0.04976877232874666
2020-09-22 00:00:00+05:30,-0.014047827714685067,1000765.9611948219,-0.06311745690418613
2020-09-23 00:00:00+05:30,-0.007830020338943963,992929.9433641436,-0.07045326627182791
2020-09-24 00:00:00+05:30,-0.022832734718698882,970258.6373730575,-0.09167736025167617
2020-09-25 00:00:00+05:30,0.024147546712042882,993688.0031417866,-0.06974359687874743
2020-09-28 00:00:00+05:30,0.02050815983523095,1014066.71553657,-0.050665749875789534
2020-09-29 00:00:00+05:30,0.0007919961085889193,1014869.8524291244,-0.049913880843941105
2020-09-30 00:00:00+05:30,0.0002251771195082659,1015098.3778991703,-0.049699943188344586
2020-10-01 00:00:00+05:30,0.006567544622430881,1021765.0817921802,-0.043458805160535574
2020-10-05 00:00:00+05:30,0.01024188247104951,1032229.8796729179,-0.03366202266427265
2020-10-06 00:00:00+05:30,0.0025160405564879865,1034827.0119137936,-0.031230677122021322
2020-10-07 00:00:00+05:30,-0.0036788198350377853,1031020.0697765324,-0.03479460492260089
2020-10-08 00:00:00+05:30,0.0026887279308921404,1033792.2022354509,-0.03219943021780858
2020-10-09 00:00:00+05:30,-0.002188647311629316,1031529.595711245,-0.03431760433305564
2020-10-12 00:00:00+05:30,-0.004662166014891134,1026720.4334867657,-0.03881977597931263
2020-10-13 00:00:00+05:30,-0.00593947906277864,1020622.248968744,-0.04452868579544045
2020-10-14 00:00:00+05:30,0.002931136339626944,1023613.831931728,-0.04172806910490434
2020-10-15 00:00:00+05:30,-0.01289672233691721,1010412.5685610768,-0.054086636120919795
2020-10-16 00:00:00+05:30,0.013139469123230274,1023688.8533074089,-0.04165783668297973
2020-10-19 00:00:00+05:30,0.007917159437634203,1031793.5611735724,-0.034070488980191715
2020-10-20 00:00:00+05:30,0.004395568563215225,1036328.880514795,-0.029824679587271086
2020-10-21 00:00:00+05:30,0.0033973425958175843,1039849.6447638439,-0.026528661645822016
2020-10-22 00:00:00+05:30,0.00214698600466908,1042082.1873981119,-0.024438632306429064
2020-10-23 00:00:00+05:30,0.008752466863855387,1051202.9772127278,-0.015900063762033678
2020-10-26 00:00:00+05:30,-0.011268475204562632,1039357.5225290437,-0.026989369492342874
2020-10-27 00:00:00+05:30,0.0012675804592397098,1040674.9918147653,-0.02575600023047897
2020-10-28 00:00:00+05:30,-0.007165274248852812,1033218.2700944899,-0.032736725674126776
2020-10-29 00:00:00+05:30,-0.0032221891384594833,1029889.0454069334,-0.035853430890690485
2020-10-30 00:00:00+05:30,0.0024445462975214234,1032406.6568597407,-0.033496529964906485
2020-11-02 00:00:00+05:30,-0.006013455954843121,1026198.3249012278,-0.03930855601216554
2020-11-03 00:00:00+05:30,0.008827876592162267,1035257.4770725396,-0.030827690501494587
2020-11-04 00:00:00+05:30,0.0002454726508893975,1035511.6044697897,-0.030589785205513476
2020-11-05 00:00:00+05:30,0.018599003029197262,1054771.0879380922,-0.01255972168401609
2020-11-06 00:00:00+05:30,0.0012699589620072031,1056110.6039340852,-0.01130571305312178
2020-11-09 00:00:00+05:30,0.005194844328528084,1061596.9341152308,-0.006169600143927534
2020-11-10 00:00:00+05:30,0.0033510487091828137,1065154.39715097,-0.002839226065343148
2020-11-11 00:00:00+05:30,0.011213852057446183,1077098.8809789591,0.0
2020-11-12 00:00:00+05:30,0.003277963277756813,1080629.5715573214,0.0
2020-11-13 00:00:00+05:30,0.00718351920664192,1088392.2948398686,0.0
2020-11-14 00:00:00+05:30,0.006081927381005504,1095011.8177391307,0.0
2020-11-17 00:00:00+05:30,0.017327981960363753,1113986.1627632994,0.0
2020-11-18 00:00:00+05:30,0.010438348844806957,1125614.3389385107,0.0
2020-11-19 00:00:00+05:30,-0.007600759914485613,1117058.8145919368,-0.0076007599144855
2020-11-20 00:00:00+05:30,0.012142195453199627,1130622.3610514316,0.0
2020-11-23 00:00:00+05:30,0.012264805695031586,1144489.2246241854,0.0
2020-11-24 00:00:00+05:30,0.0033047375764189467,1148271.4611706075,0.0
2020-11-25 00:00:00+05:30,-0.0043979597944147405,1143221.4094513054,-0.0043979597944145965
2020-11-26 00:00:00+05:30,0.0157417360196109,1161217.6990908552,0.0
2020-11-27 00:00:00+05:30,0.016314578203927715,1180162.476054458,0.0
2020-12-01 00:00:00+05:30,0.01844122391108936,1201926.116526844,0.0
2020-12-02 00:00:00+05:30,0.016917757060560194,1222260.0105709876,0.0
2020-12-03 00:00:00+05:30,0.01674470674930545,1242726.3960194017,0.0
2020-12-04 00:00:00+05:30,0.012953955275959782,1258824.618173692,0.0
2020-12-07 00:00:00+05:30,0.006276315656627371,1266725.3988336835,0.0
2020-12-08 00:00:00+05:30,-0.0041512634596653965,1261466.8879720753,-0.004151263459665322
2020-12-09 00:00:00+05:30,-0.0005288033190466699,1260799.820094848,-0.004677871576816317
2020-12-10 00:00:00+05:30,-0.002948737129739447,1257082.0528521657,-0.00761281489294896
2020-12-11 00:00:00+05:30,0.0032458288469983066,1261162.326042357,-0.004391695940137219
2020-12-14 00:00:00+05:30,0.007698341863936312,1270871.184774148,0.0
2020-12-15 00:00:00+05:30,0.002686947514638197,1274285.9489455023,0.0
2020-12-16 00:00:00+05:30,0.009201006899150153,1286010.66275324,0.0
2020-12-17 00:00:00+05:30,-0.002808544786759027,1282398.8442106477,-0.0028085447867590707
2020-12-18 00:00:00+05:30,-0.0032087611485701836,1278283.9326223733,-0.006008293985933499
2020-12-21 00:00:00+05:30,-0.04210887295627326,1224456.8369015325,-0.04786416445406916
2020-12-22 00:00:00+05:30,0.009292437824767023,1235835.0259275509,-0.039016501401525905
2020-12-23 00:00:00+05:30,0.021607656363629834,1262538.5244899308,-0.018251900192691517
2020-12-24 00:00:00+05:30,0.004354425380849749,1268036.1542852705,-0.013976951349289446
2020-12-28 00:00:00+05:30,0.013591765474433387,1285271.0043074184,-0.0005751573196430826
2020-12-29 00:00:00+05:30,-0.0010582182759837013,1283910.9070410682,-0.001632766953639675
2020-12-30 00:00:00+05:30,0.005100917811933906,1290460.03105573,0.0
2020-12-31 00:00:00+05:30,0.002751327680843522,1294010.509460196,0.0
2021-01-01 00:00:00+05:30,0.008719461684599973,1305293.5845169039,0.0
2021-01-04 00:00:00+05:30,0.01842653368171428,1329345.62071653,0.0
2021-01-05 00:00:00+05:30,0.0015127246844026925,1331356.5546510904,0.0
2021-01-06 00:00:00+05:30,0.0009122397248427229,1332571.070988173,0.0
2021-01-07 00:00:00+05:30,0.014685573332165818,1352140.6411714924,0.0
2021-01-08 00:00:00+05:30,0.0038481827361158973,1357343.9254436493,0.0
2021-01-11 00:00:00+05:30,-0.0050046665164379285,1350550.871748691,-0.005004666516437939
2021-01-12 00:00:00+05:30,0.004435453136893641,1356541.176849323,-0.0005914113433438395
2021-01-13 00:00:00+05:30,-0.002384834769442076,1353306.0502845931,-0.0029748356944511167
2021-01-14 00:00:00+05:30,-0.003607225464898678,1348424.370238205,-0.006571330256278984
2021-01-15 00:00:00+05:30,-0.0042440659439745895,1342701.5682904518,-0.010787507041306155
2021-01-18 00:00:00+05:30,-0.017499857610320028,1319204.4820322155,-0.02809858481443306
2021-01-19 00:00:00+05:30,0.016879885676474284,1341472.5028728119,-0.011693000037297008
2021-01-20 00:00:00+05:30,0.008789283901238608,1353263.0855462663,-0.0030064892330432524
2021-01-21 00:00:00+05:30,-0.00898701028502677,1341101.296278115,-0.011966480168410842
2021-01-22 00:00:00+05:30,-0.015412062086928722,1320432.159835016,-0.02719411412002215
2021-01-25 00:00:00+05:30,-0.009502581933160822,1307884.6450490032,-0.036438281755657664
2021-01-27 00:00:00+05:30,-0.007744747142596469,1297755.4091814142,-0.0439008236197459
2021-01-28 00:00:00+05:30,-0.0019049752935861863,1295283.2171898056,-0.04572216892896841
2021-01-29 00:00:00+05:30,-0.004006807260050296,1290093.2669913482,-0.049545776270608854
2021-02-01 00:00:00+05:30,0.030077996002112486,1328896.6871182665,-0.020958017929085138
2021-02-02 00:00:00+05:30,0.01568791961850417,1349744.3115270743,-0.005598886011215609
2021-02-03 00:00:00+05:30,0.009026871411193987,1361928.27986522,0.0
2021-02-04 00:00:00+05:30,0.011387484421314067,1377437.2169351322,0.0
2021-02-05 00:00:00+05:30,0.0008316694077081221,1378582.7893294957,0.0
2021-02-08 00:00:00+05:30,0.012065303596680748,1395215.809215915,0.0
2021-02-09 00:00:00+05:30,-0.003819268276543092,1389887.1057368454,-0.0038192682765428865
2021-02-10 00:00:00+05:30,0.00023700819416776794,1390216.5203698734,-0.003583165280252265
2021-02-11 00:00:00+05:30,0.010317779355441165,1404560.467683339,0.0
2021-02-12 00:00:00+05:30,0.002097213425053988,1407506.1307524648,0.0
2021-02-15 00:00:00+05:30,0.012850879001839966,1425593.8217331127,0.0
2021-02-16 00:00:00+05:30,0.01002497046759673,1439885.3576947756,0.0
2021-02-17 00:00:00+05:30,0.007204153896440078,1450258.5134048394,0.0
2021-02-18 00:00:00+05:30,0.01157896947562948,1467051.0124633256,0.0
2021-02-19 00:00:00+05:30,-0.014239197942386872,1446161.3827052813,-0.014239197942386927
2021-02-22 00:00:00+05:30,-0.0011830391337922619,1444450.5171957617,-0.015405391547779534
2021-02-23 00:00:00+05:30,0.016646000761779876,1468494.8416053557,0.0
2021-02-24 00:00:00+05:30,0.009104649468025717,1481864.9723837767,0.0
2021-02-25 00:00:00+05:30,0.016713070260009476,1506631.4857830738,0.0
2021-02-26 00:00:00+05:30,-0.014011180064108047,1485521.8007455124,-0.014011180064108175
2021-03-01 00:00:00+05:30,0.012287077654749854,1503774.5224690964,-0.0018962588668406388
2021-03-02 00:00:00+05:30,0.010839667010142945,1520074.937550998,0.0
2021-03-03 00:00:00+05:30,0.010435185262543672,1535937.2011372922,0.0
2021-03-04 00:00:00+05:30,0.002731163320289068,1540132.0964833058,0.0
2021-03-05 00:00:00+05:30,-0.016255002067999104,1515097.2460699778,-0.016255002067999125
2021-03-08 00:00:00+05:30,0.004100531758826366,1521309.9504451982,-0.012221124461392341
2021-03-09 00:00:00+05:30,-0.0068629822522875365,1510869.2272550643,-0.0190002333533984
2021-03-10 00:00:00+05:30,0.005177924877257643,1518692.3946131514,-0.01392069025709497
2021-03-12 00:00:00+05:30,-0.004617116140492275,1511680.41544554,-0.018473532953914407
2021-03-15 00:00:00+05:30,0.003534205513708137,1517023.0047047723,-0.015004616702229745
2021-03-16 00:00:00+05:30,0.004039771147732843,1523151.4304696259,-0.011025460772133178
2021-03-17 00:00:00+05:30,-0.01741110307216133,1496631.6839192093,-0.028244598410372745
2021-03-18 00:00:00+05:30,-0.007247403948354723,1485784.9895439404,-0.035287302344688465
2021-03-19 00:00:00+05:30,0.010573507939559716,1501494.948927362,-0.025086904976635904
2021-03-22 00:00:00+05:30,0.008496141984189317,1514251.863201992,-0.01680390489907202
2021-03-23 00:00:00+05:30,0.008711447750178472,1527443.1891888864,-0.008238843488420855
2021-03-24 00:00:00+05:30,-0.012802808076166506,1507887.6271904532,-0.02093617123263558
2021-03-25 00:00:00+05:30,-0.013471676447962468,1487573.8529570578,-0.034125802355692736
2021-03-26 00:00:00+05:30,0.01375893248115238,1508041.2811606217,-0.020836404485017446
2021-03-30 00:00:00+05:30,0.011603655089329857,1525540.0720476806,-0.009474527846633496
2021-03-31 00:00:00+05:30,0.00020243277251260966,1525848.8913540442,-0.009274013029061279
2021-04-01 00:00:00+05:30,0.02640788973489789,1566143.340629038,0.0
2021-04-05 00:00:00+05:30,-0.003949003138537866,1559958.6356614935,-0.003949003138537965
2021-04-06 00:00:00+05:30,0.015404838262960987,1583989.5461407683,0.0
2021-04-07 00:00:00+05:30,0.011917876413164535,1602867.3377914184,0.0
2021-04-08 00:00:00+05:30,0.011661952282505954,1621559.9001999293,0.0
2021-04-09 00:00:00+05:30,0.0009040274062079758,1623025.8347905178,0.0
2021-04-12 00:00:00+05:30,-0.043556233531511564,1552332.9425027054,-0.04355623353151161
2021-04-13 00:00:00+05:30,0.014661857554406067,1575093.0269826918,-0.029532991268751196
2021-04-15 00:00:00+05:30,0.001808228911217878,1577941.1557319397,-0.027778164766180113
2021-04-16 00:00:00+05:30,0.009209383899128145,1592473.0216053089,-0.01882460065039715
2021-04-19 00:00:00+05:30,-0.020586422977616134,1559689.6984020995,-0.039023492436639495
2021-04-20 00:00:00+05:30,0.004959081651692094,1567424.3269677786,-0.034257931470274894
2021-04-22 00:00:00+05:30,0.009514226681417031,1582337.1573205173,-0.02506964251450261
2021-04-23 00:00:00+05:30,-0.0005348066028764077,1581490.9129608057,-0.025591041707030526
2021-04-26 00:00:00+05:30,0.013664743587172753,1603101.580771859,-0.012275993142912833
2021-04-27 00:00:00+05:30,0.016590256874651287,1629697.4477930234,0.0
2021-04-28 00:00:00+05:30,0.007821201855450627,1642443.6404955257,0.0
2021-04-29 00:00:00+05:30,0.006945168941344558,1653850.689055404,0.0
2021-04-30 00:00:00+05:30,-0.0026186315584242497,1649519.8634481218,-0.0026186315584242337
2021-05-03 00:00:00+05:30,0.018478028884952345,1679999.739131219,0.0
2021-05-04 00:00:00+05:30,-0.0027998990047250812,1675295.909533687,-0.002799899004725215
2021-05-05 00:00:00+05:30,0.008668123977855387,1689817.582177119,0.0
2021-05-06 00:00:00+05:30,0.013854543627865276,1713229.2335925256,0.0
2021-05-07 00:00:00+05:30,0.01229057625711977,1734285.8081339214,0.0
2021-05-10 00:00:00+05:30,0.01734725971115327,1764370.9144609878,0.0
2021-05-11 00:00:00+05:30,0.0017410305222401612,1767442.738075617,0.0
2021-05-12 00:00:00+05:30,-0.009120089125321177,1751323.5027804656,-0.009120089125321251
2021-05-14 00:00:00+05:30,-0.014597692622533803,1725758.2206042572,-0.023584649490113407
2021-05-17 00:00:00+05:30,0.012644096659943411,1747578.8743572696,-0.011238759418013777
2021-05-18 00:00:00+05:30,0.013192226517724089,1770633.33072538,0.0
2021-05-19 00:00:00+05:30,-0.0005911102725019608,1769586.6911747537,-0.0005911102725020267
2021-05-20 00:00:00+05:30,-0.01099601628206166,1750128.2871060765,-0.011580626696382823
2021-05-21 00:00:00+05:30,0.006811164054465523,1762048.6979859164,-0.004848340190199973
2021-05-24 00:00:00+05:30,0.00837114344008169,1776799.0603851657,0.0
2021-05-25 00:00:00+05:30,0.004832464022166404,1785385.3779190963,0.0
2021-05-26 00:00:00+05:30,0.003944257080023506,1792427.396836524,0.0
2021-05-27 00:00:00+05:30,0.006506874276288092,1804090.4965571137,0.0
2021-05-28 00:00:00+05:30,-0.001258195605247962,1801820.597822876,-0.0012581956052479804
2021-05-31 00:00:00+05:30,0.00492820337937448,1810700.336182093,0.0
2021-06-01 00:00:00+05:30,-0.003689222610692392,1804020.2595606619,-0.0036892226106922665
2021-06-02 00:00:00+05:30,0.014184538335487733,1829609.4540903964,0.0
2021-06-03 00:00:00+05:30,0.005822640714464908,1840262.6125893528,0.0
2021-06-04 00:00:00+05:30,0.008226003229608354,1855400.6187838404,0.0
2021-06-07 00:00:00+05:30,0.00963645767937767,1873280.1083250423,0.0
2021-06-08 00:00:00+05:30,0.0020831043672189958,1877182.3462997186,0.0
2021-06-09 00:00:00+05:30,-0.006445763016088234,1865082.473757486,-0.006445763016088235
2021-06-10 00:00:00+05:30,0.00855060608514581,1881030.0593068958,0.0
2021-06-11 00:00:00+05:30,0.0056316751535080084,1891623.409554896,0.0
2021-06-14 00:00:00+05:30,-0.0029769865502934593,1885992.072106431,-0.0029769865502933257
2021-06-15 00:00:00+05:30,-0.0008035951433573365,1884476.4980368759,-0.003778189401717036
2021-06-16 00:00:00+05:30,-0.012851009237458182,1860259.073152831,-0.01658064509227286
2021-06-17 00:00:00+05:30,-0.011515042185397967,1838838.1114497068,-0.027904760449972255
2021-06-18 00:00:00+05:30,-0.00902915139042904,1822234.9637589369,-0.03668195553378484
2021-06-21 00:00:00+05:30,0.010665441475827646,1841669.9041201146,-0.026407743307921727
2021-06-22 00:00:00+05:30,0.005952997454662521,1852633.3603716702,-0.02061195108195457
2021-06-23 00:00:00+05:30,-0.006193343489927191,1841159.3656099904,-0.026677637678833688
2021-06-24 00:00:00+05:30,-0.0031377505462515266,1835382.2668048115,-0.029731680452885767
2021-06-25 00:00:00+05:30,0.011313536496289543,1856146.9310649505,-0.018754514408495848
2021-06-28 00:00:00+05:30,0.001293187644179568,1858547.2773419856,-0.017485579870621937
2021-06-29 00:00:00+05:30,-0.0034168337557955045,1852196.9302680218,-0.020842668306875756
2021-06-30 00:00:00+05:30,0.000516195701808535,1853153.0263623288,-0.02033723150086164
2021-07-01 00:00:00+05:30,0.0005597568663713504,1854190.341493272,-0.01978885853946588
2021-07-02 00:00:00+05:30,0.0029322851364259736,1859627.3562717373,-0.01691459997880207
2021-07-05 00:00:00+05:30,0.009338854154590357,1876994.1449338454,-0.007733708806497042
2021-07-06 00:00:00+05:30,-0.0027013436448289426,1871923.7387290471,-0.01041416104619064
2021-07-07 00:00:00+05:30,0.010056620214216381,1890748.964839421,-0.0004622720944654768
2021-07-08 00:00:00+05:30,-0.0057588705441732006,1879860.386319381,-0.006218480473490717
2021-07-09 00:00:00+05:30,0.006500795962588269,1892080.9751289955,0.0
2021-07-12 00:00:00+05:30,0.0025768201184391297,1896956.5274514237,0.0
2021-07-13 00:00:00+05:30,0.0037782188244261474,1904123.644312559,0.0
2021-07-14 00:00:00+05:30,-0.002768331852531143,1898852.3981768508,-0.002768331852531114
2021-07-15 00:00:00+05:30,0.00014475266305939322,1899127.2621182436,-0.0026239799128796593
2021-07-16 00:00:00+05:30,0.006454488706215876,1911385.1575832525,0.0
2021-07-19 00:00:00+05:30,-0.0030942951764426786,1905470.7677098187,-0.003094295176442663
2021-07-20 00:00:00+05:30,-0.010194535209349148,1886045.3788780153,-0.013257285484667425
2021-07-22 00:00:00+05:30,0.010145435968001543,1905180.1315021676,-0.0032463504576599744
2021-07-23 00:00:00+05:30,-0.001975604549055693,1901416.2489676015,-0.005215541501983667
2021-07-26 00:00:00+05:30,0.0014186740580373293,1904113.7388735423,-0.003804266597373873
2021-07-27 00:00:00+05:30,-0.0009110673473308926,1902378.9630204504,-0.004711868001627373
2021-07-28 00:00:00+05:30,0.0003633778854012789,1903070.2454652647,-0.004350202304856832
2021-07-29 00:00:00+05:30,0.010863804643811857,1923744.8288354503,0.0
2021-07-30 00:00:00+05:30,-0.0001883646861306234,1923382.4632445716,-0.00018836468613048218
2021-08-02 00:00:00+05:30,0.004715979988294545,1932453.0964510695,0.0
2021-08-03 00:00:00+05:30,0.003685678100389457,1939575.4965086894,0.0
2021-08-04 00:00:00+05:30,-0.010081504994800601,1920021.6564528442,-0.01008150499480065
2021-08-05 00:00:00+05:30,-0.0021398087534979376,1915913.1773054607,-0.012199741255662255
2021-08-06 00:00:00+05:30,0.0010292490490210777,1917885.1291212093,-0.01118304877872689
2021-08-09 00:00:00+05:30,-0.007754322758523072,1903013.2288162317,-0.018850654567595382
2021-08-10 00:00:00+05:30,-0.019049681012603785,1866761.4338445175,-0.037541236623807595
2021-08-11 00:00:00+05:30,0.001778562221977911,1870081.5852081988,-0.03582944382705511
2021-08-12 00:00:00+05:30,0.01265099994750441,1893739.9872444964,-0.023631722171525982
2021-08-13 00:00:00+05:30,0.0009166017048354801,1895475.7925453198,-0.022736781343521195
2021-08-16 00:00:00+05:30,-0.0025930272304398646,1890560.7722006103,-0.025270851480804657
2021-08-17 00:00:00+05:30,-0.0015976038473859751,1887540.4050372255,-0.02682808251863822
2021-08-18 00:00:00+05:30,-0.0033853703917235854,1881150.3816368305,-0.0301226299141365
2021-08-20 00:00:00+05:30,-0.02060087555712204,1842397.0367204973,-0.050102952920944355
2021-08-23 00:00:00+05:30,-0.014512058036635885,1815660.0639970836,-0.06388791399698457
2021-08-24 00:00:00+05:30,0.01910408308669065,1850346.5847168698,-0.04600435092752775
2021-08-25 00:00:00+05:30,0.0064810555969402025,1862338.783806028,-0.03982145208665011
2021-08-26 00:00:00+05:30,0.0007504298453168873,1863736.3384114874,-0.03910090544746281
2021-08-27 00:00:00+05:30,0.010714807521212089,1883705.914547855,-0.02880505660202537
2021-08-30 00:00:00+05:30,0.020288464754535007,1921923.4156030682,-0.009101002223113053
2021-08-31 00:00:00+05:30,0.004848273111229538,1931241.425220779,-0.0042968532562470685
2021-09-01 00:00:00+05:30,0.004921800576903049,1940746.6103815695,0.0
2021-09-02 00:00:00+05:30,0.008059177884344298,1956387.432543073,0.0
2021-09-03 00:00:00+05:30,0.006487304507178156,1969079.1135519962,0.0
2021-09-06 00:00:00+05:30,-0.0010109558897117394,1967088.4614248425,-0.0010109558897116733
2021-09-07 00:00:00+05:30,-0.003122020997325454,1960947.1699446775,-0.004129820661522121
2021-09-08 00:00:00+05:30,0.0021591824361294177,1965181.2126321995,-0.0019795552616295176
2021-09-09 00:00:00+05:30,0.007176061460949603,1979283.4737959516,0.0
2021-09-13 00:00:00+05:30,0.004299671733334047,1987793.7430004873,0.0
2021-09-14 00:00:00+05:30,0.00476048847408999,1997256.612202909,0.0
2021-09-15 00:00:00+05:30,0.00885249759640663,2014937.3215618427,0.0
2021-09-16 00:00:00+05:30,0.0046699633591274275,2024347.0050244748,0.0
2021-09-17 00:00:00+05:30,-0.009466776309135632,2005182.9647558392,-0.009466776309135727
2021-09-20 00:00:00+05:30,-0.026018157296950915,1953011.7989696553,-0.03523862553098056
2021-09-21 00:00:00+05:30,0.0048876270285426494,1962557.3922253624,-0.030523231761031666
2021-09-22 00:00:00+05:30,0.01006926963310564,1982318.9117781243,-0.020761308778601606
2021-09-23 00:00:00+05:30,0.012064157970364238,2006233.920277456,-0.008947618517013978
2021-09-24 00:00:00+05:30,-0.005717907632173108,1994762.460032777,-0.014614364492978926
2021-09-27 00:00:00+05:30,0.0006858945140761156,1996130.6566609985,-0.013938493891335169
2021-09-28 00:00:00+05:30,-9.01428174048535e-05,1995950.719819699,-0.014027380253630262
2021-09-29 00:00:00+05:30,0.009280654941372826,2014474.4497303301,-0.004876908588122841
2021-09-30 00:00:00+05:30,0.0054135107722404,2025379.8288643484,0.0
2021-10-01 00:00:00+05:30,0.002004005654697628,2029438.7014943028,0.0
2021-10-04 00:00:00+05:30,0.015135006317050595,2060154.2690614862,0.0
2021-10-05 00:00:00+05:30,0.0035416946100926784,2067450.7063321804,0.0
2021-10-06 00:00:00+05:30,-0.01333125298770043,2039888.9979264662,-0.013331252987700437
2021-10-07 00:00:00+05:30,0.010587643569984755,2061486.6155588452,-0.002884755972690667
2021-10-08 00:00:00+05:30,0.0020861600275059915,2065787.2065334625,-0.000804614007784088
2021-10-11 00:00:00+05:30,0.012829154746698742,2092289.510279831,0.0
2021-10-12 00:00:00+05:30,0.005961901319731779,2104763.5338724297,0.0
2021-10-13 00:00:00+05:30,0.01554305726899241,2137477.9940170953,0.0
2021-10-14 00:00:00+05:30,0.007903423877037229,2154371.3886316516,0.0
2021-10-18 00:00:00+05:30,0.017767391795767095,2192648.9491670607,0.0
2021-10-19 00:00:00+05:30,-0.01727346044161713,2154774.31428127,-0.01727346044161726
2021-10-20 00:00:00+05:30,-0.01690400719923804,2118349.993759926,-0.03388547694119448
2021-10-21 00:00:00+05:30,-0.00624650993094863,2105117.6994866794,-0.03992032090391506
2021-10-22 00:00:00+05:30,-0.0075438996461688005,2089236.9028183783,-0.047163065655341785
2021-10-25 00:00:00+05:30,-0.010669644610298557,2066945.4875585856,-0.05732949711636559
2021-10-26 00:00:00+05:30,0.02282833442536913,2114130.4103875803,-0.035809899623607255
2021-10-27 00:00:00+05:30,-0.005727823635456126,2102021.0442545256,-0.041332610469616005
2021-10-28 00:00:00+05:30,-0.02065811248265179,2058597.257081414,-0.06113686923598505
2021-10-29 00:00:00+05:30,-0.003313346673394964,2051776.4107078037,-0.06424764826707507
2021-11-01 00:00:00+05:30,0.01479487678823193,2082132.1899012264,-0.05040330751888811
2021-11-02 00:00:00+05:30,0.00025275927726783084,2082658.468128722,-0.05016328814520066
2021-11-03 00:00:00+05:30,0.0019917761455794628,2086806.6575849298,-0.04827142604033263
2021-11-04 00:00:00+05:30,0.0067252270048458185,2100840.906072412,-0.04187083533345559
2021-11-08 00:00:00+05:30,0.008171465346019284,2118007.8547338825,-0.0340415160673726
2021-11-09 00:00:00+05:30,0.0031796106389270855,2124742.2950421255,-0.03097014419509858
2021-11-10 00:00:00+05:30,-0.006495874276556644,2110940.236223449,-0.03726484030863719
2021-11-11 00:00:00+05:30,-0.004673301852516002,2101075.1753069554,-0.04176399231390515
2021-11-12 00:00:00+05:30,0.004923168021588503,2111419.12142098,-0.03704643544373032
2021-11-15 00:00:00+05:30,-0.0028907260934718185,2105315.587072433,-0.039830070439594856
2021-11-16 00:00:00+05:30,-0.0004353238879398957,2104399.092905728,-0.04024805534641407
2021-11-17 00:00:00+05:30,0.0005901026758279783,2105640.904441462,-0.03968170315574282
2021-11-18 00:00:00+05:30,-0.012665905302388395,2078971.056144971,-0.05184500376372314
2021-11-22 00:00:00+05:30,-0.02151646356154652,2034238.9511699176,-0.07224594619093927
2021-11-23 00:00:00+05:30,0.019324307858559597,2073549.2109201986,-0.05431774123810629
2021-11-24 00:00:00+05:30,0.0016671744055390422,2077006.1790932703,-0.052741123980526106
2021-11-25 00:00:00+05:30,0.01350469796105731,2105055.5202051746,-0.0399486789689526
2021-11-26 00:00:00+05:30,-0.03461628964990892,2032186.3085886128,-0.07318209357654082
2021-11-29 00:00:00+05:30,-0.01008037384457208,2011701.1108762189,-0.08252476455913282
2021-11-30 00:00:00+05:30,0.0030920936397981933,2017921.4790863341,-0.07968784521895389
2021-12-01 00:00:00+05:30,0.010494675998326286,2039098.9111994084,-0.07002946733720539
2021-12-02 00:00:00+05:30,0.015284149183082414,2070264.803157241,-0.055815658980116534
2021-12-03 00:00:00+05:30,-0.003910704999597468,2062168.6082410435,-0.05950808540308461
2021-12-06 00:00:00+05:30,-0.01129870388054206,2038868.7757847786,-0.07013442504815914
2021-12-07 00:00:00+05:30,0.017426983635631364,2074400.1085755795,-0.053929672890136504
2021-12-08 00:00:00+05:30,0.015170530429170374,2105869.8585449993,-0.0395772842045814
2021-12-09 00:00:00+05:30,-0.00032259409610990725,2105190.5173614565,-0.03988711090246688
2021-12-10 00:00:00+05:30,0.00702332280008153,2119975.949920557,-0.03314392815781597
2021-12-13 00:00:00+05:30,0.0005803618926089964,2121206.303175139,-0.032582801738080924
2021-12-14 00:00:00+05:30,0.0020415594224838657,2125536.8718904178,-0.030607762041496622
2021-12-15 00:00:00+05:30,-0.005339713898693614,2114187.113113399,-0.03578403924780915
2021-12-16 00:00:00+05:30,-0.007152429200816894,2099065.5394695755,-0.042680525641387024
2021-12-17 00:00:00+05:30,-0.022291939883692564,2052273.296651789,-0.0640210338132775
2021-12-20 00:00:00+05:30,-0.03145193095246061,1987725.3386299184,-0.09345937963073758
2021-12-21 00:00:00+05:30,0.014501538824297406,2016550.4148001,-0.08031314562865
2021-12-22 00:00:00+05:30,0.012934475130524821,2042633.4359897815,-0.06841747888291316
2021-12-23 00:00:00+05:30,0.011725112812720368,2066583.5434617961,-0.05749456872845693
2021-12-24 00:00:00+05:30,-0.008971961340665812,2048042.2358026006,-0.06595069102119289
2021-12-27 00:00:00+05:30,0.0036771178700224986,2055573.1285064316,-0.06251608161566458
2021-12-28 00:00:00+05:30,0.012092027188852298,2080429.1746650056,-0.05118000058544936
2021-12-29 00:00:00+05:30,0.0014296265664258938,2083403.4114826743,-0.049823542307530055
2021-12-30 00:00:00+05:30,-0.003071000133295389,2077005.279328303,-0.05274153433575779
2021-12-31 00:00:00+05:30,0.013289507552095584,2104607.6566736787,-0.040152935802526435
2022-01-03 00:00:00+05:30,0.0064372632606201,2118155.570220004,-0.033974147560353996
2022-01-04 00:00:00+05:30,0.004551880901291851,2127797.162106053,-0.029576912932479882
2022-01-05 00:00:00+05:30,0.0038558325203707196,2136001.5916004544,-0.025835124034846224
2022-01-06 00:00:00+05:30,-0.0017745916470567095,2132211.0610179002,-0.027563868886590126
2022-01-07 00:00:00+05:30,0.0032182825764351707,2139073.1187248565,-0.024434294629131825
2022-01-10 00:00:00+05:30,0.009201639571738956,2158756.098580958,-0.015457490629759985
2022-01-11 00:00:00+05:30,-0.0004507202328161294,2157783.103529612,-0.015901243858800762
2022-01-12 00:00:00+05:30,0.007081040666268497,2173062.453434692,-0.008932800546940678
2022-01-13 00:00:00+05:30,0.012115313584237604,2199389.7864961866,0.0
2022-01-14 00:00:00+05:30,0.009961650668651206,2221299.339233461,0.0
2022-01-17 00:00:00+05:30,0.000777789337251029,2223027.0421743593,0.0
2022-01-18 00:00:00+05:30,-0.019749947202760233,2179122.3754611076,-0.019749947202760132
2022-01-19 00:00:00+05:30,0.003266107607618612,2186239.6236295328,-0.016548345047950663
2022-01-20 00:00:00+05:30,0.0001127067400313001,2186486.0275704395,-0.01643750341794259
2022-01-21 00:00:00+05:30,-0.015689973739085452,2152180.1192169823,-0.031869573160064224
2022-01-24 00:00:00+05:30,-0.03680605199360054,2072966.8658494882,-0.06750263198692186
2022-01-25 00:00:00+05:30,0.01398370726958094,2101954.627681068,-0.054462861762972214
2022-01-27 00:00:00+05:30,-0.008716273990100264,2083633.4152314407,-0.06270442252766151
2022-01-28 00:00:00+05:30,0.007351770796544688,2098951.810524244,-0.05581364027346991
2022-01-31 00:00:00+05:30,0.0015205113575322768,2102143.290591059,-0.05437799418987865
2022-02-01 00:00:00+05:30,0.018974563197751853,2142030.541309109,-0.03643522967944968
2022-02-02 00:00:00+05:30,0.012935787972270074,2169739.3942216104,-0.023970760113033895
2022-02-03 00:00:00+05:30,-0.000845906079037939,2167903.9984781104,-0.02479638918037297
2022-02-04 00:00:00+05:30,-0.00023292860010576275,2167399.0316345813,-0.025023541992259313
2022-02-07 00:00:00+05:30,-0.013159454520860151,2138877.2426492297,-0.03785370035032143
2022-02-08 00:00:00+05:30,-0.008346548333021186,2121025.0003650584,-0.04588430094378515
2022-02-09 00:00:00+05:30,0.010335372161840734,2142946.5831083995,-0.03602316010858442
2022-02-10 00:00:00+05:30,0.005901015117942712,2155592.1432922655,-0.03033471820303868
2022-02-11 00:00:00+05:30,-0.014451210912624975,2124441.2265879516,-0.04434755570493654
2022-02-14 00:00:00+05:30,-0.037721119063721435,2044304.926135949,-0.08039583533972705
2022-02-15 00:00:00+05:30,0.021703548207873773,2088673.5966519346,-0.06043716201986127
2022-02-16 00:00:00+05:30,0.0020468734765986592,2092948.8472381933,-0.058513995767201954
2022-02-17 00:00:00+05:30,0.000438482470582552,2093866.568619533,-0.05810117065804721
2022-02-18 00:00:00+05:30,-0.004071474581161371,2085341.444109055,-0.06193608779973858
2022-02-21 00:00:00+05:30,-0.017451246248843654,2048949.6370549886,-0.07830647212869901
2022-02-22 00:00:00+05:30,-0.007456564538850695,2033671.5118494334,-0.08517913940431232
2022-02-23 00:00:00+05:30,0.0085563982112228,2051072.415135637,-0.077351567829122
2022-02-24 00:00:00+05:30,-0.05436087659134352,1939574.32069654,-0.1275075453875596
2022-02-25 00:00:00+05:30,0.035243614131260925,2007931.9296340712,-0.09675775798476205
2022-02-28 00:00:00+05:30,0.019351169560422862,2046787.7608702073,-0.0792789642053886
2022-03-02 00:00:00+05:30,0.010649643374138993,2068585.3205860276,-0.06947361352710812
2022-03-03 00:00:00+05:30,0.007240320090048132,2083562.5404406453,-0.06273630463680857
2022-03-04 00:00:00+05:30,-0.021813228278050687,2038113.3151144183,-0.08318105158049516
2022-03-07 00:00:00+05:30,-0.019816653500770807,1997724.7297534887,-0.10134933500426557
2022-03-08 00:00:00+05:30,0.008606906050308935,2014918.9588168554,-0.0936147331585997
2022-03-09 00:00:00+05:30,0.0149128148265582,2044967.0721402126,-0.08009797751267345
2022-03-10 00:00:00+05:30,0.016372731411662556,2078448.7687580583,-0.06503666877344327
2022-03-11 00:00:00+05:30,0.007369580361224252,2093766.0639861084,-0.05814638136917116
2022-03-14 00:00:00+05:30,0.001290751781532421,2096468.5962633104,-0.0569306821329808
2022-03-15 00:00:00+05:30,-0.006433428525176362,2082981.1153939737,-0.062997851183765
2022-03-16 00:00:00+05:30,0.015352560976918265,2114960.209981829,-0.04861246855856027
2022-03-17 00:00:00+05:30,0.01594635994090212,2148686.126750885,-0.033441300538908814
2022-03-21 00:00:00+05:30,-0.0031059714354284146,2142012.3690174953,-0.03644340425009984
2022-03-22 00:00:00+05:30,0.004062420019301964,2150714.1229469846,-0.032529032645794986
2022-03-23 00:00:00+05:30,0.004120816952285006,2159576.8221643437,-0.028542261882678055
2022-03-24 00:00:00+05:30,0.004621379113110465,2169557.0453834515,-0.024052787382473073
2022-03-25 00:00:00+05:30,-0.004168169802227942,2160513.9632226736,-0.028120701082673838
2022-03-28 00:00:00+05:30,-0.0008363751576599208,2158706.963016057,-0.028933556784532133
2022-03-29 00:00:00+05:30,0.009382049878976664,2178960.0594171677,-0.019822962978484182
2022-03-30 00:00:00+05:30,0.005063872801715721,2189994.0359980753,-0.014859471139844649
2022-03-31 00:00:00+05:30,0.005992033758324215,2203116.554192304,-0.008956475834221322
2022-04-01 00:00:00+05:30,0.014543701059627018,2235158.0227559926,0.0
2022-04-04 00:00:00+05:30,0.015335014651856741,2269434.203784171,0.0
2022-04-05 00:00:00+05:30,0.009780959295659768,2291631.447355562,0.0
2022-04-06 00:00:00+05:30,0.006109090611429273,2305631.2315154574,0.0
2022-04-07 00:00:00+05:30,-0.0066083786638554565,2290394.7472783923,-0.006608378663855219
2022-04-08 00:00:00+05:30,0.011337425811073179,2316361.9278037325,0.0
2022-04-11 00:00:00+05:30,0.004355559096423368,2326450.9790689866,0.0
2022-04-12 00:00:00+05:30,-0.012722922510865724,2296851.7235369645,-0.012722922510865597
2022-04-13 00:00:00+05:30,0.0015547219739731927,2300422.689382505,-0.011187981144093362
2022-04-18 00:00:00+05:30,-0.001135823301569293,2297809.8156884457,-0.012311096875981753
2022-04-19 00:00:00+05:30,-0.009747310556812789,2275412.349814438,-0.021938407348249256
2022-04-20 00:00:00+05:30,0.004310638920568898,2285220.830849891,-0.017722336980251052
2022-04-21 00:00:00+05:30,0.00992740753788313,2307907.1493517975,-0.007970866304094715
2022-04-22 00:00:00+05:30,-0.008311237927500187,2288725.583918956,-0.016215856465253253
2022-04-25 00:00:00+05:30,-0.016335644227174883,2251337.777046423,-0.03228660423037277
2022-04-26 00:00:00+05:30,0.015248097464233498,2285666.394895738,-0.01753081605423301
2022-04-27 00:00:00+05:30,-0.006636400849440421,2270497.7964911144,-0.02405087538111972
2022-04-28 00:00:00+05:30,0.009272324207709659,2291550.5881730705,-0.015001558687423033
2022-04-29 00:00:00+05:30,-0.00855597097860215,2271944.1478446634,-0.023429176765261572
2022-05-02 00:00:00+05:30,-0.006074429715340959,2258143.3828014005,-0.029361287593053786
2022-05-04 00:00:00+05:30,-0.024634893098673765,2202514.2619646103,-0.05327286851063329
2022-05-05 00:00:00+05:30,-0.0009074479727168635,2200515.59486271,-0.05413197412681958
2022-05-06 00:00:00+05:30,-0.021388147928739845,2153450.641800288,-0.07436233938526005
2022-05-09 00:00:00+05:30,-0.01874484070595639,2113084.552551602,-0.09171326988491757
2022-05-10 00:00:00+05:30,-0.022168192526863962,2066241.287365096,-0.11184834498770435
2022-05-11 00:00:00+05:30,-0.007252766036501897,2051255.3227328763,-0.11828990114644056
2022-05-12 00:00:00+05:30,-0.02185005683362681,2006435.2773508832,-0.1375553169171736
2022-05-13 00:00:00+05:30,0.007878632787139496,2022243.244112293,-0.13076043195994325
2022-05-16 00:00:00+05:30,0.013923909680567325,2050400.7763954499,-0.11865721872377821
2022-05-17 00:00:00+05:30,0.03332511441676523,2118730.6168690524,-0.08928636969735804
2022-05-18 00:00:00+05:30,0.005612471853126304,2130621.932820587,-0.08417501508102598
2022-05-19 00:00:00+05:30,-0.02444477030773098,2078539.369060174,-0.10656214647945139
2022-05-20 00:00:00+05:30,0.028939057897282527,2138690.340203188,-0.08070689670879627
2022-05-23 00:00:00+05:30,-0.021938483546012945,2091770.7173646237,-0.10087479332931348
2022-05-24 00:00:00+05:30,-0.009971788664626457,2070912.0218362096,-0.10984067987327206
2022-05-25 00:00:00+05:30,-0.021226698830516637,2026953.3960441959,-0.1287358236727797
2022-05-26 00:00:00+05:30,0.013056737094687954,2053418.7936395297,-0.11735995638245533
2022-05-27 00:00:00+05:30,0.012801160281834461,2079704.9367426408,-0.10606113971294173
2022-05-30 00:00:00+05:30,0.017712770030091057,2116542.272017608,-0.09022700625971547
2022-05-31 00:00:00+05:30,0.008727015874150635,2135013.3700238164,-0.08228740290147052
2022-06-01 00:00:00+05:30,-0.004240838915531852,2125959.1222390383,-0.08617927419651983
2022-06-02 00:00:00+05:30,0.0013879843116852409,2128909.9201479903,-0.08491090536541179
2022-06-03 00:00:00+05:30,-0.011990323097834628,2103383.6023592306,-0.09588311927338544
2022-06-06 00:00:00+05:30,0.0028167155431942626,2109308.2356452956,-0.09333647920257859
2022-06-07 00:00:00+05:30,-0.004189752049806886,2100470.757141326,-0.09713517454732468
2022-06-08 00:00:00+05:30,0.0003830396769333757,2101275.3207815494,-0.09678934149626883
2022-06-09 00:00:00+05:30,0.001011001301780021,2103399.712866258,-0.09587619434473993
2022-06-10 00:00:00+05:30,-0.0064973462716219794,2089733.1965841355,-0.1017505997824989
2022-06-13 00:00:00+05:30,-0.024645796798551577,2038230.0568579352,-0.12388867197468023
2022-06-14 00:00:00+05:30,-0.0020485128255446007,2034054.7164450511,-0.12568339726674504
2022-06-15 00:00:00+05:30,0.0029230577390833104,2040000.3758256745,-0.12312771935471667
2022-06-16 00:00:00+05:30,-0.028919704057565807,1981004.168679473,-0.14848660620726106
2022-06-17 00:00:00+05:30,-0.006859806172543943,1967414.8640553304,-0.15432782304200432
2022-06-20 00:00:00+05:30,-0.019881944658502054,1928298.830607868,-0.17114143046351815
2022-06-21 00:00:00+05:30,0.030367461965056134,1986856.372003615,-0.145971099378708
2022-06-22 00:00:00+05:30,-0.01579697859169627,1955470.0444302985,-0.1594621756385125
2022-06-23 00:00:00+05:30,0.009557707231790431,1974159.8546154997,-0.15142856119601922
2022-06-24 00:00:00+05:30,0.0144684846591764,2002722.956186766,-0.1391510183514686
2022-06-27 00:00:00+05:30,0.009474110248149727,2021696.97427018,-0.13099524019232278
2022-06-28 00:00:00+05:30,0.002958901703227449,2027678.976890758,-0.1284239405284151
2022-06-29 00:00:00+05:30,-0.0035592641515401332,2020461.9317974788,-0.13152610995223302
2022-06-30 00:00:00+05:30,-0.007868340621920595,2004564.2491044728,-0.13835955834037317
2022-07-01 00:00:00+05:30,0.0061522841357966145,2016896.8979334233,-0.1330585015203899
2022-07-04 00:00:00+05:30,0.0015861651616689678,2020096.0295276032,-0.13168338911829658
2022-07-05 00:00:00+05:30,9.767365546884776e-05,2020293.339691205,-0.1315985774608076
2022-07-06 00:00:00+05:30,0.010566404735246442,2041640.5768023052,-0.12242269655759463
2022-07-07 00:00:00+05:30,0.02270522459906193,2087996.48464916,-0.10249710677989565
2022-07-08 00:00:00+05:30,-0.0006268163632658956,2086687.6942861401,-0.10305967627944446
2022-07-11 00:00:00+05:30,0.013708718818425987,2115293.5091489786,-0.09076377358465137
2022-07-12 00:00:00+05:30,-0.006948875876993841,2100594.5971104912,-0.09708194326487807
2022-07-13 00:00:00+05:30,0.0017503511085372155,2104271.375192131,-0.0955015196433534
2022-07-14 00:00:00+05:30,-0.0015297454968390047,2101052.3755318034,-0.09688517212057679
2022-07-15 00:00:00+05:30,0.003532301710779264,2108473.9264323316,-0.0936950980690281
2022-07-18 00:00:00+05:30,0.016917939846796865,2144144.961488254,-0.0783622862553025
2022-07-19 00:00:00+05:30,0.005807759915179494,2156597.6406479194,-0.07300963568509844
2022-07-20 00:00:00+05:30,0.0012900395473817011,2159379.736892145,-0.07181378145509043
2022-07-21 00:00:00+05:30,0.009545797629498979,2179992.7388657583,-0.06295350365037089
2022-07-22 00:00:00+05:30,-0.00014920451677958283,2179667.474102573,-0.06309331522005868
2022-07-25 00:00:00+05:30,0.0012179089910134455,2182322.110716702,-0.061952248144924615
2022-07-26 00:00:00+05:30,-0.005891083799391623,2169465.8682852047,-0.06747836605893376
2022-07-27 00:00:00+05:30,0.009249831169812036,2189533.0612955126,-0.05885269838278162
2022-07-28 00:00:00+05:30,0.011308310347220338,2214292.9806681415,-0.048209912613645156
2022-07-29 00:00:00+05:30,0.011767114891626015,2240348.8205753844,-0.037010089302659255
2022-08-01 00:00:00+05:30,0.015171114812069068,2274337.409751417,-0.022400458804605727
2022-08-02 00:00:00+05:30,0.004600935674211618,2284801.489875137,-0.01790258620042673
2022-08-03 00:00:00+05:30,-0.006390034937472083,2270201.5285296463,-0.0241782229866071
2022-08-04 00:00:00+05:30,0.004192436303707104,2279719.203834586,-0.02008715234270797
2022-08-05 00:00:00+05:30,-0.0019000759782564192,2275387.56413821,-0.02194906120532636
2022-08-08 00:00:00+05:30,0.000924379805277111,2277490.886451678,-0.021044970668972263
2022-08-10 00:00:00+05:30,0.0003324134251798499,2278247.954998059,-0.020719552874575276
2022-08-11 00:00:00+05:30,0.000934944714858802,2280377.9908827227,-0.019803979796170768
2022-08-12 00:00:00+05:30,0.009027255419973524,2300963.545460507,-0.01095549996014944
2022-08-16 00:00:00+05:30,0.009112910896799905,2321932.0212270734,-0.001942425558316141
2022-08-17 00:00:00+05:30,0.003934388784895484,2331067.404530679,0.0
2022-08-18 00:00:00+05:30,0.001575905459656714,2334740.946380306,0.0
2022-08-19 00:00:00+05:30,-0.008092624055610245,2315846.7656340105,-0.008092624055610287
2022-08-22 00:00:00+05:30,-0.012907057398379388,2285955.9985041213,-0.02089522949080025
2022-08-23 00:00:00+05:30,0.010921848092883615,2310922.8626667997,-0.010201595920281026
2022-08-24 00:00:00+05:30,0.00489403112943727,2322232.591094419,-0.005357491718847696
2022-08-25 00:00:00+05:30,0.0022539665949616195,2327466.8257804774,-0.0031156007312529432
2022-08-26 00:00:00+05:30,0.0057644565303470886,2340883.407123514,0.0
2022-08-29 00:00:00+05:30,-0.0020486483522079834,2336087.7601887994,-0.0020486483522079713
2022-08-30 00:00:00+05:30,0.014036836616220972,2368879.042399723,0.0
2022-09-01 00:00:00+05:30,-0.00026777367888257994,2368244.718943712,-0.0002677736788826435
2022-09-02 00:00:00+05:30,-0.00435328556424935,2357935.0733961244,-0.004619893547841203
2022-09-05 00:00:00+05:30,0.0036798095265448993,2366611.825342182,-0.0009570843495851911
2022-09-06 00:00:00+05:30,0.00418651047284835,2376519.6705341437,0.0
2022-09-07 00:00:00+05:30,0.0023834720832253886,2382184.038824098,0.0
2022-09-08 00:00:00+05:30,0.003543256754245379,2390624.728509517,0.0
2022-09-09 00:00:00+05:30,0.0016685982543554775,2394613.720758327,0.0
2022-09-12 00:00:00+05:30,0.005749937254589408,2408382.5994016663,0.0
2022-09-13 00:00:00+05:30,0.005601814572785603,2421873.912143838,0.0
2022-09-14 00:00:00+05:30,0.0004857710399404474,2423050.3883527447,0.0
2022-09-15 00:00:00+05:30,-0.001650981261746115,2419049.9775653076,-0.0016509812617461206
2022-09-16 00:00:00+05:30,-0.01771537936670631,2376195.5895057158,-0.01933711286907336
2022-09-19 00:00:00+05:30,-0.0007302105439793667,2374460.4664317016,-0.020053203249345564
2022-09-20 00:00:00+05:30,0.014298877025043242,2408412.5846420354,-0.0060410645115227535
2022-09-21 00:00:00+05:30,-0.008938874995232675,2386884.085610975,-0.014925939186248849
2022-09-22 00:00:00+05:30,0.005644664287565751,2400357.244967582,-0.00936552681456615
2022-09-23 00:00:00+05:30,-0.02016871619750071,2351945.1209212164,-0.029345352359703702
2022-09-26 00:00:00+05:30,-0.03162389654375697,2277567.4517406095,-0.060041234516397535
2022-09-27 00:00:00+05:30,0.0010247479538766594,2279901.384326597,-0.05907801369473964
2022-09-28 00:00:00+05:30,-0.010592840943193614,2255750.751596259,-0.06904505063562483
2022-09-29 00:00:00+05:30,0.0052748726755860445,2267649.5495987865,-0.06413438181102127
2022-09-30 00:00:00+05:30,0.014174193223791522,2299791.6524786437,-0.050869241707307444
2022-10-03 00:00:00+05:30,-0.011974347689428804,2272253.1476186183,-0.062234463409835405
2022-10-04 00:00:00+05:30,0.020474921499847646,2318777.352443891,-0.043033787662889345
2022-10-06 00:00:00+05:30,0.016222576415716193,2356393.8952349448,-0.027509330155991885
2022-10-07 00:00:00+05:30,0.0018974784980246573,2360865.101984029,-0.025664050020433482
2022-10-10 00:00:00+05:30,-0.004315643961557984,2350676.4487625984,-0.029868937079491786
2022-10-11 00:00:00+05:30,-0.017347525800053387,2309898.0284201116,-0.046698310722938396
2022-10-12 00:00:00+05:30,0.005228424888890004,2321975.1567627015,-0.04171404444410132
2022-10-13 00:00:00+05:30,-0.005191393619266658,2309920.869749788,-0.0466888840392069
2022-10-14 00:00:00+05:30,-0.003178515732721326,2302578.749923947,-0.04971899841946659
2022-10-17 00:00:00+05:30,0.0035693708429854845,2310797.5073776036,-0.04632709311978189
2022-10-18 00:00:00+05:30,0.007941897965906886,2329149.6254010685,-0.03875312020048938
2022-10-19 00:00:00+05:30,-0.00022634078852510692,2328622.4438382625,-0.03897068957723038
2022-10-20 00:00:00+05:30,0.00183184809908065,2332888.126435484,-0.037210229861771804
2022-10-21 00:00:00+05:30,-0.006429665528047517,2317888.43606815,-0.04340064605758631
2022-10-24 00:00:00+05:30,0.006766844036912919,2333573.2256099875,-0.036927487423646266
2022-10-25 00:00:00+05:30,0.0023125463078021206,2338969.721756858,-0.034700337640542145
2022-10-27 00:00:00+05:30,0.009788652330894538,2361865.0831756247,-0.025251354850575503
2022-10-28 00:00:00+05:30,-0.00864203934121286,2341453.752208184,-0.03367517098975081
2022-10-31 00:00:00+05:30,0.008447208448946416,2361232.5001266547,-0.025512423729708522
2022-11-01 00:00:00+05:30,0.008733396249767798,2381854.0791880903,-0.017001837585664425
2022-11-02 00:00:00+05:30,-0.002181798454936211,2376657.3536382345,-0.019146541457624955
2022-11-03 00:00:00+05:30,0.0008221307014776751,2378611.2766155535,-0.018340151715706576
2022-11-04 00:00:00+05:30,0.010623376077375974,2403880.158748928,-0.007911609967322764
2022-11-07 00:00:00+05:30,0.006285486545302268,2418989.7151432633,-0.0016758517400218276
2022-11-09 00:00:00+05:30,-0.005496533699536355,2405693.6566551467,-0.007163174063993583
2022-11-10 00:00:00+05:30,-0.0025491037805713017,2399561.293860071,-0.009694018170477436
2022-11-11 00:00:00+05:30,0.00848572486787345,2419923.3108033654,-0.001290554073662964
2022-11-14 00:00:00+05:30,0.00515472360723141,2432397.346621253,0.0
2022-11-15 00:00:00+05:30,0.0018845543498263145,2436981.331621334,0.0
2022-11-16 00:00:00+05:30,-0.009863402837719635,2412944.40303955,-0.009863402837719804
2022-11-17 00:00:00+05:30,-0.0025430140630809117,2406808.2514891885,-0.01238133412867437
2022-11-18 00:00:00+05:30,-0.0032815586694177365,2398910.169005888,-0.015622262723743119
2022-11-21 00:00:00+05:30,-0.0013132864148000332,2395759.712870607,-0.016915032633139537
2022-11-22 00:00:00+05:30,-0.0020956229063505017,2390739.103938204,-0.018975208009642475
2022-11-23 00:00:00+05:30,0.0016830334025630211,2394762.7977069453,-0.017324110515980262
2022-11-24 00:00:00+05:30,0.002716785727677273,2401268.8550969283,-0.014654390684497365
2022-11-25 00:00:00+05:30,0.0038820942171121173,2410590.8070330317,-0.010829186192716778
2022-11-28 00:00:00+05:30,0.0018975158678093264,2415164.941340172,-0.008952218877543605
2022-11-29 00:00:00+05:30,1.664696929878371e-05,2415205.1465168027,-0.00893572093555739
2022-11-30 00:00:00+05:30,0.00851040198770387,2435759.5131964316,-0.0005013655250651894
2022-12-01 00:00:00+05:30,0.0068323777292061075,2452401.542248097,0.0
2022-12-02 00:00:00+05:30,0.004491633241848796,2463416.8305376195,0.0
2022-12-05 00:00:00+05:30,0.002422436201179256,2469384.3006465086,0.0
2022-12-06 00:00:00+05:30,-0.0027996551873705013,2462470.876079592,-0.0027996551873706865
2022-12-07 00:00:00+05:30,-0.004239375420857721,2452031.537572962,-0.007027161818840111
2022-12-08 00:00:00+05:30,0.003165297276718411,2459792.94632127,-0.003884107598289832
2022-12-09 00:00:00+05:30,-0.006286362820920834,2444329.7953963527,-0.010146053509612285
2022-12-12 00:00:00+05:30,0.003728258313316689,2453442.8882765262,-0.006455622304640363
2022-12-13 00:00:00+05:30,0.004498304723576573,2464479.222009886,-0.0019863569373702594
2022-12-14 00:00:00+05:30,0.008313528502116092,2484967.7402649377,0.0
2022-12-15 00:00:00+05:30,-0.009885956077004664,2460401.458331905,-0.00988595607700471
2022-12-16 00:00:00+05:30,-0.014313412903844117,2425184.7163495803,-0.024057867209569372
2022-12-19 00:00:00+05:30,0.007742657973001749,2443962.092129627,-0.016501481073931012
2022-12-20 00:00:00+05:30,-0.003856309344810487,2434537.418275384,-0.020294155603073016
2022-12-21 00:00:00+05:30,-0.014758487216130906,2398607.3289105743,-0.03475313178317396
2022-12-22 00:00:00+05:30,-0.01275230352278482,2368019.560220331,-0.04706225282109222
2022-12-23 00:00:00+05:30,-0.03237030844019771,2291366.0366635774,-0.07790914162158069
2022-12-26 00:00:00+05:30,0.024481120728269978,2347461.245239796,-0.05533532399518437
2022-12-27 00:00:00+05:30,0.02194452206671957,2398975.1603367296,-0.03460510916694637
2022-12-28 00:00:00+05:30,0.0027938296958518725,2405677.4883792894,-0.03190796025271325
2022-12-29 00:00:00+05:30,0.0014247633366849572,2409105.009464621,-0.030528658207944592
2022-12-30 00:00:00+05:30,0.006577378174255583,2424950.604173363,-0.024152078563875357
2023-01-02 00:00:00+05:30,0.008572672753008095,2445738.9121451504,-0.015786453676700396
2023-01-03 00:00:00+05:30,0.0013143796023222254,2448953.54148388,-0.014492823467083693
2023-01-04 00:00:00+05:30,-0.012596976159914229,2418104.13210507,-0.026907233875293257
2023-01-05 00:00:00+05:30,0.005075444823905448,2430377.0862060273,-0.021968355232285686
2023-01-06 00:00:00+05:30,-0.005785956058271443,2416315.031180209,-0.027627203352510787
2023-01-09 00:00:00+05:30,0.009268847197547447,2438711.4859853555,-0.018614428481333323
2023-01-10 00:00:00+05:30,-0.002266446511053507,2433184.2768464778,-0.02083868638590014
2023-01-11 00:00:00+05:30,-0.0008492600607392071,2431117.870619734,-0.021670248982573415
2023-01-12 00:00:00+05:30,-0.0017270016630527428,2426919.326014096,-0.023359826089594637
2023-01-13 00:00:00+05:30,0.0024454099693506245,2432854.1387287406,-0.020971540471845684
2023-01-16 00:00:00+05:30,-0.0030682162700324403,2425389.616077678,-0.023975411520194556
2023-01-17 00:00:00+05:30,-0.002429168722834463,2419497.935481614,-0.02634633992324731
2023-01-18 00:00:00+05:30,0.005077501520378553,2431782.939927575,-0.021402611983885267
2023-01-19 00:00:00+05:30,0.0008797779583424347,2433922.3689575964,-0.020541663571817304
2023-01-20 00:00:00+05:30,-0.0050815018447487505,2421554.387949763,-0.025518782915231686
2023-01-23 00:00:00+05:30,-0.001452784780726314,2418036.3905892484,-0.026934494396516184
2023-01-24 00:00:00+05:30,-0.004755760251522884,2406536.789236148,-0.03156216065019335
2023-01-25 00:00:00+05:30,-0.01312441852928133,2374952.3932081,-0.04427234417341308
2023-01-27 00:00:00+05:30,-0.024419566767127702,2316957.0846734047,-0.06761079947606097
2023-01-30 00:00:00+05:30,-0.0016411615980524966,2313154.583681703,-0.06914100082639973
2023-01-31 00:00:00+05:30,0.01741903082723632,2353447.494683018,-0.052926339223984264
2023-02-01 00:00:00+05:30,-0.008843163744606019,2332635.573123203,-0.06130146668443015
2023-02-02 00:00:00+05:30,-0.005477853919981351,2319857.736205082,-0.06644352012483368
2023-02-03 00:00:00+05:30,-0.004372722986768187,2309713.640955946,-0.07052570400383018
2023-02-06 00:00:00+05:30,0.004461116688439396,2320017.5430251304,-0.06637921071048636
2023-02-07 00:00:00+05:30,0.0011073701473142993,2322586.661193522,-0.06534534691951499
2023-02-08 00:00:00+05:30,0.010121774278068584,2346095.3591193757,-0.0558849834930879
2023-02-09 00:00:00+05:30,-0.0017920379826014228,2341891.0671250285,-0.057576873462612865
2023-02-10 00:00:00+05:30,0.0007409539715015994,2343626.300612039,-0.056878581304170006
2023-02-13 00:00:00+05:30,-0.011345666718613841,2317036.297692317,-0.06757892259587905
2023-02-14 00:00:00+05:30,-0.005633583574294458,2303983.0800645933,-0.07283179466186895
2023-02-15 00:00:00+05:30,0.00043507234811153276,2304985.479393246,-0.07242840941367823
2023-02-16 00:00:00+05:30,0.008760832758722333,2325179.071689494,-0.06430210983680928
2023-02-17 00:00:00+05:30,-0.005803240130615448,2311685.4991897983,-0.06973218938313652
2023-02-20 00:00:00+05:30,-0.0013141297959522868,2308647.644396442,-0.07095468203128352
2023-02-21 00:00:00+05:30,0.0003936026989165258,2309556.334340124,-0.07058900728671513
2023-02-22 00:00:00+05:30,-0.01704136147238022,2270198.350005808,-0.08642743596994629
2023-02-23 00:00:00+05:30,0.0016895605502722031,2274033.987579271,-0.08488389980594979
2023-02-24 00:00:00+05:30,-0.00765233956690495,2256632.307319632,-0.09188667894777647
2023-02-27 00:00:00+05:30,-0.01390556187343825,2225252.567144599,-0.10451450492176173
2023-02-28 00:00:00+05:30,0.0034586956555327283,2232949.0385310445,-0.1014172931303422
2023-03-01 00:00:00+05:30,0.01969134342253089,2276918.80489377,-0.08372299245582426
2023-03-02 00:00:00+05:30,-0.001012687176298459,2274612.998418581,-0.08465089443130125
2023-03-03 00:00:00+05:30,0.013516470075345817,2305357.7369446983,-0.07227860563738753
2023-03-06 00:00:00+05:30,0.009040238106683406,2326198.7198077636,-0.06389178333568502
2023-03-08 00:00:00+05:30,0.005156358811039115,2338193.435072872,-0.05906487348460199
2023-03-09 00:00:00+05:30,-0.000863667010955082,2336174.0145377675,-0.05987752811282232
2023-03-10 00:00:00+05:30,-0.0044546576145125475,2325767.1591750807,-0.06406545184078871
2023-03-13 00:00:00+05:30,-0.014611832634047058,2291783.4386994513,-0.07774117081491361
2023-03-14 00:00:00+05:30,-0.006963288220483155,2275825.090076857,-0.08416312485641486
2023-03-15 00:00:00+05:30,0.0035991248811272167,2284016.0687836455,-0.0808669135720319
2023-03-16 00:00:00+05:30,-0.007662911291698908,2266513.8562597414,-0.08791014887859494
2023-03-17 00:00:00+05:30,0.010510292640045951,2290335.5801617503,-0.07832381762929308
2023-03-20 00:00:00+05:30,-0.010969357771831873,2265212.0697654,-0.08843401342349344
2023-03-21 00:00:00+05:30,0.0046872941180615005,2275829.7849761737,-0.08416123553638832
2023-03-22 00:00:00+05:30,0.0024393306741572803,2281381.2863798267,-0.08192720194564995
2023-03-23 00:00:00+05:30,0.0005140057009915837,2282553.9293671614,-0.08145530729352479
2023-03-24 00:00:00+05:30,-0.011553466120223373,2256182.5198766356,-0.09206768228061979
2023-03-27 00:00:00+05:30,-0.007265764909081076,2239789.628095234,-0.09866450505452595
2023-03-28 00:00:00+05:30,-0.009833992429704433,2217763.5538484147,-0.1075282314884437
2023-03-29 00:00:00+05:30,0.01697656389575046,2255413.558525989,-0.09237712748515392
2023-03-31 00:00:00+05:30,0.010738912434451521,2279634.247234474,-0.08263024493371163
2023-04-03 00:00:00+05:30,0.007074548694306282,2295761.6307217428,-0.0761402679308113
2023-04-05 00:00:00+05:30,0.002445156472485859,2301375.1271323864,-0.07388128632727331
2023-04-06 00:00:00+05:30,0.002133630526601754,2306285.4113567984,-0.07190529116852395
2023-04-10 00:00:00+05:30,0.002592157356911333,2312263.6660529845,-0.06949952364111578
2023-04-11 00:00:00+05:30,0.009930760886206303,2335226.2036264194,-0.060258945905894756
2023-04-12 00:00:00+05:30,0.00571981694136318,2348583.2700278373,-0.05488379910419272
2023-04-13 00:00:00+05:30,0.0015269871221799418,2352169.526436537,-0.05344061883646112
2023-04-17 00:00:00+05:30,0.0070653978245448215,2368788.539891582,-0.04675280024398598
2023-04-18 00:00:00+05:30,0.00204644718321263,2373636.1405266696,-0.04480203019713991
2023-04-19 00:00:00+05:30,0.0009914264700287853,2375989.4262266047,-0.043855021645759495
2023-04-20 00:00:00+05:30,0.004802826698163355,2387400.8916774397,-0.039262823016404935
2023-04-21 00:00:00+05:30,-0.0031531115946740735,2379873.1502447566,-0.04229213454858627
2023-04-24 00:00:00+05:30,0.006378956879746883,2395054.2584494357,-0.03618295737147714
2023-04-25 00:00:00+05:30,0.004536294168801574,2405918.9291160037,-0.031810799741209594
2023-04-26 00:00:00+05:30,0.003415144897388211,2414135.490870304,-0.028504293334239428
2023-04-27 00:00:00+05:30,0.006664881719864333,2430225.418372681,-0.022029389357956175
2023-04-28 00:00:00+05:30,0.014173240974755998,2464669.588850254,-0.008168376227097207
2023-05-02 00:00:00+05:30,0.009086183794126642,2487064.0297263423,0.0
2023-05-03 00:00:00+05:30,-0.0017147882711266293,2482799.241498627,-0.0017147882711265883
2023-05-04 00:00:00+05:30,0.009622050292082036,2506688.86066547,0.0
2023-05-05 00:00:00+05:30,-0.0029244108776561965,2499358.2724944404,-0.0029244108776560473
2023-05-08 00:00:00+05:30,0.010585591138106362,2525815.4572747103,0.0
2023-05-09 00:00:00+05:30,-0.005631097538324726,2511592.344070988,-0.005631097538324914
2023-05-10 00:00:00+05:30,-0.001384100186707733,2508116.0486386255,-0.007007403721878358
2023-05-11 00:00:00+05:30,0.005850194495066328,2522789.0153393587,-0.0011982039014905022
2023-05-12 00:00:00+05:30,-0.003446818076321479,2514093.4205585415,-0.004640891986945284
2023-05-15 00:00:00+05:30,0.002992166940793447,2521616.0077776033,-0.001662611369730893
2023-05-16 00:00:00+05:30,-0.0011029278290455426,2518834.8473084583,-0.0027637054584280785
2023-05-17 00:00:00+05:30,-0.0034243713698377453,2510209.4213719857,-0.0061786128744192315
2023-05-18 00:00:00+05:30,-0.003863013316983957,2500512.4489488075,-0.01001775812758865
2023-05-19 00:00:00+05:30,0.0028897850442344076,2507738.3924267017,-0.00715692225096809
2023-05-22 00:00:00+05:30,0.00623428747339203,2523372.3544731517,-0.0009672530883133579
2023-05-23 00:00:00+05:30,0.0011898949126259554,2526374.9024004005,0.0
2023-05-24 00:00:00+05:30,-0.004517524052583099,2514961.943012964,-0.0045175240525832105
2023-05-25 00:00:00+05:30,0.0021419915063566343,2520348.9701337083,-0.0023852090443768903
2023-05-26 00:00:00+05:30,0.009341611795688137,2543893.0918023596,0.0
2023-05-29 00:00:00+05:30,0.0041050699263383145,2554335.9508293374,0.0
2023-05-30 00:00:00+05:30,-0.0023339471116053134,2548374.2658148296,-0.0023339471116052835
2023-05-31 00:00:00+05:30,0.00153804042650933,2552293.7684575287,-0.0007994963901070129
2023-06-01 00:00:00+05:30,0.004814662460797504,2564582.2014534487,0.0
2023-06-02 00:00:00+05:30,0.008940896700268092,2587511.8659959896,0.0
2023-06-05 00:00:00+05:30,0.004446457603405932,2599017.1278064507,0.0
2023-06-06 00:00:00+05:30,0.0005313784344004606,2600398.1894588047,0.0
2023-06-07 00:00:00+05:30,0.013229200885946922,2634799.379490608,0.0
2023-06-08 00:00:00+05:30,-0.001280811986193656,2631424.6968641407,-0.001280811986193675
2023-06-09 00:00:00+05:30,-0.0014556182546433983,2627594.3470396656,-0.0027345658675292928
2023-06-12 00:00:00+05:30,0.00603753836081339,2643458.548706574,0.0
2023-06-13 00:00:00+05:30,0.004907891189194526,2656432.3556267717,0.0
2023-06-14 00:00:00+05:30,0.0048985625956432105,2669445.0558019015,0.0
2023-06-15 00:00:00+05:30,-0.0005212243944636097,2668053.675919137,-0.0005212243944637818
2023-06-16 00:00:00+05:30,0.006885662143410927,2686424.992112002,0.0
2023-06-19 00:00:00+05:30,-0.000566243914515864,2684903.820308415,-0.0005662439145158737
2023-06-20 00:00:00+05:30,0.0026358676623323535,2691980.871464839,0.0
2023-06-21 00:00:00+05:30,0.0009067779576636653,2694421.9003815358,0.0
2023-06-22 00:00:00+05:30,-0.0041858860078899844,2683143.3574493765,-0.0041858860078899385
2023-06-23 00:00:00+05:30,-0.0134320723877985,2647103.1816452756,-0.01756173327182342
2023-06-26 00:00:00+05:30,0.007897283308836923,2668008.105418452,-0.009803139946028328
2023-06-27 00:00:00+05:30,0.00675636047372133,2686034.1299254694,-0.0031130130195566874
2023-06-28 00:00:00+05:30,0.005269950896050014,2700189.3978952914,0.0
2023-06-30 00:00:00+05:30,0.002580526683023005,2707157.3086857763,0.0
2023-07-03 00:00:00+05:30,0.00619193901595994,2723919.861647769,0.0
2023-07-04 00:00:00+05:30,-0.0009840177112630177,2721239.4762598462,-0.0009840177112631077
2023-07-05 00:00:00+05:30,0.009497783585839198,2747085.2198906047,0.0
2023-07-06 00:00:00+05:30,0.0057731206213573,2762944.4742221814,0.0
2023-07-07 00:00:00+05:30,-0.006256358603307245,2745658.502790421,-0.0062563586033074214
2023-07-10 00:00:00+05:30,-0.0006264259179605704,2743938.5511424043,-0.006878865376086729
2023-07-11 00:00:00+05:30,0.008377847937882208,2766926.851074768,0.0
2023-07-12 00:00:00+05:30,0.0050179988355345565,2780811.2867914704,0.0
2023-07-13 00:00:00+05:30,-0.0033971175660917276,2771364.543921125,-0.003397117566091623
2023-07-14 00:00:00+05:30,0.01448634916229492,2811511.4983603708,0.0
2023-07-17 00:00:00+05:30,0.007178557694233914,2831694.095859352,0.0
2023-07-18 00:00:00+05:30,-0.0008246887696329799,2829358.829539461,-0.0008246887696329308
2023-07-19 00:00:00+05:30,0.004997478329274442,2843498.488975826,0.0
2023-07-20 00:00:00+05:30,0.005355090366016392,2858725.680339923,0.0
2023-07-21 00:00:00+05:30,-0.0001651170545352182,2858253.655975861,-0.0001651170545352576
2023-07-24 00:00:00+05:30,0.0011430281548926481,2861520.720378467,0.0
2023-07-25 00:00:00+05:30,0.010681748204235179,2892086.764194751,0.0
2023-07-26 00:00:00+05:30,0.0003174767393280598,2893004.9344705017,0.0
2023-07-27 00:00:00+05:30,0.00234923193339163,2899801.274046019,0.0
2023-07-28 00:00:00+05:30,0.001606305708322566,2904459.2413855204,0.0
2023-07-31 00:00:00+05:30,0.011218781640366155,2937043.7353979684,0.0
2023-08-01 00:00:00+05:30,0.001906084332339952,2942641.9884454077,0.0
2023-08-02 00:00:00+05:30,-0.010168807593345191,2912718.8282488077,-0.010168807593345153
2023-08-03 00:00:00+05:30,0.006210581150506195,2930808.5049002543,-0.004021380647601269
2023-08-04 00:00:00+05:30,0.003943701625578451,2942366.739165289,-9.35381474197472e-05
2023-08-07 00:00:00+05:30,0.0020417908113407653,2948374.4365369114,0.0
2023-08-08 00:00:00+05:30,0.004853522910555908,2962684.439413541,0.0
2023-08-09 00:00:00+05:30,0.008971975332900832,2989265.571123128,0.0
2023-08-10 00:00:00+05:30,-0.003023296049013614,2980228.136332499,-0.003023296049013635
2023-08-11 00:00:00+05:30,0.010876279760730082,3012641.93129405,0.0
2023-08-14 00:00:00+05:30,-0.009036513425685268,2985418.1520351293,-0.009036513425685233
2023-08-16 00:00:00+05:30,-0.003721697686921222,2974307.3282042076,-0.01272457994149212
2023-08-17 00:00:00+05:30,0.007653178422511982,2997070.2328703394,-0.005168784999623921
2023-08-18 00:00:00+05:30,0.0008794683773383,2999706.061364811,-0.004293862405241988
2023-08-21 00:00:00+05:30,0.01030790112394788,3030626.734846267,0.0
2023-08-22 00:00:00+05:30,0.010534119287900554,3062551.718388238,0.0
2023-08-23 00:00:00+05:30,0.0024593027846192754,3070083.4603573107,0.0
2023-08-24 00:00:00+05:30,-0.0005235244863306353,3068476.1964907353,-0.0005235244863305288
2023-08-25 00:00:00+05:30,-0.004428369492832439,3054887.850112713,-0.004949575619298985
2023-08-28 00:00:00+05:30,0.006048490078610324,3073365.3089653873,0.0
2023-08-29 00:00:00+05:30,0.004400815179526156,3086890.621669311,0.0
2023-08-30 00:00:00+05:30,0.005231618655718814,3103040.0562338,0.0
2023-08-31 00:00:00+05:30,0.0026216851501643544,3111175.250269593,0.0
2023-09-01 00:00:00+05:30,0.012783596141921847,3150947.2581957825,0.0
2023-09-04 00:00:00+05:30,0.010995567618890806,3185593.711836833,0.0
2023-09-05 00:00:00+05:30,0.0029642575325914164,3195036.6319929212,0.0
2023-09-06 00:00:00+05:30,0.00019282314447313363,3195652.709003009,0.0
2023-09-07 00:00:00+05:30,0.004329102832130781,3209487.018196061,0.0
2023-09-08 00:00:00+05:30,0.009434194936639849,3239765.9443723373,0.0
2023-09-11 00:00:00+05:30,0.01334462301345308,3282999.39955181,0.0
2023-09-12 00:00:00+05:30,-0.030813680708270483,3181838.1042885766,-0.03081368070827062
2023-09-13 00:00:00+05:30,0.006193968711542689,3201546.3099517347,-0.02481057097092232
2023-09-14 00:00:00+05:30,0.012485206237803442,3241518.27591136,-0.012635129828568736
2023-09-15 00:00:00+05:30,0.005832856403839401,3260425.586545172,-0.006875972322663126
2023-09-18 00:00:00+05:30,-0.003311359748117812,3249629.144496153,-0.010164563252802572
2023-09-20 00:00:00+05:30,-0.004846144715088609,3233880.971391555,-0.014961449023402462
2023-09-21 00:00:00+05:30,-0.007880163409636399,3208397.460889676,-0.022723713769889353
2023-09-22 00:00:00+05:30,-0.0011530684030414036,3204697.9591531255,-0.023850580176583147
2023-09-25 00:00:00+05:30,0.0014774883704003765,3209432.86311842,-0.022408330761021
2023-09-26 00:00:00+05:30,0.00728779741462941,3232822.5596406814,-0.015283840721377784
2023-09-27 00:00:00+05:30,0.007827547744482787,3258127.6325757094,-0.007575927969860841
2023-09-28 00:00:00+05:30,-0.00442598898321322,3243707.195568027,-0.0119683859793418
2023-09-29 00:00:00+05:30,0.009222683282078287,3273622.879692549,-0.0028560833305486533
2023-10-03 00:00:00+05:30,-0.0011107867078556835,3269986.5829112544,-0.003963697539004274
2023-10-04 00:00:00+05:30,-0.013966735243065142,3224315.5460593575,-0.01787507286795853
2023-10-05 00:00:00+05:30,-0.0006792173906209158,3222125.5348676248,-0.01854214919822883
2023-10-06 00:00:00+05:30,0.005482127530838348,3239789.6379701393,-0.013161672093991217
2023-10-09 00:00:00+05:30,-0.015919377549409346,3188214.203542629,-0.02887152401615467
2023-10-10 00:00:00+05:30,0.013767770553963252,3232108.80517389,-0.015501249980389153
2023-10-11 00:00:00+05:30,0.006829720700241984,3254183.20558602,-0.008777398488018062
2023-10-12 00:00:00+05:30,0.010172583663561262,3287286.6565014,0.0
2023-10-13 00:00:00+05:30,-0.0025040924573028144,3279054.9867798625,-0.0025040924573027645
2023-10-16 00:00:00+05:30,0.0012101343480864894,3283023.0838486296,-0.0012969883975095797
2023-10-17 00:00:00+05:30,0.0020494488665122163,3289751.4717865563,0.0
2023-10-18 00:00:00+05:30,-0.0060756953359805245,3269763.9441128876,-0.006075695335980513
2023-10-19 00:00:00+05:30,0.001860436911848812,3275847.133647548,-0.004226561871999768
2023-10-20 00:00:00+05:30,-0.007505420629024859,3251260.522993138,-0.011700260376360627
2023-10-23 00:00:00+05:30,-0.028610537006308653,3158240.2134828926,-0.039976046650187946
2023-10-25 00:00:00+05:30,-0.005894743879456067,3139623.196314612,-0.045635141973328075
2023-10-26 00:00:00+05:30,-0.005636986124196681,3121925.1839217804,-0.05101488343544536
2023-10-27 00:00:00+05:30,0.0171227916387898,3175381.258357963,-0.03476560901619796
2023-10-30 00:00:00+05:30,0.0034527802375485133,3186345.152013504,-0.03143286678640678
2023-10-31 00:00:00+05:30,0.00385726212119874,3198635.7204734306,-0.027696849471623985
2023-11-01 00:00:00+05:30,-0.003560030589798588,3187248.4794629226,-0.03115827843006258
2023-11-02 00:00:00+05:30,0.013166410828836168,3229213.1023571147,-0.01840211029575589
2023-11-03 00:00:00+05:30,0.006736623833849591,3250967.0963070327,-0.011789454556717982
2023-11-06 00:00:00+05:30,0.011457003937895914,3288213.4391313926,-0.00046752244610392957
2023-11-07 00:00:00+05:30,0.004344166152005816,3302497.9846542375,0.0
2023-11-08 00:00:00+05:30,0.0020945722456232885,3309415.3052741215,0.0
2023-11-09 00:00:00+05:30,-0.0028555290870132255,3299965.1736089042,-0.0028555290870132533
2023-11-10 00:00:00+05:30,0.004378824235540414,3314415.1410875423,0.0
2023-11-13 00:00:00+05:30,0.015427192819912701,3365547.2625543387,0.0
2023-11-15 00:00:00+05:30,0.007221627946095496,3389851.9927195064,0.0
2023-11-16 00:00:00+05:30,0.003947436055984418,3403233.2167000175,0.0
2023-11-17 00:00:00+05:30,0.006949282083278903,3426883.2443180503,0.0
2023-11-20 00:00:00+05:30,0.0010401395395662624,3430447.6810779427,0.0
2023-11-21 00:00:00+05:30,0.0030920587822008076,3441054.8269571,0.0
2023-11-22 00:00:00+05:30,7.800808149786755e-06,3441081.6699656383,0.0
2023-11-23 00:00:00+05:30,0.002465386744955546,3449565.2671030806,0.0
2023-11-24 00:00:00+05:30,0.002473903890663496,3458099.160038465,0.0
2023-11-28 00:00:00+05:30,0.011283099363793113,3497117.2364710285,0.0
2023-11-29 00:00:00+05:30,0.004061850994523391,3511322.0055959527,0.0
2023-11-30 00:00:00+05:30,0.00813270787830344,3539878.561734123,0.0
2023-12-01 00:00:00+05:30,0.004552960595915501,3555995.4893400245,0.0
2023-12-04 00:00:00+05:30,0.012076184006629508,3598938.3451960394,0.0
2023-12-05 00:00:00+05:30,0.01345749282962912,3647371.0321707926,0.0
2023-12-06 00:00:00+05:30,0.005782862479813229,3668463.2772626905,0.0
2023-12-07 00:00:00+05:30,0.005004012863962909,3686820.314693089,0.0
2023-12-08 00:00:00+05:30,-0.0048833226063987704,3668816.3817046178,-0.004883322606398899
2023-12-11 00:00:00+05:30,0.00550342809498824,3689007.448855044,0.0
2023-12-12 00:00:00+05:30,-0.004002343175690065,3674242.775067049,-0.004002343175690037
2023-12-13 00:00:00+05:30,0.005163221715979581,3693213.7051530564,0.0
2023-12-14 00:00:00+05:30,0.016202047900314438,3753051.330510044,0.0
2023-12-15 00:00:00+05:30,0.004673251878174354,3770590.284689234,0.0
2023-12-18 00:00:00+05:30,0.007720409854545206,3799700.7870806013,0.0
2023-12-19 00:00:00+05:30,-0.000903561983121756,3796267.5219021575,-0.0009035619831218034
2023-12-20 00:00:00+05:30,-0.03226629200947948,3673776.045494359,-0.033140699397805284
2023-12-21 00:00:00+05:30,0.017405344330534957,3737719.382559459,-0.016312180351643946
2023-12-22 00:00:00+05:30,0.013753363891854244,3789125.5973534365,-0.002783163812035361
2023-12-26 00:00:00+05:30,0.00796499925600358,3819305.979917261,0.0
2023-12-27 00:00:00+05:30,0.008969476355412318,3853563.1545982133,0.0
2023-12-28 00:00:00+05:30,0.011239467531706173,3896875.1525556995,0.0
2023-12-29 00:00:00+05:30,0.008457086400457014,3929831.3624126567,0.0
2024-01-01 00:00:00+05:30,-0.006406023020736686,3904656.7722374285,-0.006406023020736562
2024-01-02 00:00:00+05:30,-0.0005981726395798532,3902321.113389326,-0.007000363752616923
2024-01-03 00:00:00+05:30,0.0018720912523815612,3909626.6146096857,-0.005141377819980142
2024-01-04 00:00:00+05:30,0.010287490096238793,3949846.8596874746,0.0
2024-01-05 00:00:00+05:30,8.611952598559092e-06,3949880.875581402,0.0
2024-01-08 00:00:00+05:30,-0.009608353220802092,3911929.0249487245,-0.009608353220802113
2024-01-09 00:00:00+05:30,0.004021090315699316,3927659.2448666496,-0.005625898961188591
2024-01-10 00:00:00+05:30,0.004380751825077339,3944865.3452718807,-0.0012697928032533445
2024-01-11 00:00:00+05:30,-0.004761160707783193,3926083.207392477,-0.0060249078234345665
2024-01-12 00:00:00+05:30,0.0008584998715065983,3929453.7493215473,-0.005171580334520254
2024-01-15 00:00:00+05:30,0.003939560034694728,3944934.068270556,-0.0012523940510276166
2024-01-16 00:00:00+05:30,0.0018086838710965711,3952069.2068923768,0.0
2024-01-17 00:00:00+05:30,-0.009815969000505218,3913275.8180696703,-0.009815969000505076
2024-01-18 00:00:00+05:30,-0.0016122784129325588,3906966.527944346,-0.011412421338516054
2024-01-19 00:00:00+05:30,0.00828484965729345,3939335.158244442,-0.003222121876238049
2024-01-23 00:00:00+05:30,-0.024222794865771807,3843913.4507987644,-0.02736686794476917
2024-01-24 00:00:00+05:30,0.017706682807310987,3911976.407010814,-0.010144761587585815
2024-01-25 00:00:00+05:30,0.004322792893762756,3928887.0708236084,-0.005865822397122744
2024-01-29 00:00:00+05:30,0.011529190712599703,3974183.9591514007,0.0
2024-01-30 00:00:00+05:30,-0.0013827777541384162,3968688.5459818323,-0.00138277775413842
2024-01-31 00:00:00+05:30,0.013594146254647728,4022639.478515055,0.0
2024-02-01 00:00:00+05:30,-0.004038232770499714,4006395.1239490095,-0.00403823277049975
2024-02-02 00:00:00+05:30,0.008971932834566035,4042340.2319098134,0.0
2024-02-05 00:00:00+05:30,0.0026839532463203575,4053189.6840979788,0.0
2024-02-06 00:00:00+05:30,0.010034190855304792,4093860.1629609703,0.0
2024-02-07 00:00:00+05:30,0.008319992350649293,4127921.048201434,0.0
2024-02-08 00:00:00+05:30,-0.005156932224018029,4106633.639129761,-0.00515693222401814
2024-02-09 00:00:00+05:30,-0.00047295042004396237,4104691.405025168,-0.0056274436708007025
2024-02-12 00:00:00+05:30,-0.02582788255463651,3998675.917493152,-0.03130998127122486
2024-02-13 00:00:00+05:30,-0.0025937065965099,3988304.525388645,-0.033822478962774905
2024-02-14 00:00:00+05:30,0.01361734238825643,4042614.633659494,-0.020665708850974407
2024-02-15 00:00:00+05:30,0.008346038197388059,4076354.4498093366,-0.012492147449032487
2024-02-16 00:00:00+05:30,0.006406841028045611,4102471.004743231,-0.006165341623791898
2024-02-19 00:00:00+05:30,0.006215208161877716,4127968.7160157785,0.0
2024-02-20 00:00:00+05:30,-0.0008762401154964029,4124351.6242312915,-0.0008762401154963628
2024-02-21 00:00:00+05:30,-0.007720788251364171,4092508.378666432,-0.008590263102471352
2024-02-22 00:00:00+05:30,0.0064668959699683524,4118974.2046074914,-0.002178919470341434
2024-02-23 00:00:00+05:30,0.008966830090747986,4155908.3464483805,0.0
2024-02-26 00:00:00+05:30,0.0017189233439697568,4163052.03432049,0.0
2024-02-27 00:00:00+05:30,0.0006418799615821604,4165724.2140003447,0.0
2024-02-28 00:00:00+05:30,-0.011508434874805264,4117783.248177123,-0.011508434874805129
2024-02-29 00:00:00+05:30,0.006571613777167824,4144843.7293022345,-0.00501245008681428
2024-03-01 00:00:00+05:30,0.018280874455976117,4220615.097157249,0.0
2024-03-04 00:00:00+05:30,0.008699188518794969,4257331.023552692,0.0
2024-03-05 00:00:00+05:30,0.001071222303702493,4261891.571499366,0.0
2024-03-06 00:00:00+05:30,-0.01001917020651338,4219190.954442809,-0.01001917020651344
2024-03-07 00:00:00+05:30,0.0065971701041815135,4247025.674871293,-0.0034880982724868614
2024-03-11 00:00:00+05:30,-0.009557676879111384,4206433.975773583,-0.013012437035387237
2024-03-12 00:00:00+05:30,-0.014240584659797557,4146531.8966257307,-0.02706771698395205
2024-03-13 00:00:00+05:30,-0.04064287860766707,3978004.9041083516,-0.06661048565605376
2024-03-14 00:00:00+05:30,0.01683939342616107,4044992.09373983,-0.05089277240416268
2024-03-15 00:00:00+05:30,0.002599502503702214,4055507.0608149623,-0.04842556578974544
2024-03-18 00:00:00+05:30,0.0005509028451206042,4057741.2511931714,-0.04790134072659513
2024-03-19 00:00:00+05:30,-0.01031160768465834,4015899.4153250125,-0.05771900857811163
2024-03-20 00:00:00+05:30,0.003926569761579889,4031668.124534774,-0.05401907653028293
2024-03-21 00:00:00+05:30,0.025409359378950478,4134110.228807737,-0.029982307280209564
2024-03-22 00:00:00+05:30,0.011476177218666962,4181554.010435038,-0.018850212333314964
2024-03-26 00:00:00+05:30,0.009248062087621226,4220225.281546283,-0.009776478179717052
2024-03-27 00:00:00+05:30,0.0028405857017582293,4232213.193139241,-0.00696366340208987
2024-03-28 00:00:00+05:30,0.0094406693085061,4272168.118338766,0.0
2024-04-01 00:00:00+05:30,0.02133047109031585,4363295.476879959,0.0
2024-04-02 00:00:00+05:30,0.006434988453747111,4391373.232893969,0.0
2024-04-03 00:00:00+05:30,0.003519628262074643,4406829.23423378,0.0
2024-04-04 00:00:00+05:30,0.004263650457423768,4425618.413714109,0.0
2024-04-05 00:00:00+05:30,0.004330605486368728,4444784.021097114,0.0
2024-04-08 00:00:00+05:30,0.006023573473366354,4471557.504221438,0.0
2024-04-09 00:00:00+05:30,0.002118294786982629,4481029.581172324,0.0
2024-04-10 00:00:00+05:30,0.0077675683017465885,4515836.284506227,0.0
2024-04-12 00:00:00+05:30,-0.005049555459631815,4493033.318740995,-0.005049555459631927
2024-04-15 00:00:00+05:30,-0.00852802674697633,4454716.610423717,-0.01353451946258788
2024-04-16 00:00:00+05:30,0.00455684689047877,4475016.071957891,-0.009039347305036194
2024-04-18 00:00:00+05:30,-0.0020636929219006047,4465781.0129648,-0.011084385789884799
2024-04-19 00:00:00+05:30,0.0019383700770615466,4474437.34925104,-0.009167501354561014
2024-04-22 00:00:00+05:30,0.008598892145836982,4512912.553430555,-0.0006474395641186126
2024-04-23 00:00:00+05:30,0.010870281642453669,4561969.183914111,0.0
2024-04-24 00:00:00+05:30,0.01138812038899885,4613921.438191429,0.0
2024-04-25 00:00:00+05:30,0.010376394825844926,4661797.308729532,0.0
2024-04-26 00:00:00+05:30,-2.9827043646910075e-05,4661658.261097732,-2.9827043646846185e-05
2024-04-29 00:00:00+05:30,-0.0018122930741532603,4653209.970117075,-0.0018420660624554053
2024-04-30 00:00:00+05:30,0.003885233929207636,4671288.779372701,0.0
2024-05-02 00:00:00+05:30,0.00574224640483162,4698112.470571985,0.0
2024-05-03 00:00:00+05:30,-0.0032275101143962558,4682949.265054642,-0.0032275101143962592
2024-05-06 00:00:00+05:30,-0.013097828471328085,4621612.798841024,-0.01628306521185663
2024-05-07 00:00:00+05:30,-0.013033508104224259,4561376.970972743,-0.029104347853680546
2024-05-08 00:00:00+05:30,0.00982023333941821,4606170.757176744,-0.01956992600137708
2024-05-09 00:00:00+05:30,-0.016173670044019477,4531672.071183756,-0.03542707851946436
2024-05-10 00:00:00+05:30,0.008456256934990134,4569993.054562805,-0.027270402062890775
2024-05-13 00:00:00+05:30,0.00367664563856665,4586795.299595143,-0.02369402002913079
2024-05-14 00:00:00+05:30,0.01902788279719392,4674072.302970559,-0.005116984268045521
2024-05-15 00:00:00+05:30,0.008995935201615679,4716119.95453575,0.0
2024-05-16 00:00:00+05:30,0.005705507153157018,4743027.8106715,0.0
2024-05-17 00:00:00+05:30,0.009232650259377024,4786818.527617929,0.0
2024-05-21 00:00:00+05:30,0.015502896691727873,4861028.080733637,0.0
2024-05-22 00:00:00+05:30,-0.004020121234214292,4841486.158526169,-0.004020121234214025
2024-05-23 00:00:00+05:30,0.006893582045641083,4874861.340582805,0.0
2024-05-24 00:00:00+05:30,0.0016396961801569661,4882854.632101753,0.0
2024-05-27 00:00:00+05:30,-0.0019378396199664337,4873392.442937129,-0.0019378396199665193
2024-05-28 00:00:00+05:30,-0.010195064912510047,4823707.890637249,-0.012113148131761009
2024-05-29 00:00:00+05:30,0.001431455436564002,4830612.813521698,-0.010699032126944119
2024-05-30 00:00:00+05:30,-0.009370357964197492,4785348.242272561,-0.019969136330241555
2024-05-31 00:00:00+05:30,0.007964536238604325,4823461.321762483,-0.01216364500159306
2024-06-03 00:00:00+05:30,0.02838062904811467,4960354.188263353,0.0
2024-06-04 00:00:00+05:30,-0.07704329662818976,4578192.149156096,-0.07704329662818965
2024-06-05 00:00:00+05:30,0.03212984426358214,4725288.749917236,-0.04738884148682421
2024-06-06 00:00:00+05:30,0.017337317620267117,4807212.581822026,-0.030873119263070792
2024-06-07 00:00:00+05:30,0.01717986118421889,4889799.826660759,-0.014223653982115225
2024-06-10 00:00:00+05:30,0.0073584408004360715,4925781.129211225,-0.006969877097472432
2024-06-11 00:00:00+05:30,0.004152929322593282,4946237.550099403,-0.0028458931818521327
2024-06-12 00:00:00+05:30,0.006634532700388027,4979053.524869424,0.0
2024-06-13 00:00:00+05:30,0.006285250001454208,5010348.12104385,0.0
2024-06-14 00:00:00+05:30,0.009065559589459867,5055769.730499111,0.0
2024-06-18 00:00:00+05:30,0.0033748054159190594,5072831.969567238,0.0
2024-06-19 00:00:00+05:30,-0.007045729613105446,5037090.16713695,-0.007045729613105456
2024-06-20 00:00:00+05:30,0.005448603480395613,5064535.274152679,-0.0016355155196017268
2024-06-21 00:00:00+05:30,-0.0017981807601832901,5055428.324263428,-0.0034307553272446834
2024-06-24 00:00:00+05:30,0.0019975672216816114,5065526.882175538,-0.001440041269950454
2024-06-25 00:00:00+05:30,-0.0004182629117627431,5063408.160152188,-0.0018577018658583189
2024-06-26 00:00:00+05:30,0.00017437258466467703,5064291.079720285,-0.001683653213469638
2024-06-27 00:00:00+05:30,0.000338066980597034,5066003.14931447,-0.0013461554204310389
2024-06-28 00:00:00+05:30,0.0013285003134329077,5072733.336086186,-1.9443474896130297e-05
2024-07-01 00:00:00+05:30,0.008967286036017569,5118221.986895313,0.0
2024-07-02 00:00:00+05:30,-0.0023340678358989004,5106275.70957871,-0.0023340678358988454
2024-07-03 00:00:00+05:30,0.0125553605257025,5170386.842056108,0.0
2024-07-04 00:00:00+05:30,0.0021812164839123114,5181664.575064205,0.0
2024-07-05 00:00:00+05:30,0.008483584128915636,5225623.662414584,0.0
2024-07-08 00:00:00+05:30,-0.003544990627152165,5207098.8755103,-0.0035449906271523
2024-07-09 00:00:00+05:30,0.003110627258319689,5223296.219209228,-0.00044539051330783064
2024-07-10 00:00:00+05:30,-0.008350230560320198,5179680.491493982,-0.008791901960152448
2024-07-11 00:00:00+05:30,0.0037808939508937123,5199264.314131833,-0.00504424925819702
2024-07-12 00:00:00+05:30,-0.0034057441075312895,5181556.950330481,-0.00843281394354023
2024-07-15 00:00:00+05:30,0.0036727639507531116,5200587.585906429,-0.004791021727842293
2024-07-16 00:00:00+05:30,0.000894441648436527,5205239.208039605,-0.0039008653687778727
2024-07-18 00:00:00+05:30,-0.009871189465967605,5153857.305601362,-0.013733548653609207
2024-07-19 00:00:00+05:30,-0.02698409661690722,5014785.122117262,-0.0403470578667543
2024-07-22 00:00:00+05:30,0.006260137459203951,5046178.366310086,-0.03433949853587093
2024-07-23 00:00:00+05:30,9.065768016676438e-05,5046635.841134483,-0.0342519539949796
2024-07-24 00:00:00+05:30,0.005762773415774466,5075718.459998867,-0.02868656682912596
2024-07-25 00:00:00+05:30,-0.002979114261817877,5060597.314745712,-0.031580220530580516
2024-07-26 00:00:00+05:30,0.017164935592765294,5147462.141714242,-0.014957357389228099
2024-07-29 00:00:00+05:30,0.008180209389914834,5189569.459860124,-0.006899502314677064
2024-07-30 00:00:00+05:30,0.008205461821332834,5232152.273932161,0.0
2024-07-31 00:00:00+05:30,0.0028296567919107976,5246957.469150404,0.0
2024-08-01 00:00:00+05:30,0.0012201998269331439,5253359.805746188,0.0
2024-08-02 00:00:00+05:30,-0.012110373316388867,5189739.65733329,-0.012110373316388867
2024-08-05 00:00:00+05:30,-0.0389126030250833,4987793.378243948,-0.05055173019212589
2024-08-06 00:00:00+05:30,-0.008252140171225638,4946633.408141568,-0.05838671039990806
2024-08-07 00:00:00+05:30,0.02268132789038861,5058829.622425177,-0.037029670632541034
2024-08-08 00:00:00+05:30,-0.005960123031490428,5028678.375480175,-0.04276909227124592
2024-08-09 00:00:00+05:30,0.010955710224315423,5083771.118573218,-0.032281947828411206
2024-08-12 00:00:00+05:30,-0.0037307582329218015,5064804.797618311,-0.03589226991869732
2024-08-13 00:00:00+05:30,-0.008637847902922827,5021055.784118489,-0.04422008585317194
2024-08-14 00:00:00+05:30,-0.005639057673012699,4992741.760972431,-0.04960978391175308
2024-08-16 00:00:00+05:30,0.018014731136276173,5082684.661429208,-0.03248875969437581
2024-08-19 00:00:00+05:30,0.007819135601705189,5122426.86201763,-0.02492365811025221
2024-08-20 00:00:00+05:30,0.008246316251018768,5164668.01389454,-0.016882870226142876
2024-08-21 00:00:00+05:30,0.0034295637106770615,5182380.571892688,-0.013511207394525382
2024-08-22 00:00:00+05:30,0.004224546593479735,5204273.780083794,-0.009343739526217698
2024-08-23 00:00:00+05:30,0.003413393720154502,5222038.015522697,-0.005962239667884783
2024-08-26 00:00:00+05:30,0.0027514923457880604,5236406.413151823,-0.0032271523789064727
2024-08-27 00:00:00+05:30,-0.0016717244844244694,5227652.58434056,-0.004893481953683998
2024-08-28 00:00:00+05:30,-0.0025360838038122587,5214394.819289457,-0.007417155477169257
2024-08-29 00:00:00+05:30,-0.005215509712972081,5187199.092462182,-0.01259398094370745
2024-08-30 00:00:00+05:30,0.006882182905676221,5222898.345384664,-0.005798472118396569
2024-09-02 00:00:00+05:30,-0.005004741456646818,5196759.089511665,-0.010774193721247327
2024-09-03 00:00:00+05:30,-0.0027313813905600753,5182564.758443349,-0.01347614667957886
2024-09-04 00:00:00+05:30,0.0005388864182183579,5185357.572203211,-0.01294452237377619
2024-09-05 00:00:00+05:30,0.003424313108977268,5203113.860112441,-0.00956453536245283
2024-09-06 00:00:00+05:30,-0.012914057648575858,5135920.547770844,-0.02235507604997622
2024-09-09 00:00:00+05:30,-0.002637824693415349,5122372.889726515,-0.024933931971763745
2024-09-10 00:00:00+05:30,0.01113105344742163,5179390.2961396845,-0.01408041945377414
2024-09-11 00:00:00+05:30,-0.0012773874010286598,5172774.208230386,-0.015339820704391327
2024-09-12 00:00:00+05:30,0.01487914964793329,5249740.6897696145,-0.0006889145442913192
2024-09-13 00:00:00+05:30,0.0038269651422537755,5269831.264395234,0.0
2024-09-16 00:00:00+05:30,0.009748705182407587,5321205.295752859,0.0
2024-09-17 00:00:00+05:30,-0.003484448020749246,5302663.832492072,-0.00348444802074932
2024-09-18 00:00:00+05:30,-0.00016035319853989897,5301813.533385751,-0.0036442424769037585
2024-09-19 00:00:00+05:30,-0.010320031873260974,5247098.648735123,-0.01392666565164935
2024-09-20 00:00:00+05:30,0.011201897964406645,5305876.11240743,-0.0028807727748567657
2024-09-23 00:00:00+05:30,0.010725688126050865,5362785.284824575,0.0
2024-09-24 00:00:00+05:30,0.00675703220882373,5399021.7977231415,0.0
2024-09-25 00:00:00+05:30,-0.00257456320380767,5385121.674866167,-0.002574563203807889
2024-09-26 00:00:00+05:30,0.006496792159474116,5420107.6911412515,0.0
2024-09-27 00:00:00+05:30,0.00265182957520189,5434480.893017398,0.0
2024-09-30 00:00:00+05:30,0.002175273085727691,5446302.37303888,0.0
2024-10-01 00:00:00+05:30,0.0014893689602084531,5454413.926741194,0.0
2024-10-03 00:00:00+05:30,-0.015009056716007052,5372548.318762156,-0.015009056716007163
2024-10-04 00:00:00+05:30,-0.006455467263899906,5337866.008966667,-0.02136763350561488
2024-10-07 00:00:00+05:30,-0.021344413676424093,5223932.388721959,-0.04225596757320893
2024-10-08 00:00:00+05:30,0.014777556538847846,5301129.344951417,-0.028102850984277672
2024-10-09 00:00:00+05:30,0.008136575640926662,5344262.38484895,-0.020194936316110357
2024-10-10 00:00:00+05:30,0.00568583409669953,5374648.974138433,-0.014623927276897652
2024-10-11 00:00:00+05:30,0.0036422115951568286,5394224.582951938,-0.011034979119235455
2024-10-14 00:00:00+05:30,0.004755487623264345,5419876.751193273,-0.00633196820259585
2024-10-15 00:00:00+05:30,-0.00028039739379095383,5418357.03187757,-0.006610590129005223
2024-10-16 00:00:00+05:30,-0.00544158868966571,5388872.561536334,-0.012016206706192856
2024-10-17 00:00:00+05:30,-0.017312507054943787,5295577.667296544,-0.029120683097762057
2024-10-18 00:00:00+05:30,0.0008705148233820399,5300187.546154297,-0.02827551826068353
2024-10-21 00:00:00+05:30,-0.015006143409908562,5220652.171737294,-0.0428573551885828
2024-10-22 00:00:00+05:30,-0.02668120223886158,5081358.895324419,-0.06839507166623504
2024-10-23 00:00:00+05:30,0.0006114803848842291,5084466.046617467,-0.0678254135260975
2024-10-24 00:00:00+05:30,-0.0027833207610258497,5070314.346711186,-0.07041995440553106
2024-10-25 00:00:00+05:30,-0.020768153022875848,4965013.282484605,-0.08972561503944887
2024-10-28 00:00:00+05:30,0.010447677099778487,5016886.138056116,-0.08021536219318137
2024-10-29 00:00:00+05:30,0.01460557377755409,5090160.638679083,-0.066781379806233
2024-10-30 00:00:00+05:30,0.00637212570305109,5122595.78211747,-0.06083479344993026
2024-10-31 00:00:00+05:30,0.010061373025108634,5174136.129138202,-0.05138550197462677
2024-11-01 00:00:00+05:30,0.0081545126240252,5216328.687521685,-0.04365001307514549
2024-11-04 00:00:00+05:30,-0.012169814676905324,5152846.934100721,-0.0552886151822819
2024-11-05 00:00:00+05:30,0.01509265954171234,5230617.098547659,-0.041030407886048614
2024-11-06 00:00:00+05:30,0.018343232495972823,5326563.52408373,-0.023439805701334082
2024-11-07 00:00:00+05:30,-0.008965819149785061,5278806.518836953,-0.032195467792294985
2024-11-08 00:00:00+05:30,-0.014358907433043949,5203008.624676024,-0.046092083483545876
2024-11-11 00:00:00+05:30,-0.011784417395591263,5141694.199329981,-0.057333332528734515
2024-11-12 00:00:00+05:30,-0.010770403328656326,5086316.079010583,-0.06748623274188048
2024-11-13 00:00:00+05:30,-0.025180062955421936,4958242.319929923,-0.09096698810823745
2024-11-14 00:00:00+05:30,0.0014563022206776524,4965463.019231095,-0.08964316131435013
2024-11-18 00:00:00+05:30,0.007417717182683185,5002295.419588824,-0.0828903917496584
2024-11-19 00:00:00+05:30,0.006263302205871322,5033626.307524754,-0.0771462571172784
2024-11-21 00:00:00+05:30,-0.014673234389993225,4959766.728882807,-0.09068750639427903
2024-11-22 00:00:00+05:30,0.01269436197980425,5022727.803074636,-0.07914436444768957
2024-11-25 00:00:00+05:30,0.01114031171295711,5078682.556450224,-0.06888574562500349
2024-11-26 00:00:00+05:30,-0.0006670790492653893,5075294.673718946,-0.06950687243656939
2024-11-27 00:00:00+05:30,0.01299688589039914,5141257.699453421,-0.05741335943582704
2024-11-28 00:00:00+05:30,0.0016426670651199988,5149703.074149607,-0.05586500340535039
2024-11-29 00:00:00+05:30,0.006575128228955696,5183563.032203188,-0.049657194737295796
2024-12-02 00:00:00+05:30,0.008590135004015172,5228090.538451636,-0.0414936217399946
2024-12-03 00:00:00+05:30,0.007873236934482053,5269252.533975789,-0.033947073920741366
2024-12-04 00:00:00+05:30,0.0013199643023705733,5276207.7592208125,-0.03267191854411622
2024-12-05 00:00:00+05:30,0.007101249246641311,5313675.425596103,-0.02580268073442249
2024-12-06 00:00:00+05:30,0.0017472182874022813,5322959.576473025,-0.024100545362663484
2024-12-09 00:00:00+05:30,0.004755885225761789,5348274.961280101,-0.019459279564524534
2024-12-10 00:00:00+05:30,0.003914121274682967,5369208.758088902,-0.01562132426997509
2024-12-11 00:00:00+05:30,0.002302997669620686,5381574.033346487,-0.013354302473744584
2024-12-12 00:00:00+05:30,-0.005384669569438276,5352596.035413447,-0.018667063537031514
2024-12-13 00:00:00+05:30,-0.0023858709123792026,5339825.432226838,-0.02100839724549819
2024-12-16 00:00:00+05:30,4.232521822038595e-05,5340051.4415035155,-0.020966961212275592
2024-12-17 00:00:00+05:30,-0.009465104696070264,5289507.295527283,-0.030233611425313334
2024-12-18 00:00:00+05:30,-0.009466745208582466,5239432.877681588,-0.0394141427377972
2024-12-19 00:00:00+05:30,-0.0031572180697471116,5222890.845524943,-0.04244692176388909
2024-12-20 00:00:00+05:30,-0.017844474545968853,5129691.102775601,-0.05953395329488731
2024-12-23 00:00:00+05:30,0.0042349816919326645,5151415.250681126,-0.05555109680520687
2024-12-24 00:00:00+05:30,9.046975350207034e-06,5151461.855407917,-0.05554255239926009
2024-12-26 00:00:00+05:30,0.0026002542655187626,5164856.966071099,-0.05308672289253524
2024-12-27 00:00:00+05:30,-0.0027026195626299035,5150898.322596409,-0.05564586923935999
2024-12-30 00:00:00+05:30,-0.006979627177286856,5114946.972676574,-0.062237108995400026
2024-12-31 00:00:00+05:30,0.004991027183649258,5140475.812060128,-0.057556708914578536
2025-01-01 00:00:00+05:30,0.004446696714853543,5163333.9489664,-0.05336594942817319
2025-01-02 00:00:00+05:30,0.007682318728838343,5203000.326065792,-0.04609360493210901
2025-01-03 00:00:00+05:30,-0.00048700849996129343,5200466.420681696,-0.046558165454674505
2025-01-06 00:00:00+05:30,-0.024226640568177648,5074476.589920963,-0.06965685808286814
2025-01-07 00:00:00+05:30,0.012343104286235702,5137111.38366842,-0.05817353566020067
2025-01-08 00:00:00+05:30,-0.009634532415978472,5087617.717517975,-0.06724759326110885
2025-01-09 00:00:00+05:30,-0.00927372815940912,5040436.533826719,-0.07589768552123999
2025-01-10 00:00:00+05:30,-0.016886026051888037,4955323.591203634,-0.09150210127813818
2025-01-13 00:00:00+05:30,-0.03417205769360287,4785989.987554552,-0.12254734388777855
2025-01-14 00:00:00+05:30,0.027460786645883542,4917417.0374921225,-0.09845180370641704
2025-01-15 00:00:00+05:30,0.0026820172186750395,4930605.634658082,-0.0960338359204922
2025-01-16 00:00:00+05:30,0.01246901925855041,4992085.4512729505,-0.08476226441150703
2025-01-17 00:00:00+05:30,0.0038327163593376195,5011218.698849256,-0.08125441776963382
2025-01-20 00:00:00+05:30,0.006185854702921722,5042217.369604902,-0.07557119108900545
2025-01-21 00:00:00+05:30,-0.014957191521943929,4966799.958712449,-0.08939804983228983
2025-01-22 00:00:00+05:30,-0.015469510069721661,4889965.996736854,-0.1034846158699173
2025-01-23 00:00:00+05:30,0.008888025056440053,4933428.137040991,-0.09551636467228519
2025-01-24 00:00:00+05:30,-0.014533090182256675,4861730.181017692,-0.10866130691287812
2025-01-27 00:00:00+05:30,-0.02766559436808009,4727227.525902604,-0.1333207216404012
2025-01-28 00:00:00+05:30,-0.01842395471202017,4640133.30005196,-0.14928838141474454
2025-01-29 00:00:00+05:30,0.028749187600043125,4773533.3627843615,-0.12483111349850062
2025-01-30 00:00:00+05:30,0.008941575872056799,4816216.273525492,-0.11700572449898405
2025-01-31 00:00:00+05:30,0.01705628281585875,4898363.020389084,-0.10194512441125447
2025-02-01 00:00:00+05:30,-0.0030952155548887826,4883201.530974884,-0.10472479783132049
2025-02-03 00:00:00+05:30,-0.012088924528698735,4824168.876208503,-0.11554771218275306
2025-02-04 00:00:00+05:30,0.01488236776108614,4895963.931565823,-0.10238496796832275
2025-02-05 00:00:00+05:30,0.006798214621043397,4929247.745149495,-0.09628278833349668
2025-02-06 00:00:00+05:30,-0.006823828058412562,4895611.406079277,-0.10244959919933694
2025-02-07 00:00:00+05:30,0.002341132938560209,4907072.683196441,-0.10034831439200442
2025-02-10 00:00:00+05:30,-0.01647904427707785,4826208.815179208,-0.11517371435308621
2025-02-11 00:00:00+05:30,-0.02461672949185641,4707403.338304728,-0.13695524367414047
2025-02-12 00:00:00+05:30,0.0009020192403359536,4711649.506687901,-0.13617676069866347
2025-02-13 00:00:00+05:30,7.897987651892701e-05,4712021.6321841385,-0.13610853604588946
2025-02-14 00:00:00+05:30,-0.026880696171157306,4585359.210337477,-0.15933054001329605
2025-02-17 00:00:00+05:30,0.005322256078481239,4609763.666266715,-0.1548562818698883
2025-02-18 00:00:00+05:30,-0.006240498863896339,4580996.441344546,-0.16013040028270864
2025-02-19 00:00:00+05:30,0.009936479931967451,4626515.420552381,-0.15178505285964805
2025-02-20 00:00:00+05:30,0.014263481974732527,4692505.639859252,-0.1396865542504131
2025-02-21 00:00:00+05:30,-0.004698871193249342,4670456.160283958,-0.14372905631781074
2025-02-24 00:00:00+05:30,-0.008699489785435313,4629825.574624243,-0.15117817664593913
2025-02-25 00:00:00+05:30,-0.0010254340184357924,4625077.9939806005,-0.1520485874191969
2025-02-27 00:00:00+05:30,-0.02281288246192846,4519566.633326668,-0.17139280332782914
2025-02-28 00:00:00+05:30,-0.016774635185886965,4443752.551854306,-0.1852923867644053
2025-03-03 00:00:00+05:30,0.0029697013097828963,4456949.169627899,-0.1828729484982894
2025-03-04 00:00:00+05:30,0.005812562919596172,4482855.467105804,-0.17812334609813152
2025-03-05 00:00:00+05:30,0.030865875434427436,4621222.7255440345,-0.15275540367633222
2025-03-06 00:00:00+05:30,0.014018446337400757,4686005.08833525,-0.14087835076811628
2025-03-07 00:00:00+05:30,0.0019033448090761051,4694924.171795438,-0.13924314603668564
2025-03-10 00:00:00+05:30,-0.015078218051282136,4624133.081398871,-0.15222182556988018
2025-03-11 00:00:00+05:30,0.00025941400359595027,4625332.646274676,-0.1520019000394902
2025-03-12 00:00:00+05:30,-0.002743263299974582,4612644.140975976,-0.15432818210555999
2025-03-13 00:00:00+05:30,-0.007592023507975015,4577624.838223764,-0.1607485424270465
2025-03-17 00:00:00+05:30,0.0038608029192041243,4595298.145562199,-0.15750835794970264
2025-03-18 00:00:00+05:30,0.0016821435639413566,4603028.096762149,-0.1560911660563532
2025-03-19 00:00:00+05:30,0.035047228235193656,4764351.473042381,-0.12651450054343405
2025-03-20 00:00:00+05:30,0.005517095012541906,4790636.852792299,-0.12169539805085461
2025-03-21 00:00:00+05:30,0.011806053416352245,4847195.367374711,-0.11132608700441504
2025-03-24 00:00:00+05:30,0.007573746770911539,4883906.797636342,-0.10459549582547145
2025-03-25 00:00:00+05:30,-0.010996000283942053,4830203.357102786,-0.11444136400761762
2025-03-26 00:00:00+05:30,-0.007170217737201177,4795569.7473174,-0.12079101224674171
2025-03-27 00:00:00+05:30,0.009927591115365057,4843178.202933982,-0.11206258491137322
2025-03-28 00:00:00+05:30,-0.0008083845881166594,4839263.052317228,-0.11278037983294298
2025-04-01 00:00:00+05:30,-0.006620483393040449,4807224.791644807,-0.11865420259423876
2025-04-02 00:00:00+05:30,0.009601477167213818,4853381.250719449,-0.1101919810440275
2025-04-03 00:00:00+05:30,-0.001969940840450692,4843820.376779378,-0.11194485020072953
2025-04-04 00:00:00+05:30,-0.03409621151779804,4678664.452658488,-0.14222416642775526
2025-04-07 00:00:00+05:30,-0.04065984944475742,4488430.660410855,-0.1771012026781542
2025-04-08 00:00:00+05:30,0.017951723346856303,4569005.725888098,-0.16232875112617173
2025-04-09 00:00:00+05:30,-0.006554992106983647,4539055.929418138,-0.1678196795507868
2025-04-11 00:00:00+05:30,0.02413026149089441,4648584.535916793,-0.14773895081077082
2025-04-15 00:00:00+05:30,0.03268593042572972,4800527.846635892,-0.11988200545241234
2025-04-16 00:00:00+05:30,0.00909922910532238,4844208.949338912,-0.11187361018030706
2025-04-17 00:00:00+05:30,0.00851141945399029,4885440.043629509,-0.10431439394839348
2025-04-21 00:00:00+05:30,0.015595605899852066,4961631.441197312,-0.0903456342262422
2025-04-22 00:00:00+05:30,0.005181154333735624,4987338.419441271,-0.08563257456681206
2025-04-23 00:00:00+05:30,0.01295208891645221,5051934.870106312,-0.07378960637029386
2025-04-24 00:00:00+05:30,-0.0009011366286074843,5047382.38654952,-0.0746242484817905
2025-04-25 00:00:00+05:30,-0.020228618424938533,4945280.814207255,-0.09334332145894308
2025-04-28 00:00:00+05:30,0.013523659024516164,5012159.105719076,-0.0810820056860534
2025-04-29 00:00:00+05:30,0.0007771007535289452,5016054.058336937,-0.08036791382024078
2025-04-30 00:00:00+05:30,-0.007591716898817789,4977973.595976876,-0.08734950026958677
2025-05-02 00:00:00+05:30,-0.005020893932759656,4952979.718551398,-0.09193182162641322
2025-05-05 00:00:00+05:30,0.020941087891644332,5056700.502163114,-0.0729158860914868
2025-05-06 00:00:00+05:30,-0.0162555374965365,4974501.117541446,-0.08798613666756994
2025-05-07 00:00:00+05:30,0.012671974330311774,5037537.868009039,-0.07642912040253291
2025-05-08 00:00:00+05:30,-0.013044833903075918,4971824.023240407,-0.08847694912459936
2025-05-09 00:00:00+05:30,-0.0003191759720370138,4970237.136474992,-0.0887678853803967
2025-05-12 00:00:00+05:30,0.041563642307740435,5176818.295000087,-0.05089375970902166
2025-05-13 00:00:00+05:30,0.0018055987147798046,5186165.551460188,-0.04918005470136266
2025-05-14 00:00:00+05:30,0.012011670995109306,5248460.065790497,-0.03775911834284762
2025-05-15 00:00:00+05:30,0.015812324819617075,5331450.421153566,-0.022543852967369937
2025-05-16 00:00:00+05:30,0.0060701629118923624,5363813.193766645,-0.01661053491565123
2025-05-19 00:00:00+05:30,0.0002832167265238206,5365332.31538107,-0.016332022570451854
2025-05-20 00:00:00+05:30,-0.010242271901066751,5310379.122967357,-0.026407017455657655
2025-05-21 00:00:00+05:30,0.006117418884742594,5342864.9364993395,-0.020451141358188152
2025-05-22 00:00:00+05:30,-6.037956218606064e-05,5342542.336653655,-0.020510286089412633
2025-05-23 00:00:00+05:30,0.0053884890351137225,5371330.567454345,-0.015232316505998766
2025-05-26 00:00:00+05:30,0.007303897600435815,5410562.215897122,-0.00803967418554008
2025-05-27 00:00:00+05:30,0.0013855051716803472,5418058.5778289465,-0.006665308024022321
2025-05-28 00:00:00+05:30,0.0016884137176088414,5427206.502254561,-0.004988148103913459
2025-05-29 00:00:00+05:30,0.009818746333041988,5480494.866197234,0.0
2025-05-30 00:00:00+05:30,-0.0029724390229133165,5464204.429392073,-0.0029724390229133313
2025-06-02 00:00:00+05:30,0.0018442289102795868,5474281.673172437,-0.0011336919706136372
2025-06-03 00:00:00+05:30,-0.0034659223827054582,5455308.237792154,-0.0045956850649431225
2025-06-04 00:00:00+05:30,0.0039420377209388,5476813.268644878,-0.0006717637078841321
2025-06-05 00:00:00+05:30,0.005590473842500681,5507431.249963499,0.0
2025-06-06 00:00:00+05:30,0.003393314201370609,5526119.694637072,0.0
2025-06-09 00:00:00+05:30,0.008319084751573759,5572091.952724098,0.0
2025-06-10 00:00:00+05:30,0.0011043483782361984,5578245.483435472,0.0
2025-06-11 00:00:00+05:30,-0.002993448642224579,5561547.292067086,-0.0029934486422246165
2025-06-12 00:00:00+05:30,-0.01610762866246279,5471963.953497744,-0.019052859945538292
2025-06-13 00:00:00+05:30,-0.004849121758965585,5445429.734026563,-0.023809592066771357
2025-06-16 00:00:00+05:30,0.0044533232845676346,5469679.99305558,-0.019462300592950843
2025-06-17 00:00:00+05:30,-0.006493231672252668,5434164.093687585,-0.02582915903857852
2025-06-18 00:00:00+05:30,-0.002474250063052254,5420718.612836142,-0.028239501303250925
2025-06-19 00:00:00+05:30,-0.012812639996081093,5351264.896729816,-0.04069031873546469
2025-06-20 00:00:00+05:30,0.014327540367196103,5427935.360553272,-0.02694577055250502
2025-06-23 00:00:00+05:30,0.00230819837747104,5440464.112145519,-0.024699768358902974
2025-06-24 00:00:00+05:30,0.012100740832765319,5506297.758376553,-0.012897913021677976
2025-06-25 00:00:00+05:30,0.010539254353443751,5564330.03099788,-0.002494593054198413
2025-06-26 00:00:00+05:30,0.010315211139960269,5621727.270120044,0.0
2025-06-27 00:00:00+05:30,0.005052343112710114,5650130.16517477,0.0
2025-06-30 00:00:00+05:30,0.006272458905541673,5685570.37444679,0.0
2025-07-01 00:00:00+05:30,0.0008997829094648937,5690686.153500276,0.0
2025-07-02 00:00:00+05:30,0.0015414023856262194,5699457.790713131,0.0
2025-07-03 00:00:00+05:30,-0.00150205901806882,5690896.868740488,-0.0015020590180688798
2025-07-04 00:00:00+05:30,6.227368309935217e-06,5690932.308051304,-0.0014958410036335357
2025-07-07 00:00:00+05:30,-0.0027885698957538403,5675062.745538299,-0.0042802396421959266
2025-07-08 00:00:00+05:30,-0.0018277605741453815,5664690.0895962035,-0.006100176963075188
2025-07-09 00:00:00+05:30,0.0030649616587422345,5682052.147529473,-0.0030539121128364544
2025-07-10 00:00:00+05:30,0.0006807513059876148,5685920.211949593,-0.0023752397615079968
2025-07-11 00:00:00+05:30,-0.006643231820088698,5648147.325871084,-0.009002692313232696
2025-07-14 00:00:00+05:30,0.009608422082787458,5702417.10936382,0.0
2025-07-15 00:00:00+05:30,0.010854706299628352,5764315.17228394,0.0
2025-07-16 00:00:00+05:30,0.0011145047790885427,5770739.529091623,0.0
2025-07-17 00:00:00+05:30,0.008031368305541964,5817086.463645108,0.0
2025-07-18 00:00:00+05:30,-0.0038526352396300876,5794675.351343294,-0.0038526352396300867
2025-07-21 00:00:00+05:30,0.006758077679850991,5833836.2174971895,0.0
2025-07-22 00:00:00+05:30,-0.0027849240317999917,5817589.426817497,-0.0027849240317998625
2025-07-23 00:00:00+05:30,0.004456823124342568,5843517.393902867,0.0
2025-07-24 00:00:00+05:30,-0.001368722909750267,5835519.237772307,-0.0013687229097504305
2025-07-25 00:00:00+05:30,-0.014249729615246095,5752364.666469485,-0.015598948593614437
2025-07-28 00:00:00+05:30,-0.0075226333646788044,5709091.736103702,-0.023004236787148913
2025-07-29 00:00:00+05:30,0.017921569847853206,5811407.6224200865,-0.005494938975673103
2025-07-30 00:00:00+05:30,0.0010531857974221488,5817528.114391049,-0.004447540369937997
2025-07-31 00:00:00+05:30,-0.00863859886736339,5767272.822611216,-0.013047718720099022
2025-08-01 00:00:00+05:30,-0.013890023282850009,5687165.268826598,-0.026756508886138786
2025-08-04 00:00:00+05:30,0.01943200059059235,5797678.267689234,-0.007844440792023955
2025-08-05 00:00:00+05:30,-0.003105524525831293,5779673.435636046,-0.010925604214584106
2025-08-06 00:00:00+05:30,-0.007817993775584772,5734487.984691331,-0.01865818168442479
2025-08-07 00:00:00+05:30,0.0010759861661854004,5740658.214433014,-0.017602271463618147
2025-08-08 00:00:00+05:30,-0.010829863182610045,5678487.671392579,-0.028241504454573962
2025-08-11 00:00:00+05:30,0.007585809008200046,5721563.594323181,-0.020869930105270718
2025-08-12 00:00:00+05:30,-0.0029063910658258386,5704934.493010086,-0.023715664992694063
2025-08-13 00:00:00+05:30,0.013622403864803906,5782649.41469612,-0.010416325494343015
2025-08-14 00:00:00+05:30,-0.006699043878960819,5743911.192530423,-0.017045589951759643
2025-08-18 00:00:00+05:30,0.013479608612104163,5821336.867308417,-0.0037957492207677523
2025-08-19 00:00:00+05:30,0.013223168482842395,5898313.385500219,0.0
2025-08-20 00:00:00+05:30,0.0011892834539037746,5905328.152015533,0.0
2025-08-21 00:00:00+05:30,-0.0029720524094354133,5887777.207252829,-0.002972052409435322
2025-08-22 00:00:00+05:30,-0.0032517966033540784,5868631.35332898,-0.006214184502859266
2025-08-25 00:00:00+05:30,-0.00016345303038114474,5867672.107750088,-0.00637662180595211
2025-08-26 00:00:00+05:30,-0.012220010239478545,5795969.094511479,-0.018518709661668686
2025-08-28 00:00:00+05:30,-0.006335743266757216,5759247.322346595,-0.024737123138377948
2025-08-29 00:00:00+05:30,-0.001727253052619929,5749299.644828279,-0.026421648919544127
2025-09-01 00:00:00+05:30,0.013777459957342968,5828510.390467667,-0.013008212172197053
2025-09-02 00:00:00+05:30,0.004940421183318719,5857305.686667926,-0.00813205703585107
2025-09-03 00:00:00+05:30,0.011993319774597212,5927554.2267857,0.0
2025-09-04 00:00:00+05:30,-0.004157032660897277,5902913.190265712,-0.004157032660897175
2025-09-05 00:00:00+05:30,0.0024822080023906975,5917565.448624008,-0.0016851432782434284
2025-09-08 00:00:00+05:30,0.012986398396848437,5994413.311079264,0.0
2025-09-09 00:00:00+05:30,0.004174526783448586,6019437.149997424,0.0
2025-09-10 00:00:00+05:30,0.0063655301309451994,6057754.058547064,0.0
2025-09-11 00:00:00+05:30,0.0015204709440115214,6066964.697579052,0.0
2025-09-12 00:00:00+05:30,0.006544146032320531,6106667.800532943,0.0
2025-09-15 00:00:00+05:30,0.006197696526282202,6144515.074347465,0.0
2025-09-16 00:00:00+05:30,0.0054885683299912245,6178239.665187682,0.0
2025-09-17 00:00:00+05:30,0.002992774121785405,6196729.740975845,0.0
2025-09-18 00:00:00+05:30,0.00020884200999238432,6198023.87847033,0.0
2025-09-19 00:00:00+05:30,0.006784456337383594,6240074.100851873,0.0
2025-09-22 00:00:00+05:30,0.0033331201804399652,6260873.017764864,0.0
2025-09-23 00:00:00+05:30,-0.0013276071511821375,6252561.037973836,-0.0013276071511820753
2025-09-24 00:00:00+05:30,-0.007762452570699806,6204025.829471158,-0.009079754234338377
2025-09-25 00:00:00+05:30,-0.005774453991377084,6168200.967757562,-0.014801777602636235
2025-09-26 00:00:00+05:30,-0.01980543275798522,6046037.0782529,-0.0343140547496138
2025-09-29 00:00:00+05:30,0.006832316825405337,6087345.519109673,-0.027716182417822033
2025-09-30 00:00:00+05:30,-0.00011116536972832845,6086668.817094376,-0.027824266707884515
2025-10-01 00:00:00+05:30,0.010885707833649923,6152926.515517454,-0.017241445712302128
2025-10-03 00:00:00+05:30,0.006987319942004009,6195918.981661014,-0.010374597267752583
2025-10-06 00:00:00+05:30,0.00574088155378053,6231489.018651551,-0.0046932750480543906
2025-10-07 00:00:00+05:30,-0.0010170126451509208,6225151.515521462,-0.005705514573134396
2025-10-08 00:00:00+05:30,-0.002483890790687414,6209688.919001424,-0.008175233488717626
2025-10-09 00:00:00+05:30,0.010155259767562713,6272749.92304964,0.0
2025-10-10 00:00:00+05:30,0.00024764313378550657,6274303.326498036,0.0
2025-10-13 00:00:00+05:30,0.0024219389639093688,6289499.306195868,0.0
2025-10-14 00:00:00+05:30,-0.004185319802871548,6263175.7401995,-0.004185319802871512
2025-10-15 00:00:00+05:30,0.009306774350072645,6321465.703528385,0.0
2025-10-16 00:00:00+05:30,0.01101057344275158,6391068.665922918,0.0
2025-10-17 00:00:00+05:30,-0.0013718593638050035,6382301.018528852,-0.001371859363804906
2025-10-20 00:00:00+05:30,0.007323494782733694,6429041.7667398825,0.0
2025-10-21 00:00:00+05:30,0.004165227043396244,6455820.185369832,0.0
2025-10-23 00:00:00+05:30,-0.0046181131102999325,6426006.477534037,-0.004618113110299915
2025-10-24 00:00:00+05:30,-0.002467003538171246,6410153.496817649,-0.007073723747088367
2025-10-27 00:00:00+05:30,0.011094346290570382,6481269.959487055,0.0
2025-10-28 00:00:00+05:30,0.006206199796723946,6521494.015792137,0.0
2025-10-29 00:00:00+05:30,0.010123562683574549,6587514.769251565,0.0
2025-10-30 00:00:00+05:30,-0.00026335965795048534,6585779.883615191,-0.00026335965795054594
2025-10-31 00:00:00+05:30,-0.004666258171106604,6555048.934420163,-0.004928388924901217
2025-11-03 00:00:00+05:30,0.008319525847656254,6609583.833462723,0.0
2025-11-04 00:00:00+05:30,-0.0008569773008140647,6603919.570149617,-0.0008569773008141324
2025-11-06 00:00:00+05:30,-0.013725166641970923,6513279.673559141,-0.014570381786522923
2025-11-07 00:00:00+05:30,0.00789198102299542,6564682.353140332,-0.006793389940084493
2025-11-10 00:00:00+05:30,0.006195626430943763,6605354.672638197,-0.0006398528154093475
2025-11-11 00:00:00+05:30,0.010095095783276224,6672036.360740991,0.0
2025-11-12 00:00:00+05:30,0.007706295140751047,6723453.042126683,0.0
2025-11-13 00:00:00+05:30,0.0007160381484152537,6728267.290993924,0.0
2025-11-14 00:00:00+05:30,0.004663629940733098,6759645.439781457,0.0
2025-11-17 00:00:00+05:30,0.003710530374625998,6784727.30950747,0.0
2025-11-18 00:00:00+05:30,-0.004599022358538859,6753524.196914456,-0.004599022358538818
2025-11-19 00:00:00+05:30,0.004486058814435747,6783820.90366653,-0.00013359502889231933
2025-11-20 00:00:00+05:30,-0.0009340252516573733,6777484.643639783,-0.001067495499419313
2025-11-21 00:00:00+05:30,-0.013987148142706102,6682686.961894278,-0.01503971242443325
2025-11-24 00:00:00+05:30,-0.006100128583208316,6641921.712145394,-0.02104809682799802
2025-11-25 00:00:00+05:30,0.005249726230085885,6676789.98277582,-0.015908867343923494
2025-11-26 00:00:00+05:30,0.012013986533259594,6757004.847714291,-0.0040860097286933295
2025-11-27 00:00:00+05:30,-0.001340042686720516,6747950.172783976,-0.005420576987959058
2025-11-28 00:00:00+05:30,-0.00017329111651070316,6746780.812964377,-0.0055929287666312
2025-12-01 00:00:00+05:30,-0.0003526181570832519,6744401.775547865,-0.005943574755480019
2025-12-02 00:00:00+05:30,-0.003985162646293531,6717524.237520356,-0.009905051289672562
2025-12-03 00:00:00+05:30,-0.0076668202146267074,6666022.186903889,-0.017495931256844788
2025-12-04 00:00:00+05:30,-0.000942712596951736,6659738.043816735,-0.018422150219005395
2025-12-05 00:00:00+05:30,-0.0006438910776370234,6655449.897910922,-0.01905417943848542
2025-12-08 00:00:00+05:30,-0.016011685408663944,6548884.927892447,-0.03476077532026012
2025-12-09 00:00:00+05:30,0.008392848885492755,6603848.72946073,-0.026659668369172884
2025-12-10 00:00:00+05:30,-0.004791752329327156,6572204.721928813,-0.03132367417049298
2025-12-11 00:00:00+05:30,0.009251415184638172,6633006.916489815,-0.02236204730071434
2025-12-12 00:00:00+05:30,0.012712960537036504,6717332.07166104,-0.009933374588539157
2025-12-15 00:00:00+05:30,0.002708080124492258,6735523.145133921,-0.0072521948383391655
2025-12-16 00:00:00+05:30,-0.0053328853492120775,6699603.372433958,-0.012546405063948218
2025-12-17 00:00:00+05:30,-0.004191830628907435,6671519.769815857,-0.016685643287825958
2025-12-18 00:00:00+05:30,-0.0035884533275409385,6647579.332498105,-0.0202142209631887
2025-12-19 00:00:00+05:30,0.013321115573596954,6736132.505070968,-0.007162381363272519
2025-12-22 00:00:00+05:30,0.01325694664988524,6825433.054317252,0.0
2025-12-23 00:00:00+05:30,0.004282137932170101,6854660.500102631,0.0
2025-12-24 00:00:00+05:30,-0.0011234790331251271,6846959.432751575,-0.001123479033125152
2025-12-26 00:00:00+05:30,0.0015914522782427814,6857856.041939862,0.0
2025-12-29 00:00:00+05:30,-0.001864744784227064,6845067.890654675,-0.001864744784227046
2025-12-30 00:00:00+05:30,0.010445461693700519,6916567.785097286,0.0
2025-12-31 00:00:00+05:30,0.011145637583568261,6993657.342952165,0.0
2026-01-01 00:00:00+05:30,0.006725001143539656,7040689.696581042,0.0
2026-01-02 00:00:00+05:30,0.0050489363521821935,7076237.690734545,0.0
2026-01-05 00:00:00+05:30,-0.0018382370673070952,7063229.888314362,-0.0018382370673070136
2026-01-06 00:00:00+05:30,0.0034600001143287188,7087668.664535459,0.0
2026-01-07 00:00:00+05:30,0.00349933613690563,7112470.799619681,0.0
2026-01-08 00:00:00+05:30,-0.02537680770523878,6931978.995828607,-0.025376807705238758
2026-01-09 00:00:00+05:30,-0.010223401941558467,6861110.58830381,-0.03534077234163291
2026-01-12 00:00:00+05:30,4.0927805628818265e-05,6861391.398504366,-0.03530129095626522
2026-01-13 00:00:00+05:30,0.0018537727328765557,6874110.858788506,-0.03351295879399896
2026-01-14 00:00:00+05:30,0.006180097685490822,6916593.535396713,-0.027539974467584827
2026-01-15 00:00:00+05:30,0.0,6916593.535396713,-0.027539974467584827
2026-01-16 00:00:00+05:30,-0.007180871050782953,6866926.36910835,-0.034523084512974145
2026-01-19 00:00:00+05:30,-0.0037470813235854256,6841195.437560228,-0.038140805031348535
2026-01-20 00:00:00+05:30,-0.027028098662417642,6656290.932304969,-0.06413803025231468
2026-01-21 00:00:00+05:30,-0.0030983595880624067,6635667.349473929,-0.06703766715938542
2026-01-22 00:00:00+05:30,0.01787358986001053,6754270.546125889,-0.05036228106735374
2026-01-23 00:00:00+05:30,-0.01953461830021536,6622328.449110932,-0.06891309143019031
2026-01-27 00:00:00+05:30,0.014621850443356989,6719159.145280621,-0.05529887790331478
2026-01-28 00:00:00+05:30,0.021540226810445616,6863891.357245445,-0.034949801465269714
2026-01-29 00:00:00+05:30,0.013235410905628889,6954737.779770184,-0.022176965543103666
2026-01-30 00:00:00+05:30,-0.0006053136193546868,6950527.982273049,-0.022768855143179167
2026-02-02 00:00:00+05:30,-0.008780482883999864,6889498.990289938,-0.031349416484306114
2026-02-03 00:00:00+05:30,0.04431538083084734,7194809.761778375,0.0
2026-02-04 00:00:00+05:30,0.013406510251853687,7291267.052609793,0.0
2026-02-05 00:00:00+05:30,-0.0015523469604905521,7279948.47636255,-0.0015523469604904472
2026-02-06 00:00:00+05:30,0.0016487093721961816,7291950.995644635,0.0
2026-02-09 00:00:00+05:30,0.018493200466874197,7426802.5072017135,0.0
2026-02-10 00:00:00+05:30,0.00422405202248312,7458173.707352842,0.0
2026-02-11 00:00:00+05:30,0.008615674727292646,7522430.906075042,0.0
2026-02-12 00:00:00+05:30,0.0008382452701081881,7528736.548201774,0.0
2026-02-13 00:00:00+05:30,-0.017740559884514708,7395172.546613666,-0.01774055988451473
2026-02-16 00:00:00+05:30,0.005336633916701003,7434637.875245781,-0.012498600841394647
2026-02-17 00:00:00+05:30,0.0031128097478532054,7457780.488495603,-0.009424696860075299
2026-02-18 00:00:00+05:30,0.009901868786778246,7531626.452333282,0.0
2026-02-19 00:00:00+05:30,-0.01604698065029846,7410766.588387414,-0.016046980650298415
2026-02-20 00:00:00+05:30,0.008393803271487718,7472971.105221252,-0.007787872577490695
2026-02-23 00:00:00+05:30,0.006760174649824703,7523489.695045641,-0.0010803453064404112
2026-02-24 00:00:00+05:30,0.0035696930982259496,7550346.244284619,0.0
2026-02-25 00:00:00+05:30,0.0074956436416379665,7606940.949102757,0.0
2026-02-26 00:00:00+05:30,0.005941782890047817,7652139.74067974,0.0
2026-02-27 00:00:00+05:30,-0.007920990071788734,7591527.217765876,-0.007920990071788703
2026-03-02 00:00:00+05:30,-0.011750816633859499,7502320.573458956,-0.01957872860375598
2026-03-04 00:00:00+05:30,-0.02650188243217761,7303494.955652639,-0.04556173787230533
2026-03-05 00:00:00+05:30,0.023737995730582856,7476865.287728255,-0.022905286480813247
2026-03-06 00:00:00+05:30,-0.001489154082169804,7465731.083263201,-0.02436033106211688
2026-03-09 00:00:00+05:30,-0.019898453755371456,7317174.578552849,-0.04377405189638317
2026-03-10 00:00:00+05:30,0.012826324702963543,7411027.035605639,-0.03150918739660691
2026-03-11 00:00:00+05:30,-0.012404706886499334,7319095.41750103,-0.04352303204921948
2026-03-12 00:00:00+05:30,0.0013680879268831187,7329108.583577418,-0.042214487457024275
2026-03-13 00:00:00+05:30,-0.03449456033081579,7076294.205370108,-0.07525287760341914
2026-03-16 00:00:00+05:30,0.0024799037658873127,7093842.734018532,-0.07295959373209449
2026-03-17 00:00:00+05:30,0.017974635845494774,7221351.973907725,-0.056296380015369185
2026-03-18 00:00:00+05:30,0.014785518328285846,7328123.40587294,-0.04234323284561681
2026-03-19 00:00:00+05:30,-0.024949546949009378,7145290.046909979,-0.0662363353187716
2026-03-20 00:00:00+05:30,0.011975140557152963,7230855.899543351,-0.055054384187051775
2026-03-23 00:00:00+05:30,-0.04001149534616976,6941538.542369948,-0.09286307129653504
2026-03-24 00:00:00+05:30,0.026468760752373952,7125272.46530132,-0.06885228096103979
2026-03-25 00:00:00+05:30,0.023858947233608273,7295273.965076027,-0.04663607666579439
2026-03-27 00:00:00+05:30,-0.013182951882391476,7199100.7194255665,-0.05920422739351727
2026-03-30 00:00:00+05:30,-0.018482892205948523,7066040.516848657,-0.07659285424641493
2026-04-01 00:00:00+05:30,0.021372649861894234,7217060.526725221,-0.05685719664025246
2026-04-02 00:00:00+05:30,-0.00249222445405565,7199073.991994117,-0.05920772019845222
2026-04-06 00:00:00+05:30,0.013409325440024924,7295608.718019586,-0.046592330347130284
2026-04-07 00:00:00+05:30,0.004401506027680705,7327720.383767549,-0.04239590074231614
2026-04-08 00:00:00+05:30,0.03775857004669551,7604404.627160634,-0.00623813928349215
2026-04-09 00:00:00+05:30,0.008550828012178649,7669428.5832625,0.0
2026-04-10 00:00:00+05:30,0.020792981803231064,7828898.872235457,0.0
2026-04-13 00:00:00+05:30,-0.0008566765204068233,7822192.0383909745,-0.0008566765204067739
2026-04-15 00:00:00+05:30,0.015032111419785771,7939776.100659029,0.0
2026-04-16 00:00:00+05:30,0.009267232828775146,8013355.854392179,0.0
2026-04-17 00:00:00+05:30,0.015773796142770816,8139756.89605884,0.0
2026-04-20 00:00:00+05:30,0.004793998585346268,8178778.879103609,0.0
2026-04-21 00:00:00+05:30,0.004779688023493476,8217870.890558862,0.0
2026-04-22 00:00:00+05:30,0.006418093365307806,8270613.953198513,0.0
2026-04-23 00:00:00+05:30,-0.00010397780111508742,8269753.9929457875,-0.00010397780111515154
2026-04-24 00:00:00+05:30,-0.0039568295861384115,8237031.985676413,-0.004060395964813779
2026-04-27 00:00:00+05:30,0.018916807999626185,8392850.338236235,0.0
2026-04-28 00:00:00+05:30,0.0029030510264081285,8417215.211025141,0.0
2026-04-29 00:00:00+05:30,0.0019542230946852303,8433664.32738346,0.0
2026-04-30 00:00:00+05:30,-0.008536657799342427,8361669.021026067,-0.008536657799342318
2026-05-01 00:00:00+05:30,0.0,8361669.021026067,-0.008536657799342318
2026-05-04 00:00:00+05:30,0.01610522579880692,8496335.588664582,0.0
2026-05-05 00:00:00+05:30,0.00634558473386731,8550249.806069827,0.0
2026-05-06 00:00:00+05:30,0.007801216341996313,8616952.15458509,0.0
2026-05-07 00:00:00+05:30,0.016480837932106657,8758966.746513523,0.0
2026-05-08 00:00:00+05:30,-0.0005774149247552686,8753909.188388653,-0.0005774149247550486
2026-05-11 00:00:00+05:30,-0.006527767567817169,8696765.703897074,-0.007101413262153078
2026-05-12 00:00:00+05:30,-0.02498197072749586,8479503.357658427,-0.03190597669141004
2026-05-13 00:00:00+05:30,0.013848739753799922,8596933.79290011,-0.018499094505400437
2026-05-14 00:00:00+05:30,0.01035327765863571,8685940.235470913,-0.00833734310861245
2026-05-15 00:00:00+05:30,-0.007595186123428358,8619968.902725535,-0.015869205559356225
2026-05-18 00:00:00+05:30,-0.005153492903007727,8575545.954161193,-0.020940916624137218
2026-05-19 00:00:00+05:30,0.0023177959210464575,8595422.319594495,-0.018671657474225056
2026-05-20 00:00:00+05:30,0.01151835640813905,8694427.457350057,-0.007368367871604997
2026-05-21 00:00:00+05:30,0.006852498481784868,8754006.008301537,-0.0005663611194733909
2026-05-22 00:00:00+05:30,0.0004123115230083075,8757615.385851245,-0.0001542831136807088
2026-05-25 00:00:00+05:30,0.007782611506469585,8825772.504122406,0.0
2026-05-26 00:00:00+05:30,0.009158210998935191,8906600.79094376,0.0
2026-05-27 00:00:00+05:30,0.012712028212283016,9019821.75147378,0.0
2026-05-28 00:00:00+05:30,0.0,9019821.75147378,0.0
2026-05-29 00:00:00+05:30,-0.004865913640934781,8975932.077774484,-0.004865913640934805
2026-06-01 00:00:00+05:30,-0.01218754413295507,8866537.509442199,-0.016994154236643966
2026-06-02 00:00:00+05:30,0.0054260375882107985,8914647.675245712,-0.011660327568101314
2026-06-03 00:00:00+05:30,0.00738708553373565,8980500.94012587,-0.004359377871462566
2026-06-04 00:00:00+05:30,0.0028244482767885064,9005865.900530906,-0.0015472424319908917
2026-06-05 00:00:00+05:30,-0.0008901177069698132,8997849.61982625,-0.00243598291107483
2026-06-08 00:00:00+05:30,-0.01722944067567201,8842821.703592835,-0.0196234529636935
2026-06-09 00:00:00+05:30,0.013998660052471695,8966609.35852605,-0.00589949495831632
2026-06-10 00:00:00+05:30,-0.009226623079941806,8883877.83366985,-0.015071685621915742
2026-06-11 00:00:00+05:30,-0.005818379256661845,8832188.063163709,-0.020802372095591992
2026-06-12 00:00:00+05:30,0.01740687127375877,8985928.823844828,-0.003757605035090039
2026-06-15 00:00:00+05:30,0.007544800208674606,9053725.861510107,0.0
2026-06-16 00:00:00+05:30,-0.002786083458520524,9028501.425649375,-0.002786083458520494
2026-06-17 00:00:00+05:30,0.008276065407665636,9103221.893981254,0.0
2026-06-18 00:00:00+05:30,0.00612039468118428,9158937.204842817,0.0
2026-06-19 00:00:00+05:30,0.009431456447776432,9245319.32219821,0.0
2026-06-22 00:00:00+05:30,0.0053921529930833646,9295171.498453412,0.0
2026-06-23 00:00:00+05:30,-0.008036184732221622,9220473.783174159,-0.008036184732221674
2026-06-24 00:00:00+05:30,-0.0030172580850719266,9192653.234103682,-0.011029195573937334
2026-06-25 00:00:00+05:30,-0.002123049636569989,9173136.774995904,-0.013128829680852383
2026-06-26 00:00:00+05:30,0.0,9173136.774995904,-0.013128829680852383
2026-06-29 00:00:00+05:30,0.008417476487379555,9250351.438114949,-0.004821864808618237
2026-06-30 00:00:00+05:30,0.0011310278441580787,9260813.843159704,-0.0036962906278195096
2026-07-01 00:00:00+05:30,-0.003792064525438455,9225696.23950837,-0.007474338580692352
2026-07-02 00:00:00+05:30,0.004803815788481663,9270014.784763457,-0.0027064281378929023
2026-07-03 00:00:00+05:30,-0.009482184359755933,9182114.795556668,-0.012162949647088861
2026-07-06 00:00:00+05:30,0.008377363947280945,9259036.713004757,-0.0038874791556743338
2026-07-07 00:00:00+05:30,-0.00874395717946014,9178076.092463193,-0.012597444383861234
2026-07-08 00:00:00+05:30,-0.007539474827734941,9108878.218797032,-0.020041941096770155
2026-07-09 00:00:00+05:30,0.015148900729585494,9246867.710691473,-0.005196653743287816
2026-07-10 00:00:00+05:30,0.010452595377585647,9343521.47738139,0.0
2026-07-13 00:00:00+05:30,-0.0017518167361092471,9327153.340083119,-0.0017518167361090242
2026-07-14 00:00:00+05:30,-0.0007234392777169425,9320405.711007614,-0.002473988680791739
2026-07-15 00:00:00+05:30,0.004898252310035561,9366059.409812024,0.0
2026-07-16 00:00:00+05:30,-0.0026974085432467346,9340795.32114344,-0.0026974085432467376
2026-07-17 00:00:00+05:30,-0.008297847381774744,9263286.827144198,-0.010972873240603143
2026-07-20 00:00:00+05:30,0.007957042302823925,9336995.192290977,-0.0031031425543381896
2026-07-21 00:00:00+05:30,0.0047069053043347206,9380943.544488119,0.0
2026-07-22 00:00:00+05:30,-0.004182231978452517,9341710.262408303,-0.004182231978452466
2026-07-23 00:00:00+05:30,-0.009419042343392638,9253720.297886975,-0.0135618817017501
2026-07-24 00:00:00+05:30,-0.004998160896479112,9207468.714947123,-0.018492258131424633
2026-07-27 00:00:00+05:30,0.010190214539216823,9301294.79651556,-0.00849048366988181
2026-07-28 00:00:00+05:30,-0.004537395266633313,9259091.145532288,-0.012989354256100039
2026-07-29 00:00:00+05:30,0.00793777705484935,9332587.746776054,-0.005154683799421966
2026-07-30 00:00:00+05:30,-0.0019938758119388634,9313979.72580496,-0.007138281812014924
2026-07-31 00:00:00+05:30,0.011390938874247193,9420074.699537583,0.0
2026-08-04 00:00:00+05:30,0.014488095103921338,9556553.637670524,0.0
