Strategy,Final_Capital,CAGR,Annual_Return,Annual_Volatility,Sharpe,Sortino,Calmar,Max_Drawdown,Win_Rate,Profit_Factor
live_portfolio,4938968.510422973,0.38417983359908736,0.4057185811761219,0.1754632853676648,1.9703186364697611,2.3869543062628837,2.0872223713835982,-0.1840627231991666,0.6138933764135702,1.3965105150290549
