Strategy,Final_Capital,CAGR,Annual_Return,Annual_Volatility,Sharpe,Sortino,Calmar,Max_Drawdown,Win_Rate,Profit_Factor
optimized_portfolio,4938968.510422969,0.38417983359908714,0.4057185811761219,0.1754632853676648,1.9703186364697611,2.3869543062628837,2.0872223713835956,-0.18406272319916672,0.6138933764135702,1.3965105150290549
