Strategy,Final_Capital,CAGR,Annual_Return,Annual_Volatility,Sharpe,Sortino,Calmar,Max_Drawdown,Win_Rate,Profit_Factor
optimized_portfolio_v2,6251653.810533228,0.4522053929800305,0.4738932867988759,0.17199227744044066,2.406464365484103,2.9395396003504253,2.71108946090981,-0.16679840318816908,0.6163166397415186,1.47292219805857
