Date,Portfolio_Return,Portfolio_Value,Drawdown
2020-01-02 00:00:00+05:30,0.019982176004346444,1019982.1760043463,0.0
2020-01-03 00:00:00+05:30,-0.005156541684273554,1014722.595396564,-0.005156541684273486
2020-01-06 00:00:00+05:30,-0.0190195907898256,995422.9868669315,-0.024078057161373567
2020-01-07 00:00:00+05:30,0.006069300083421007,1001464.5076841624,-0.018154894032290536
2020-01-08 00:00:00+05:30,0.0012805583872482038,1002746.9414590087,-0.016897584046864922
2020-01-09 00:00:00+05:30,0.01744893481746178,1020243.8074789362,0.0
2020-01-10 00:00:00+05:30,0.0027325913068026865,1023031.7168380723,0.0
2020-01-13 00:00:00+05:30,0.005623726432798384,1028784.9673456455,0.0
2020-01-14 00:00:00+05:30,0.0036411399323181054,1032530.9173720164,0.0
2020-01-15 00:00:00+05:30,0.003494702572747142,1036139.3058253974,0.0
2020-01-16 00:00:00+05:30,0.004298873790986855,1040593.5379310214,0.0
2020-01-17 00:00:00+05:30,-0.0038937962817157494,1036541.6786822481,-0.0038937962817158223
2020-01-20 00:00:00+05:30,-0.0038523432701989477,1032548.564322096,-0.007731139312013302
2020-01-21 00:00:00+05:30,-0.0066316509643563355,1025701.0626397645,-0.014311520058895577
2020-01-22 00:00:00+05:30,-0.004299734905656153,1021290.8199779636,-0.01854971922220161
2020-01-23 00:00:00+05:30,0.010263867858687091,1031773.2139995075,-0.00847624323042706
2020-01-24 00:00:00+05:30,0.007534509519966678,1039547.1191028333,-0.0010055980457736036
2020-01-27 00:00:00+05:30,-0.007220096973583519,1032041.4880943017,-0.0082184345039501
2020-01-28 00:00:00+05:30,-0.00832762697929963,1023447.0315542909,-0.016477621426347122
2020-01-29 00:00:00+05:30,0.008593804956621424,1032242.3357269018,-0.00802542193441258
2020-01-30 00:00:00+05:30,-0.008863514191829522,1023093.0411347792,-0.01681780268503097
2020-01-31 00:00:00+05:30,-0.009563911914681271,1013308.2694088427,-0.026220870616234238
2020-02-03 00:00:00+05:30,-0.01645005581431625,996639.2918199591,-0.042239591645413466
2020-02-04 00:00:00+05:30,0.01739560057172615,1013976.4308545472,-0.025578774138263594
2020-02-05 00:00:00+05:30,0.010389467182796756,1024511.1057070397,-0.015455056789952626
2020-02-06 00:00:00+05:30,0.007531597125242125,1032227.3106055615,-0.008039860926000175
2020-02-07 00:00:00+05:30,0.002561616428673114,1034871.4810425336,-0.005498839537159461
2020-02-10 00:00:00+05:30,-0.014890905821039508,1019461.3072814496,-0.020307862656526177
2020-02-11 00:00:00+05:30,0.0005592435018052229,1020031.4343928884,-0.019759976194947293
2020-02-12 00:00:00+05:30,-0.004318517433380115,1015626.410860867,-0.023993159826646404
2020-02-13 00:00:00+05:30,0.001484829461970763,1017134.4428780689,-0.022543956115271935
2020-02-14 00:00:00+05:30,-0.007845185877063624,1009154.834111727,-0.03021228046620683
2020-02-17 00:00:00+05:30,-0.008580817945366132,1000495.4602015279,-0.0385338523331783
2020-02-18 00:00:00+05:30,-0.006826831697514609,993665.2460806046,-0.04509761990615746
2020-02-19 00:00:00+05:30,0.01091534528377283,1004511.4453380594,-0.03467453071513671
2020-02-20 00:00:00+05:30,0.0029331067610754305,1007457.7846499581,-0.03184312805453904
2020-02-24 00:00:00+05:30,-0.027274731098293595,979979.644480748,-0.058249346397816426
2020-02-25 00:00:00+05:30,0.001400913952404308,981352.5116377732,-0.05693003476749936
2020-02-26 00:00:00+05:30,-0.009015509330368687,972505.1189127222,-0.06543229083824331
2020-02-27 00:00:00+05:30,-0.00954244175011755,963225.0454638064,-0.07435034876446023
2020-02-28 00:00:00+05:30,-0.03537472625689504,929151.2231567389,-0.10709495178670791
2020-03-02 00:00:00+05:30,-0.009081086949296012,920713.520110208,-0.11520350016699799
2020-03-03 00:00:00+05:30,0.014949166116149944,934477.4194677207,-0.10197653031200637
2020-03-04 00:00:00+05:30,-0.008196141965376168,926818.3098743248,-0.10933685815780891
2020-03-05 00:00:00+05:30,-0.0017573965432041946,925189.5225803733,-0.11090210648444176
2020-03-06 00:00:00+05:30,-0.023750932679829393,903215.4085134834,-0.13201901069910793
2020-03-09 00:00:00+05:30,-0.04324768115414369,864153.4365125826,-0.16955717577225105
2020-03-11 00:00:00+05:30,-0.0052518471539737335,859615.0347464373,-0.17391853455520956
2020-03-12 00:00:00+05:30,-0.08055036046567804,790372.7338358953,-0.24045969437080306
2020-03-13 00:00:00+05:30,0.025867878390195755,810817.9995976889,-0.22081199811233487
2020-03-16 00:00:00+05:30,-0.04220092431248964,776600.7305654625,-0.25369445200519625
2020-03-17 00:00:00+05:30,-0.01523580919873068,764768.5900109723,-0.26506502093839923
2020-03-18 00:00:00+05:30,-0.03864030125311571,735217.7013040278,-0.2934631299307917
2020-03-19 00:00:00+05:30,-0.02330781514087716,718081.3830337329,-0.30993096068857884
2020-03-20 00:00:00+05:30,0.029492915155417063,739259.6963382314,-0.2895788130607868
2020-03-23 00:00:00+05:30,-0.09303200840352698,670484.8820561043,-0.35567072289415935
2020-03-24 00:00:00+05:30,-0.004287550237269834,667610.1444409587,-0.3584333170390944
2020-03-25 00:00:00+05:30,0.024048057313115698,683664.8714572923,-0.343004884677065
2020-03-26 00:00:00+05:30,0.027976178818806006,702791.2021533176,-0.3246246718477085
2020-03-27 00:00:00+05:30,-0.0028542449607937732,700785.2639060813,-0.32655235847473163
2020-03-30 00:00:00+05:30,-0.01793860642435208,688214.1528688844,-0.3386330706634616
2020-03-31 00:00:00+05:30,0.02654209615665294,706480.7990906999,-0.3210790060301808
2020-04-01 00:00:00+05:30,-0.01209199996866844,697938.0332902303,-0.32928851866799214
2020-04-03 00:00:00+05:30,-0.003797241153281863,695287.7942677801,-0.3318353719068845
2020-04-07 00:00:00+05:30,0.05537142092055236,733786.8673851037,-0.2948381470405165
2020-04-08 00:00:00+05:30,0.009582606496856643,740818.4581878163,-0.28808085848701137
2020-04-09 00:00:00+05:30,0.03326425654382306,765461.2334333753,-0.2643993975252651
2020-04-13 00:00:00+05:30,-0.004728614163348165,761841.6626034683,-0.26787776895269455
2020-04-15 00:00:00+05:30,0.00663147469792994,766893.7963128521,-0.26302271890171236
2020-04-16 00:00:00+05:30,0.015940564755470548,779118.5165335456,-0.2512748848290546
2020-04-17 00:00:00+05:30,0.017962366701119233,793113.3290311531,-0.2378260097520164
2020-04-20 00:00:00+05:30,0.005877378606796738,797774.7563439662,-0.2333464246470759
2020-04-21 00:00:00+05:30,-0.030629792204587208,773339.0813310854,-0.25682886435303975
2020-04-22 00:00:00+05:30,0.007497930493285643,779137.5240106473,-0.2512566188333426
2020-04-23 00:00:00+05:30,0.00509062153544986,783103.818269453,-0.24744504965265013
2020-04-24 00:00:00+05:30,-0.014800379905059198,771513.5842539626,-0.2585831488172239
2020-04-27 00:00:00+05:30,0.012441652341119797,781112.4880457016,-0.24935869811496003
2020-04-28 00:00:00+05:30,0.0029244886826341075,783396.8426768555,-0.2471634561228795
2020-04-29 00:00:00+05:30,0.01262201552701049,793284.8897889338,-0.23766114157676155
2020-04-30 00:00:00+05:30,0.02147083329971956,810317.3774167784,-0.22129309102965766
2020-05-04 00:00:00+05:30,-0.04180115482325999,776445.1752674016,-0.25384393909346914
2020-05-05 00:00:00+05:30,-0.0050934294838275804,772490.4065191189,-0.2576444323736272
2020-05-06 00:00:00+05:30,0.000553999575077981,772918.3658760824,-0.25723316770460525
2020-05-07 00:00:00+05:30,-0.00024051655440832884,772732.4662138829,-0.25741181542383784
2020-05-08 00:00:00+05:30,-0.00623800723846216,767912.1554962461,-0.2620440858944204
2020-05-11 00:00:00+05:30,0.003992096922895164,770977.7352492565,-0.25909809436048714
2020-05-12 00:00:00+05:30,-0.004108857443526937,767809.897642984,-0.26214235467039737
2020-05-13 00:00:00+05:30,0.027307969403417596,788777.2268354598,-0.24199296066765885
2020-05-14 00:00:00+05:30,-0.002435186154711581,786856.4074535182,-0.24383884891501495
2020-05-15 00:00:00+05:30,-9.663474310523968e-05,786780.3697867233,-0.2439119203535961
2020-05-18 00:00:00+05:30,-0.02790841114020088,764822.579749676,-0.265013137338573
2020-05-19 00:00:00+05:30,0.008378447193077104,771230.6053461815,-0.258855088722159
2020-05-20 00:00:00+05:30,0.008073168446429493,777456.8799341831,-0.25287170101019896
2020-05-21 00:00:00+05:30,-0.00016524286314878553,777328.4107333681,-0.2529951586294634
2020-05-22 00:00:00+05:30,-0.013731168750374712,766654.7831511276,-0.2632524081636691
2020-05-26 00:00:00+05:30,0.017162651629999533,779812.6121148234,-0.250607865905741
2020-05-27 00:00:00+05:30,0.010919390021668498,788327.6901703213,-0.24242496091439525
2020-05-28 00:00:00+05:30,0.014623253217238745,799855.6056018427,-0.231346749286787
2020-05-29 00:00:00+05:30,0.011358800476056601,808941.0058355294,-0.22261577037666336
2020-06-01 00:00:00+05:30,0.023152948133945722,827670.3749870613,-0.20461703362804695
2020-06-02 00:00:00+05:30,0.014569013053686956,839728.7154843975,-0.19302908880829395
2020-06-03 00:00:00+05:30,0.0013774695683949965,840885.4162356847,-0.19191751093554743
2020-06-04 00:00:00+05:30,0.0023136501591879913,842830.9309128172,-0.1900478907560864
2020-06-05 00:00:00+05:30,0.025472457332386685,864299.9058389098,-0.16941642021209413
2020-06-08 00:00:00+05:30,0.00381025980186722,867593.1130268854,-0.16625168098593723
2020-06-09 00:00:00+05:30,-0.006558691999121849,861902.8370179828,-0.17171997941513606
2020-06-10 00:00:00+05:30,0.002129314762622849,863738.0994527917,-0.16995631053971916
2020-06-11 00:00:00+05:30,-0.017595171359059525,848540.4795835714,-0.18456107149127876
2020-06-12 00:00:00+05:30,0.010432943502735142,857393.2544668505,-0.17605364322021655
2020-06-15 00:00:00+05:30,-0.007973479394540529,850556.8470193411,-0.18262336251820688
2020-06-16 00:00:00+05:30,0.0012678659124302726,851635.2390522611,-0.1815870385419267
2020-06-17 00:00:00+05:30,-0.0025676299621959033,849448.5548956087,-0.18368842018321596
2020-06-18 00:00:00+05:30,0.017631352834530684,864425.4820817553,-0.16929574269655312
2020-06-19 00:00:00+05:30,0.01180473713559086,874629.7976710369,-0.1594894973016696
2020-06-22 00:00:00+05:30,0.015282421181295953,887996.2586167572,-0.1466444617921311
2020-06-23 00:00:00+05:30,0.0187628569235372,904657.6053658198,-0.13063307392382884
2020-06-24 00:00:00+05:30,-0.00980837150971252,895784.387483305,-0.13916014771304064
2020-06-25 00:00:00+05:30,0.000527015220272572,896256.4794895911,-0.13870647200866826
2020-06-26 00:00:00+05:30,0.0007018908143780365,896885.5536798716,-0.13810193799288795
2020-06-29 00:00:00+05:30,-0.011078763710520032,886949.1705552733,-0.14765070296441996
2020-06-30 00:00:00+05:30,-0.00022317831991165,886751.2227295417,-0.1478409288485103
2020-07-01 00:00:00+05:30,0.0054241827579159544,891561.1234224323,-0.14321866230776847
2020-07-02 00:00:00+05:30,0.01160085801087723,901903.9974232742,-0.1332792636628315
2020-07-03 00:00:00+05:30,0.005680321224982703,907027.1018427344,-0.12835601146808284
2020-07-06 00:00:00+05:30,0.015129724745153316,920750.1722300092,-0.11516827784582717
2020-07-07 00:00:00+05:30,-0.0010664824347836918,919768.2083445019,-0.116111935335244
2020-07-08 00:00:00+05:30,0.0022565301414486927,921843.6930297776,-0.1141174152756611
2020-07-09 00:00:00+05:30,0.008979032149668768,930120.9571864614,-0.10616304706658952
2020-07-10 00:00:00+05:30,-0.007094427218251136,923522.281751532,-0.11250430827415903
2020-07-13 00:00:00+05:30,0.0022271953156005465,925579.1462513016,-0.11052768202693164
2020-07-14 00:00:00+05:30,-0.017030572568120985,909816.0034335294,-0.12567590488550673
2020-07-15 00:00:00+05:30,-0.005008131963607048,905259.5248257327,-0.13005463533280148
2020-07-16 00:00:00+05:30,0.0018565987057809232,906940.2284879201,-0.12843949589466008
2020-07-17 00:00:00+05:30,0.01313298203558097,918851.0582159976,-0.11699330745132286
2020-07-20 00:00:00+05:30,0.00489115440864687,923345.3006202808,-0.1126743853741986
2020-07-21 00:00:00+05:30,0.004037146576519105,927072.980939625,-0.10909212180685435
2020-07-22 00:00:00+05:30,-0.0039332185856929425,923426.6002606994,-0.1125962572315039
2020-07-23 00:00:00+05:30,0.005847231538276092,928826.0894010268,-0.10740740207960375
2020-07-24 00:00:00+05:30,-0.007293832593974588,922051.3873960198,-0.11391782306345588
2020-07-27 00:00:00+05:30,-0.005165046467113951,917288.9491350524,-0.1184944786810147
2020-07-28 00:00:00+05:30,0.012095158680868108,928383.7045310477,-0.10783252952260003
2020-07-29 00:00:00+05:30,0.006905187115991089,934794.3677262715,-0.10167194620015318
2020-07-30 00:00:00+05:30,-0.0039020238249615263,931146.7778319637,-0.10517724366871162
2020-07-31 00:00:00+05:30,0.008971175357123001,939500.2588591145,-0.09714963180811931
2020-08-03 00:00:00+05:30,0.005607174952189258,944768.2011781647,-0.09208719183801883
2020-08-04 00:00:00+05:30,0.008693060038576925,952981.1278735447,-0.08419465128687387
2020-08-05 00:00:00+05:30,0.012586705844081753,964976.0210050503,-0.07266767875218505
2020-08-06 00:00:00+05:30,0.004896824185088941,969701.3389227387,-0.06812669541388405
2020-08-07 00:00:00+05:30,0.007996875836263889,977455.9201283627,-0.06067462030198001
2020-08-10 00:00:00+05:30,0.01672986700024177,993808.6276707092,-0.044959831629680536
2020-08-11 00:00:00+05:30,0.00465771473988287,998437.504764434,-0.04051152696028171
2020-08-12 00:00:00+05:30,0.003564251794339174,1001996.1874323263,-0.03709166844860201
2020-08-13 00:00:00+05:30,0.013221653240098502,1015244.2335704572,-0.024360428386827615
2020-08-14 00:00:00+05:30,-0.003439870461034998,1011751.9249206621,-0.027716502129836562
2020-08-17 00:00:00+05:30,0.009557425985729683,1021421.6690590108,-0.01842397456179612
2020-08-18 00:00:00+05:30,0.011528172234273512,1033196.7939837421,-0.007108197079510936
2020-08-19 00:00:00+05:30,0.008176738845090431,1041644.9743437318,0.0
2020-08-20 00:00:00+05:30,0.0054975069989163005,1047371.4248805724,0.0
2020-08-21 00:00:00+05:30,0.011193442391177482,1059095.1165871385,0.0
2020-08-24 00:00:00+05:30,0.006093267515999951,1065548.466457393,0.0
2020-08-25 00:00:00+05:30,-0.002592070293846514,1062786.489930835,-0.00259207029384656
2020-08-26 00:00:00+05:30,0.004443944237333751,1067509.4538282794,0.0
2020-08-27 00:00:00+05:30,-0.0014242667722845679,1065989.0355840921,-0.001424266772284577
2020-08-28 00:00:00+05:30,0.002062109925438042,1068187.2221547784,0.0
2020-08-31 00:00:00+05:30,-0.030111991917616997,1036021.9771547519,-0.030111991917617043
2020-09-01 00:00:00+05:30,0.009891595641022238,1046269.887627979,-0.02051825192458967
2020-09-02 00:00:00+05:30,0.012267699511103843,1059105.2122169153,-0.008502264162589923
2020-09-03 00:00:00+05:30,0.00847429826145673,1068080.385675505,-0.00010001662354464091
2020-09-04 00:00:00+05:30,-0.017927420228009874,1048932.4597642054,-0.01802564381151439
2020-09-07 00:00:00+05:30,-0.0004518970528008645,1048458.4502770506,-0.018469395129002142
2020-09-08 00:00:00+05:30,-0.018191189833464936,1029385.7435755604,-0.03632460468956611
2020-09-09 00:00:00+05:30,-0.006363093169392715,1022835.6661819444,-0.042456561014977856
2020-09-10 00:00:00+05:30,0.004772746629311665,1027717.4016600541,-0.03788644879414249
2020-09-11 00:00:00+05:30,0.004699202599044699,1032546.8539450185,-0.033365282293739806
2020-09-14 00:00:00+05:30,0.014451381669459673,1047468.5826229777,-0.01939607505321639
2020-09-15 00:00:00+05:30,0.0056135568022611295,1053348.6070101156,-0.013891399220007483
2020-09-16 00:00:00+05:30,-0.0002052857344827496,1053132.3695676592,-0.014093833248398302
2020-09-17 00:00:00+05:30,-0.004466156313523725,1048428.9157863385,-0.01849704429957788
2020-09-18 00:00:00+05:30,0.002537911146843962,1051089.7352183862,-0.016006077007645447
2020-09-21 00:00:00+05:30,-0.034311894141000165,1015024.8554908809,-0.04976877232874666
2020-09-22 00:00:00+05:30,-0.014047827714685069,1000765.9611948219,-0.06311745690418613
2020-09-23 00:00:00+05:30,-0.007830020338943963,992929.9433641436,-0.07045326627182791
2020-09-24 00:00:00+05:30,-0.022832734718698882,970258.6373730575,-0.09167736025167617
2020-09-25 00:00:00+05:30,0.024147546712042885,993688.0031417866,-0.06974359687874743
2020-09-28 00:00:00+05:30,0.02050815983523094,1014066.71553657,-0.050665749875789534
2020-09-29 00:00:00+05:30,0.0007919961085889198,1014869.8524291244,-0.049913880843941105
2020-09-30 00:00:00+05:30,0.00022517711950826701,1015098.3778991703,-0.049699943188344586
2020-10-01 00:00:00+05:30,0.006567544622430879,1021765.0817921802,-0.043458805160535574
2020-10-05 00:00:00+05:30,0.010241882471049507,1032229.8796729179,-0.03366202266427265
2020-10-06 00:00:00+05:30,0.0025160405564879865,1034827.0119137936,-0.031230677122021322
2020-10-07 00:00:00+05:30,-0.0036788198350377853,1031020.0697765324,-0.03479460492260089
2020-10-08 00:00:00+05:30,0.00268872793089214,1033792.2022354509,-0.03219943021780858
2020-10-09 00:00:00+05:30,-0.002188647311629316,1031529.595711245,-0.03431760433305564
2020-10-12 00:00:00+05:30,-0.004662166014891134,1026720.4334867657,-0.03881977597931263
2020-10-13 00:00:00+05:30,-0.005939479062778642,1020622.248968744,-0.04452868579544045
2020-10-14 00:00:00+05:30,0.002931136339626944,1023613.831931728,-0.04172806910490434
2020-10-15 00:00:00+05:30,-0.012896722336917212,1010412.5685610768,-0.054086636120919795
2020-10-16 00:00:00+05:30,0.013139469123230274,1023688.8533074089,-0.04165783668297973
2020-10-19 00:00:00+05:30,0.007917159437634203,1031793.5611735724,-0.034070488980191715
2020-10-20 00:00:00+05:30,0.004395568563215224,1036328.880514795,-0.029824679587271086
2020-10-21 00:00:00+05:30,0.0033973425958175847,1039849.6447638439,-0.026528661645822016
2020-10-22 00:00:00+05:30,0.00214698600466908,1042082.1873981119,-0.024438632306429064
2020-10-23 00:00:00+05:30,0.008752466863855387,1051202.9772127278,-0.015900063762033678
2020-10-26 00:00:00+05:30,-0.011268475204562632,1039357.5225290437,-0.026989369492342874
2020-10-27 00:00:00+05:30,0.0012675804592397098,1040674.9918147653,-0.02575600023047897
2020-10-28 00:00:00+05:30,-0.0071652742488528135,1033218.2700944899,-0.032736725674126776
2020-10-29 00:00:00+05:30,-0.0032221891384594838,1029889.0454069334,-0.035853430890690485
2020-10-30 00:00:00+05:30,0.0024445462975214234,1032406.6568597407,-0.033496529964906485
2020-11-02 00:00:00+05:30,-0.006013455954843121,1026198.3249012278,-0.03930855601216554
2020-11-03 00:00:00+05:30,0.008827876592162269,1035257.4770725396,-0.030827690501494587
2020-11-04 00:00:00+05:30,0.00024547265088939734,1035511.6044697897,-0.030589785205513476
2020-11-05 00:00:00+05:30,0.018599003029197262,1054771.0879380922,-0.01255972168401609
2020-11-06 00:00:00+05:30,0.0012699589620072033,1056110.6039340852,-0.01130571305312178
2020-11-09 00:00:00+05:30,0.005194844328528085,1061596.9341152308,-0.006169600143927534
2020-11-10 00:00:00+05:30,0.003351048709182814,1065154.39715097,-0.002839226065343148
2020-11-11 00:00:00+05:30,0.011213852057446183,1077098.8809789591,0.0
2020-11-12 00:00:00+05:30,0.003277963277756813,1080629.5715573214,0.0
2020-11-13 00:00:00+05:30,0.00718351920664192,1088392.2948398686,0.0
2020-11-14 00:00:00+05:30,0.006081927381005505,1095011.8177391307,0.0
2020-11-17 00:00:00+05:30,0.017327981960363757,1113986.1627632994,0.0
2020-11-18 00:00:00+05:30,0.010438348844806957,1125614.3389385107,0.0
2020-11-19 00:00:00+05:30,-0.007600759914485615,1117058.8145919368,-0.0076007599144855
2020-11-20 00:00:00+05:30,0.012142195453199623,1130622.3610514316,0.0
2020-11-23 00:00:00+05:30,0.012264805695031586,1144489.2246241854,0.0
2020-11-24 00:00:00+05:30,0.0033047375764189463,1148271.4611706075,0.0
2020-11-25 00:00:00+05:30,-0.0043979597944147405,1143221.4094513054,-0.0043979597944145965
2020-11-26 00:00:00+05:30,0.015741736019610895,1161217.6990908552,0.0
2020-11-27 00:00:00+05:30,0.016314578203927718,1180162.476054458,0.0
2020-12-01 00:00:00+05:30,0.018441223911089363,1201926.116526844,0.0
2020-12-02 00:00:00+05:30,0.01691775706056019,1222260.0105709876,0.0
2020-12-03 00:00:00+05:30,0.01674470674930545,1242726.3960194017,0.0
2020-12-04 00:00:00+05:30,0.012953955275959782,1258824.618173692,0.0
2020-12-07 00:00:00+05:30,0.006276315656627372,1266725.3988336835,0.0
2020-12-08 00:00:00+05:30,-0.004151263459665396,1261466.8879720753,-0.004151263459665322
2020-12-09 00:00:00+05:30,-0.0005288033190466705,1260799.820094848,-0.004677871576816317
2020-12-10 00:00:00+05:30,-0.002948737129739447,1257082.0528521657,-0.00761281489294896
2020-12-11 00:00:00+05:30,0.0032458288469983066,1261162.326042357,-0.004391695940137219
2020-12-14 00:00:00+05:30,0.0076983418639363106,1270871.184774148,0.0
2020-12-15 00:00:00+05:30,0.0026869475146381974,1274285.9489455023,0.0
2020-12-16 00:00:00+05:30,0.009201006899150155,1286010.66275324,0.0
2020-12-17 00:00:00+05:30,-0.0028085447867590265,1282398.8442106477,-0.0028085447867590707
2020-12-18 00:00:00+05:30,-0.0032087611485701836,1278283.9326223733,-0.006008293985933499
2020-12-21 00:00:00+05:30,-0.042108872956273254,1224456.8369015325,-0.04786416445406916
2020-12-22 00:00:00+05:30,0.009292437824767024,1235835.0259275509,-0.039016501401525905
2020-12-23 00:00:00+05:30,0.021607656363629837,1262538.5244899308,-0.018251900192691517
2020-12-24 00:00:00+05:30,0.004354425380849747,1268036.1542852705,-0.013976951349289446
2020-12-28 00:00:00+05:30,0.013591765474433389,1285271.0043074184,-0.0005751573196430826
2020-12-29 00:00:00+05:30,-0.0010582182759837013,1283910.9070410682,-0.001632766953639675
2020-12-30 00:00:00+05:30,0.0051009178119339055,1290460.03105573,0.0
2020-12-31 00:00:00+05:30,0.0027513276808435218,1294010.509460196,0.0
2021-01-01 00:00:00+05:30,0.008719461684599975,1305293.5845169039,0.0
2021-01-04 00:00:00+05:30,0.01842653368171428,1329345.62071653,0.0
2021-01-05 00:00:00+05:30,0.0015127246844026927,1331356.5546510904,0.0
2021-01-06 00:00:00+05:30,0.0009122397248427228,1332571.070988173,0.0
2021-01-07 00:00:00+05:30,0.014685573332165816,1352140.6411714924,0.0
2021-01-08 00:00:00+05:30,0.0038481827361158977,1357343.9254436493,0.0
2021-01-11 00:00:00+05:30,-0.0050046665164379285,1350550.871748691,-0.005004666516437939
2021-01-12 00:00:00+05:30,0.004435453136893641,1356541.176849323,-0.0005914113433438395
2021-01-13 00:00:00+05:30,-0.0023848347694420753,1353306.0502845931,-0.0029748356944511167
2021-01-14 00:00:00+05:30,-0.003607225464898679,1348424.370238205,-0.006571330256278984
2021-01-15 00:00:00+05:30,-0.0042440659439745895,1342701.5682904518,-0.010787507041306155
2021-01-18 00:00:00+05:30,-0.017499857610320028,1319204.4820322155,-0.02809858481443306
2021-01-19 00:00:00+05:30,0.016879885676474284,1341472.5028728119,-0.011693000037297008
2021-01-20 00:00:00+05:30,0.00878928390123861,1353263.0855462663,-0.0030064892330432524
2021-01-21 00:00:00+05:30,-0.00898701028502677,1341101.296278115,-0.011966480168410842
2021-01-22 00:00:00+05:30,-0.015412062086928724,1320432.159835016,-0.02719411412002215
2021-01-25 00:00:00+05:30,-0.009502581933160824,1307884.6450490032,-0.036438281755657664
2021-01-27 00:00:00+05:30,-0.007744747142596469,1297755.4091814142,-0.0439008236197459
2021-01-28 00:00:00+05:30,-0.001904975293586187,1295283.2171898056,-0.04572216892896841
2021-01-29 00:00:00+05:30,-0.004006807260050297,1290093.2669913482,-0.049545776270608854
2021-02-01 00:00:00+05:30,0.030077996002112476,1328896.6871182665,-0.020958017929085138
2021-02-02 00:00:00+05:30,0.01568791961850417,1349744.3115270743,-0.005598886011215609
2021-02-03 00:00:00+05:30,0.009026871411193984,1361928.27986522,0.0
2021-02-04 00:00:00+05:30,0.011387484421314067,1377437.2169351322,0.0
2021-02-05 00:00:00+05:30,0.0008316694077081211,1378582.7893294957,0.0
2021-02-08 00:00:00+05:30,0.012065303596680746,1395215.809215915,0.0
2021-02-09 00:00:00+05:30,-0.0038192682765430916,1389887.1057368454,-0.0038192682765428865
2021-02-10 00:00:00+05:30,0.0002370081941677677,1390216.5203698734,-0.003583165280252265
2021-02-11 00:00:00+05:30,0.010317779355441165,1404560.467683339,0.0
2021-02-12 00:00:00+05:30,0.0020972134250539886,1407506.1307524648,0.0
2021-02-15 00:00:00+05:30,0.012850879001839966,1425593.8217331127,0.0
2021-02-16 00:00:00+05:30,0.01002497046759673,1439885.3576947756,0.0
2021-02-17 00:00:00+05:30,0.007204153896440078,1450258.5134048394,0.0
2021-02-18 00:00:00+05:30,0.01157896947562948,1467051.0124633256,0.0
2021-02-19 00:00:00+05:30,-0.014239197942386872,1446161.3827052813,-0.014239197942386927
2021-02-22 00:00:00+05:30,-0.0011830391337922617,1444450.5171957617,-0.015405391547779534
2021-02-23 00:00:00+05:30,0.01664600076177988,1468494.8416053557,0.0
2021-02-24 00:00:00+05:30,0.009104649468025717,1481864.9723837767,0.0
2021-02-25 00:00:00+05:30,0.01671307026000947,1506631.4857830738,0.0
2021-02-26 00:00:00+05:30,-0.014011180064108049,1485521.8007455124,-0.014011180064108175
2021-03-01 00:00:00+05:30,0.012287077654749852,1503774.5224690964,-0.0018962588668406388
2021-03-02 00:00:00+05:30,0.010839667010142943,1520074.937550998,0.0
2021-03-03 00:00:00+05:30,0.010435185262543674,1535937.2011372922,0.0
2021-03-04 00:00:00+05:30,0.002731163320289066,1540132.0964833058,0.0
2021-03-05 00:00:00+05:30,-0.016255002067999104,1515097.2460699778,-0.016255002067999125
2021-03-08 00:00:00+05:30,0.004100531758826365,1521309.9504451982,-0.012221124461392341
2021-03-09 00:00:00+05:30,-0.006862982252287536,1510869.2272550643,-0.0190002333533984
2021-03-10 00:00:00+05:30,0.005177924877257643,1518692.3946131514,-0.01392069025709497
2021-03-12 00:00:00+05:30,-0.004617116140492275,1511680.41544554,-0.018473532953914407
2021-03-15 00:00:00+05:30,0.0035342055137081367,1517023.0047047723,-0.015004616702229745
2021-03-16 00:00:00+05:30,0.004039771147732842,1523151.4304696259,-0.011025460772133178
2021-03-17 00:00:00+05:30,-0.01741110307216133,1496631.6839192093,-0.028244598410372745
2021-03-18 00:00:00+05:30,-0.007247403948354722,1485784.9895439404,-0.035287302344688465
2021-03-19 00:00:00+05:30,0.010573507939559718,1501494.948927362,-0.025086904976635904
2021-03-22 00:00:00+05:30,0.008496141984189316,1514251.863201992,-0.01680390489907202
2021-03-23 00:00:00+05:30,0.008711447750178472,1527443.1891888864,-0.008238843488420855
2021-03-24 00:00:00+05:30,-0.012802808076166504,1507887.6271904532,-0.02093617123263558
2021-03-25 00:00:00+05:30,-0.01347167644796247,1487573.8529570578,-0.034125802355692736
2021-03-26 00:00:00+05:30,0.013758932481152375,1508041.2811606217,-0.020836404485017446
2021-03-30 00:00:00+05:30,0.011603655089329855,1525540.0720476806,-0.009474527846633496
2021-03-31 00:00:00+05:30,0.0002024327725126096,1525848.8913540442,-0.009274013029061279
2021-04-01 00:00:00+05:30,0.026407889734897886,1566143.340629038,0.0
2021-04-05 00:00:00+05:30,-0.0039490031385378665,1559958.6356614935,-0.003949003138537965
2021-04-06 00:00:00+05:30,0.01540483826296099,1583989.5461407683,0.0
2021-04-07 00:00:00+05:30,0.011917876413164533,1602867.3377914184,0.0
2021-04-08 00:00:00+05:30,0.011661952282505956,1621559.9001999293,0.0
2021-04-09 00:00:00+05:30,0.000904027406207976,1623025.8347905178,0.0
2021-04-12 00:00:00+05:30,-0.04355623353151157,1552332.9425027054,-0.04355623353151161
2021-04-13 00:00:00+05:30,0.014661857554406063,1575093.0269826918,-0.029532991268751196
2021-04-15 00:00:00+05:30,0.0018082289112178775,1577941.1557319397,-0.027778164766180113
2021-04-16 00:00:00+05:30,0.00920938389912815,1592473.0216053089,-0.01882460065039715
2021-04-19 00:00:00+05:30,-0.020586422977616134,1559689.6984020995,-0.039023492436639495
2021-04-20 00:00:00+05:30,0.004959081651692095,1567424.3269677786,-0.034257931470274894
2021-04-22 00:00:00+05:30,0.009514226681417031,1582337.1573205173,-0.02506964251450261
2021-04-23 00:00:00+05:30,-0.0005348066028764077,1581490.9129608057,-0.025591041707030526
2021-04-26 00:00:00+05:30,0.013664743587172753,1603101.580771859,-0.012275993142912833
2021-04-27 00:00:00+05:30,0.01659025687465129,1629697.4477930234,0.0
2021-04-28 00:00:00+05:30,0.007821201855450623,1642443.6404955257,0.0
2021-04-29 00:00:00+05:30,0.0069451689413445586,1653850.689055404,0.0
2021-04-30 00:00:00+05:30,-0.0026186315584242493,1649519.8634481218,-0.0026186315584242337
2021-05-03 00:00:00+05:30,0.01847802888495234,1679999.739131219,0.0
2021-05-04 00:00:00+05:30,-0.002799899004725081,1675295.909533687,-0.002799899004725215
2021-05-05 00:00:00+05:30,0.008668123977855385,1689817.582177119,0.0
2021-05-06 00:00:00+05:30,0.013854543627865276,1713229.2335925256,0.0
2021-05-07 00:00:00+05:30,0.01229057625711977,1734285.8081339214,0.0
2021-05-10 00:00:00+05:30,0.01734725971115327,1764370.9144609878,0.0
2021-05-11 00:00:00+05:30,0.0017410305222401619,1767442.738075617,0.0
2021-05-12 00:00:00+05:30,-0.009120089125321177,1751323.5027804656,-0.009120089125321251
2021-05-14 00:00:00+05:30,-0.014597692622533803,1725758.2206042572,-0.023584649490113407
2021-05-17 00:00:00+05:30,0.012644096659943413,1747578.8743572696,-0.011238759418013777
2021-05-18 00:00:00+05:30,0.013192226517724087,1770633.33072538,0.0
2021-05-19 00:00:00+05:30,-0.000591110272501961,1769586.6911747537,-0.0005911102725020267
2021-05-20 00:00:00+05:30,-0.01099601628206166,1750128.2871060765,-0.011580626696382823
2021-05-21 00:00:00+05:30,0.006811164054465523,1762048.6979859164,-0.004848340190199973
2021-05-24 00:00:00+05:30,0.008371143440081686,1776799.0603851657,0.0
2021-05-25 00:00:00+05:30,0.004832464022166403,1785385.3779190963,0.0
2021-05-26 00:00:00+05:30,0.003944257080023507,1792427.396836524,0.0
2021-05-27 00:00:00+05:30,0.0065068742762880915,1804090.4965571137,0.0
2021-05-28 00:00:00+05:30,-0.0012581956052479621,1801820.597822876,-0.0012581956052479804
2021-05-31 00:00:00+05:30,0.0049282033793744805,1810700.336182093,0.0
2021-06-01 00:00:00+05:30,-0.0036892226106923914,1804020.2595606619,-0.0036892226106922665
2021-06-02 00:00:00+05:30,0.014184538335487735,1829609.4540903964,0.0
2021-06-03 00:00:00+05:30,0.005822640714464909,1840262.6125893528,0.0
2021-06-04 00:00:00+05:30,0.008226003229608356,1855400.6187838404,0.0
2021-06-07 00:00:00+05:30,0.009636457679377668,1873280.1083250423,0.0
2021-06-08 00:00:00+05:30,0.0020831043672189958,1877182.3462997186,0.0
2021-06-09 00:00:00+05:30,-0.006445763016088235,1865082.473757486,-0.006445763016088235
2021-06-10 00:00:00+05:30,0.008550606085145808,1881030.0593068958,0.0
2021-06-11 00:00:00+05:30,0.005631675153508009,1891623.409554896,0.0
2021-06-14 00:00:00+05:30,-0.0029769865502934584,1885992.072106431,-0.0029769865502933257
2021-06-15 00:00:00+05:30,-0.0008035951433573374,1884476.4980368759,-0.003778189401717036
2021-06-16 00:00:00+05:30,-0.012851009237458182,1860259.073152831,-0.01658064509227286
2021-06-17 00:00:00+05:30,-0.011515042185397967,1838838.1114497068,-0.027904760449972255
2021-06-18 00:00:00+05:30,-0.009029151390429044,1822234.9637589369,-0.03668195553378484
2021-06-21 00:00:00+05:30,0.010665441475827646,1841669.9041201146,-0.026407743307921727
2021-06-22 00:00:00+05:30,0.005952997454662521,1852633.3603716702,-0.02061195108195457
2021-06-23 00:00:00+05:30,-0.006193343489927191,1841159.3656099904,-0.026677637678833688
2021-06-24 00:00:00+05:30,-0.003137750546251526,1835382.2668048115,-0.029731680452885767
2021-06-25 00:00:00+05:30,0.011313536496289543,1856146.9310649505,-0.018754514408495848
2021-06-28 00:00:00+05:30,0.0012931876441795685,1858547.2773419856,-0.017485579870621937
2021-06-29 00:00:00+05:30,-0.003416833755795504,1852196.9302680218,-0.020842668306875756
2021-06-30 00:00:00+05:30,0.0005161957018085344,1853153.0263623288,-0.02033723150086164
2021-07-01 00:00:00+05:30,0.0005597568663713502,1854190.341493272,-0.01978885853946588
2021-07-02 00:00:00+05:30,0.002932285136425974,1859627.3562717373,-0.01691459997880207
2021-07-05 00:00:00+05:30,0.009338854154590358,1876994.1449338454,-0.007733708806497042
2021-07-06 00:00:00+05:30,-0.002701343644828942,1871923.7387290471,-0.01041416104619064
2021-07-07 00:00:00+05:30,0.01005662021421638,1890748.964839421,-0.0004622720944654768
2021-07-08 00:00:00+05:30,-0.005758870544173201,1879860.386319381,-0.006218480473490717
2021-07-09 00:00:00+05:30,0.006500795962588269,1892080.9751289955,0.0
2021-07-12 00:00:00+05:30,0.00257682011843913,1896956.5274514237,0.0
2021-07-13 00:00:00+05:30,0.003778218824426147,1904123.644312559,0.0
2021-07-14 00:00:00+05:30,-0.0027683318525311435,1898852.3981768508,-0.002768331852531114
2021-07-15 00:00:00+05:30,0.00014475266305939369,1899127.2621182436,-0.0026239799128796593
2021-07-16 00:00:00+05:30,0.006454488706215877,1911385.1575832525,0.0
2021-07-19 00:00:00+05:30,-0.0030942951764426794,1905470.7677098187,-0.003094295176442663
2021-07-20 00:00:00+05:30,-0.010194535209349148,1886045.3788780153,-0.013257285484667425
2021-07-22 00:00:00+05:30,0.010145435968001546,1905180.1315021676,-0.0032463504576599744
2021-07-23 00:00:00+05:30,-0.0019756045490556926,1901416.2489676015,-0.005215541501983667
2021-07-26 00:00:00+05:30,0.0014186740580373295,1904113.7388735423,-0.003804266597373873
2021-07-27 00:00:00+05:30,-0.0009110673473308928,1902378.9630204504,-0.004711868001627373
2021-07-28 00:00:00+05:30,0.0003633778854012783,1903070.2454652647,-0.004350202304856832
2021-07-29 00:00:00+05:30,0.01086380464381186,1923744.8288354503,0.0
2021-07-30 00:00:00+05:30,-0.0001883646861306236,1923382.4632445716,-0.00018836468613048218
2021-08-02 00:00:00+05:30,0.004715979988294545,1932453.0964510695,0.0
2021-08-03 00:00:00+05:30,0.0036856781003894576,1939575.4965086894,0.0
2021-08-04 00:00:00+05:30,-0.0100815049948006,1920021.6564528442,-0.01008150499480065
2021-08-05 00:00:00+05:30,-0.0021398087534979385,1915913.1773054607,-0.012199741255662255
2021-08-06 00:00:00+05:30,0.0010292490490210777,1917885.1291212093,-0.01118304877872689
2021-08-09 00:00:00+05:30,-0.007754322758523071,1903013.2288162317,-0.018850654567595382
2021-08-10 00:00:00+05:30,-0.01904968101260379,1866761.4338445175,-0.037541236623807595
2021-08-11 00:00:00+05:30,0.0017785622219779107,1870081.5852081988,-0.03582944382705511
2021-08-12 00:00:00+05:30,0.012650999947504411,1893739.9872444964,-0.023631722171525982
2021-08-13 00:00:00+05:30,0.0009166017048354798,1895475.7925453198,-0.022736781343521195
2021-08-16 00:00:00+05:30,-0.0025930272304398646,1890560.7722006103,-0.025270851480804657
2021-08-17 00:00:00+05:30,-0.0015976038473859754,1887540.4050372255,-0.02682808251863822
2021-08-18 00:00:00+05:30,-0.0033853703917235863,1881150.3816368305,-0.0301226299141365
2021-08-20 00:00:00+05:30,-0.020600875557122037,1842397.0367204973,-0.050102952920944355
2021-08-23 00:00:00+05:30,-0.014512058036635887,1815660.0639970836,-0.06388791399698457
2021-08-24 00:00:00+05:30,0.019104083086690645,1850346.5847168698,-0.04600435092752775
2021-08-25 00:00:00+05:30,0.006481055596940203,1862338.783806028,-0.03982145208665011
2021-08-26 00:00:00+05:30,0.0007504298453168885,1863736.3384114874,-0.03910090544746281
2021-08-27 00:00:00+05:30,0.010714807521212089,1883705.914547855,-0.02880505660202537
2021-08-30 00:00:00+05:30,0.02028846475453501,1921923.4156030682,-0.009101002223113053
2021-08-31 00:00:00+05:30,0.004848273111229537,1931241.425220779,-0.0042968532562470685
2021-09-01 00:00:00+05:30,0.0049218005769030475,1940746.6103815695,0.0
2021-09-02 00:00:00+05:30,0.008059177884344296,1956387.432543073,0.0
2021-09-03 00:00:00+05:30,0.006487304507178156,1969079.1135519962,0.0
2021-09-06 00:00:00+05:30,-0.0010109558897117394,1967088.4614248425,-0.0010109558897116733
2021-09-07 00:00:00+05:30,-0.0031220209973254536,1960947.1699446775,-0.004129820661522121
2021-09-08 00:00:00+05:30,0.0021591824361294172,1965181.2126321995,-0.0019795552616295176
2021-09-09 00:00:00+05:30,0.007176061460949603,1979283.4737959516,0.0
2021-09-13 00:00:00+05:30,0.004299671733334046,1987793.7430004873,0.0
2021-09-14 00:00:00+05:30,0.004760488474089988,1997256.612202909,0.0
2021-09-15 00:00:00+05:30,0.008852497596406632,2014937.3215618427,0.0
2021-09-16 00:00:00+05:30,0.0046699633591274275,2024347.0050244748,0.0
2021-09-17 00:00:00+05:30,-0.009466776309135632,2005182.9647558392,-0.009466776309135727
2021-09-20 00:00:00+05:30,-0.02601815729695092,1953011.7989696553,-0.03523862553098056
2021-09-21 00:00:00+05:30,0.00488762702854265,1962557.3922253624,-0.030523231761031666
2021-09-22 00:00:00+05:30,0.010069269633105641,1982318.9117781243,-0.020761308778601606
2021-09-23 00:00:00+05:30,0.012064157970364238,2006233.920277456,-0.008947618517013978
2021-09-24 00:00:00+05:30,-0.0057179076321731085,1994762.460032777,-0.014614364492978926
2021-09-27 00:00:00+05:30,0.0006858945140761154,1996130.6566609985,-0.013938493891335169
2021-09-28 00:00:00+05:30,-9.01428174048535e-05,1995950.719819699,-0.014027380253630262
2021-09-29 00:00:00+05:30,0.009280654941372826,2014474.4497303301,-0.004876908588122841
2021-09-30 00:00:00+05:30,0.005413510772240401,2025379.8288643484,0.0
2021-10-01 00:00:00+05:30,0.0020040056546976274,2029438.7014943028,0.0
2021-10-04 00:00:00+05:30,0.015135006317050595,2060154.2690614862,0.0
2021-10-05 00:00:00+05:30,0.0035416946100926775,2067450.7063321804,0.0
2021-10-06 00:00:00+05:30,-0.01333125298770043,2039888.9979264662,-0.013331252987700437
2021-10-07 00:00:00+05:30,0.010587643569984755,2061486.6155588452,-0.002884755972690667
2021-10-08 00:00:00+05:30,0.0020861600275059915,2065787.2065334625,-0.000804614007784088
2021-10-11 00:00:00+05:30,0.012829154746698742,2092289.510279831,0.0
2021-10-12 00:00:00+05:30,0.005961901319731779,2104763.5338724297,0.0
2021-10-13 00:00:00+05:30,0.015543057268992412,2137477.994017096,0.0
2021-10-14 00:00:00+05:30,0.00790342387703723,2154371.388631652,0.0
2021-10-18 00:00:00+05:30,0.017767391795767095,2192648.949167061,0.0
2021-10-19 00:00:00+05:30,-0.01727346044161713,2154774.3142812704,-0.01727346044161715
2021-10-20 00:00:00+05:30,-0.016904007199238045,2118349.9937599264,-0.03388547694119448
2021-10-21 00:00:00+05:30,-0.006246509930948629,2105117.69948668,-0.03992032090391506
2021-10-22 00:00:00+05:30,-0.0075438996461688005,2089236.9028183788,-0.047163065655341785
2021-10-25 00:00:00+05:30,-0.010669644610298559,2066945.487558586,-0.05732949711636559
2021-10-26 00:00:00+05:30,0.02282833442536913,2114130.4103875807,-0.035809899623607255
2021-10-27 00:00:00+05:30,-0.005727823635456128,2102021.044254526,-0.041332610469616005
2021-10-28 00:00:00+05:30,-0.020658112482651793,2058597.2570814146,-0.06113686923598505
2021-10-29 00:00:00+05:30,-0.003313346673394964,2051776.4107078041,-0.06424764826707496
2021-11-01 00:00:00+05:30,0.014794876788231931,2082132.189901227,-0.05040330751888811
2021-11-02 00:00:00+05:30,0.0002527592772678306,2082658.4681287224,-0.05016328814520066
2021-11-03 00:00:00+05:30,0.0019917761455794623,2086806.6575849303,-0.04827142604033263
2021-11-04 00:00:00+05:30,0.006725227004845818,2100840.9060724126,-0.04187083533345559
2021-11-08 00:00:00+05:30,0.008171465346019284,2118007.854733883,-0.0340415160673726
2021-11-09 00:00:00+05:30,0.003179610638927085,2124742.295042126,-0.03097014419509858
2021-11-10 00:00:00+05:30,-0.0064958742765566435,2110940.2362234495,-0.03726484030863719
2021-11-11 00:00:00+05:30,-0.004673301852516003,2101075.175306956,-0.04176399231390515
2021-11-12 00:00:00+05:30,0.004923168021588504,2111419.1214209804,-0.03704643544373032
2021-11-15 00:00:00+05:30,-0.002890726093471819,2105315.5870724334,-0.039830070439594856
2021-11-16 00:00:00+05:30,-0.00043532388793989614,2104399.0929057286,-0.04024805534641407
2021-11-17 00:00:00+05:30,0.0005901026758279781,2105640.9044414624,-0.03968170315574282
2021-11-18 00:00:00+05:30,-0.012665905302388395,2078971.0561449714,-0.05184500376372303
2021-11-22 00:00:00+05:30,-0.02151646356154652,2034238.951169918,-0.07224594619093927
2021-11-23 00:00:00+05:30,0.019324307858559597,2073549.210920199,-0.05431774123810629
2021-11-24 00:00:00+05:30,0.0016671744055390425,2077006.1790932708,-0.052741123980526106
2021-11-25 00:00:00+05:30,0.013504697961057311,2105055.520205175,-0.0399486789689526
2021-11-26 00:00:00+05:30,-0.03461628964990892,2032186.308588613,-0.07318209357654093
2021-11-29 00:00:00+05:30,-0.01008037384457208,2011701.1108762193,-0.08252476455913282
2021-11-30 00:00:00+05:30,0.0030920936397981938,2017921.4790863344,-0.07968784521895389
2021-12-01 00:00:00+05:30,0.010494675998326286,2039098.9111994088,-0.07002946733720539
2021-12-02 00:00:00+05:30,0.015284149183082416,2070264.8031572415,-0.055815658980116534
2021-12-03 00:00:00+05:30,-0.003910704999597468,2062168.608241044,-0.05950808540308461
2021-12-06 00:00:00+05:30,-0.011298703880542058,2038868.7757847789,-0.07013442504815914
2021-12-07 00:00:00+05:30,0.01742698363563136,2074400.10857558,-0.053929672890136504
2021-12-08 00:00:00+05:30,0.015170530429170374,2105869.8585449997,-0.03957728420458129
2021-12-09 00:00:00+05:30,-0.0003225940961099074,2105190.517361457,-0.03988711090246688
2021-12-10 00:00:00+05:30,0.00702332280008153,2119975.9499205574,-0.03314392815781597
2021-12-13 00:00:00+05:30,0.0005803618926089965,2121206.3031751392,-0.032582801738080924
2021-12-14 00:00:00+05:30,0.002041559422483865,2125536.871890418,-0.03060776204149651
2021-12-15 00:00:00+05:30,-0.005339713898693613,2114187.113113399,-0.035784039247809374
2021-12-16 00:00:00+05:30,-0.0071524292008168944,2099065.539469576,-0.042680525641387024
2021-12-17 00:00:00+05:30,-0.022291939883692557,2052273.2966517895,-0.0640210338132774
2021-12-20 00:00:00+05:30,-0.031451930952460606,1987725.3386299186,-0.0934593796307377
2021-12-21 00:00:00+05:30,0.014501538824297406,2016550.4148001005,-0.08031314562865
2021-12-22 00:00:00+05:30,0.012934475130524826,2042633.435989782,-0.06841747888291316
2021-12-23 00:00:00+05:30,0.011725112812720366,2066583.5434617966,-0.05749456872845693
2021-12-24 00:00:00+05:30,-0.008971961340665812,2048042.235802601,-0.06595069102119289
2021-12-27 00:00:00+05:30,0.003677117870022498,2055573.128506432,-0.06251608161566458
2021-12-28 00:00:00+05:30,0.012092027188852298,2080429.174665006,-0.05118000058544936
2021-12-29 00:00:00+05:30,0.0014296265664258934,2083403.4114826748,-0.049823542307530055
2021-12-30 00:00:00+05:30,-0.0030710001332953903,2077005.2793283034,-0.05274153433575779
2021-12-31 00:00:00+05:30,0.013289507552095584,2104607.656673679,-0.040152935802526435
2022-01-03 00:00:00+05:30,0.0064372632606201005,2118155.5702200043,-0.033974147560353996
2022-01-04 00:00:00+05:30,0.0045518809012918505,2127797.1621060534,-0.029576912932479882
2022-01-05 00:00:00+05:30,0.0038558325203707196,2136001.591600455,-0.025835124034846224
2022-01-06 00:00:00+05:30,-0.0017745916470567095,2132211.0610179007,-0.027563868886590126
2022-01-07 00:00:00+05:30,0.003218282576435171,2139073.118724857,-0.024434294629131714
2022-01-10 00:00:00+05:30,0.009201639571738954,2158756.0985809583,-0.015457490629759985
2022-01-11 00:00:00+05:30,-0.00045072023281612916,2157783.1035296125,-0.015901243858800762
2022-01-12 00:00:00+05:30,0.007081040666268498,2173062.4534346927,-0.008932800546940678
2022-01-13 00:00:00+05:30,0.0121153135842376,2199389.786496187,0.0
2022-01-14 00:00:00+05:30,0.009961650668651203,2221299.3392334613,0.0
2022-01-17 00:00:00+05:30,0.0007777893372510296,2223027.04217436,0.0
2022-01-18 00:00:00+05:30,-0.019749947202760233,2179122.375461108,-0.019749947202760132
2022-01-19 00:00:00+05:30,0.0032661076076186115,2186239.623629533,-0.016548345047950663
2022-01-20 00:00:00+05:30,0.00011270674003129993,2186486.02757044,-0.01643750341794259
2022-01-21 00:00:00+05:30,-0.015689973739085452,2152180.1192169823,-0.031869573160064446
2022-01-24 00:00:00+05:30,-0.036806051993600555,2072966.8658494886,-0.06750263198692186
2022-01-25 00:00:00+05:30,0.01398370726958094,2101954.6276810686,-0.054462861762972214
2022-01-27 00:00:00+05:30,-0.008716273990100266,2083633.4152314411,-0.06270442252766151
2022-01-28 00:00:00+05:30,0.007351770796544689,2098951.8105242443,-0.05581364027346991
2022-01-31 00:00:00+05:30,0.0015205113575322766,2102143.2905910593,-0.05437799418987865
2022-02-01 00:00:00+05:30,0.01897456319775185,2142030.5413091094,-0.03643522967944968
2022-02-02 00:00:00+05:30,0.012935787972270072,2169739.394221611,-0.023970760113033895
2022-02-03 00:00:00+05:30,-0.0008459060790379392,2167903.998478111,-0.02479638918037297
2022-02-04 00:00:00+05:30,-0.0002329286001057629,2167399.0316345817,-0.025023541992259313
2022-02-07 00:00:00+05:30,-0.013159454520860151,2138877.24264923,-0.03785370035032143
2022-02-08 00:00:00+05:30,-0.008346548333021188,2121025.000365059,-0.04588430094378515
2022-02-09 00:00:00+05:30,0.010335372161840734,2142946.5831084,-0.03602316010858442
2022-02-10 00:00:00+05:30,0.005901015117942713,2155592.143292266,-0.03033471820303868
2022-02-11 00:00:00+05:30,-0.014451210912624973,2124441.226587952,-0.04434755570493654
2022-02-14 00:00:00+05:30,-0.037721119063721435,2044304.9261359496,-0.08039583533972705
2022-02-15 00:00:00+05:30,0.021703548207873777,2088673.596651935,-0.06043716201986127
2022-02-16 00:00:00+05:30,0.0020468734765986597,2092948.8472381937,-0.058513995767201954
2022-02-17 00:00:00+05:30,0.00043848247058255206,2093866.5686195334,-0.05810117065804721
2022-02-18 00:00:00+05:30,-0.004071474581161371,2085341.4441090554,-0.06193608779973858
2022-02-21 00:00:00+05:30,-0.017451246248843654,2048949.637054989,-0.07830647212869901
2022-02-22 00:00:00+05:30,-0.007456564538850695,2033671.5118494339,-0.08517913940431232
2022-02-23 00:00:00+05:30,0.008556398211222798,2051072.4151356374,-0.077351567829122
2022-02-24 00:00:00+05:30,-0.05436087659134353,1939574.3206965402,-0.1275075453875596
2022-02-25 00:00:00+05:30,0.03524361413126092,2007931.9296340712,-0.09675775798476227
2022-02-28 00:00:00+05:30,0.019351169560422862,2046787.7608702073,-0.07927896420538882
2022-03-02 00:00:00+05:30,0.010649643374138993,2068585.3205860276,-0.06947361352710835
2022-03-03 00:00:00+05:30,0.007240320090048131,2083562.5404406453,-0.06273630463680868
2022-03-04 00:00:00+05:30,-0.02181322827805069,2038113.3151144183,-0.08318105158049538
2022-03-07 00:00:00+05:30,-0.019816653500770807,1997724.7297534887,-0.10134933500426568
2022-03-08 00:00:00+05:30,0.008606906050308932,2014918.9588168554,-0.09361473315859992
2022-03-09 00:00:00+05:30,0.0149128148265582,2044967.0721402126,-0.08009797751267356
2022-03-10 00:00:00+05:30,0.016372731411662556,2078448.7687580583,-0.06503666877344338
2022-03-11 00:00:00+05:30,0.007369580361224252,2093766.0639861084,-0.058146381369171385
2022-03-14 00:00:00+05:30,0.0012907517815324214,2096468.5962633104,-0.056930682132981025
2022-03-15 00:00:00+05:30,-0.006433428525176362,2082981.1153939737,-0.06299785118376522
2022-03-16 00:00:00+05:30,0.015352560976918266,2114960.209981829,-0.048612468558560495
2022-03-17 00:00:00+05:30,0.015946359940902124,2148686.126750885,-0.033441300538909036
2022-03-21 00:00:00+05:30,-0.0031059714354284146,2142012.3690174953,-0.036443404250100064
2022-03-22 00:00:00+05:30,0.004062420019301965,2150714.1229469846,-0.0325290326457951
2022-03-23 00:00:00+05:30,0.004120816952285005,2159576.8221643437,-0.028542261882678166
2022-03-24 00:00:00+05:30,0.004621379113110465,2169557.0453834515,-0.024052787382473295
2022-03-25 00:00:00+05:30,-0.004168169802227942,2160513.9632226736,-0.02812070108267406
2022-03-28 00:00:00+05:30,-0.0008363751576599205,2158706.963016057,-0.028933556784532355
2022-03-29 00:00:00+05:30,0.009382049878976666,2178960.0594171677,-0.019822962978484404
2022-03-30 00:00:00+05:30,0.00506387280171572,2189994.0359980753,-0.014859471139844871
2022-03-31 00:00:00+05:30,0.005992033758324216,2203116.554192304,-0.008956475834221544
2022-04-01 00:00:00+05:30,0.014543701059627016,2235158.0227559926,0.0
2022-04-04 00:00:00+05:30,0.015335014651856741,2269434.203784171,0.0
2022-04-05 00:00:00+05:30,0.009780959295659766,2291631.447355562,0.0
2022-04-06 00:00:00+05:30,0.006109090611429273,2305631.2315154574,0.0
2022-04-07 00:00:00+05:30,-0.006608378663855455,2290394.7472783923,-0.006608378663855219
2022-04-08 00:00:00+05:30,0.011337425811073179,2316361.9278037325,0.0
2022-04-11 00:00:00+05:30,0.004355559096423368,2326450.9790689866,0.0
2022-04-12 00:00:00+05:30,-0.012722922510865722,2296851.7235369645,-0.012722922510865597
2022-04-13 00:00:00+05:30,0.0015547219739731923,2300422.689382505,-0.011187981144093362
2022-04-18 00:00:00+05:30,-0.0011358233015692932,2297809.8156884457,-0.012311096875981753
2022-04-19 00:00:00+05:30,-0.009747310556812787,2275412.349814438,-0.021938407348249256
2022-04-20 00:00:00+05:30,0.004310638920568898,2285220.830849891,-0.017722336980251052
2022-04-21 00:00:00+05:30,0.009927407537883128,2307907.1493517975,-0.007970866304094715
2022-04-22 00:00:00+05:30,-0.008311237927500189,2288725.583918956,-0.016215856465253253
2022-04-25 00:00:00+05:30,-0.016335644227174886,2251337.777046423,-0.03228660423037277
2022-04-26 00:00:00+05:30,0.015248097464233498,2285666.394895738,-0.01753081605423301
2022-04-27 00:00:00+05:30,-0.006636400849440421,2270497.7964911144,-0.02405087538111972
2022-04-28 00:00:00+05:30,0.009272324207709662,2291550.5881730705,-0.015001558687423033
2022-04-29 00:00:00+05:30,-0.008555970978602149,2271944.1478446634,-0.023429176765261572
2022-05-02 00:00:00+05:30,-0.00607442971534096,2258143.3828014005,-0.029361287593053786
2022-05-04 00:00:00+05:30,-0.024634893098673765,2202514.2619646103,-0.05327286851063329
2022-05-05 00:00:00+05:30,-0.0009074479727168622,2200515.59486271,-0.05413197412681958
2022-05-06 00:00:00+05:30,-0.021388147928739845,2153450.641800288,-0.07436233938526005
2022-05-09 00:00:00+05:30,-0.01874484070595639,2113084.552551602,-0.09171326988491757
2022-05-10 00:00:00+05:30,-0.022168192526863962,2066241.287365096,-0.11184834498770435
2022-05-11 00:00:00+05:30,-0.007252766036501898,2051255.3227328763,-0.11828990114644056
2022-05-12 00:00:00+05:30,-0.02185005683362681,2006435.2773508832,-0.1375553169171736
2022-05-13 00:00:00+05:30,0.007878632787139496,2022243.244112293,-0.13076043195994325
2022-05-16 00:00:00+05:30,0.013923909680567328,2050400.7763954499,-0.11865721872377821
2022-05-17 00:00:00+05:30,0.033325114416765236,2118730.6168690524,-0.08928636969735804
2022-05-18 00:00:00+05:30,0.005612471853126303,2130621.932820587,-0.08417501508102598
2022-05-19 00:00:00+05:30,-0.02444477030773098,2078539.369060174,-0.10656214647945139
2022-05-20 00:00:00+05:30,0.028939057897282523,2138690.340203188,-0.08070689670879627
2022-05-23 00:00:00+05:30,-0.021938483546012945,2091770.7173646237,-0.10087479332931348
2022-05-24 00:00:00+05:30,-0.009971788664626457,2070912.0218362096,-0.10984067987327206
2022-05-25 00:00:00+05:30,-0.02122669883051664,2026953.3960441959,-0.1287358236727797
2022-05-26 00:00:00+05:30,0.01305673709468795,2053418.7936395297,-0.11735995638245533
2022-05-27 00:00:00+05:30,0.012801160281834464,2079704.9367426408,-0.10606113971294173
2022-05-30 00:00:00+05:30,0.017712770030091057,2116542.272017608,-0.09022700625971547
2022-05-31 00:00:00+05:30,0.008727015874150633,2135013.3700238164,-0.08228740290147052
2022-06-01 00:00:00+05:30,-0.00424083891553185,2125959.1222390383,-0.08617927419651983
2022-06-02 00:00:00+05:30,0.0013879843116852413,2128909.9201479903,-0.08491090536541179
2022-06-03 00:00:00+05:30,-0.011990323097834626,2103383.6023592306,-0.09588311927338544
2022-06-06 00:00:00+05:30,0.0028167155431942635,2109308.2356452956,-0.09333647920257859
2022-06-07 00:00:00+05:30,-0.004189752049806887,2100470.757141326,-0.09713517454732468
2022-06-08 00:00:00+05:30,0.0003830396769333757,2101275.3207815494,-0.09678934149626883
2022-06-09 00:00:00+05:30,0.0010110013017800205,2103399.712866258,-0.09587619434473993
2022-06-10 00:00:00+05:30,-0.006497346271621979,2089733.1965841355,-0.1017505997824989
2022-06-13 00:00:00+05:30,-0.024645796798551577,2038230.0568579352,-0.12388867197468023
2022-06-14 00:00:00+05:30,-0.0020485128255446,2034054.7164450511,-0.12568339726674504
2022-06-15 00:00:00+05:30,0.002923057739083311,2040000.3758256745,-0.12312771935471667
2022-06-16 00:00:00+05:30,-0.02891970405756581,1981004.168679473,-0.14848660620726106
2022-06-17 00:00:00+05:30,-0.006859806172543943,1967414.8640553304,-0.15432782304200432
2022-06-20 00:00:00+05:30,-0.019881944658502054,1928298.830607868,-0.17114143046351815
2022-06-21 00:00:00+05:30,0.03036746196505613,1986856.3720036144,-0.14597109937870822
2022-06-22 00:00:00+05:30,-0.015796978591696268,1955470.0444302983,-0.15946217563851262
2022-06-23 00:00:00+05:30,0.009557707231790431,1974159.8546154993,-0.15142856119601944
2022-06-24 00:00:00+05:30,0.014468484659176398,2002722.9561867656,-0.1391510183514688
2022-06-27 00:00:00+05:30,0.009474110248149727,2021696.9742701796,-0.130995240192323
2022-06-28 00:00:00+05:30,0.002958901703227449,2027678.9768907574,-0.12842394052841533
2022-06-29 00:00:00+05:30,-0.0035592641515401332,2020461.9317974783,-0.13152610995223324
2022-06-30 00:00:00+05:30,-0.007868340621920593,2004564.2491044723,-0.1383595583403734
2022-07-01 00:00:00+05:30,0.006152284135796614,2016896.8979334228,-0.13305850152039012
2022-07-04 00:00:00+05:30,0.0015861651616689678,2020096.0295276027,-0.1316833891182968
2022-07-05 00:00:00+05:30,9.767365546884786e-05,2020293.3396912047,-0.13159857746080772
2022-07-06 00:00:00+05:30,0.010566404735246442,2041640.5768023047,-0.12242269655759486
2022-07-07 00:00:00+05:30,0.022705224599061928,2087996.4846491595,-0.10249710677989587
2022-07-08 00:00:00+05:30,-0.0006268163632658951,2086687.6942861397,-0.10305967627944468
2022-07-11 00:00:00+05:30,0.013708718818425987,2115293.509148978,-0.0907637735846516
2022-07-12 00:00:00+05:30,-0.006948875876993841,2100594.597110491,-0.09708194326487829
2022-07-13 00:00:00+05:30,0.0017503511085372155,2104271.3751921305,-0.09550151964335363
2022-07-14 00:00:00+05:30,-0.0015297454968390043,2101052.3755318034,-0.09688517212057679
2022-07-15 00:00:00+05:30,0.003532301710779263,2108473.926432331,-0.09369509806902832
2022-07-18 00:00:00+05:30,0.01691793984679686,2144144.961488253,-0.07836228625530295
2022-07-19 00:00:00+05:30,0.005807759915179492,2156597.6406479185,-0.07300963568509877
2022-07-20 00:00:00+05:30,0.001290039547381701,2159379.736892144,-0.07181378145509087
2022-07-21 00:00:00+05:30,0.009545797629498977,2179992.7388657574,-0.06295350365037122
2022-07-22 00:00:00+05:30,-0.00014920451677958273,2179667.474102572,-0.06309331522005901
2022-07-25 00:00:00+05:30,0.0012179089910134455,2182322.110716701,-0.06195224814492506
2022-07-26 00:00:00+05:30,-0.005891083799391622,2169465.868285204,-0.06747836605893409
2022-07-27 00:00:00+05:30,0.009249831169812036,2189533.0612955117,-0.058852698382781954
2022-07-28 00:00:00+05:30,0.011308310347220336,2214292.9806681406,-0.0482099126136456
2022-07-29 00:00:00+05:30,0.011767114891626016,2240348.8205753835,-0.03701008930265959
2022-08-01 00:00:00+05:30,0.015171114812069068,2274337.409751416,-0.02240045880460617
2022-08-02 00:00:00+05:30,0.004600935674211619,2284801.489875136,-0.017902586200427173
2022-08-03 00:00:00+05:30,-0.006390034937472083,2270201.5285296454,-0.024178222986607434
2022-08-04 00:00:00+05:30,0.004192436303707104,2279719.203834585,-0.020087152342708303
2022-08-05 00:00:00+05:30,-0.0019000759782564194,2275387.564138209,-0.021949061205326803
2022-08-08 00:00:00+05:30,0.0009243798052771119,2277490.8864516774,-0.021044970668972485
2022-08-10 00:00:00+05:30,0.0003324134251798499,2278247.9549980583,-0.02071955287457572
2022-08-11 00:00:00+05:30,0.0009349447148588021,2280377.9908827217,-0.01980397979617121
2022-08-12 00:00:00+05:30,0.009027255419973526,2300963.545460506,-0.010955499960149773
2022-08-16 00:00:00+05:30,0.0091129108967999,2321932.0212270725,-0.001942425558316585
2022-08-17 00:00:00+05:30,0.003934388784895484,2331067.404530678,0.0
2022-08-18 00:00:00+05:30,0.0015759054596567136,2334740.946380305,0.0
2022-08-19 00:00:00+05:30,-0.008092624055610243,2315846.7656340096,-0.008092624055610287
2022-08-22 00:00:00+05:30,-0.012907057398379385,2285955.9985041204,-0.02089522949080025
2022-08-23 00:00:00+05:30,0.010921848092883615,2310922.8626667988,-0.010201595920281026
2022-08-24 00:00:00+05:30,0.004894031129437268,2322232.591094418,-0.005357491718847696
2022-08-25 00:00:00+05:30,0.0022539665949616195,2327466.8257804764,-0.0031156007312529432
2022-08-26 00:00:00+05:30,0.0057644565303470886,2340883.407123513,0.0
2022-08-29 00:00:00+05:30,-0.002048648352207983,2336087.7601887984,-0.0020486483522079713
2022-08-30 00:00:00+05:30,0.014036836616220972,2368879.042399722,0.0
2022-09-01 00:00:00+05:30,-0.0002677736788825803,2368244.718943711,-0.0002677736788826435
2022-09-02 00:00:00+05:30,-0.004353285564249351,2357935.073396124,-0.004619893547840981
2022-09-05 00:00:00+05:30,0.0036798095265449006,2366611.825342181,-0.0009570843495851911
2022-09-06 00:00:00+05:30,0.00418651047284835,2376519.6705341428,0.0
2022-09-07 00:00:00+05:30,0.002383472083225388,2382184.0388240973,0.0
2022-09-08 00:00:00+05:30,0.00354325675424538,2390624.728509516,0.0
2022-09-09 00:00:00+05:30,0.001668598254355478,2394613.720758326,0.0
2022-09-12 00:00:00+05:30,0.0057499372545894096,2408382.599401666,0.0
2022-09-13 00:00:00+05:30,0.005601814572785603,2421873.912143837,0.0
2022-09-14 00:00:00+05:30,0.0004857710399404474,2423050.388352744,0.0
2022-09-15 00:00:00+05:30,-0.0016509812617461136,2419049.9775653067,-0.0016509812617461206
2022-09-16 00:00:00+05:30,-0.01771537936670631,2376195.589505715,-0.01933711286907336
2022-09-19 00:00:00+05:30,-0.0007302105439793668,2374460.4664317006,-0.020053203249345564
2022-09-20 00:00:00+05:30,0.01429887702504324,2408412.5846420345,-0.0060410645115228645
2022-09-21 00:00:00+05:30,-0.008938874995232672,2386884.085610974,-0.014925939186248849
2022-09-22 00:00:00+05:30,0.0056446642875657505,2400357.2449675812,-0.00936552681456615
2022-09-23 00:00:00+05:30,-0.020168716197500706,2351945.1209212155,-0.029345352359703814
2022-09-26 00:00:00+05:30,-0.031623896543756955,2277567.451740609,-0.06004123451639731
2022-09-27 00:00:00+05:30,0.0010247479538766592,2279901.3843265963,-0.05907801369473964
2022-09-28 00:00:00+05:30,-0.010592840943193616,2255750.751596258,-0.06904505063562494
2022-09-29 00:00:00+05:30,0.005274872675586045,2267649.5495987856,-0.06413438181102127
2022-09-30 00:00:00+05:30,0.014174193223791522,2299791.6524786428,-0.050869241707307555
2022-10-03 00:00:00+05:30,-0.011974347689428802,2272253.1476186174,-0.062234463409835405
2022-10-04 00:00:00+05:30,0.020474921499847646,2318777.35244389,-0.043033787662889345
2022-10-06 00:00:00+05:30,0.016222576415716197,2356393.895234944,-0.027509330155991885
2022-10-07 00:00:00+05:30,0.0018974784980246577,2360865.1019840282,-0.025664050020433482
2022-10-10 00:00:00+05:30,-0.004315643961557986,2350676.4487625975,-0.029868937079491786
2022-10-11 00:00:00+05:30,-0.01734752580005339,2309898.0284201107,-0.046698310722938396
2022-10-12 00:00:00+05:30,0.005228424888890003,2321975.1567627005,-0.04171404444410132
2022-10-13 00:00:00+05:30,-0.005191393619266657,2309920.8697497873,-0.0466888840392069
2022-10-14 00:00:00+05:30,-0.0031785157327213253,2302578.749923946,-0.04971899841946659
2022-10-17 00:00:00+05:30,0.003569370842985485,2310797.5073776026,-0.04632709311978189
2022-10-18 00:00:00+05:30,0.007941897965906887,2329149.6254010675,-0.03875312020048938
2022-10-19 00:00:00+05:30,-0.00022634078852510657,2328622.4438382615,-0.03897068957723038
2022-10-20 00:00:00+05:30,0.00183184809908065,2332888.126435483,-0.037210229861771804
2022-10-21 00:00:00+05:30,-0.006429665528047517,2317888.4360681497,-0.04340064605758609
2022-10-24 00:00:00+05:30,0.006766844036912918,2333573.2256099866,-0.036927487423646266
2022-10-25 00:00:00+05:30,0.002312546307802121,2338969.721756857,-0.034700337640542145
2022-10-27 00:00:00+05:30,0.009788652330894536,2361865.0831756243,-0.02525135485057539
2022-10-28 00:00:00+05:30,-0.008642039341212859,2341453.7522081835,-0.03367517098975059
2022-10-31 00:00:00+05:30,0.008447208448946416,2361232.500126654,-0.025512423729708522
2022-11-01 00:00:00+05:30,0.008733396249767796,2381854.0791880894,-0.017001837585664425
2022-11-02 00:00:00+05:30,-0.0021817984549362106,2376657.3536382336,-0.019146541457625066
2022-11-03 00:00:00+05:30,0.0008221307014776749,2378611.2766155526,-0.018340151715706687
2022-11-04 00:00:00+05:30,0.01062337607737597,2403880.158748927,-0.007911609967322764
2022-11-07 00:00:00+05:30,0.006285486545302265,2418989.715143263,-0.0016758517400216055
2022-11-09 00:00:00+05:30,-0.0054965336995363556,2405693.656655146,-0.007163174063993583
2022-11-10 00:00:00+05:30,-0.0025491037805713017,2399561.29386007,-0.009694018170477436
2022-11-11 00:00:00+05:30,0.008485724867873452,2419923.3108033645,-0.001290554073662964
2022-11-14 00:00:00+05:30,0.005154723607231409,2432397.346621252,0.0
2022-11-15 00:00:00+05:30,0.0018845543498263143,2436981.331621333,0.0
2022-11-16 00:00:00+05:30,-0.009863402837719634,2412944.4030395495,-0.009863402837719581
2022-11-17 00:00:00+05:30,-0.0025430140630809126,2406808.2514891876,-0.01238133412867437
2022-11-18 00:00:00+05:30,-0.0032815586694177334,2398910.169005887,-0.015622262723743119
2022-11-21 00:00:00+05:30,-0.0013132864148000332,2395759.712870606,-0.016915032633139537
2022-11-22 00:00:00+05:30,-0.0020956229063505013,2390739.103938203,-0.018975208009642475
2022-11-23 00:00:00+05:30,0.0016830334025630216,2394762.7977069444,-0.017324110515980262
2022-11-24 00:00:00+05:30,0.002716785727677273,2401268.8550969274,-0.014654390684497365
2022-11-25 00:00:00+05:30,0.003882094217112117,2410590.807033031,-0.010829186192716778
2022-11-28 00:00:00+05:30,0.0018975158678093255,2415164.9413401713,-0.008952218877543605
2022-11-29 00:00:00+05:30,1.6646969298784564e-05,2415205.146516802,-0.00893572093555739
2022-11-30 00:00:00+05:30,0.008510401987703873,2435759.5131964306,-0.0005013655250651894
2022-12-01 00:00:00+05:30,0.0068323777292061075,2452401.542248096,0.0
2022-12-02 00:00:00+05:30,0.004491633241848795,2463416.8305376186,0.0
2022-12-05 00:00:00+05:30,0.002422436201179255,2469384.3006465076,0.0
2022-12-06 00:00:00+05:30,-0.0027996551873705013,2462470.8760795915,-0.0027996551873704645
2022-12-07 00:00:00+05:30,-0.004239375420857721,2452031.5375729618,-0.007027161818839889
2022-12-08 00:00:00+05:30,0.0031652972767184117,2459792.946321269,-0.003884107598289832
2022-12-09 00:00:00+05:30,-0.006286362820920836,2444329.7953963517,-0.010146053509612285
2022-12-12 00:00:00+05:30,0.0037282583133166885,2453442.888276526,-0.006455622304640141
2022-12-13 00:00:00+05:30,0.0044983047235765735,2464479.222009885,-0.0019863569373702594
2022-12-14 00:00:00+05:30,0.008313528502116092,2484967.7402649373,0.0
2022-12-15 00:00:00+05:30,-0.009885956077004668,2460401.458331904,-0.009885956077004932
2022-12-16 00:00:00+05:30,-0.014313412903844115,2425184.7163495794,-0.024057867209569483
2022-12-19 00:00:00+05:30,0.00774265797300175,2443962.092129626,-0.016501481073931235
2022-12-20 00:00:00+05:30,-0.003856309344810487,2434537.4182753833,-0.02029415560307324
2022-12-21 00:00:00+05:30,-0.014758487216130904,2398607.3289105734,-0.034753131783174185
2022-12-22 00:00:00+05:30,-0.01275230352278482,2368019.56022033,-0.04706225282109244
2022-12-23 00:00:00+05:30,-0.03237030844019771,2291366.0366635765,-0.07790914162158091
2022-12-26 00:00:00+05:30,0.024481120728269974,2347461.245239795,-0.05533532399518459
2022-12-27 00:00:00+05:30,0.02194452206671957,2398975.1603367287,-0.03460510916694659
2022-12-28 00:00:00+05:30,0.002793829695851873,2405677.4883792885,-0.031907960252713474
2022-12-29 00:00:00+05:30,0.0014247633366849572,2409105.00946462,-0.030528658207944814
2022-12-30 00:00:00+05:30,0.006577378174255581,2424950.6041733623,-0.02415207856387558
2023-01-02 00:00:00+05:30,0.008572672753008095,2445738.9121451494,-0.015786453676700618
2023-01-03 00:00:00+05:30,0.0013143796023222252,2448953.541483879,-0.014492823467083915
2023-01-04 00:00:00+05:30,-0.01259697615991423,2418104.1321050692,-0.026907233875293368
2023-01-05 00:00:00+05:30,0.00507544482390545,2430377.0862060264,-0.021968355232285908
2023-01-06 00:00:00+05:30,-0.005785956058271443,2416315.031180208,-0.02762720335251101
2023-01-09 00:00:00+05:30,0.009268847197547446,2438711.4859853545,-0.018614428481333545
2023-01-10 00:00:00+05:30,-0.002266446511053507,2433184.2768464773,-0.02083868638590014
2023-01-11 00:00:00+05:30,-0.0008492600607392071,2431117.870619733,-0.021670248982573526
2023-01-12 00:00:00+05:30,-0.0017270016630527424,2426919.326014095,-0.02335982608959475
2023-01-13 00:00:00+05:30,0.002445409969350624,2432854.1387287397,-0.020971540471845906
2023-01-16 00:00:00+05:30,-0.0030682162700324403,2425389.616077677,-0.023975411520194778
2023-01-17 00:00:00+05:30,-0.002429168722834463,2419497.9354816135,-0.02634633992324731
2023-01-18 00:00:00+05:30,0.005077501520378553,2431782.9399275742,-0.021402611983885378
2023-01-19 00:00:00+05:30,0.0008797779583424347,2433922.3689575954,-0.020541663571817526
2023-01-20 00:00:00+05:30,-0.0050815018447487505,2421554.387949762,-0.025518782915231908
2023-01-23 00:00:00+05:30,-0.0014527847807263147,2418036.3905892475,-0.026934494396516295
2023-01-24 00:00:00+05:30,-0.004755760251522884,2406536.789236147,-0.03156216065019357
2023-01-25 00:00:00+05:30,-0.01312441852928133,2374952.393208099,-0.04427234417341319
2023-01-27 00:00:00+05:30,-0.024419566767127702,2316957.0846734038,-0.06761079947606119
2023-01-30 00:00:00+05:30,-0.0016411615980524961,2313154.583681702,-0.06914100082639996
2023-01-31 00:00:00+05:30,0.017419030827236327,2353447.494683017,-0.05292633922398449
2023-02-01 00:00:00+05:30,-0.00884316374460602,2332635.573123202,-0.06130146668443026
2023-02-02 00:00:00+05:30,-0.005477853919981349,2319857.736205081,-0.0664435201248339
2023-02-03 00:00:00+05:30,-0.004372722986768187,2309713.640955945,-0.0705257040038304
2023-02-06 00:00:00+05:30,0.004461116688439398,2320017.54302513,-0.06637921071048636
2023-02-07 00:00:00+05:30,0.0011073701473142989,2322586.661193521,-0.06534534691951521
2023-02-08 00:00:00+05:30,0.010121774278068584,2346095.359119375,-0.055884983493088125
2023-02-09 00:00:00+05:30,-0.0017920379826014228,2341891.0671250275,-0.05757687346261309
2023-02-10 00:00:00+05:30,0.0007409539715015985,2343626.300612038,-0.05687858130417023
2023-02-13 00:00:00+05:30,-0.011345666718613843,2317036.297692316,-0.06757892259587928
2023-02-14 00:00:00+05:30,-0.005633583574294457,2303983.0800645924,-0.07283179466186918
2023-02-15 00:00:00+05:30,0.0004350723481115326,2304985.479393245,-0.07242840941367834
2023-02-16 00:00:00+05:30,0.00876083275872233,2325179.071689493,-0.0643021098368095
2023-02-17 00:00:00+05:30,-0.005803240130615449,2311685.4991897973,-0.06973218938313674
2023-02-20 00:00:00+05:30,-0.0013141297959522865,2308647.644396441,-0.07095468203128374
2023-02-21 00:00:00+05:30,0.0003936026989165258,2309556.334340123,-0.07058900728671536
2023-02-22 00:00:00+05:30,-0.01704136147238022,2270198.350005808,-0.08642743596994606
2023-02-23 00:00:00+05:30,0.0016895605502722031,2274033.9875792707,-0.0848838998059499
2023-02-24 00:00:00+05:30,-0.007652339566904949,2256632.3073196313,-0.09188667894777647
2023-02-27 00:00:00+05:30,-0.013905561873438247,2225252.5671445983,-0.10451450492176173
2023-02-28 00:00:00+05:30,0.0034586956555327283,2232949.038531044,-0.1014172931303422
2023-03-01 00:00:00+05:30,0.019691343422530885,2276918.8048937693,-0.08372299245582426
2023-03-02 00:00:00+05:30,-0.0010126871762984593,2274612.9984185807,-0.08465089443130125
2023-03-03 00:00:00+05:30,0.013516470075345814,2305357.7369446983,-0.0722786056373873
2023-03-06 00:00:00+05:30,0.009040238106683408,2326198.719807763,-0.06389178333568502
2023-03-08 00:00:00+05:30,0.005156358811039113,2338193.4350728714,-0.05906487348460199
2023-03-09 00:00:00+05:30,-0.0008636670109550817,2336174.014537767,-0.05987752811282232
2023-03-10 00:00:00+05:30,-0.004454657614512548,2325767.1591750802,-0.06406545184078882
2023-03-13 00:00:00+05:30,-0.014611832634047061,2291783.438699451,-0.07774117081491361
2023-03-14 00:00:00+05:30,-0.006963288220483155,2275825.0900768563,-0.08416312485641486
2023-03-15 00:00:00+05:30,0.003599124881127217,2284016.068783645,-0.0808669135720319
2023-03-16 00:00:00+05:30,-0.007662911291698907,2266513.856259741,-0.08791014887859494
2023-03-17 00:00:00+05:30,0.010510292640045951,2290335.58016175,-0.07832381762929308
2023-03-20 00:00:00+05:30,-0.010969357771831873,2265212.0697653997,-0.08843401342349344
2023-03-21 00:00:00+05:30,0.0046872941180615,2275829.784976173,-0.08416123553638832
2023-03-22 00:00:00+05:30,0.0024393306741572795,2281381.2863798263,-0.08192720194564995
2023-03-23 00:00:00+05:30,0.0005140057009915839,2282553.929367161,-0.08145530729352479
2023-03-24 00:00:00+05:30,-0.011553466120223376,2256182.519876635,-0.0920676822806199
2023-03-27 00:00:00+05:30,-0.007265764909081075,2239789.6280952333,-0.09866450505452595
2023-03-28 00:00:00+05:30,-0.009833992429704433,2217763.553848414,-0.1075282314884437
2023-03-29 00:00:00+05:30,0.01697656389575046,2255413.5585259884,-0.09237712748515392
2023-03-31 00:00:00+05:30,0.010738912434451523,2279634.2472344735,-0.08263024493371174
2023-04-03 00:00:00+05:30,0.007074548694306282,2295761.6307217423,-0.0761402679308113
2023-04-05 00:00:00+05:30,0.00244515647248586,2301375.127132386,-0.07388128632727342
2023-04-06 00:00:00+05:30,0.002133630526601754,2306285.411356798,-0.07190529116852395
2023-04-10 00:00:00+05:30,0.0025921573569113333,2312263.666052984,-0.06949952364111589
2023-04-11 00:00:00+05:30,0.009930760886206305,2335226.203626419,-0.060258945905894756
2023-04-12 00:00:00+05:30,0.005719816941363179,2348583.270027837,-0.05488379910419272
2023-04-13 00:00:00+05:30,0.0015269871221799418,2352169.526436536,-0.05344061883646134
2023-04-17 00:00:00+05:30,0.0070653978245448215,2368788.539891581,-0.04675280024398609
2023-04-18 00:00:00+05:30,0.0020464471832126307,2373636.1405266686,-0.04480203019714002
2023-04-19 00:00:00+05:30,0.0009914264700287853,2375989.426226604,-0.04385502164575972
2023-04-20 00:00:00+05:30,0.004802826698163355,2387400.8916774387,-0.03926282301640516
2023-04-21 00:00:00+05:30,-0.0031531115946740744,2379873.1502447557,-0.04229213454858649
2023-04-24 00:00:00+05:30,0.006378956879746882,2395054.258449435,-0.03618295737147725
2023-04-25 00:00:00+05:30,0.004536294168801573,2405918.9291160027,-0.031810799741209816
2023-04-26 00:00:00+05:30,0.003415144897388211,2414135.490870303,-0.02850429333423954
2023-04-27 00:00:00+05:30,0.006664881719864336,2430225.41837268,-0.022029389357956397
2023-04-28 00:00:00+05:30,0.014173240974756,2464669.5888502533,-0.00816837622709743
2023-05-02 00:00:00+05:30,0.00908618379412664,2487064.0297263414,0.0
2023-05-03 00:00:00+05:30,-0.0017147882711266297,2482799.241498626,-0.0017147882711265883
2023-05-04 00:00:00+05:30,0.009622050292082036,2506688.860665469,0.0
2023-05-05 00:00:00+05:30,-0.0029244108776561965,2499358.2724944395,-0.0029244108776560473
2023-05-08 00:00:00+05:30,0.010585591138106367,2525815.4572747094,0.0
2023-05-09 00:00:00+05:30,-0.005631097538324726,2511592.3440709873,-0.005631097538324692
2023-05-10 00:00:00+05:30,-0.0013841001867077333,2508116.0486386246,-0.007007403721878358
2023-05-11 00:00:00+05:30,0.005850194495066328,2522789.015339358,-0.0011982039014905022
2023-05-12 00:00:00+05:30,-0.0034468180763214786,2514093.4205585406,-0.004640891986945284
2023-05-15 00:00:00+05:30,0.0029921669407934463,2521616.0077776024,-0.001662611369730893
2023-05-16 00:00:00+05:30,-0.0011029278290455421,2518834.847308458,-0.0027637054584278564
2023-05-17 00:00:00+05:30,-0.0034243713698377453,2510209.421371985,-0.006178612874419009
2023-05-18 00:00:00+05:30,-0.0038630133169839562,2500512.4489488066,-0.01001775812758865
2023-05-19 00:00:00+05:30,0.002889785044234407,2507738.392426701,-0.00715692225096809
2023-05-22 00:00:00+05:30,0.006234287473392029,2523372.354473151,-0.0009672530883133579
2023-05-23 00:00:00+05:30,0.0011898949126259552,2526374.9024003996,0.0
2023-05-24 00:00:00+05:30,-0.004517524052583098,2514961.943012963,-0.004517524052583322
2023-05-25 00:00:00+05:30,0.0021419915063566348,2520348.9701337074,-0.0023852090443768903
2023-05-26 00:00:00+05:30,0.009341611795688137,2543893.0918023586,0.0
2023-05-29 00:00:00+05:30,0.0041050699263383145,2554335.9508293364,0.0
2023-05-30 00:00:00+05:30,-0.002333947111605313,2548374.265814829,-0.0023339471116051724
2023-05-31 00:00:00+05:30,0.0015380404265093297,2552293.768457528,-0.0007994963901069019
2023-06-01 00:00:00+05:30,0.004814662460797503,2564582.2014534483,0.0
2023-06-02 00:00:00+05:30,0.008940896700268092,2587511.865995989,0.0
2023-06-05 00:00:00+05:30,0.004446457603405931,2599017.1278064502,0.0
2023-06-06 00:00:00+05:30,0.0005313784344004607,2600398.189458804,0.0
2023-06-07 00:00:00+05:30,0.013229200885946923,2634799.3794906074,0.0
2023-06-08 00:00:00+05:30,-0.001280811986193656,2631424.69686414,-0.001280811986193675
2023-06-09 00:00:00+05:30,-0.0014556182546433983,2627594.347039665,-0.0027345658675292928
2023-06-12 00:00:00+05:30,0.006037538360813389,2643458.5487065734,0.0
2023-06-13 00:00:00+05:30,0.0049078911891945265,2656432.355626771,0.0
2023-06-14 00:00:00+05:30,0.0048985625956432105,2669445.055801901,0.0
2023-06-15 00:00:00+05:30,-0.0005212243944636101,2668053.6759191365,-0.0005212243944637818
2023-06-16 00:00:00+05:30,0.006885662143410927,2686424.9921120014,0.0
2023-06-19 00:00:00+05:30,-0.0005662439145158642,2684903.8203084148,-0.0005662439145158737
2023-06-20 00:00:00+05:30,0.002635867662332354,2691980.8714648387,0.0
2023-06-21 00:00:00+05:30,0.0009067779576636648,2694421.9003815353,0.0
2023-06-22 00:00:00+05:30,-0.004185886007889985,2683143.357449376,-0.0041858860078899385
2023-06-23 00:00:00+05:30,-0.0134320723877985,2647103.181645275,-0.01756173327182342
2023-06-26 00:00:00+05:30,0.007897283308836925,2668008.1054184516,-0.009803139946028328
2023-06-27 00:00:00+05:30,0.006756360473721331,2686034.129925469,-0.0031130130195566874
2023-06-28 00:00:00+05:30,0.005269950896050015,2700189.397895291,0.0
2023-06-30 00:00:00+05:30,0.002580526683023005,2707157.308685776,0.0
2023-07-03 00:00:00+05:30,0.006191939015959939,2723919.8616477684,0.0
2023-07-04 00:00:00+05:30,-0.0009840177112630175,2721239.476259846,-0.0009840177112631077
2023-07-05 00:00:00+05:30,0.0094977835858392,2747085.2198906043,0.0
2023-07-06 00:00:00+05:30,0.0057731206213572995,2762944.474222181,0.0
2023-07-07 00:00:00+05:30,-0.0062563586033072445,2745658.502790421,-0.006256358603307199
2023-07-10 00:00:00+05:30,-0.0006264259179605701,2743938.551142404,-0.006878865376086729
2023-07-11 00:00:00+05:30,0.00837784793788221,2766926.8510747678,0.0
2023-07-12 00:00:00+05:30,0.0050179988355345565,2780811.28679147,0.0
2023-07-13 00:00:00+05:30,-0.0033971175660917267,2771364.5439211247,-0.003397117566091623
2023-07-14 00:00:00+05:30,0.014486349162294916,2811511.4983603703,0.0
2023-07-17 00:00:00+05:30,0.007178557694233913,2831694.0958593516,0.0
2023-07-18 00:00:00+05:30,-0.0008246887696329798,2829358.8295394606,-0.0008246887696329308
2023-07-19 00:00:00+05:30,0.004997478329274443,2843498.4889758257,0.0
2023-07-20 00:00:00+05:30,0.005355090366016393,2858725.6803399227,0.0
2023-07-21 00:00:00+05:30,-0.00016511705453521835,2858253.6559758605,-0.0001651170545352576
2023-07-24 00:00:00+05:30,0.0011430281548926477,2861520.7203784664,0.0
2023-07-25 00:00:00+05:30,0.01068174820423518,2892086.7641947507,0.0
2023-07-26 00:00:00+05:30,0.0003174767393280599,2893004.9344705013,0.0
2023-07-27 00:00:00+05:30,0.0023492319333916294,2899801.2740460187,0.0
2023-07-28 00:00:00+05:30,0.0016063057083225657,2904459.24138552,0.0
2023-07-31 00:00:00+05:30,0.011218781640366151,2937043.735397968,0.0
2023-08-01 00:00:00+05:30,0.0019060843323399524,2942641.9884454072,0.0
2023-08-02 00:00:00+05:30,-0.01016880759334519,2912718.828248807,-0.010168807593345153
2023-08-03 00:00:00+05:30,0.006210581150506196,2930808.504900254,-0.004021380647601269
2023-08-04 00:00:00+05:30,0.00394370162557845,2942366.7391652884,-9.35381474197472e-05
2023-08-07 00:00:00+05:30,0.002041790811340765,2948374.436536911,0.0
2023-08-08 00:00:00+05:30,0.004853522910555908,2962684.4394135405,0.0
2023-08-09 00:00:00+05:30,0.008971975332900834,2989265.5711231274,0.0
2023-08-10 00:00:00+05:30,-0.0030232960490136148,2980228.1363324984,-0.003023296049013635
2023-08-11 00:00:00+05:30,0.01087627976073008,3012641.9312940496,0.0
2023-08-14 00:00:00+05:30,-0.009036513425685268,2985418.152035129,-0.009036513425685233
2023-08-16 00:00:00+05:30,-0.0037216976869212212,2974307.328204207,-0.01272457994149212
2023-08-17 00:00:00+05:30,0.007653178422511981,2997070.232870339,-0.005168784999623921
2023-08-18 00:00:00+05:30,0.0008794683773383003,2999706.0613648104,-0.004293862405241988
2023-08-21 00:00:00+05:30,0.010307901123947878,3030626.7348462665,0.0
2023-08-22 00:00:00+05:30,0.010534119287900556,3062551.7183882375,0.0
2023-08-23 00:00:00+05:30,0.0024593027846192763,3070083.4603573103,0.0
2023-08-24 00:00:00+05:30,-0.0005235244863306351,3068476.196490735,-0.0005235244863305288
2023-08-25 00:00:00+05:30,-0.004428369492832438,3054887.8501127125,-0.004949575619298985
2023-08-28 00:00:00+05:30,0.006048490078610324,3073365.308965387,0.0
2023-08-29 00:00:00+05:30,0.004400815179526155,3086890.6216693106,0.0
2023-08-30 00:00:00+05:30,0.005231618655718813,3103040.0562337996,0.0
2023-08-31 00:00:00+05:30,0.002621685150164354,3111175.2502695927,0.0
2023-09-01 00:00:00+05:30,0.012783596141921845,3150947.258195782,0.0
2023-09-04 00:00:00+05:30,0.01099556761889081,3185593.7118368326,0.0
2023-09-05 00:00:00+05:30,0.002964257532591417,3195036.631992921,0.0
2023-09-06 00:00:00+05:30,0.00019282314447313366,3195652.709003009,0.0
2023-09-07 00:00:00+05:30,0.004329102832130783,3209487.0181960603,0.0
2023-09-08 00:00:00+05:30,0.009434194936639849,3239765.944372337,0.0
2023-09-11 00:00:00+05:30,0.013344623013453079,3282999.3995518098,0.0
2023-09-12 00:00:00+05:30,-0.03081368070827048,3181838.104288576,-0.03081368070827062
2023-09-13 00:00:00+05:30,0.006193968711542692,3201546.3099517343,-0.02481057097092232
2023-09-14 00:00:00+05:30,0.01248520623780344,3241518.2759113596,-0.012635129828568736
2023-09-15 00:00:00+05:30,0.005832856403839401,3260425.5865451717,-0.006875972322663126
2023-09-18 00:00:00+05:30,-0.0033113597481178115,3249629.1444961526,-0.010164563252802572
2023-09-20 00:00:00+05:30,-0.004846144715088608,3233880.9713915545,-0.014961449023402462
2023-09-21 00:00:00+05:30,-0.0078801634096364,3208397.4608896757,-0.022723713769889353
2023-09-22 00:00:00+05:30,-0.0011530684030414036,3204697.959153125,-0.023850580176583147
2023-09-25 00:00:00+05:30,0.0014774883704003758,3209432.8631184194,-0.022408330761021
2023-09-26 00:00:00+05:30,0.00728779741462941,3232822.559640681,-0.015283840721377784
2023-09-27 00:00:00+05:30,0.007827547744482785,3258127.6325757094,-0.00757592796986073
2023-09-28 00:00:00+05:30,-0.00442598898321322,3243707.1955680265,-0.0119683859793418
2023-09-29 00:00:00+05:30,0.009222683282078287,3273622.8796925484,-0.0028560833305487643
2023-10-03 00:00:00+05:30,-0.0011107867078556837,3269986.582911254,-0.003963697539004274
2023-10-04 00:00:00+05:30,-0.01396673524306514,3224315.546059357,-0.01787507286795853
2023-10-05 00:00:00+05:30,-0.0006792173906209161,3222125.5348676243,-0.01854214919822883
2023-10-06 00:00:00+05:30,0.0054821275308383505,3239789.637970139,-0.013161672093991217
2023-10-09 00:00:00+05:30,-0.015919377549409343,3188214.2035426283,-0.02887152401615467
2023-10-10 00:00:00+05:30,0.013767770553963254,3232108.8051738897,-0.015501249980389153
2023-10-11 00:00:00+05:30,0.006829720700241984,3254183.2055860194,-0.008777398488018062
2023-10-12 00:00:00+05:30,0.010172583663561259,3287286.6565013994,0.0
2023-10-13 00:00:00+05:30,-0.0025040924573028135,3279054.986779862,-0.0025040924573027645
2023-10-16 00:00:00+05:30,0.001210134348086489,3283023.083848629,-0.0012969883975095797
2023-10-17 00:00:00+05:30,0.0020494488665122163,3289751.471786556,0.0
2023-10-18 00:00:00+05:30,-0.006075695335980523,3269763.944112887,-0.006075695335980513
2023-10-19 00:00:00+05:30,0.0018604369118488116,3275847.1336475476,-0.004226561871999768
2023-10-20 00:00:00+05:30,-0.0075054206290248605,3251260.5229931376,-0.011700260376360627
2023-10-23 00:00:00+05:30,-0.028610537006308657,3158240.213482892,-0.039976046650187946
2023-10-25 00:00:00+05:30,-0.005894743879456067,3139623.1963146115,-0.045635141973328075
2023-10-26 00:00:00+05:30,-0.005636986124196681,3121925.18392178,-0.05101488343544536
2023-10-27 00:00:00+05:30,0.01712279163878981,3175381.2583579626,-0.03476560901619796
2023-10-30 00:00:00+05:30,0.0034527802375485146,3186345.1520135035,-0.03143286678640678
2023-10-31 00:00:00+05:30,0.00385726212119874,3198635.72047343,-0.027696849471623985
2023-11-01 00:00:00+05:30,-0.0035600305897985885,3187248.479462922,-0.03115827843006258
2023-11-02 00:00:00+05:30,0.013166410828836161,3229213.102357114,-0.01840211029575589
2023-11-03 00:00:00+05:30,0.0067366238338495915,3250967.0963070323,-0.011789454556717982
2023-11-06 00:00:00+05:30,0.011457003937895912,3288213.439131392,-0.00046752244610392957
2023-11-07 00:00:00+05:30,0.004344166152005815,3302497.984654237,0.0
2023-11-08 00:00:00+05:30,0.002094572245623289,3309415.305274121,0.0
2023-11-09 00:00:00+05:30,-0.0028555290870132255,3299965.173608904,-0.0028555290870132533
2023-11-10 00:00:00+05:30,0.0043788242355404135,3314415.141087542,0.0
2023-11-13 00:00:00+05:30,0.015427192819912703,3365547.262554338,0.0
2023-11-15 00:00:00+05:30,0.007221627946095497,3389851.992719506,0.0
2023-11-16 00:00:00+05:30,0.003947436055984418,3403233.216700017,0.0
2023-11-17 00:00:00+05:30,0.006949282083278904,3426883.24431805,0.0
2023-11-20 00:00:00+05:30,0.0010401395395662628,3430447.6810779423,0.0
2023-11-21 00:00:00+05:30,0.0030920587822008076,3441054.8269570996,0.0
2023-11-22 00:00:00+05:30,7.800808149787365e-06,3441081.669965638,0.0
2023-11-23 00:00:00+05:30,0.002465386744955546,3449565.26710308,0.0
2023-11-24 00:00:00+05:30,0.002473903890663496,3458099.1600384647,0.0
2023-11-28 00:00:00+05:30,0.011283099363793113,3497117.236471028,0.0
2023-11-29 00:00:00+05:30,0.004061850994523393,3511322.0055959523,0.0
2023-11-30 00:00:00+05:30,0.00813270787830344,3539878.5617341227,0.0
2023-12-01 00:00:00+05:30,0.0045529605959155,3555995.489340024,0.0
2023-12-04 00:00:00+05:30,0.012076184006629511,3598938.345196039,0.0
2023-12-05 00:00:00+05:30,0.01345749282962912,3647371.032170792,0.0
2023-12-06 00:00:00+05:30,0.005782862479813228,3668463.27726269,0.0
2023-12-07 00:00:00+05:30,0.00500401286396291,3686820.3146930886,0.0
2023-12-08 00:00:00+05:30,-0.00488332260639877,3668816.3817046173,-0.004883322606398899
2023-12-11 00:00:00+05:30,0.005503428094988241,3689007.4488550434,0.0
2023-12-12 00:00:00+05:30,-0.004002343175690066,3674242.7750670486,-0.004002343175690037
2023-12-13 00:00:00+05:30,0.00516322171597958,3693213.705153056,0.0
2023-12-14 00:00:00+05:30,0.01620204790031443,3753051.3305100435,0.0
2023-12-15 00:00:00+05:30,0.004673251878174354,3770590.2846892336,0.0
2023-12-18 00:00:00+05:30,0.007720409854545208,3799700.787080601,0.0
2023-12-19 00:00:00+05:30,-0.0009035619831217558,3796267.521902157,-0.0009035619831218034
2023-12-20 00:00:00+05:30,-0.03226629200947948,3673776.0454943585,-0.033140699397805284
2023-12-21 00:00:00+05:30,0.017405344330534957,3737719.3825594587,-0.016312180351643946
2023-12-22 00:00:00+05:30,0.013753363891854246,3789125.597353436,-0.002783163812035361
2023-12-26 00:00:00+05:30,0.007964999256003578,3819305.9799172604,0.0
2023-12-27 00:00:00+05:30,0.008969476355412318,3853563.154598213,0.0
2023-12-28 00:00:00+05:30,0.011239467531706173,3896875.152555699,0.0
2023-12-29 00:00:00+05:30,0.008457086400457014,3929831.362412656,0.0
2024-01-01 00:00:00+05:30,-0.006406023020736686,3904656.772237428,-0.006406023020736562
2024-01-02 00:00:00+05:30,-0.000598172639579853,3902321.1133893253,-0.007000363752616923
2024-01-03 00:00:00+05:30,0.0018720912523815614,3909626.6146096853,-0.005141377819980142
2024-01-04 00:00:00+05:30,0.01028749009623879,3949846.859687474,0.0
2024-01-05 00:00:00+05:30,8.61195259855874e-06,3949880.8755814014,0.0
2024-01-08 00:00:00+05:30,-0.00960835322080209,3911929.024948724,-0.009608353220802113
2024-01-09 00:00:00+05:30,0.004021090315699315,3927659.244866649,-0.005625898961188591
2024-01-10 00:00:00+05:30,0.004380751825077339,3944865.3452718803,-0.0012697928032533445
2024-01-11 00:00:00+05:30,-0.004761160707783194,3926083.2073924765,-0.0060249078234345665
2024-01-12 00:00:00+05:30,0.0008584998715065983,3929453.7493215473,-0.005171580334520143
2024-01-15 00:00:00+05:30,0.003939560034694729,3944934.0682705557,-0.0012523940510276166
2024-01-16 00:00:00+05:30,0.0018086838710965722,3952069.2068923763,0.0
2024-01-17 00:00:00+05:30,-0.00981596900050522,3913275.81806967,-0.009815969000505076
2024-01-18 00:00:00+05:30,-0.0016122784129325586,3906966.5279443455,-0.011412421338516054
2024-01-19 00:00:00+05:30,0.008284849657293451,3939335.1582444417,-0.003222121876238049
2024-01-23 00:00:00+05:30,-0.024222794865771807,3843913.450798764,-0.02736686794476917
2024-01-24 00:00:00+05:30,0.017706682807310987,3911976.4070108137,-0.010144761587585815
2024-01-25 00:00:00+05:30,0.004322792893762756,3928887.070823608,-0.005865822397122744
2024-01-29 00:00:00+05:30,0.011529190712599707,3974183.9591514003,0.0
2024-01-30 00:00:00+05:30,-0.0013827777541384153,3968688.545981832,-0.00138277775413842
2024-01-31 00:00:00+05:30,0.01359414625464773,4022639.478515055,0.0
2024-02-01 00:00:00+05:30,-0.0040382327704997145,4006395.1239490095,-0.00403823277049975
2024-02-02 00:00:00+05:30,0.008971932834566035,4042340.2319098134,0.0
2024-02-05 00:00:00+05:30,0.002683953246320359,4053189.6840979788,0.0
2024-02-06 00:00:00+05:30,0.010034190855304789,4093860.1629609703,0.0
2024-02-07 00:00:00+05:30,0.008319992350649296,4127921.048201434,0.0
2024-02-08 00:00:00+05:30,-0.005156932224018029,4106633.639129761,-0.00515693222401814
2024-02-09 00:00:00+05:30,-0.00047295042004396215,4104691.405025168,-0.0056274436708007025
2024-02-12 00:00:00+05:30,-0.02582788255463651,3998675.917493152,-0.03130998127122486
2024-02-13 00:00:00+05:30,-0.0025937065965099,3988304.525388645,-0.033822478962774905
2024-02-14 00:00:00+05:30,0.013617342388256432,4042614.633659494,-0.020665708850974407
2024-02-15 00:00:00+05:30,0.008346038197388059,4076354.4498093366,-0.012492147449032487
2024-02-16 00:00:00+05:30,0.006406841028045611,4102471.004743231,-0.006165341623791898
2024-02-19 00:00:00+05:30,0.006215208161877715,4127968.7160157785,0.0
2024-02-20 00:00:00+05:30,-0.0008762401154964029,4124351.6242312915,-0.0008762401154963628
2024-02-21 00:00:00+05:30,-0.007720788251364173,4092508.378666432,-0.008590263102471352
2024-02-22 00:00:00+05:30,0.0064668959699683524,4118974.2046074914,-0.002178919470341434
2024-02-23 00:00:00+05:30,0.008966830090747988,4155908.3464483805,0.0
2024-02-26 00:00:00+05:30,0.0017189233439697563,4163052.03432049,0.0
2024-02-27 00:00:00+05:30,0.0006418799615821608,4165724.2140003447,0.0
2024-02-28 00:00:00+05:30,-0.011508434874805261,4117783.248177123,-0.011508434874805129
2024-02-29 00:00:00+05:30,0.0065716137771678245,4144843.7293022345,-0.00501245008681428
2024-03-01 00:00:00+05:30,0.01828087445597611,4220615.097157249,0.0
2024-03-04 00:00:00+05:30,0.008699188518794965,4257331.023552692,0.0
2024-03-05 00:00:00+05:30,0.0010712223037024934,4261891.571499366,0.0
2024-03-06 00:00:00+05:30,-0.010019170206513382,4219190.954442809,-0.01001917020651344
2024-03-07 00:00:00+05:30,0.006597170104181514,4247025.674871293,-0.0034880982724868614
2024-03-11 00:00:00+05:30,-0.009557676879111382,4206433.975773583,-0.013012437035387237
2024-03-12 00:00:00+05:30,-0.01424058465979756,4146531.8966257307,-0.02706771698395205
2024-03-13 00:00:00+05:30,-0.040642878607667084,3978004.904108351,-0.06661048565605387
2024-03-14 00:00:00+05:30,0.01683939342616107,4044992.09373983,-0.05089277240416268
2024-03-15 00:00:00+05:30,0.002599502503702214,4055507.0608149623,-0.04842556578974544
2024-03-18 00:00:00+05:30,0.0005509028451206049,4057741.2511931723,-0.04790134072659491
2024-03-19 00:00:00+05:30,-0.010311607684658343,4015899.4153250135,-0.05771900857811141
2024-03-20 00:00:00+05:30,0.003926569761579888,4031668.124534775,-0.054019076530282706
2024-03-21 00:00:00+05:30,0.025409359378950475,4134110.228807738,-0.02998230728020934
2024-03-22 00:00:00+05:30,0.011476177218666958,4181554.0104350387,-0.018850212333314742
2024-03-26 00:00:00+05:30,0.009248062087621226,4220225.2815462835,-0.00977647817971683
2024-03-27 00:00:00+05:30,0.002840585701758229,4232213.193139242,-0.006963663402089648
2024-03-28 00:00:00+05:30,0.009440669308506103,4272168.1183387665,0.0
2024-04-01 00:00:00+05:30,0.021330471090315856,4363295.47687996,0.0
2024-04-02 00:00:00+05:30,0.006434988453747111,4391373.23289397,0.0
2024-04-03 00:00:00+05:30,0.0035196282620746423,4406829.234233781,0.0
2024-04-04 00:00:00+05:30,0.004263650457423767,4425618.41371411,0.0
2024-04-05 00:00:00+05:30,0.004330605486368726,4444784.021097115,0.0
2024-04-08 00:00:00+05:30,0.006023573473366355,4471557.504221439,0.0
2024-04-09 00:00:00+05:30,0.0021182947869826294,4481029.581172325,0.0
2024-04-10 00:00:00+05:30,0.0077675683017465885,4515836.284506228,0.0
2024-04-12 00:00:00+05:30,-0.005049555459631815,4493033.318740996,-0.005049555459631927
2024-04-15 00:00:00+05:30,-0.00852802674697633,4454716.610423718,-0.01353451946258788
2024-04-16 00:00:00+05:30,0.0045568468904787695,4475016.071957891,-0.009039347305036416
2024-04-18 00:00:00+05:30,-0.002063692921900605,4465781.012964801,-0.011084385789884799
2024-04-19 00:00:00+05:30,0.0019383700770615466,4474437.349251041,-0.009167501354561014
2024-04-22 00:00:00+05:30,0.008598892145836982,4512912.553430556,-0.0006474395641186126
2024-04-23 00:00:00+05:30,0.01087028164245367,4561969.183914112,0.0
2024-04-24 00:00:00+05:30,0.011388120388998849,4613921.43819143,0.0
2024-04-25 00:00:00+05:30,0.010376394825844924,4661797.308729533,0.0
2024-04-26 00:00:00+05:30,-2.982704364691045e-05,4661658.261097733,-2.9827043646846185e-05
2024-04-29 00:00:00+05:30,-0.0018122930741532603,4653209.970117076,-0.0018420660624554053
2024-04-30 00:00:00+05:30,0.0038852339292076354,4671288.779372702,0.0
2024-05-02 00:00:00+05:30,0.005742246404831618,4698112.470571985,0.0
2024-05-03 00:00:00+05:30,-0.0032275101143962553,4682949.265054643,-0.003227510114396037
2024-05-06 00:00:00+05:30,-0.013097828471328087,4621612.798841025,-0.016283065211856518
2024-05-07 00:00:00+05:30,-0.013033508104224257,4561376.970972744,-0.029104347853680324
2024-05-08 00:00:00+05:30,0.009820233339418208,4606170.757176745,-0.01956992600137686
2024-05-09 00:00:00+05:30,-0.016173670044019477,4531672.071183757,-0.03542707851946425
2024-05-10 00:00:00+05:30,0.008456256934990136,4569993.054562806,-0.027270402062890664
2024-05-13 00:00:00+05:30,0.003676645638566651,4586795.299595144,-0.02369402002913057
2024-05-14 00:00:00+05:30,0.01902788279719392,4674072.30297056,-0.005116984268045299
2024-05-15 00:00:00+05:30,0.008995935201615679,4716119.954535751,0.0
2024-05-16 00:00:00+05:30,0.005705507153157019,4743027.810671501,0.0
2024-05-17 00:00:00+05:30,0.009232650259377018,4786818.5276179295,0.0
2024-05-21 00:00:00+05:30,0.015502896691727872,4861028.080733638,0.0
2024-05-22 00:00:00+05:30,-0.004020121234214292,4841486.15852617,-0.004020121234214025
2024-05-23 00:00:00+05:30,0.006893582045641082,4874861.340582806,0.0
2024-05-24 00:00:00+05:30,0.0016396961801569672,4882854.632101754,0.0
2024-05-27 00:00:00+05:30,-0.0019378396199664337,4873392.44293713,-0.0019378396199665193
2024-05-28 00:00:00+05:30,-0.010195064912510052,4823707.89063725,-0.012113148131761009
2024-05-29 00:00:00+05:30,0.001431455436564002,4830612.813521699,-0.010699032126944119
2024-05-30 00:00:00+05:30,-0.009370357964197494,4785348.242272562,-0.019969136330241555
2024-05-31 00:00:00+05:30,0.007964536238604323,4823461.321762484,-0.01216364500159306
2024-06-03 00:00:00+05:30,0.028380629048114666,4960354.188263353,0.0
2024-06-04 00:00:00+05:30,-0.07704329662818976,4578192.149156096,-0.07704329662818965
2024-06-05 00:00:00+05:30,0.03212984426358215,4725288.749917236,-0.04738884148682421
2024-06-06 00:00:00+05:30,0.017337317620267117,4807212.581822026,-0.030873119263070792
2024-06-07 00:00:00+05:30,0.017179861184218898,4889799.826660759,-0.014223653982115225
2024-06-10 00:00:00+05:30,0.0073584408004360715,4925781.129211225,-0.006969877097472432
2024-06-11 00:00:00+05:30,0.004152929322593282,4946237.550099403,-0.0028458931818521327
2024-06-12 00:00:00+05:30,0.006634532700388027,4979053.524869424,0.0
2024-06-13 00:00:00+05:30,0.0062852500014542075,5010348.12104385,0.0
2024-06-14 00:00:00+05:30,0.009065559589459869,5055769.730499111,0.0
2024-06-18 00:00:00+05:30,0.003374805415919061,5072831.969567238,0.0
2024-06-19 00:00:00+05:30,-0.007045729613105446,5037090.16713695,-0.007045729613105456
2024-06-20 00:00:00+05:30,0.005448603480395614,5064535.274152679,-0.0016355155196017268
2024-06-21 00:00:00+05:30,-0.00179818076018329,5055428.324263428,-0.0034307553272446834
2024-06-24 00:00:00+05:30,0.001997567221681612,5065526.882175538,-0.001440041269950454
2024-06-25 00:00:00+05:30,-0.0004182629117627434,5063408.160152188,-0.0018577018658583189
2024-06-26 00:00:00+05:30,0.00017437258466467649,5064291.079720285,-0.001683653213469638
2024-06-27 00:00:00+05:30,0.0003380669805970339,5066003.14931447,-0.0013461554204310389
2024-06-28 00:00:00+05:30,0.0013285003134329077,5072733.336086186,-1.9443474896130297e-05
2024-07-01 00:00:00+05:30,0.008967286036017572,5118221.986895313,0.0
2024-07-02 00:00:00+05:30,-0.002334067835898899,5106275.70957871,-0.0023340678358988454
2024-07-03 00:00:00+05:30,0.012555360525702497,5170386.842056108,0.0
2024-07-04 00:00:00+05:30,0.002181216483912312,5181664.575064205,0.0
2024-07-05 00:00:00+05:30,0.008483584128915636,5225623.662414584,0.0
2024-07-08 00:00:00+05:30,-0.0035449906271521657,5207098.8755103,-0.0035449906271523
2024-07-09 00:00:00+05:30,0.0031106272583196885,5223296.219209228,-0.00044539051330783064
2024-07-10 00:00:00+05:30,-0.008350230560320198,5179680.491493982,-0.008791901960152448
2024-07-11 00:00:00+05:30,0.003780893950893711,5199264.314131833,-0.00504424925819702
2024-07-12 00:00:00+05:30,-0.00340574410753129,5181556.950330481,-0.00843281394354023
2024-07-15 00:00:00+05:30,0.003672763950753112,5200587.585906429,-0.004791021727842293
2024-07-16 00:00:00+05:30,0.0008944416484365272,5205239.208039605,-0.0039008653687778727
2024-07-18 00:00:00+05:30,-0.009871189465967605,5153857.305601362,-0.013733548653609207
2024-07-19 00:00:00+05:30,-0.026984096616907222,5014785.122117262,-0.0403470578667543
2024-07-22 00:00:00+05:30,0.00626013745920395,5046178.366310086,-0.03433949853587093
2024-07-23 00:00:00+05:30,9.065768016676403e-05,5046635.841134483,-0.0342519539949796
2024-07-24 00:00:00+05:30,0.0057627734157744675,5075718.459998867,-0.02868656682912596
2024-07-25 00:00:00+05:30,-0.002979114261817877,5060597.314745712,-0.031580220530580516
2024-07-26 00:00:00+05:30,0.017164935592765287,5147462.141714242,-0.014957357389228099
2024-07-29 00:00:00+05:30,0.008180209389914834,5189569.459860124,-0.006899502314677064
2024-07-30 00:00:00+05:30,0.008205461821332834,5232152.273932161,0.0
2024-07-31 00:00:00+05:30,0.0028296567919107976,5246957.469150404,0.0
2024-08-01 00:00:00+05:30,0.0012201998269331443,5253359.805746188,0.0
2024-08-02 00:00:00+05:30,-0.012110373316388867,5189739.65733329,-0.012110373316388867
2024-08-05 00:00:00+05:30,-0.038912603025083314,4987793.378243948,-0.05055173019212589
2024-08-06 00:00:00+05:30,-0.00825214017122564,4946633.408141568,-0.05838671039990806
2024-08-07 00:00:00+05:30,0.022681327890388615,5058829.622425177,-0.037029670632541034
2024-08-08 00:00:00+05:30,-0.005960123031490428,5028678.375480175,-0.04276909227124592
2024-08-09 00:00:00+05:30,0.010955710224315424,5083771.118573218,-0.032281947828411206
2024-08-12 00:00:00+05:30,-0.003730758232921801,5064804.797618311,-0.03589226991869732
2024-08-13 00:00:00+05:30,-0.008637847902922826,5021055.784118489,-0.04422008585317194
2024-08-14 00:00:00+05:30,-0.005639057673012699,4992741.760972431,-0.04960978391175308
2024-08-16 00:00:00+05:30,0.01801473113627617,5082684.661429208,-0.03248875969437581
2024-08-19 00:00:00+05:30,0.007819135601705187,5122426.86201763,-0.02492365811025221
2024-08-20 00:00:00+05:30,0.008246316251018768,5164668.01389454,-0.016882870226142876
2024-08-21 00:00:00+05:30,0.0034295637106770624,5182380.571892688,-0.013511207394525382
2024-08-22 00:00:00+05:30,0.004224546593479733,5204273.780083794,-0.009343739526217698
2024-08-23 00:00:00+05:30,0.003413393720154501,5222038.015522697,-0.005962239667884783
2024-08-26 00:00:00+05:30,0.0027514923457880604,5236406.413151823,-0.0032271523789064727
2024-08-27 00:00:00+05:30,-0.0016717244844244698,5227652.58434056,-0.004893481953683998
2024-08-28 00:00:00+05:30,-0.0025360838038122595,5214394.819289457,-0.007417155477169257
2024-08-29 00:00:00+05:30,-0.0052155097129720825,5187199.092462182,-0.01259398094370745
2024-08-30 00:00:00+05:30,0.006882182905676221,5222898.345384664,-0.005798472118396569
2024-09-02 00:00:00+05:30,-0.0050047414566468185,5196759.089511665,-0.010774193721247327
2024-09-03 00:00:00+05:30,-0.0027313813905600745,5182564.758443349,-0.01347614667957886
2024-09-04 00:00:00+05:30,0.0005388864182183581,5185357.572203211,-0.01294452237377619
2024-09-05 00:00:00+05:30,0.0034243131089772695,5203113.860112441,-0.00956453536245283
2024-09-06 00:00:00+05:30,-0.01291405764857586,5135920.547770844,-0.02235507604997622
2024-09-09 00:00:00+05:30,-0.0026378246934153486,5122372.889726515,-0.024933931971763745
2024-09-10 00:00:00+05:30,0.011131053447421628,5179390.2961396845,-0.01408041945377414
2024-09-11 00:00:00+05:30,-0.0012773874010286606,5172774.208230386,-0.015339820704391327
2024-09-12 00:00:00+05:30,0.014879149647933285,5249740.6897696145,-0.0006889145442913192
2024-09-13 00:00:00+05:30,0.003826965142253775,5269831.264395234,0.0
2024-09-16 00:00:00+05:30,0.009748705182407589,5321205.295752859,0.0
2024-09-17 00:00:00+05:30,-0.003484448020749246,5302663.832492072,-0.00348444802074932
2024-09-18 00:00:00+05:30,-0.0001603531985398989,5301813.533385751,-0.0036442424769037585
2024-09-19 00:00:00+05:30,-0.01032003187326097,5247098.648735123,-0.01392666565164935
2024-09-20 00:00:00+05:30,0.011201897964406644,5305876.11240743,-0.0028807727748567657
2024-09-23 00:00:00+05:30,0.010725688126050863,5362785.284824575,0.0
2024-09-24 00:00:00+05:30,0.006757032208823729,5399021.7977231415,0.0
2024-09-25 00:00:00+05:30,-0.0025745632038076706,5385121.674866167,-0.002574563203807889
2024-09-26 00:00:00+05:30,0.006496792159474117,5420107.6911412515,0.0
2024-09-27 00:00:00+05:30,0.0026518295752018905,5434480.893017398,0.0
2024-09-30 00:00:00+05:30,0.002175273085727691,5446302.37303888,0.0
2024-10-01 00:00:00+05:30,0.0014893689602084534,5454413.926741194,0.0
2024-10-03 00:00:00+05:30,-0.015009056716007052,5372548.318762156,-0.015009056716007163
2024-10-04 00:00:00+05:30,-0.006455467263899904,5337866.008966667,-0.02136763350561488
2024-10-07 00:00:00+05:30,-0.02134441367642409,5223932.388721959,-0.04225596757320893
2024-10-08 00:00:00+05:30,0.014777556538847842,5301129.344951417,-0.028102850984277672
2024-10-09 00:00:00+05:30,0.008136575640926664,5344262.38484895,-0.020194936316110357
2024-10-10 00:00:00+05:30,0.005685834096699532,5374648.974138433,-0.014623927276897652
2024-10-11 00:00:00+05:30,0.0036422115951568286,5394224.582951938,-0.011034979119235455
2024-10-14 00:00:00+05:30,0.004755487623264344,5419876.751193273,-0.00633196820259585
2024-10-15 00:00:00+05:30,-0.00028039739379095405,5418357.03187757,-0.006610590129005223
2024-10-16 00:00:00+05:30,-0.005441588689665711,5388872.561536334,-0.012016206706192856
2024-10-17 00:00:00+05:30,-0.017312507054943783,5295577.667296544,-0.029120683097762057
2024-10-18 00:00:00+05:30,0.00087051482338204,5300187.546154297,-0.02827551826068353
2024-10-21 00:00:00+05:30,-0.01500614340990856,5220652.171737294,-0.0428573551885828
2024-10-22 00:00:00+05:30,-0.026681202238861584,5081358.895324419,-0.06839507166623504
2024-10-23 00:00:00+05:30,0.0006114803848842294,5084466.046617467,-0.0678254135260975
2024-10-24 00:00:00+05:30,-0.0027833207610258493,5070314.346711186,-0.07041995440553106
2024-10-25 00:00:00+05:30,-0.020768153022875848,4965013.282484605,-0.08972561503944887
2024-10-28 00:00:00+05:30,0.010447677099778488,5016886.138056116,-0.08021536219318137
2024-10-29 00:00:00+05:30,0.014605573777554092,5090160.638679083,-0.066781379806233
2024-10-30 00:00:00+05:30,0.006372125703051091,5122595.78211747,-0.06083479344993026
2024-10-31 00:00:00+05:30,0.010061373025108632,5174136.129138202,-0.05138550197462677
2024-11-01 00:00:00+05:30,0.0081545126240252,5216328.687521685,-0.04365001307514549
2024-11-04 00:00:00+05:30,-0.012169814676905324,5152846.934100721,-0.0552886151822819
2024-11-05 00:00:00+05:30,0.01509265954171234,5230617.098547659,-0.041030407886048614
2024-11-06 00:00:00+05:30,0.018343232495972823,5326563.52408373,-0.023439805701334082
2024-11-07 00:00:00+05:30,-0.008965819149785061,5278806.518836953,-0.032195467792294985
2024-11-08 00:00:00+05:30,-0.014358907433043949,5203008.624676024,-0.046092083483545876
2024-11-11 00:00:00+05:30,-0.01178441739559126,5141694.199329981,-0.057333332528734515
2024-11-12 00:00:00+05:30,-0.010770403328656326,5086316.079010583,-0.06748623274188048
2024-11-13 00:00:00+05:30,-0.025180062955421932,4958242.319929923,-0.09096698810823745
2024-11-14 00:00:00+05:30,0.0014563022206776524,4965463.019231095,-0.08964316131435013
2024-11-18 00:00:00+05:30,0.007417717182683185,5002295.419588824,-0.0828903917496584
2024-11-19 00:00:00+05:30,0.006263302205871322,5033626.307524754,-0.0771462571172784
2024-11-21 00:00:00+05:30,-0.014673234389993222,4959766.728882807,-0.09068750639427903
2024-11-22 00:00:00+05:30,0.01269436197980425,5022727.803074636,-0.07914436444768957
2024-11-25 00:00:00+05:30,0.01114031171295711,5078682.556450224,-0.06888574562500349
2024-11-26 00:00:00+05:30,-0.000667079049265389,5075294.673718946,-0.06950687243656939
2024-11-27 00:00:00+05:30,0.012996885890399141,5141257.699453421,-0.05741335943582704
2024-11-28 00:00:00+05:30,0.0016426670651199984,5149703.074149607,-0.05586500340535039
2024-11-29 00:00:00+05:30,0.006575128228955697,5183563.032203188,-0.049657194737295796
2024-12-02 00:00:00+05:30,0.008590135004015172,5228090.538451636,-0.0414936217399946
2024-12-03 00:00:00+05:30,0.007873236934482053,5269252.533975789,-0.033947073920741366
2024-12-04 00:00:00+05:30,0.001319964302370573,5276207.7592208125,-0.03267191854411622
2024-12-05 00:00:00+05:30,0.007101249246641311,5313675.425596103,-0.02580268073442249
2024-12-06 00:00:00+05:30,0.0017472182874022813,5322959.576473025,-0.024100545362663484
2024-12-09 00:00:00+05:30,0.004755885225761789,5348274.961280101,-0.019459279564524534
2024-12-10 00:00:00+05:30,0.003914121274682967,5369208.758088902,-0.01562132426997509
2024-12-11 00:00:00+05:30,0.0023029976696206864,5381574.033346487,-0.013354302473744584
2024-12-12 00:00:00+05:30,-0.005384669569438276,5352596.035413447,-0.018667063537031514
2024-12-13 00:00:00+05:30,-0.002385870912379203,5339825.432226838,-0.02100839724549819
2024-12-16 00:00:00+05:30,4.232521822038595e-05,5340051.4415035155,-0.020966961212275592
2024-12-17 00:00:00+05:30,-0.009465104696070266,5289507.295527283,-0.030233611425313334
2024-12-18 00:00:00+05:30,-0.009466745208582464,5239432.877681588,-0.0394141427377972
2024-12-19 00:00:00+05:30,-0.0031572180697471124,5222890.845524943,-0.04244692176388909
2024-12-20 00:00:00+05:30,-0.017844474545968853,5129691.102775601,-0.05953395329488731
2024-12-23 00:00:00+05:30,0.0042349816919326645,5151415.250681126,-0.05555109680520687
2024-12-24 00:00:00+05:30,9.046975350206926e-06,5151461.855407917,-0.05554255239926009
2024-12-26 00:00:00+05:30,0.002600254265518762,5164856.966071099,-0.05308672289253524
2024-12-27 00:00:00+05:30,-0.002702619562629903,5150898.322596409,-0.05564586923935999
2024-12-30 00:00:00+05:30,-0.0069796271772868575,5114946.972676574,-0.062237108995400026
2024-12-31 00:00:00+05:30,0.004991027183649258,5140475.812060128,-0.057556708914578536
2025-01-01 00:00:00+05:30,0.004446696714853542,5163333.9489664,-0.05336594942817319
2025-01-02 00:00:00+05:30,0.007682318728838342,5203000.326065792,-0.04609360493210901
2025-01-03 00:00:00+05:30,-0.00048700849996129365,5200466.420681696,-0.046558165454674505
2025-01-06 00:00:00+05:30,-0.024226640568177648,5074476.589920963,-0.06965685808286814
2025-01-07 00:00:00+05:30,0.012343104286235702,5137111.38366842,-0.05817353566020067
2025-01-08 00:00:00+05:30,-0.009634532415978472,5087617.717517975,-0.06724759326110885
2025-01-09 00:00:00+05:30,-0.00927372815940912,5040436.533826719,-0.07589768552123999
2025-01-10 00:00:00+05:30,-0.01688602605188804,4955323.591203634,-0.09150210127813818
2025-01-13 00:00:00+05:30,-0.034172057693602875,4785989.987554552,-0.12254734388777855
2025-01-14 00:00:00+05:30,0.027460786645883542,4917417.0374921225,-0.09845180370641704
2025-01-15 00:00:00+05:30,0.00268201721867504,4930605.634658082,-0.0960338359204922
2025-01-16 00:00:00+05:30,0.012469019258550412,4992085.4512729505,-0.08476226441150703
2025-01-17 00:00:00+05:30,0.003832716359337619,5011218.698849256,-0.08125441776963382
2025-01-20 00:00:00+05:30,0.006185854702921722,5042217.369604902,-0.07557119108900545
2025-01-21 00:00:00+05:30,-0.014957191521943929,4966799.958712449,-0.08939804983228983
2025-01-22 00:00:00+05:30,-0.01546951006972166,4889965.996736854,-0.1034846158699173
2025-01-23 00:00:00+05:30,0.008888025056440055,4933428.137040991,-0.09551636467228519
2025-01-24 00:00:00+05:30,-0.014533090182256674,4861730.181017692,-0.10866130691287812
2025-01-27 00:00:00+05:30,-0.027665594368080085,4727227.525902604,-0.1333207216404012
2025-01-28 00:00:00+05:30,-0.01842395471202017,4640133.30005196,-0.14928838141474454
2025-01-29 00:00:00+05:30,0.02874918760004313,4773533.3627843615,-0.12483111349850062
2025-01-30 00:00:00+05:30,0.0089415758720568,4816216.273525492,-0.11700572449898405
2025-01-31 00:00:00+05:30,0.01705628281585875,4898363.020389084,-0.10194512441125447
2025-02-01 00:00:00+05:30,-0.0030952155548887826,4883201.530974884,-0.10472479783132049
2025-02-03 00:00:00+05:30,-0.012088924528698735,4824168.876208503,-0.11554771218275306
2025-02-04 00:00:00+05:30,0.01488236776108614,4895963.931565823,-0.10238496796832275
2025-02-05 00:00:00+05:30,0.006798214621043396,4929247.745149495,-0.09628278833349668
2025-02-06 00:00:00+05:30,-0.006823828058412561,4895611.406079277,-0.10244959919933694
2025-02-07 00:00:00+05:30,0.0023411329385602084,4907072.683196441,-0.10034831439200442
2025-02-10 00:00:00+05:30,-0.01647904427707785,4826208.815179208,-0.11517371435308621
2025-02-11 00:00:00+05:30,-0.02461672949185641,4707403.338304728,-0.13695524367414047
2025-02-12 00:00:00+05:30,0.0009020192403359535,4711649.506687901,-0.13617676069866347
2025-02-13 00:00:00+05:30,7.897987651892674e-05,4712021.6321841385,-0.13610853604588946
2025-02-14 00:00:00+05:30,-0.02688069617115731,4585359.210337477,-0.15933054001329605
2025-02-17 00:00:00+05:30,0.005322256078481238,4609763.666266715,-0.1548562818698883
2025-02-18 00:00:00+05:30,-0.00624049886389634,4580996.441344546,-0.16013040028270864
2025-02-19 00:00:00+05:30,0.009936479931967451,4626515.420552381,-0.15178505285964805
2025-02-20 00:00:00+05:30,0.014263481974732529,4692505.639859252,-0.1396865542504131
2025-02-21 00:00:00+05:30,-0.004698871193249343,4670456.160283958,-0.14372905631781074
2025-02-24 00:00:00+05:30,-0.008699489785435315,4629825.574624243,-0.15117817664593913
2025-02-25 00:00:00+05:30,-0.0010254340184357922,4625077.9939806005,-0.1520485874191969
2025-02-27 00:00:00+05:30,-0.022812882461928457,4519566.633326668,-0.17139280332782914
2025-02-28 00:00:00+05:30,-0.01677463518588697,4443752.551854306,-0.1852923867644053
2025-03-03 00:00:00+05:30,0.0029697013097828955,4456949.169627899,-0.1828729484982894
2025-03-04 00:00:00+05:30,0.005812562919596172,4482855.467105804,-0.17812334609813152
2025-03-05 00:00:00+05:30,0.030865875434427436,4621222.7255440345,-0.15275540367633222
2025-03-06 00:00:00+05:30,0.014018446337400757,4686005.08833525,-0.14087835076811628
2025-03-07 00:00:00+05:30,0.0019033448090761042,4694924.171795438,-0.13924314603668564
2025-03-10 00:00:00+05:30,-0.015078218051282137,4624133.081398871,-0.15222182556988018
2025-03-11 00:00:00+05:30,0.0002594140035959507,4625332.646274676,-0.1520019000394902
2025-03-12 00:00:00+05:30,-0.002743263299974583,4612644.140975976,-0.15432818210555999
2025-03-13 00:00:00+05:30,-0.007592023507975016,4577624.838223764,-0.1607485424270465
2025-03-17 00:00:00+05:30,0.0038608029192041243,4595298.145562199,-0.15750835794970264
2025-03-18 00:00:00+05:30,0.0016821435639413566,4603028.096762149,-0.1560911660563532
2025-03-19 00:00:00+05:30,0.03504722823519365,4764351.473042381,-0.12651450054343405
2025-03-20 00:00:00+05:30,0.0055170950125419055,4790636.852792299,-0.12169539805085461
2025-03-21 00:00:00+05:30,0.011806053416352243,4847195.367374711,-0.11132608700441504
2025-03-24 00:00:00+05:30,0.007573746770911539,4883906.797636342,-0.10459549582547145
2025-03-25 00:00:00+05:30,-0.01099600028394205,4830203.357102786,-0.11444136400761762
2025-03-26 00:00:00+05:30,-0.007170217737201177,4795569.7473174,-0.12079101224674171
2025-03-27 00:00:00+05:30,0.009927591115365057,4843178.202933982,-0.11206258491137322
2025-03-28 00:00:00+05:30,-0.0008083845881166596,4839263.052317228,-0.11278037983294298
2025-04-01 00:00:00+05:30,-0.006620483393040449,4807224.791644807,-0.11865420259423876
2025-04-02 00:00:00+05:30,0.009601477167213818,4853381.250719449,-0.1101919810440275
2025-04-03 00:00:00+05:30,-0.0019699408404506924,4843820.376779378,-0.11194485020072953
2025-04-04 00:00:00+05:30,-0.03409621151779804,4678664.452658488,-0.14222416642775526
2025-04-07 00:00:00+05:30,-0.04065984944475742,4488430.660410855,-0.1771012026781542
2025-04-08 00:00:00+05:30,0.0179517233468563,4569005.725888098,-0.16232875112617173
2025-04-09 00:00:00+05:30,-0.006554992106983647,4539055.929418138,-0.1678196795507868
2025-04-11 00:00:00+05:30,0.024130261490894405,4648584.535916793,-0.14773895081077082
2025-04-15 00:00:00+05:30,0.03268593042572972,4800527.846635892,-0.11988200545241234
2025-04-16 00:00:00+05:30,0.00909922910532238,4844208.949338912,-0.11187361018030706
2025-04-17 00:00:00+05:30,0.00851141945399029,4885440.043629509,-0.10431439394839348
2025-04-21 00:00:00+05:30,0.015595605899852065,4961631.441197312,-0.0903456342262422
2025-04-22 00:00:00+05:30,0.005181154333735623,4987338.419441271,-0.08563257456681206
2025-04-23 00:00:00+05:30,0.01295208891645221,5051934.870106312,-0.07378960637029386
2025-04-24 00:00:00+05:30,-0.0009011366286074839,5047382.38654952,-0.0746242484817905
2025-04-25 00:00:00+05:30,-0.020228618424938536,4945280.814207255,-0.09334332145894308
2025-04-28 00:00:00+05:30,0.013523659024516164,5012159.105719076,-0.0810820056860534
2025-04-29 00:00:00+05:30,0.0007771007535289458,5016054.058336937,-0.08036791382024078
2025-04-30 00:00:00+05:30,-0.0075917168988177885,4977973.595976876,-0.08734950026958677
2025-05-02 00:00:00+05:30,-0.005020893932759657,4952979.718551398,-0.09193182162641322
2025-05-05 00:00:00+05:30,0.02094108789164433,5056700.502163114,-0.0729158860914868
2025-05-06 00:00:00+05:30,-0.0162555374965365,4974501.117541446,-0.08798613666756994
2025-05-07 00:00:00+05:30,0.012671974330311774,5037537.868009039,-0.07642912040253291
2025-05-08 00:00:00+05:30,-0.013044833903075918,4971824.023240407,-0.08847694912459936
2025-05-09 00:00:00+05:30,-0.00031917597203701413,4970237.136474992,-0.0887678853803967
2025-05-12 00:00:00+05:30,0.04156364230774043,5176818.295000087,-0.05089375970902166
2025-05-13 00:00:00+05:30,0.0018055987147798048,5186165.551460188,-0.04918005470136266
2025-05-14 00:00:00+05:30,0.012011670995109306,5248460.065790497,-0.03775911834284762
2025-05-15 00:00:00+05:30,0.015812324819617075,5331450.421153566,-0.022543852967369937
2025-05-16 00:00:00+05:30,0.0060701629118923624,5363813.193766645,-0.01661053491565123
2025-05-19 00:00:00+05:30,0.0002832167265238209,5365332.31538107,-0.016332022570451854
2025-05-20 00:00:00+05:30,-0.010242271901066751,5310379.122967357,-0.026407017455657655
2025-05-21 00:00:00+05:30,0.006117418884742595,5342864.9364993395,-0.020451141358188152
2025-05-22 00:00:00+05:30,-6.037956218606045e-05,5342542.336653655,-0.020510286089412633
2025-05-23 00:00:00+05:30,0.0053884890351137225,5371330.567454345,-0.015232316505998766
2025-05-26 00:00:00+05:30,0.007303897600435815,5410562.215897122,-0.00803967418554008
2025-05-27 00:00:00+05:30,0.0013855051716803483,5418058.5778289465,-0.006665308024022321
2025-05-28 00:00:00+05:30,0.0016884137176088423,5427206.502254561,-0.004988148103913459
2025-05-29 00:00:00+05:30,0.009818746333041988,5480494.866197234,0.0
2025-05-30 00:00:00+05:30,-0.0029724390229133183,5464204.429392073,-0.0029724390229133313
2025-06-02 00:00:00+05:30,0.001844228910279587,5474281.673172437,-0.0011336919706136372
2025-06-03 00:00:00+05:30,-0.0034659223827054582,5455308.237792154,-0.0045956850649431225
2025-06-04 00:00:00+05:30,0.0039420377209388,5476813.268644878,-0.0006717637078841321
2025-06-05 00:00:00+05:30,0.0055904738425006815,5507431.249963499,0.0
2025-06-06 00:00:00+05:30,0.003393314201370609,5526119.694637072,0.0
2025-06-09 00:00:00+05:30,0.008319084751573757,5572091.952724098,0.0
2025-06-10 00:00:00+05:30,0.0011043483782361984,5578245.483435472,0.0
2025-06-11 00:00:00+05:30,-0.0029934486422245796,5561547.292067086,-0.0029934486422246165
2025-06-12 00:00:00+05:30,-0.016107628662462795,5471963.953497743,-0.019052859945538403
2025-06-13 00:00:00+05:30,-0.004849121758965586,5445429.734026562,-0.023809592066771468
2025-06-16 00:00:00+05:30,0.004453323284567635,5469679.993055579,-0.019462300592950954
2025-06-17 00:00:00+05:30,-0.006493231672252668,5434164.093687584,-0.02582915903857863
2025-06-18 00:00:00+05:30,-0.002474250063052254,5420718.612836141,-0.028239501303251036
2025-06-19 00:00:00+05:30,-0.012812639996081092,5351264.896729816,-0.04069031873546469
2025-06-20 00:00:00+05:30,0.0143275403671961,5427935.360553271,-0.026945770552505133
2025-06-23 00:00:00+05:30,0.002308198377471041,5440464.112145518,-0.024699768358903085
2025-06-24 00:00:00+05:30,0.01210074083276532,5506297.758376552,-0.012897913021678198
2025-06-25 00:00:00+05:30,0.010539254353443751,5564330.030997879,-0.002494593054198524
2025-06-26 00:00:00+05:30,0.010315211139960269,5621727.270120043,0.0
2025-06-27 00:00:00+05:30,0.005052343112710113,5650130.165174769,0.0
2025-06-30 00:00:00+05:30,0.006272458905541672,5685570.374446789,0.0
2025-07-01 00:00:00+05:30,0.0008997829094648936,5690686.153500275,0.0
2025-07-02 00:00:00+05:30,0.0015414023856262186,5699457.7907131305,0.0
2025-07-03 00:00:00+05:30,-0.0015020590180688201,5690896.868740487,-0.0015020590180688798
2025-07-04 00:00:00+05:30,6.2273683099357385e-06,5690932.308051303,-0.0014958410036335357
2025-07-07 00:00:00+05:30,-0.0027885698957538408,5675062.745538298,-0.0042802396421959266
2025-07-08 00:00:00+05:30,-0.0018277605741453813,5664690.089596203,-0.006100176963075188
2025-07-09 00:00:00+05:30,0.0030649616587422354,5682052.147529472,-0.0030539121128364544
2025-07-10 00:00:00+05:30,0.0006807513059876149,5685920.211949592,-0.0023752397615079968
2025-07-11 00:00:00+05:30,-0.006643231820088697,5648147.325871083,-0.009002692313232696
2025-07-14 00:00:00+05:30,0.00960842208278746,5702417.109363819,0.0
2025-07-15 00:00:00+05:30,0.010854706299628354,5764315.172283938,0.0
2025-07-16 00:00:00+05:30,0.0011145047790885427,5770739.529091621,0.0
2025-07-17 00:00:00+05:30,0.008031368305541964,5817086.463645106,0.0
2025-07-18 00:00:00+05:30,-0.0038526352396300854,5794675.351343292,-0.0038526352396300867
2025-07-21 00:00:00+05:30,0.006758077679850991,5833836.217497188,0.0
2025-07-22 00:00:00+05:30,-0.002784924031799992,5817589.426817495,-0.0027849240317998625
2025-07-23 00:00:00+05:30,0.004456823124342568,5843517.393902865,0.0
2025-07-24 00:00:00+05:30,-0.0013687229097502673,5835519.2377723055,-0.0013687229097504305
2025-07-25 00:00:00+05:30,-0.014249729615246091,5752364.666469484,-0.015598948593614215
2025-07-28 00:00:00+05:30,-0.0075226333646788044,5709091.7361037005,-0.023004236787148913
2025-07-29 00:00:00+05:30,0.017921569847853206,5811407.622420085,-0.005494938975673103
2025-07-30 00:00:00+05:30,0.0010531857974221484,5817528.114391048,-0.004447540369937775
2025-07-31 00:00:00+05:30,-0.008638598867363392,5767272.822611215,-0.013047718720099022
2025-08-01 00:00:00+05:30,-0.013890023282850009,5687165.268826596,-0.026756508886138786
2025-08-04 00:00:00+05:30,0.019432000590592347,5797678.267689232,-0.007844440792023955
2025-08-05 00:00:00+05:30,-0.003105524525831294,5779673.435636044,-0.010925604214584328
2025-08-06 00:00:00+05:30,-0.007817993775584772,5734487.984691328,-0.0186581816844249
2025-08-07 00:00:00+05:30,0.0010759861661854002,5740658.214433012,-0.017602271463618258
2025-08-08 00:00:00+05:30,-0.010829863182610044,5678487.671392576,-0.028241504454574184
2025-08-11 00:00:00+05:30,0.007585809008200044,5721563.594323178,-0.02086993010527083
2025-08-12 00:00:00+05:30,-0.002906391065825838,5704934.493010083,-0.023715664992694285
2025-08-13 00:00:00+05:30,0.013622403864803906,5782649.414696117,-0.010416325494343237
2025-08-14 00:00:00+05:30,-0.006699043878960819,5743911.192530421,-0.017045589951759865
2025-08-18 00:00:00+05:30,0.013479608612104161,5821336.867308415,-0.0037957492207679744
2025-08-19 00:00:00+05:30,0.013223168482842393,5898313.385500216,0.0
2025-08-20 00:00:00+05:30,0.0011892834539037752,5905328.1520155305,0.0
2025-08-21 00:00:00+05:30,-0.0029720524094354137,5887777.207252827,-0.002972052409435322
2025-08-22 00:00:00+05:30,-0.0032517966033540784,5868631.353328977,-0.006214184502859266
2025-08-25 00:00:00+05:30,-0.00016345303038114496,5867672.107750085,-0.00637662180595211
2025-08-26 00:00:00+05:30,-0.012220010239478548,5795969.094511476,-0.018518709661668686
2025-08-28 00:00:00+05:30,-0.006335743266757215,5759247.322346592,-0.024737123138377948
2025-08-29 00:00:00+05:30,-0.0017272530526199292,5749299.644828276,-0.026421648919544127
2025-09-01 00:00:00+05:30,0.013777459957342971,5828510.390467664,-0.013008212172197053
2025-09-02 00:00:00+05:30,0.00494042118331872,5857305.686667923,-0.00813205703585107
2025-09-03 00:00:00+05:30,0.011993319774597212,5927554.226785698,0.0
2025-09-04 00:00:00+05:30,-0.004157032660897278,5902913.1902657095,-0.004157032660897397
2025-09-05 00:00:00+05:30,0.002482208002390697,5917565.448624006,-0.0016851432782436504
2025-09-08 00:00:00+05:30,0.012986398396848441,5994413.311079261,0.0
2025-09-09 00:00:00+05:30,0.004174526783448587,6019437.149997422,0.0
2025-09-10 00:00:00+05:30,0.006365530130945198,6057754.058547061,0.0
2025-09-11 00:00:00+05:30,0.0015204709440115208,6066964.6975790495,0.0
2025-09-12 00:00:00+05:30,0.00654414603232053,6106667.80053294,0.0
2025-09-15 00:00:00+05:30,0.0061976965262822035,6144515.0743474625,0.0
2025-09-16 00:00:00+05:30,0.005488568329991226,6178239.665187679,0.0
2025-09-17 00:00:00+05:30,0.002992774121785405,6196729.740975842,0.0
2025-09-18 00:00:00+05:30,0.00020884200999238435,6198023.878470327,0.0
2025-09-19 00:00:00+05:30,0.006784456337383594,6240074.100851869,0.0
2025-09-22 00:00:00+05:30,0.0033331201804399652,6260873.01776486,0.0
2025-09-23 00:00:00+05:30,-0.0013276071511821373,6252561.037973832,-0.0013276071511820753
2025-09-24 00:00:00+05:30,-0.007762452570699807,6204025.829471154,-0.009079754234338377
2025-09-25 00:00:00+05:30,-0.005774453991377084,6168200.967757558,-0.014801777602636235
2025-09-26 00:00:00+05:30,-0.01980543275798522,6046037.078252897,-0.0343140547496138
2025-09-29 00:00:00+05:30,0.006832316825405337,6087345.519109669,-0.027716182417822033
2025-09-30 00:00:00+05:30,-0.00011116536972832856,6086668.817094373,-0.027824266707884515
2025-10-01 00:00:00+05:30,0.010885707833649923,6152926.51551745,-0.017241445712302128
2025-10-03 00:00:00+05:30,0.006987319942004008,6195918.9816610105,-0.010374597267752583
2025-10-06 00:00:00+05:30,0.00574088155378053,6231489.018651547,-0.0046932750480543906
2025-10-07 00:00:00+05:30,-0.0010170126451509213,6225151.515521458,-0.005705514573134396
2025-10-08 00:00:00+05:30,-0.002483890790687414,6209688.919001421,-0.008175233488717515
2025-10-09 00:00:00+05:30,0.010155259767562713,6272749.923049636,0.0
2025-10-10 00:00:00+05:30,0.0002476431337855069,6274303.326498033,0.0
2025-10-13 00:00:00+05:30,0.0024219389639093688,6289499.306195864,0.0
2025-10-14 00:00:00+05:30,-0.004185319802871547,6263175.740199496,-0.004185319802871512
2025-10-15 00:00:00+05:30,0.009306774350072647,6321465.703528381,0.0
2025-10-16 00:00:00+05:30,0.01101057344275158,6391068.665922915,0.0
2025-10-17 00:00:00+05:30,-0.0013718593638050037,6382301.018528848,-0.001371859363804906
2025-10-20 00:00:00+05:30,0.0073234947827336945,6429041.76673988,0.0
2025-10-21 00:00:00+05:30,0.004165227043396244,6455820.185369829,0.0
2025-10-23 00:00:00+05:30,-0.004618113110299932,6426006.477534033,-0.004618113110299915
2025-10-24 00:00:00+05:30,-0.0024670035381712464,6410153.496817646,-0.007073723747088367
2025-10-27 00:00:00+05:30,0.011094346290570382,6481269.959487052,0.0
2025-10-28 00:00:00+05:30,0.006206199796723945,6521494.015792133,0.0
2025-10-29 00:00:00+05:30,0.01012356268357455,6587514.769251561,0.0
2025-10-30 00:00:00+05:30,-0.0002633596579504859,6585779.883615186,-0.00026335965795054594
2025-10-31 00:00:00+05:30,-0.004666258171106604,6555048.934420158,-0.004928388924901217
2025-11-03 00:00:00+05:30,0.008319525847656254,6609583.833462718,0.0
2025-11-04 00:00:00+05:30,-0.0008569773008140643,6603919.570149614,-0.0008569773008139103
2025-11-06 00:00:00+05:30,-0.013725166641970923,6513279.673559138,-0.014570381786522701
2025-11-07 00:00:00+05:30,0.00789198102299542,6564682.353140327,-0.006793389940084493
2025-11-10 00:00:00+05:30,0.006195626430943764,6605354.672638194,-0.0006398528154092364
2025-11-11 00:00:00+05:30,0.010095095783276224,6672036.360740987,0.0
2025-11-12 00:00:00+05:30,0.007706295140751048,6723453.042126678,0.0
2025-11-13 00:00:00+05:30,0.0007160381484152535,6728267.29099392,0.0
2025-11-14 00:00:00+05:30,0.004663629940733098,6759645.4397814525,0.0
2025-11-17 00:00:00+05:30,0.0037105303746259974,6784727.309507465,0.0
2025-11-18 00:00:00+05:30,-0.0045990223585388595,6753524.196914451,-0.004599022358538818
2025-11-19 00:00:00+05:30,0.004486058814435748,6783820.903666525,-0.00013359502889231933
2025-11-20 00:00:00+05:30,-0.0009340252516573735,6777484.643639779,-0.001067495499419313
2025-11-21 00:00:00+05:30,-0.013987148142706102,6682686.961894274,-0.01503971242443325
2025-11-24 00:00:00+05:30,-0.006100128583208315,6641921.712145389,-0.02104809682799802
2025-11-25 00:00:00+05:30,0.005249726230085884,6676789.982775816,-0.015908867343923494
2025-11-26 00:00:00+05:30,0.012013986533259597,6757004.847714286,-0.0040860097286933295
2025-11-27 00:00:00+05:30,-0.001340042686720516,6747950.172783973,-0.005420576987958836
2025-11-28 00:00:00+05:30,-0.00017329111651070343,6746780.812964372,-0.0055929287666312
2025-12-01 00:00:00+05:30,-0.00035261815708325197,6744401.77554786,-0.005943574755480019
2025-12-02 00:00:00+05:30,-0.003985162646293532,6717524.237520351,-0.009905051289672562
2025-12-03 00:00:00+05:30,-0.007666820214626707,6666022.186903886,-0.017495931256844677
2025-12-04 00:00:00+05:30,-0.0009427125969517363,6659738.04381673,-0.018422150219005395
2025-12-05 00:00:00+05:30,-0.0006438910776370227,6655449.897910917,-0.01905417943848542
2025-12-08 00:00:00+05:30,-0.016011685408663944,6548884.927892443,-0.03476077532026012
2025-12-09 00:00:00+05:30,0.008392848885492752,6603848.729460726,-0.026659668369172884
2025-12-10 00:00:00+05:30,-0.004791752329327155,6572204.721928809,-0.031323674170492755
2025-12-11 00:00:00+05:30,0.009251415184638173,6633006.916489811,-0.02236204730071434
2025-12-12 00:00:00+05:30,0.012712960537036503,6717332.071661036,-0.009933374588539046
2025-12-15 00:00:00+05:30,0.0027080801244922584,6735523.145133916,-0.0072521948383391655
2025-12-16 00:00:00+05:30,-0.005332885349212078,6699603.372433953,-0.012546405063948218
2025-12-17 00:00:00+05:30,-0.0041918306289074345,6671519.769815852,-0.016685643287825958
2025-12-18 00:00:00+05:30,-0.003588453327540939,6647579.332498101,-0.0202142209631887
2025-12-19 00:00:00+05:30,0.013321115573596956,6736132.505070963,-0.007162381363272519
2025-12-22 00:00:00+05:30,0.013256946649885238,6825433.054317247,0.0
2025-12-23 00:00:00+05:30,0.004282137932170102,6854660.500102626,0.0
2025-12-24 00:00:00+05:30,-0.0011234790331251271,6846959.43275157,-0.001123479033125152
2025-12-26 00:00:00+05:30,0.0015914522782427812,6857856.041939857,0.0
2025-12-29 00:00:00+05:30,-0.0018647447842270641,6845067.89065467,-0.001864744784227046
2025-12-30 00:00:00+05:30,0.010445461693700519,6916567.785097282,0.0
2025-12-31 00:00:00+05:30,0.011145637583568265,6993657.342952161,0.0
2026-01-01 00:00:00+05:30,0.006725001143539656,7040689.696581038,0.0
2026-01-02 00:00:00+05:30,0.005048936352182193,7076237.69073454,0.0
2026-01-05 00:00:00+05:30,-0.0018382370673070954,7063229.888314357,-0.0018382370673070136
2026-01-06 00:00:00+05:30,0.003460000114328719,7087668.664535455,0.0
2026-01-07 00:00:00+05:30,0.00349933613690563,7112470.7996196775,0.0
2026-01-08 00:00:00+05:30,-0.025376807705238782,6931978.995828602,-0.02537680770523887
2026-01-09 00:00:00+05:30,-0.010223401941558468,6861110.588303805,-0.03534077234163313
2026-01-12 00:00:00+05:30,4.092780562881763e-05,6861391.3985043615,-0.03530129095626544
2026-01-13 00:00:00+05:30,0.0018537727328765555,6874110.8587885015,-0.03351295879399907
2026-01-14 00:00:00+05:30,0.006180097685490821,6916593.535396708,-0.027539974467584938
2026-01-15 00:00:00+05:30,0.0,6916593.535396708,-0.027539974467584938
2026-01-16 00:00:00+05:30,-0.007180871050782951,6866926.369108346,-0.034523084512974145
2026-01-19 00:00:00+05:30,-0.0037470813235854256,6841195.437560224,-0.038140805031348535
2026-01-20 00:00:00+05:30,-0.027028098662417642,6656290.932304964,-0.0641380302523149
2026-01-21 00:00:00+05:30,-0.0030983595880624062,6635667.349473924,-0.06703766715938564
2026-01-22 00:00:00+05:30,0.01787358986001053,6754270.546125883,-0.050362281067353964
2026-01-23 00:00:00+05:30,-0.01953461830021536,6622328.449110927,-0.06891309143019042
2026-01-27 00:00:00+05:30,0.014621850443356987,6719159.145280615,-0.055298877903315
2026-01-28 00:00:00+05:30,0.021540226810445616,6863891.35724544,-0.034949801465269936
2026-01-29 00:00:00+05:30,0.01323541090562889,6954737.779770179,-0.022176965543104
2026-01-30 00:00:00+05:30,-0.0006053136193546872,6950527.982273043,-0.0227688551431795
2026-02-02 00:00:00+05:30,-0.008780482883999862,6889498.990289932,-0.03134941648430645
2026-02-03 00:00:00+05:30,0.04431538083084734,7194809.76177837,0.0
2026-02-04 00:00:00+05:30,0.013406510251853687,7291267.052609788,0.0
2026-02-05 00:00:00+05:30,-0.0015523469604905521,7279948.476362544,-0.0015523469604905582
2026-02-06 00:00:00+05:30,0.0016487093721961818,7291950.995644629,0.0
2026-02-09 00:00:00+05:30,0.018493200466874197,7426802.507201709,0.0
2026-02-10 00:00:00+05:30,0.004224052022483121,7458173.707352838,0.0
2026-02-11 00:00:00+05:30,0.008615674727292648,7522430.906075036,0.0
2026-02-12 00:00:00+05:30,0.0008382452701081883,7528736.548201769,0.0
2026-02-13 00:00:00+05:30,-0.017740559884514704,7395172.546613661,-0.01774055988451473
2026-02-16 00:00:00+05:30,0.005336633916701002,7434637.875245775,-0.012498600841394647
2026-02-17 00:00:00+05:30,0.003112809747853205,7457780.488495599,-0.009424696860075188
2026-02-18 00:00:00+05:30,0.009901868786778244,7531626.452333277,0.0
2026-02-19 00:00:00+05:30,-0.016046980650298456,7410766.588387409,-0.016046980650298415
2026-02-20 00:00:00+05:30,0.008393803271487718,7472971.105221246,-0.007787872577490806
2026-02-23 00:00:00+05:30,0.006760174649824703,7523489.695045635,-0.0010803453064406332
2026-02-24 00:00:00+05:30,0.003569693098225951,7550346.244284612,0.0
2026-02-25 00:00:00+05:30,0.0074956436416379665,7606940.94910275,0.0
2026-02-26 00:00:00+05:30,0.005941782890047818,7652139.740679733,0.0
2026-02-27 00:00:00+05:30,-0.007920990071788732,7591527.21776587,-0.007920990071788703
2026-03-02 00:00:00+05:30,-0.011750816633859497,7502320.57345895,-0.01957872860375587
2026-03-04 00:00:00+05:30,-0.026501882432177614,7303494.955652633,-0.04556173787230533
2026-03-05 00:00:00+05:30,0.023737995730582856,7476865.287728248,-0.022905286480813247
2026-03-06 00:00:00+05:30,-0.0014891540821698045,7465731.083263194,-0.02436033106211688
2026-03-09 00:00:00+05:30,-0.019898453755371456,7317174.578552842,-0.04377405189638328
2026-03-10 00:00:00+05:30,0.012826324702963542,7411027.035605632,-0.03150918739660702
2026-03-11 00:00:00+05:30,-0.012404706886499334,7319095.417501022,-0.0435230320492197
2026-03-12 00:00:00+05:30,0.001368087926883119,7329108.583577411,-0.042214487457024386
2026-03-13 00:00:00+05:30,-0.03449456033081579,7076294.2053701,-0.07525287760341937
2026-03-16 00:00:00+05:30,0.002479903765887314,7093842.734018524,-0.0729595937320946
2026-03-17 00:00:00+05:30,0.017974635845494774,7221351.9739077175,-0.056296380015369296
2026-03-18 00:00:00+05:30,0.014785518328285846,7328123.405872934,-0.04234323284561681
2026-03-19 00:00:00+05:30,-0.024949546949009374,7145290.046909972,-0.06623633531877171
2026-03-20 00:00:00+05:30,0.011975140557152961,7230855.899543345,-0.055054384187051775
2026-03-23 00:00:00+05:30,-0.04001149534616977,6941538.542369942,-0.09286307129653504
2026-03-24 00:00:00+05:30,0.02646876075237395,7125272.465301314,-0.06885228096103979
2026-03-25 00:00:00+05:30,0.023858947233608277,7295273.965076022,-0.04663607666579428
2026-03-27 00:00:00+05:30,-0.013182951882391474,7199100.719425562,-0.05920422739351705
2026-03-30 00:00:00+05:30,-0.018482892205948526,7066040.516848652,-0.07659285424641493
2026-04-01 00:00:00+05:30,0.021372649861894234,7217060.526725217,-0.05685719664025224
2026-04-02 00:00:00+05:30,-0.00249222445405565,7199073.991994112,-0.05920772019845211
2026-04-06 00:00:00+05:30,0.013409325440024924,7295608.7180195805,-0.04659233034713017
2026-04-07 00:00:00+05:30,0.004401506027680706,7327720.383767543,-0.04239590074231603
2026-04-08 00:00:00+05:30,0.03775857004669551,7604404.627160629,-0.006238139283491928
2026-04-09 00:00:00+05:30,0.008550828012178649,7669428.583262495,0.0
2026-04-10 00:00:00+05:30,0.02079298180323106,7828898.872235453,0.0
2026-04-13 00:00:00+05:30,-0.0008566765204068229,7822192.038390969,-0.0008566765204068849
2026-04-15 00:00:00+05:30,0.015032111419785771,7939776.100659024,0.0
2026-04-16 00:00:00+05:30,0.009267232828775144,8013355.854392174,0.0
2026-04-17 00:00:00+05:30,0.015773796142770812,8139756.896058834,0.0
2026-04-20 00:00:00+05:30,0.004793998585346267,8178778.879103604,0.0
2026-04-21 00:00:00+05:30,0.004779688023493475,8217870.890558857,0.0
2026-04-22 00:00:00+05:30,0.006418093365307806,8270613.953198507,0.0
2026-04-23 00:00:00+05:30,-0.00010397780111508708,8269753.992945782,-0.00010397780111515154
2026-04-24 00:00:00+05:30,-0.0039568295861384115,8237031.985676408,-0.004060395964813779
2026-04-27 00:00:00+05:30,0.018916807999626185,8392850.33823623,0.0
2026-04-28 00:00:00+05:30,0.002903051026408128,8417215.211025136,0.0
2026-04-29 00:00:00+05:30,0.001954223094685231,8433664.327383455,0.0
2026-04-30 00:00:00+05:30,-0.008536657799342427,8361669.021026062,-0.008536657799342318
2026-05-01 00:00:00+05:30,0.0,8361669.021026062,-0.008536657799342318
2026-05-04 00:00:00+05:30,0.01610522579880692,8496335.588664576,0.0
2026-05-05 00:00:00+05:30,0.006345584733867311,8550249.806069821,0.0
2026-05-06 00:00:00+05:30,0.007801216341996311,8616952.154585084,0.0
2026-05-07 00:00:00+05:30,0.016480837932106657,8758966.746513518,0.0
2026-05-08 00:00:00+05:30,-0.0005774149247552689,8753909.188388646,-0.0005774149247552707
2026-05-11 00:00:00+05:30,-0.006527767567817169,8696765.703897066,-0.0071014132621533
2026-05-12 00:00:00+05:30,-0.02498197072749586,8479503.35765842,-0.031905976691410265
2026-05-13 00:00:00+05:30,0.013848739753799917,8596933.792900102,-0.01849909450540066
2026-05-14 00:00:00+05:30,0.01035327765863571,8685940.235470906,-0.008337343108612671
2026-05-15 00:00:00+05:30,-0.007595186123428359,8619968.902725529,-0.015869205559356225
2026-05-18 00:00:00+05:30,-0.0051534929030077285,8575545.954161186,-0.02094091662413744
2026-05-19 00:00:00+05:30,0.0023177959210464575,8595422.319594488,-0.01867165747422528
2026-05-20 00:00:00+05:30,0.011518356408139052,8694427.457350051,-0.007368367871604997
2026-05-21 00:00:00+05:30,0.0068524984817848675,8754006.00830153,-0.0005663611194736129
2026-05-22 00:00:00+05:30,0.00041231152300830697,8757615.385851238,-0.00015428311368093084
2026-05-25 00:00:00+05:30,0.007782611506469583,8825772.504122399,0.0
2026-05-26 00:00:00+05:30,0.009158210998935191,8906600.790943755,0.0
2026-05-27 00:00:00+05:30,0.012712028212283014,9019821.751473773,0.0
2026-05-28 00:00:00+05:30,0.0,9019821.751473773,0.0
2026-05-29 00:00:00+05:30,-0.004865913640934781,8975932.077774476,-0.004865913640934805
2026-06-01 00:00:00+05:30,-0.012187544132955069,8866537.509442193,-0.016994154236643744
2026-06-02 00:00:00+05:30,0.0054260375882107985,8914647.675245706,-0.011660327568101092
2026-06-03 00:00:00+05:30,0.007387085533735652,8980500.940125862,-0.004359377871462566
2026-06-04 00:00:00+05:30,0.002824448276788506,9005865.900530899,-0.0015472424319908917
2026-06-05 00:00:00+05:30,-0.0008901177069698124,8997849.619826242,-0.00243598291107483
2026-06-08 00:00:00+05:30,-0.017229440675672014,8842821.703592828,-0.01962345296369361
2026-06-09 00:00:00+05:30,0.013998660052471695,8966609.358526044,-0.005899494958316098
2026-06-10 00:00:00+05:30,-0.009226623079941808,8883877.833669845,-0.01507168562191552
2026-06-11 00:00:00+05:30,-0.005818379256661845,8832188.063163701,-0.020802372095591992
2026-06-12 00:00:00+05:30,0.017406871273758773,8985928.82384482,-0.00375760503509015
2026-06-15 00:00:00+05:30,0.007544800208674605,9053725.8615101,0.0
2026-06-16 00:00:00+05:30,-0.0027860834585205236,9028501.42564937,-0.002786083458520272
2026-06-17 00:00:00+05:30,0.008276065407665638,9103221.893981246,0.0
2026-06-18 00:00:00+05:30,0.00612039468118428,9158937.20484281,0.0
2026-06-19 00:00:00+05:30,0.00943145644777643,9245319.322198203,0.0
2026-06-22 00:00:00+05:30,0.005392152993083364,9295171.498453405,0.0
2026-06-23 00:00:00+05:30,-0.008036184732221622,9220473.783174152,-0.008036184732221674
2026-06-24 00:00:00+05:30,-0.0030172580850719266,9192653.234103676,-0.011029195573937112
2026-06-25 00:00:00+05:30,-0.0021230496365699887,9173136.774995899,-0.013128829680852161
2026-06-26 00:00:00+05:30,0.0,9173136.774995899,-0.013128829680852161
2026-06-29 00:00:00+05:30,0.008417476487379555,9250351.438114941,-0.004821864808618237
2026-06-30 00:00:00+05:30,0.0011310278441580789,9260813.843159698,-0.0036962906278193985
2026-07-01 00:00:00+05:30,-0.0037920645254384553,9225696.239508362,-0.007474338580692352
2026-07-02 00:00:00+05:30,0.004803815788481662,9270014.78476345,-0.0027064281378930133
2026-07-03 00:00:00+05:30,-0.009482184359755936,9182114.79555666,-0.012162949647088861
2026-07-06 00:00:00+05:30,0.008377363947280947,9259036.713004755,-0.0038874791556736676
2026-07-07 00:00:00+05:30,-0.00874395717946014,9178076.09246319,-0.01259744438386079
2026-07-08 00:00:00+05:30,-0.0075394748277349405,9108878.218797028,-0.020041941096769822
2026-07-09 00:00:00+05:30,0.015148900729585496,9246867.710691467,-0.005196653743287594
2026-07-10 00:00:00+05:30,0.010452595377585644,9343521.477381386,0.0
2026-07-13 00:00:00+05:30,-0.0017518167361092476,9327153.340083113,-0.0017518167361092463
2026-07-14 00:00:00+05:30,-0.0007234392777169421,9320405.711007608,-0.002473988680791961
2026-07-15 00:00:00+05:30,0.00489825231003556,9366059.409812018,0.0
2026-07-16 00:00:00+05:30,-0.002697408543246735,9340795.321143435,-0.0026974085432467376
2026-07-17 00:00:00+05:30,-0.008297847381774744,9263286.827144193,-0.010972873240603143
2026-07-20 00:00:00+05:30,0.007957042302823925,9336995.192290971,-0.0031031425543381896
2026-07-21 00:00:00+05:30,0.0047069053043347206,9380943.544488113,0.0
2026-07-22 00:00:00+05:30,-0.004182231978452517,9341710.2624083,-0.004182231978452355
2026-07-23 00:00:00+05:30,-0.009419042343392638,9253720.29788697,-0.0135618817017501
2026-07-24 00:00:00+05:30,-0.00499816089647911,9207468.714947117,-0.018492258131424633
2026-07-27 00:00:00+05:30,0.010190214539216825,9301294.796515554,-0.00849048366988181
2026-07-28 00:00:00+05:30,-0.004537395266633313,9259091.145532282,-0.012989354256100039
2026-07-29 00:00:00+05:30,0.007937777054849349,9332587.74677605,-0.005154683799421855
2026-07-30 00:00:00+05:30,-0.0019938758119388634,9313979.725804955,-0.007138281812014924
2026-07-31 00:00:00+05:30,0.011390938874247195,9420074.699537577,0.0
2026-08-04 00:00:00+05:30,0.014488095103921338,9556553.63767052,0.0
