Date,Portfolio_Return,Portfolio_Value,Drawdown
2020-01-02 00:00:00+05:30,0.01805507036516417,1018055.0703651641,0.0
2020-01-03 00:00:00+05:30,-0.0054654689398611475,1012490.9219990153,-0.005465468939860996
2020-01-06 00:00:00+05:30,-0.019972382692181007,992269.0658324916,-0.025328693194783036
2020-01-07 00:00:00+05:30,0.006124798834498184,998346.514250411,-0.01935902751084373
2020-01-08 00:00:00+05:30,-0.0009340707298067519,997413.9879932451,-0.020275015539694907
2020-01-09 00:00:00+05:30,0.017193732812458302,1014563.2576062094,-0.0034298859271947313
2020-01-10 00:00:00+05:30,0.002809650421101841,1017413.8256901773,-0.0006298722865324402
2020-01-13 00:00:00+05:30,0.00838105890612021,1025940.8308951876,0.0
2020-01-14 00:00:00+05:30,0.006914351135807369,1033034.5460445589,0.0
2020-01-15 00:00:00+05:30,0.002149239012543372,1035254.7841922229,0.0
2020-01-16 00:00:00+05:30,0.005862272170745731,1041323.7295032243,0.0
2020-01-17 00:00:00+05:30,-0.0010439107442949739,1040236.6804737065,-0.0010439107442949958
2020-01-20 00:00:00+05:30,-0.003236791967234078,1036869.650742327,-0.0042773237896174265
2020-01-21 00:00:00+05:30,-0.009316946420820506,1027209.1917609858,-0.013554418613865638
2020-01-22 00:00:00+05:30,-0.00520942411994359,1021858.0234211982,-0.018693232018550443
2020-01-23 00:00:00+05:30,0.011514575361224579,1033624.2846403539,-0.00739390128614803
2020-01-24 00:00:00+05:30,0.005538462550868268,1039348.9740325026,-0.0018963895806577424
2020-01-27 00:00:00+05:30,-0.005108710144523508,1034039.2413851627,-0.006995411620492664
2020-01-28 00:00:00+05:30,-0.009121760213386907,1024606.9833740146,-0.01605336136648361
2020-01-29 00:00:00+05:30,0.007390637524631562,1032179.4821933381,-0.00878136841676369
2020-01-30 00:00:00+05:30,-0.009035370690978787,1022853.3579520986,-0.017737396188923116
2020-01-31 00:00:00+05:30,-0.008266207462689813,1014398.2398913576,-0.025856982654867355
2020-02-03 00:00:00+05:30,-0.014941970980965736,999241.1308277582,-0.040412599351348666
2020-02-04 00:00:00+05:30,0.015956471900694626,1015185.4938538296,-0.02510096995663802
2020-02-05 00:00:00+05:30,0.009059732979818139,1024382.8033531301,-0.016268645062161413
2020-02-06 00:00:00+05:30,0.0061916027164061384,1030725.3747010112,-0.010177771332714247
2020-02-07 00:00:00+05:30,0.0033165852400985937,1034143.8632653396,-0.006894941538794885
2020-02-10 00:00:00+05:30,-0.01391477958710684,1019753.9793466432,-0.020713779534123455
2020-02-11 00:00:00+05:30,-0.0003566066705409755,1019390.3282752977,-0.02106299953271029
2020-02-12 00:00:00+05:30,-0.004408310978940454,1014896.5386993359,-0.02537845825956142
2020-02-13 00:00:00+05:30,0.001405757382122172,1016323.2370007028,-0.024008376832484468
2020-02-14 00:00:00+05:30,-0.007904478427912792,1008289.7318980441,-0.03172308156363568
2020-02-17 00:00:00+05:30,-0.007271104244243948,1000958.3521490126,-0.03876352397488192
2020-02-18 00:00:00+05:30,-0.006456110489086694,994496.0544325645,-0.044969372870240276
2020-02-19 00:00:00+05:30,0.012210231485642003,1006639.0814687439,-0.03330822783710796
2020-02-20 00:00:00+05:30,0.0027181756229394437,1009375.3032810903,-0.030680589827118743
2020-02-24 00:00:00+05:30,-0.024026209687121353,985123.8405914572,-0.05396966122972913
2020-02-25 00:00:00+05:30,-0.0015309482488020207,983615.6669728506,-0.055417984720183
2020-02-26 00:00:00+05:30,-0.009751023353826143,974024.407633009,-0.06462862601078068
2020-02-27 00:00:00+05:30,-0.010176830555066792,964111.9262800287,-0.0741477419899289
2020-02-28 00:00:00+05:30,-0.0349315564713565,930433.9960824696,-0.10648920242474058
2020-03-02 00:00:00+05:30,-0.0045491939169640516,926201.2714073546,-0.11055395630981169
2020-03-03 00:00:00+05:30,0.012274625612243668,937570.045255464,-0.09963633912122327
2020-03-04 00:00:00+05:30,-0.008147806017397249,929930.9063990001,-0.10697232757517727
2020-03-05 00:00:00+05:30,-0.000975557247119708,929023.705563942,-0.1078435271928897
2020-03-06 00:00:00+05:30,-0.022832548022678957,907811.7271924461,-0.12821373270200187
2020-03-09 00:00:00+05:30,-0.04133183627369711,870290.2015167857,-0.16424625996762043
2020-03-11 00:00:00+05:30,-0.0038288781065889056,866957.9664178191,-0.16744625916533018
2020-03-12 00:00:00+05:30,-0.07741004738297948,799846.7091583642,-0.23189428369221887
2020-03-13 00:00:00+05:30,0.02344320569522116,818597.6800858094,-0.21388742338914035
2020-03-16 00:00:00+05:30,-0.03658842365911804,788646.4813604587,-0.24265004338593943
2020-03-17 00:00:00+05:30,-0.01411420410601682,777515.3639550451,-0.2533394352532733
2020-03-18 00:00:00+05:30,-0.03545674058056566,749947.2033978871,-0.2798135851992366
2020-03-19 00:00:00+05:30,-0.018265784131827535,736248.8296703534,-0.29296835478666217
2020-03-20 00:00:00+05:30,0.02370079404418283,753698.5115476412,-0.27621114338074093
2020-03-23 00:00:00+05:30,-0.08653608521341273,688476.3929271322,-0.3388449975536638
2020-03-24 00:00:00+05:30,-0.003216319031897163,686262.0332015489,-0.34097148297106583
2020-03-25 00:00:00+05:30,0.020148865017386063,700089.4342750837,-0.3276928063388418
2020-03-26 00:00:00+05:30,0.027735271837745674,719506.6050454369,-0.30904618356417746
2020-03-27 00:00:00+05:30,-0.0033286479369843114,717111.6208689058,-0.311346125559808
2020-03-30 00:00:00+05:30,-0.015500918749518738,705995.7318994812,-0.3220208933140468
2020-03-31 00:00:00+05:30,0.024495942573396698,723289.762805154,-0.30541315605070496
2020-04-01 00:00:00+05:30,-0.010048928307591909,716021.4758331098,-0.312393009448948
2020-04-03 00:00:00+05:30,-0.0010253416992592164,715287.309156373,-0.31309804156906207
2020-04-07 00:00:00+05:30,0.052111416917484304,752561.9443396063,-0.27730260723183087
2020-04-08 00:00:00+05:30,0.008082079529509362,758644.2098246412,-0.27146170942770953
2020-04-09 00:00:00+05:30,0.028536200180009214,780293.032861602,-0.25067199492913694
2020-04-13 00:00:00+05:30,-0.003385926412402119,777651.0180722226,-0.25320916441305896
2020-04-15 00:00:00+05:30,0.005092482819810968,781611.1925215638,-0.2494061449128403
2020-04-16 00:00:00+05:30,0.016150688845744037,794234.7516903307,-0.23728353710979988
2020-04-17 00:00:00+05:30,0.018515356384789797,808940.2911710622,-0.22316156997884162
2020-04-20 00:00:00+05:30,0.010190110123780786,817183.4818216584,-0.2152455008285411
2020-04-21 00:00:00+05:30,-0.02762239668787014,794610.9155200057,-0.23692230090724598
2020-04-22 00:00:00+05:30,0.005955225069756765,799343.0023648128,-0.23237800146343657
2020-04-23 00:00:00+05:30,0.00448297291304338,802926.435392645,-0.228936772836541
2020-04-24 00:00:00+05:30,-0.0134023788259692,792165.3111361277,-0.23927085430576
2020-04-27 00:00:00+05:30,0.010806048791449939,800725.4881391587,-0.23105037804031003
2020-04-28 00:00:00+05:30,0.004018444071110756,803943.1587295588,-0.22796039699096327
2020-04-29 00:00:00+05:30,0.010119942130328756,812079.0169719757,-0.22014740088618978
2020-04-30 00:00:00+05:30,0.01611977595933495,825169.548786841,-0.20757635170717004
2020-05-04 00:00:00+05:30,-0.038894530268166215,793074.9667951822,-0.2383972972809062
2020-05-05 00:00:00+05:30,-0.004061688043483973,789853.7436849638,-0.2414906898724254
2020-05-06 00:00:00+05:30,0.00019051486520693173,790004.222564475,-0.2413461825734483
2020-05-07 00:00:00+05:30,-0.0019058148904631692,788498.6207535829,-0.24279203631540647
2020-05-08 00:00:00+05:30,-0.007352496145015046,782701.1876841424,-0.24835940494937225
2020-05-11 00:00:00+05:30,0.0026076278558665525,784742.1811039676,-0.24639940599611798
2020-05-12 00:00:00+05:30,-0.004610039927990898,781124.4883158995,-0.24987353482423358
2020-05-13 00:00:00+05:30,0.02452213394794225,800279.3276483999,-0.231478833167297
2020-05-14 00:00:00+05:30,-0.0008499390765439919,799599.1389756812,-0.23213202933813937
2020-05-15 00:00:00+05:30,-0.0010692396822821536,798744.1758463697,-0.23295306424312445
2020-05-18 00:00:00+05:30,-0.026616862199369786,777484.1121853177,-0.2533694468326141
2020-05-19 00:00:00+05:30,0.00714546408647353,783039.5969867415,-0.2480344250290928
2020-05-20 00:00:00+05:30,0.007536972481096521,788941.3448808396,-0.242366881183805
2020-05-21 00:00:00+05:30,0.00039088255217042446,789249.7282872393,-0.24207073561671333
2020-05-22 00:00:00+05:30,-0.014138046444294377,778091.2789725675,-0.2527863747580542
2020-05-26 00:00:00+05:30,0.015083328759191526,789827.4855379707,-0.24151590599518258
2020-05-27 00:00:00+05:30,0.009539965172344943,797362.4122421637,-0.234279994154599
2020-05-28 00:00:00+05:30,0.01259344875615275,807403.9549208177,-0.2246369384994239
2020-05-29 00:00:00+05:30,0.008289840113226676,814097.2046138982,-0.21820930268988215
2020-06-01 00:00:00+05:30,0.02145497837549167,831563.6425344376,-0.20143600018493302
2020-06-02 00:00:00+05:30,0.012674833424141949,842103.5731851344,-0.19131433450876045
2020-06-03 00:00:00+05:30,0.001534191959525412,843395.5217162026,-0.19007365546298038
2020-06-04 00:00:00+05:30,0.0012569008914150373,844455.586299263,-0.18905565831855142
2020-06-05 00:00:00+05:30,0.023345068816539128,864169.4600739302,-0.17012410685561496
2020-06-08 00:00:00+05:30,0.004890323091630512,868395.5279396117,-0.16606574561218346
2020-06-09 00:00:00+05:30,-0.005676292262317479,863466.2611237371,-0.1707994001676464
2020-06-10 00:00:00+05:30,0.004988651008194381,867773.7929578339,-0.16666280775929732
2020-06-11 00:00:00+05:30,-0.01530982962289915,854488.3240364325,-0.17942105819092757
2020-06-12 00:00:00+05:30,0.007209803360263617,860649.0168263764,-0.17350484537891098
2020-06-15 00:00:00+05:30,-0.005047071572928579,856305.2596392831,-0.17767622557896234
2020-06-16 00:00:00+05:30,-0.0005213505871522496,855858.8243893886,-0.178104944561586
2020-06-17 00:00:00+05:30,-0.0018443210439139774,854280.3459489477,-0.17962078290821992
2020-06-18 00:00:00+05:30,0.018908596121205365,870433.5879847801,-0.16410856362600068
2020-06-19 00:00:00+05:30,0.013665649951674012,882328.6287043598,-0.15268556385891152
2020-06-22 00:00:00+05:30,0.016413110668247473,896810.3861330475,-0.13877849824772415
2020-06-23 00:00:00+05:30,0.015990104955376772,911150.4783323869,-0.12500747604487794
2020-06-24 00:00:00+05:30,-0.010150288778593392,901902.0378565597,-0.13388890284213273
2020-06-25 00:00:00+05:30,0.0009297430310447678,902740.574990942,-0.13308364208543966
2020-06-26 00:00:00+05:30,0.0007629669524364,903429.3362162836,-0.13242221355382422
2020-06-29 00:00:00+05:30,-0.009734459484201393,894634.9399460473,-0.14086761436537765
2020-06-30 00:00:00+05:30,-0.002020545799170352,892827.2890763482,-0.14260353069810294
2020-07-01 00:00:00+05:30,0.007999469591014479,899969.4338253423,-0.13574481371447922
2020-07-02 00:00:00+05:30,0.008848743489231214,907933.0324934116,-0.12809724126180078
2020-07-03 00:00:00+05:30,0.005115672815168188,912577.7208257313,-0.12363687202145368
2020-07-06 00:00:00+05:30,0.01281096345194177,924268.7206542861,-0.11240981601829114
2020-07-07 00:00:00+05:30,0.0013044501978920525,925474.3831698489,-0.1112519988271492
2020-07-08 00:00:00+05:30,0.001437721813485643,926804.9578783544,-0.10997422643917121
2020-07-09 00:00:00+05:30,0.007991476017722899,934211.4974723458,-0.10286160681460466
2020-07-10 00:00:00+05:30,-0.0061278846416176515,928486.7571849625,-0.10835916739561091
2020-07-13 00:00:00+05:30,0.003283899980666002,931535.8148289308,-0.10543110808266043
2020-07-14 00:00:00+05:30,-0.01533506707963374,917250.6506214478,-0.11914938204756642
2020-07-15 00:00:00+05:30,-0.005269449927185471,912417.2442473199,-0.12379098027219715
2020-07-16 00:00:00+05:30,0.0019997209668437188,914241.8241411509,-0.12203880672410994
2020-07-17 00:00:00+05:30,0.012099739614168235,925303.912157641,-0.11141570489412722
2020-07-20 00:00:00+05:30,0.004626188447932875,929584.5424268919,-0.10730494649309386
2020-07-21 00:00:00+05:30,0.003998962460381965,933301.9161158084,-0.10373509248555102
2020-07-22 00:00:00+05:30,-0.0030492714288440316,930456.025248511,-0.10646804746071037
2020-07-23 00:00:00+05:30,0.006003223537479363,936041.7607598725,-0.10110397541173655
2020-07-24 00:00:00+05:30,-0.00520531922144816,931169.364590511,-0.10578301616660912
2020-07-27 00:00:00+05:30,-0.00607832553232455,925509.414066802,-0.11121835809088187
2020-07-28 00:00:00+05:30,0.010586104552318332,935306.9534882681,-0.1018096227054508
2020-07-29 00:00:00+05:30,0.006389995143622133,941283.5603788542,-0.09607019055649046
2020-07-30 00:00:00+05:30,-0.002934846851087938,938521.0372856954,-0.09872308611134029
2020-07-31 00:00:00+05:30,0.010618896064052906,948487.0946345595,-0.08915252023782616
2020-08-03 00:00:00+05:30,0.007700522782990009,955790.9411161649,-0.0821385184680885
2020-08-04 00:00:00+05:30,0.006808039566169313,962298.0036602701,-0.07588968118555628
2020-08-05 00:00:00+05:30,0.009077224057446553,971032.9982495279,-0.06750132476787929
2020-08-06 00:00:00+05:30,0.0045626219648188596,975463.4547359053,-0.06324668583010051
2020-08-07 00:00:00+05:30,0.007786514290158272,983058.9148657336,-0.05595264276296341
2020-08-10 00:00:00+05:30,0.018360716375442843,1001108.580781934,-0.03861925699174784
2020-08-11 00:00:00+05:30,0.003739707283750998,1004852.4338333098,-0.035023974424661874
2020-08-12 00:00:00+05:30,0.002126358483711374,1006989.1103308694,-0.03297208946610153
2020-08-13 00:00:00+05:30,0.01089230527432191,1017957.543128511,-0.022438926255776703
2020-08-14 00:00:00+05:30,-0.005768467389413563,1012085.4882371665,-0.02807795543083047
2020-08-17 00:00:00+05:30,0.007594941290973933,1019772.2181017746,-0.020696264562924283
2020-08-18 00:00:00+05:30,0.01049224343041767,1030471.9164576754,-0.01042117137840104
2020-08-19 00:00:00+05:30,0.009897240147157486,1040670.7444797587,-0.0006270720669903085
2020-08-20 00:00:00+05:30,0.006138232255513386,1047058.6232108936,0.0
2020-08-21 00:00:00+05:30,0.01186777586463315,1059484.8802682916,0.0
2020-08-24 00:00:00+05:30,0.008199592520349843,1068172.2245679633,0.0
2020-08-25 00:00:00+05:30,-0.00018403918619229077,1067975.6390210406,-0.000184039186192253
2020-08-26 00:00:00+05:30,0.003144618493181848,1071334.014965774,0.0
2020-08-27 00:00:00+05:30,-0.004255502674666056,1066774.9501996264,-0.004255502674666123
2020-08-28 00:00:00+05:30,-0.0006374771336660909,1066094.9055621063,-0.004890267022684913
2020-08-31 00:00:00+05:30,-0.031149118903202013,1032886.9885866543,-0.03588705841692896
2020-09-01 00:00:00+05:30,0.009204943363731033,1042394.6548177291,-0.027012453393416624
2020-09-02 00:00:00+05:30,0.012364551003214107,1055283.396692701,-0.01498189924790716
2020-09-03 00:00:00+05:30,0.006190768449743005,1061816.4118504839,-0.008883880267345212
2020-09-04 00:00:00+05:30,-0.017012452529796947,1043752.310548518,-0.025745196205813725
2020-09-07 00:00:00+05:30,-0.001348172232362562,1042345.1526659721,-0.027058659479535008
2020-09-08 00:00:00+05:30,-0.015139122658826097,1026564.9615469292,-0.041788137773516976
2020-09-09 00:00:00+05:30,-0.006785777723065797,1019598.9198995843,-0.04829035048219066
2020-09-10 00:00:00+05:30,0.006197192379480644,1025917.5705561126,-0.04239242269472088
2020-09-11 00:00:00+05:30,0.004187850500189766,1030213.9599671194,-0.03838210532311748
2020-09-14 00:00:00+05:30,0.014119295443401274,1044759.8552378115,-0.024804738164513118
2020-09-15 00:00:00+05:30,0.004956444959331844,1049938.1499560173,-0.01997123652462418
2020-09-16 00:00:00+05:30,-0.00031324602445332857,1049609.2610046214,-0.02027822663863299
2020-09-17 00:00:00+05:30,-0.0036720732196565747,1045755.0189461828,-0.023875836725307797
2020-09-18 00:00:00+05:30,0.0035840491323468524,1049503.0563144842,-0.020377359764860326
2020-09-21 00:00:00+05:30,-0.031251398183711684,1016704.618406578,-0.05099193696462756
2020-09-22 00:00:00+05:30,-0.012577865274077572,1003916.6446927277,-0.06292843252549962
2020-09-23 00:00:00+05:30,-0.007447198927725919,996440.2777328459,-0.06990699089799812
2020-09-24 00:00:00+05:30,-0.02120066339425535,975315.0828121535,-0.08962557970931972
2020-09-25 00:00:00+05:30,0.021863896869958727,996639.2711984736,-0.0697212472710359
2020-09-28 00:00:00+05:30,0.020426208662559956,1016996.8329132752,-0.05071917935344816
2020-09-29 00:00:00+05:30,-0.001358620166126514,1015615.1205071923,-0.05200889141969578
2020-09-30 00:00:00+05:30,0.00019455943301303327,1015812.7180091979,-0.051824450807108846
2020-10-01 00:00:00+05:30,0.006108360800178543,1022017.6685962081,-0.04603265245073118
2020-10-05 00:00:00+05:30,0.010154065172744855,1032395.3026108305,-0.036346005831045636
2020-10-06 00:00:00+05:30,0.0032099667926204006,1035709.2572490687,-0.033252708510187134
2020-10-07 00:00:00+05:30,-0.0031830136324280814,1032412.580564013,-0.036329878318112074
2020-10-08 00:00:00+05:30,0.0018016108807473248,1034272.5863025774,-0.03459371974143899
2020-10-09 00:00:00+05:30,-0.000729921609604347,1033517.6483916137,-0.03529839064744755
2020-10-12 00:00:00+05:30,-0.0045211842947275585,1028844.9246313818,-0.03965998441275076
2020-10-13 00:00:00+05:30,-0.005406015866616745,1023282.9726445365,-0.04485159777436232
2020-10-14 00:00:00+05:30,0.0019704659505201043,1025299.3168998796,-0.0429695103700829
2020-10-15 00:00:00+05:30,-0.011878100823282547,1013120.7082397001,-0.05433721501686262
2020-10-16 00:00:00+05:30,0.011462692230492318,1024733.79911059,-0.04349737355877081
2020-10-19 00:00:00+05:30,0.007336873248949686,1032252.141108579,-0.03647963502628415
2020-10-20 00:00:00+05:30,0.0035115776577136605,1035876.9746644229,-0.03309615843989033
2020-10-21 00:00:00+05:30,0.0019878999595450485,1037936.194460452,-0.031174050332369085
2020-10-22 00:00:00+05:30,0.0019386595354339417,1039948.3993610148,-0.029295826666869917
2020-10-23 00:00:00+05:30,0.0076289216485196,1047882.0842182435,-0.02189040058462044
2020-10-26 00:00:00+05:30,-0.01103268171911627,1036321.1347038994,-0.032681572481382704
2020-10-27 00:00:00+05:30,0.0011196732646289599,1037481.4757719975,-0.03159849189970698
2020-10-28 00:00:00+05:30,-0.006657267435183088,1030574.6841287349,-0.038045399723765194
2020-10-29 00:00:00+05:30,-0.003722914588999043,1026737.9426021388,-0.041626674539088415
2020-10-30 00:00:00+05:30,0.001168156404768998,1027937.3331058088,-0.04050714460079152
2020-11-02 00:00:00+05:30,-0.0056770510057835505,1022101.680435018,-0.04595423448057778
2020-11-03 00:00:00+05:30,0.007807474072351125,1030081.712804321,-0.03850554690244845
2020-11-04 00:00:00+05:30,-0.0010763473169344776,1028972.9871165208,-0.03954044887728747
2020-11-05 00:00:00+05:30,0.01753488555622546,1047015.9106860564,-0.022698900566966995
2020-11-06 00:00:00+05:30,-0.0005259893077568402,1046465.1915119842,-0.023212950495727802
2020-11-09 00:00:00+05:30,0.0028857668032782587,1049485.0460224357,-0.02039417085439632
2020-11-10 00:00:00+05:30,0.0025247056360547127,1052134.6868330836,-0.017920954496440378
2020-11-11 00:00:00+05:30,0.010680524819370752,1063372.0374691251,-0.007431834876355792
2020-11-12 00:00:00+05:30,0.002444551420595646,1065971.505093942,-0.005005450958264768
2020-11-13 00:00:00+05:30,0.006480172115238363,1072879.1839168903,0.0
2020-11-14 00:00:00+05:30,0.006495807460554018,1079848.400524051,0.0
2020-11-17 00:00:00+05:30,0.01905658802600928,1100426.6266233826,0.0
2020-11-18 00:00:00+05:30,0.010279183238756824,1111738.1135592514,0.0
2020-11-19 00:00:00+05:30,-0.009122004312299948,1101596.8336932159,-0.009122004312299814
2020-11-20 00:00:00+05:30,0.009816895783004645,1112411.09500447,0.0
2020-11-23 00:00:00+05:30,0.01309117808531271,1126973.8667532513,0.0
2020-11-24 00:00:00+05:30,0.002019124040337521,1129249.366780445,0.0
2020-11-25 00:00:00+05:30,-0.004503432265349068,1124163.868746461,-0.004503432265348883
2020-11-26 00:00:00+05:30,0.013562165966425574,1139409.9657078595,0.0
2020-11-27 00:00:00+05:30,0.01609797226134934,1157752.1557301297,0.0
2020-12-01 00:00:00+05:30,0.019080297560067412,1179842.4113622701,0.0
2020-12-02 00:00:00+05:30,0.015324896667646885,1197923.3744005042,0.0
2020-12-03 00:00:00+05:30,0.017330909881254183,1218684.4764468875,0.0
2020-12-04 00:00:00+05:30,0.014979031369273357,1236939.1894488318,0.0
2020-12-07 00:00:00+05:30,0.005997513524730066,1244357.7489668198,0.0
2020-12-08 00:00:00+05:30,-0.0034513767500195702,1240063.001563329,-0.003451376750019608
2020-12-09 00:00:00+05:30,-0.001148461754262966,1238638.836633157,-0.004595874730085603
2020-12-10 00:00:00+05:30,-0.003535880360931409,1234259.1578964188,-0.008115504627817627
2020-12-11 00:00:00+05:30,0.0034651507038352407,1238536.0518861185,-0.004678475370555657
2020-12-14 00:00:00+05:30,0.007979038534518729,1248418.3787705086,0.0
2020-12-15 00:00:00+05:30,0.001493566578199862,1250282.9747366507,0.0
2020-12-16 00:00:00+05:30,0.007645555165276511,1259842.0821922058,0.0
2020-12-17 00:00:00+05:30,-0.003409519754048597,1255546.6257259897,-0.0034095197540486843
2020-12-18 00:00:00+05:30,-0.003268704965415382,1251442.6142361686,-0.006667080005314352
2020-12-21 00:00:00+05:30,-0.04229369233388944,1198514.4853361459,-0.04867879690869348
2020-12-22 00:00:00+05:30,0.008461036725250386,1208655.1604123195,-0.04062963327182867
2020-12-23 00:00:00+05:30,0.023250300427283394,1236756.7560048925,-0.018323984024365414
2020-12-24 00:00:00+05:30,0.005757916323962536,1243877.897919064,-0.012671575667136947
2020-12-28 00:00:00+05:30,0.01122671878469095,1257842.565281494,-0.001587117099019597
2020-12-29 00:00:00+05:30,-0.0005171412876642801,1257192.0829576054,-0.00210343762290377
2020-12-30 00:00:00+05:30,0.003815073804687638,1261988.3635407577,0.0
2020-12-31 00:00:00+05:30,0.0014307048094166258,1263793.8963619033,0.0
2021-01-01 00:00:00+05:30,0.007756807792449667,1273596.9027052536,0.0
2021-01-04 00:00:00+05:30,0.017132041123967396,1295416.2172177576,0.0
2021-01-05 00:00:00+05:30,0.001377715822458586,1297200.932636888,0.0
2021-01-06 00:00:00+05:30,-0.0005943628953746007,1296429.9245346833,-0.0005943628953746227
2021-01-07 00:00:00+05:30,0.013092090298508075,1313402.9021723794,0.0
2021-01-08 00:00:00+05:30,0.004055348752801703,1318729.2089936303,0.0
2021-01-11 00:00:00+05:30,-0.004794486235722605,1312406.579952465,-0.00479448623572265
2021-01-12 00:00:00+05:30,0.005573156268689985,1319720.826910597,0.0
2021-01-13 00:00:00+05:30,-0.003634369085757204,1314924.4743354435,-0.0036343690857569833
2021-01-14 00:00:00+05:30,-0.0009179492630961765,1313717.4403831998,-0.004548982182429273
2021-01-15 00:00:00+05:30,-0.0056218002781684,1306331.9833114191,-0.010145208991299004
2021-01-18 00:00:00+05:30,-0.015439256793351347,1286163.1883637062,-0.025427831297811343
2021-01-19 00:00:00+05:30,0.015933907329036556,1306656.7934171115,-0.009899088676252665
2021-01-20 00:00:00+05:30,0.008587051616139556,1317877.1227467635,-0.0013970410455289572
2021-01-21 00:00:00+05:30,-0.008469090623719226,1306715.9019632947,-0.009854300002028582
2021-01-22 00:00:00+05:30,-0.014077356554687337,1288320.7962956775,-0.023792934061990567
2021-01-25 00:00:00+05:30,-0.010703095066165421,1274531.776337207,-0.034241371092987416
2021-01-27 00:00:00+05:30,-0.006536738204625567,1266200.4957818144,-0.0405542824190106
2021-01-28 00:00:00+05:30,-0.0015666475823772027,1264216.8058362931,-0.04205739573288092
2021-01-29 00:00:00+05:30,-0.0016742531928333763,1262100.186812688,-0.043661234196626486
2021-02-01 00:00:00+05:30,0.025660929415756817,1294486.850622102,-0.01912069262979399
2021-02-02 00:00:00+05:30,0.013527736741007046,1311998.3279520131,-0.005851615584988479
2021-02-03 00:00:00+05:30,0.008306420407825832,1322896.3376383472,0.0
2021-02-04 00:00:00+05:30,0.012066498613903206,1338859.0644627977,0.0
2021-02-05 00:00:00+05:30,-0.000753968341177447,1337849.6071148943,-0.0007539683411774689
2021-02-08 00:00:00+05:30,0.012413565839934826,1354457.0912967462,0.0
2021-02-09 00:00:00+05:30,-0.004534374778761731,1348315.4752230553,-0.004534374778761618
2021-02-10 00:00:00+05:30,-0.0004574707694736272,1347698.6603051117,-0.004989771204316318
2021-02-11 00:00:00+05:30,0.009127163329494932,1359999.3260966581,0.0
2021-02-12 00:00:00+05:30,0.003173112720633922,1364314.757258349,0.0
2021-02-15 00:00:00+05:30,0.012484898977854183,1381348.0891767151,0.0
2021-02-16 00:00:00+05:30,0.009118346494593609,1393943.6996834732,0.0
2021-02-17 00:00:00+05:30,0.007348289695517227,1404186.8018079887,0.0
2021-02-18 00:00:00+05:30,0.01227122924295793,1421417.8999529104,0.0
2021-02-19 00:00:00+05:30,-0.012777535194551331,1403255.6827100967,-0.012777535194551382
2021-02-22 00:00:00+05:30,-0.004494954919260477,1396948.1116761188,-0.01721505566913306
2021-02-23 00:00:00+05:30,0.013061469251505451,1415194.306482725,-0.004378440337912903
2021-02-24 00:00:00+05:30,0.010390912467561245,1429899.466645978,0.0
2021-02-25 00:00:00+05:30,0.015110902848051052,1451506.5385689451,0.0
2021-02-26 00:00:00+05:30,-0.01427430581479382,1430787.2903452392,-0.01427430581479383
2021-03-01 00:00:00+05:30,0.010323072339312409,1445557.4110456419,-0.004098588167001038
2021-03-02 00:00:00+05:30,0.010453166801412004,1460668.0637843194,0.0
2021-03-03 00:00:00+05:30,0.010510460044385304,1476020.3571068342,0.0
2021-03-04 00:00:00+05:30,0.0045769553781374785,1482776.0364185348,0.0
2021-03-05 00:00:00+05:30,-0.014854933040247249,1460749.4976838543,-0.014854933040247209
2021-03-08 00:00:00+05:30,0.005482713323903689,1468758.368417691,-0.009453665055649152
2021-03-09 00:00:00+05:30,-0.005163647186886752,1461174.2184003945,-0.014568496851565582
2021-03-10 00:00:00+05:30,0.005323680819325918,1468953.0435605864,-0.009322374059494654
2021-03-12 00:00:00+05:30,-0.00500249156385819,1461604.6183524707,-0.014278230525765157
2021-03-15 00:00:00+05:30,0.0016643237957991808,1464037.2016988448,-0.012637670328791817
2021-03-16 00:00:00+05:30,0.0033603832415013755,1468956.9277763683,-0.00931975450287481
2021-03-17 00:00:00+05:30,-0.016319306642048254,1444984.5692280245,-0.02548696921336213
2021-03-18 00:00:00+05:30,-0.007348435554972499,1434366.193243123,-0.032648115417578505
2021-03-19 00:00:00+05:30,0.010301970196855725,1449142.9910172909,-0.022682485132738295
2021-03-22 00:00:00+05:30,0.00712359860257934,1459466.1040030392,-0.015720467449553577
2021-03-23 00:00:00+05:30,0.009252682541733897,1472970.0805438005,-0.00661324140253805
2021-03-24 00:00:00+05:30,-0.010095592468419809,1458099.5748924545,-0.01664206928086276
2021-03-25 00:00:00+05:30,-0.014955296992475697,1436293.2627053354,-0.03134847918467376
2021-03-26 00:00:00+05:30,0.010995599060223843,1452086.1675549436,-0.020697575432712556
2021-03-30 00:00:00+05:30,0.007919551868343016,1463586.0392761985,-0.01294193908655783
2021-03-31 00:00:00+05:30,0.0007584345022357401,1464696.0734253763,-0.012193320197451007
2021-04-01 00:00:00+05:30,0.024185481312031337,1500120.4529370111,0.0
2021-04-05 00:00:00+05:30,-0.0020304722337419847,1497074.500010054,-0.0020304722337419756
2021-04-06 00:00:00+05:30,0.014603852732680042,1518937.5555380513,0.0
2021-04-07 00:00:00+05:30,0.011684921341058203,1536686.2213964928,0.0
2021-04-08 00:00:00+05:30,0.005939574662276085,1545813.483940968,0.0
2021-04-09 00:00:00+05:30,0.0032824608872136073,1550887.5562409314,0.0
2021-04-12 00:00:00+05:30,-0.040271643853126524,1488430.7649197509,-0.04027164385312654
2021-04-13 00:00:00+05:30,0.015044660759496438,1510823.7008419663,-0.02583285631362764
2021-04-15 00:00:00+05:30,0.0017047189246241002,1513399.2305965624,-0.024172175148038377
2021-04-16 00:00:00+05:30,0.00851316251701141,1526283.044199751,-0.015864794286451822
2021-04-19 00:00:00+05:30,-0.020097263186768643,1495608.932162966,-0.035643218527041776
2021-04-20 00:00:00+05:30,0.004360987791765219,1502131.264457384,-0.0314376703761321
2021-04-22 00:00:00+05:30,0.009507760154432615,1516413.1682403192,-0.022228812051449887
2021-04-23 00:00:00+05:30,0.00023950520694547952,1516776.3570899935,-0.021994630760734935
2021-04-26 00:00:00+05:30,0.011443499881043775,1534133.5871519228,-0.010802826434185286
2021-04-27 00:00:00+05:30,0.014125441099094556,1555803.90077538,0.0
2021-04-28 00:00:00+05:30,0.00969339208427201,1570884.9179918356,0.0
2021-04-29 00:00:00+05:30,0.005398770005597719,1579365.7643693357,0.0
2021-04-30 00:00:00+05:30,-0.0034310238826955586,1573946.922712273,-0.0034310238826954498
2021-05-03 00:00:00+05:30,0.018736478282953613,1603437.145048193,0.0
2021-05-04 00:00:00+05:30,-0.0028901329397599536,1598802.9985384545,-0.0028901329397599262
2021-05-05 00:00:00+05:30,0.007941218449085357,1611499.4424069014,0.0
2021-05-06 00:00:00+05:30,0.011240022960846672,1629612.7331409466,0.0
2021-05-07 00:00:00+05:30,0.011661023041066752,1648615.684770119,0.0
2021-05-10 00:00:00+05:30,0.016826476751399498,1676356.078261896,0.0
2021-05-11 00:00:00+05:30,0.0018363659615978438,1679434.481503534,0.0
2021-05-12 00:00:00+05:30,-0.006998688391643235,1667680.6428933097,-0.006998688391643304
2021-05-14 00:00:00+05:30,-0.013004534135215013,1645993.2330461664,-0.019912207844767438
2021-05-17 00:00:00+05:30,0.011479895409626555,1664889.0632064892,-0.008660902498573653
2021-05-18 00:00:00+05:30,0.01184776002790153,1684614.2693004373,0.0
2021-05-19 00:00:00+05:30,1.4181610339807115e-05,1684638.1598435775,0.0
2021-05-20 00:00:00+05:30,-0.008712970961630942,1669959.956476005,-0.008712970961630928
2021-05-21 00:00:00+05:30,0.007677236242144965,1682780.6335767934,-0.0011026262559293842
2021-05-24 00:00:00+05:30,0.011294297465204054,1701786.4586210945,0.0
2021-05-25 00:00:00+05:30,0.0022397343851392683,1705598.0082686325,0.0
2021-05-26 00:00:00+05:30,0.00505689186805252,1714223.0329668124,0.0
2021-05-27 00:00:00+05:30,0.006829000479985453,1725929.4628817448,0.0
2021-05-28 00:00:00+05:30,-0.0019966845000810116,1722483.3262749754,-0.0019966845000811695
2021-05-31 00:00:00+05:30,0.0036721541352212005,1728808.5505444056,0.0
2021-06-01 00:00:00+05:30,-0.002562314703796008,1724378.7989752975,-0.002562314703795976
2021-06-02 00:00:00+05:30,0.012641298768308377,1746177.186562881,0.0
2021-06-03 00:00:00+05:30,0.0061330117706501945,1756886.511801712,0.0
2021-06-04 00:00:00+05:30,0.005896752933690036,1767246.4374943392,0.0
2021-06-07 00:00:00+05:30,0.01080806535073835,1786346.9524816372,0.0
2021-06-08 00:00:00+05:30,0.0032080218527961286,1792077.5925418742,0.0
2021-06-09 00:00:00+05:30,-0.005552922768474993,1782126.3240753745,-0.005552922768474966
2021-06-10 00:00:00+05:30,0.008193858397152443,1796728.814820686,0.0
2021-06-11 00:00:00+05:30,0.0028255678810576454,1801805.594050814,0.0
2021-06-14 00:00:00+05:30,-0.0036272033159331315,1795270.0788254058,-0.0036272033159332473
2021-06-15 00:00:00+05:30,-0.0017316966618945062,1792161.2156227047,-0.005352618761953587
2021-06-16 00:00:00+05:30,-0.011210810473501014,1772069.6358963994,-0.016503422040977433
2021-06-17 00:00:00+05:30,-0.010346537049482425,1753734.8517543345,-0.026679205822869534
2021-06-18 00:00:00+05:30,-0.0102948984166896,1735680.3296057156,-0.03669944452577467
2021-06-21 00:00:00+05:30,0.012286063739180137,1757005.0087660926,-0.02486427250123069
2021-06-22 00:00:00+05:30,0.005807494753490096,1767208.8061363576,-0.019201176879840798
2021-06-23 00:00:00+05:30,-0.006031868893509413,1756549.2343102877,-0.025117226791809943
2021-06-24 00:00:00+05:30,-0.0036515963038007623,1750135.0256188363,-0.02867710512309596
2021-06-25 00:00:00+05:30,0.008942179286956835,1765785.0467943028,-0.019991361651580775
2021-06-28 00:00:00+05:30,0.0021292296434354194,1769544.8086598723,-0.017904698207986458
2021-06-29 00:00:00+05:30,-0.0033357626412432702,1763642.0271951386,-0.021180735025844832
2021-06-30 00:00:00+05:30,0.001694201295900628,1766629.9918031176,-0.01952241815867306
2021-07-01 00:00:00+05:30,-0.0014057554917128732,1764146.5419903158,-0.020900729903847837
2021-07-02 00:00:00+05:30,0.004402851301382184,1771913.8168885468,-0.016589901408322616
2021-07-05 00:00:00+05:30,0.009226700872934486,1788262.7356495974,-0.007516270593194041
2021-07-06 00:00:00+05:30,-0.00281152435796737,1783234.9914098731,-0.010306662773307496
2021-07-07 00:00:00+05:30,0.0069225341801067795,1795579.4965890702,-0.0034554768185319773
2021-07-08 00:00:00+05:30,-0.004660747660481823,1787210.7536511335,-0.008100119373515957
2021-07-09 00:00:00+05:30,0.005528703497235566,1797091.7119951416,-0.002616199034588762
2021-07-12 00:00:00+05:30,0.00413187497835693,1804517.070273747,0.0
2021-07-13 00:00:00+05:30,0.0035972406603067227,1811008.352451153,0.0
2021-07-14 00:00:00+05:30,-0.0025662636654296567,1806360.8275184683,-0.002566263665429558
2021-07-15 00:00:00+05:30,0.0006897381652132035,1807606.7435213537,-0.0018782955502084642
2021-07-16 00:00:00+05:30,0.00633040408816709,1819049.6246403395,0.0
2021-07-19 00:00:00+05:30,-0.0015783661920522715,1816178.4982111417,-0.0015783661920523162
2021-07-20 00:00:00+05:30,-0.01156651425088648,1795171.643729429,-0.013126624247885244
2021-07-22 00:00:00+05:30,0.007238149375072418,1808165.3642406368,-0.00598348733990961
2021-07-23 00:00:00+05:30,-0.0023489331728454082,1803918.1046345818,-0.008318365700852981
2021-07-26 00:00:00+05:30,0.0038317032498816424,1810830.1834986305,-0.004518535959860959
2021-07-27 00:00:00+05:30,-0.001816404215651132,1807540.9839194953,-0.006326732687746084
2021-07-28 00:00:00+05:30,-0.0007559241885315822,1806174.6199679885,-0.007077874346004598
2021-07-29 00:00:00+05:30,0.008442804330952292,1821423.7988719104,0.0
2021-07-30 00:00:00+05:30,1.713609554856935e-05,1821455.0109641622,0.0
2021-08-02 00:00:00+05:30,0.003188674883550023,1827263.0388091402,0.0
2021-08-03 00:00:00+05:30,0.0038686468968154447,1834332.0742938947,0.0
2021-08-04 00:00:00+05:30,-0.007901440720222426,1819838.2081476587,-0.007901440720222475
2021-08-05 00:00:00+05:30,-0.0040581072926137085,1812453.1094437977,-0.011927483118627236
2021-08-06 00:00:00+05:30,0.002250007570790924,1816531.1426617499,-0.009704312475153687
2021-08-09 00:00:00+05:30,-0.0072818890708114415,1803303.3643872128,-0.016915535819012506
2021-08-10 00:00:00+05:30,-0.018160453019178076,1770554.5583589328,-0.034768795044655354
2021-08-11 00:00:00+05:30,-0.002006617202823727,1767001.7331235919,-0.036705644585220965
2021-08-12 00:00:00+05:30,0.013408618744853,1790694.7856845406,-0.02378919783439526
2021-08-13 00:00:00+05:30,0.000520254981529154,1791626.4035671912,-0.02328131930154609
2021-08-16 00:00:00+05:30,-0.003893439202788442,1784650.8150907918,-0.02708411410307321
2021-08-17 00:00:00+05:30,-0.0007615500904827183,1783291.7141010794,-0.027825038284010062
2021-08-18 00:00:00+05:30,-0.0031343296504322453,1777702.290006202,-0.030872155091924536
2021-08-20 00:00:00+05:30,-0.016051731036190175,1749167.0909846032,-0.0464283345980715
2021-08-23 00:00:00+05:30,-0.013928483145712435,1724803.8466387892,-0.05971014146785125
2021-08-24 00:00:00+05:30,0.01822069816114037,1756230.9769155683,-0.04257740377155561
2021-08-25 00:00:00+05:30,0.007374695920520546,1769182.6463365194,-0.03551670325693557
2021-08-26 00:00:00+05:30,0.0032354993211513674,1774906.8355877341,-0.0323961182050615
2021-08-27 00:00:00+05:30,0.009373360990197178,1791543.6780816666,-0.023326417725481385
2021-08-30 00:00:00+05:30,0.018375649888225043,1824464.457469558,-0.005379405922526281
2021-08-31 00:00:00+05:30,0.0052609024546284005,1834062.787012242,-0.0001468039977201574
2021-09-01 00:00:00+05:30,0.006179573496856584,1845396.5128024337,0.0
2021-09-02 00:00:00+05:30,0.007029980902292391,1858369.615044592,0.0
2021-09-03 00:00:00+05:30,0.006526817628950558,1870498.854609171,0.0
2021-09-06 00:00:00+05:30,-0.0017299837993920433,1867262.9218939159,-0.001729983799391932
2021-09-07 00:00:00+05:30,-0.005616327860112917,1856775.761123527,-0.007336595503294907
2021-09-08 00:00:00+05:30,0.0025917770552367,1861588.1099379265,-0.004763833267947271
2021-09-09 00:00:00+05:30,0.007070254721487481,1874750.0120616802,0.0
2021-09-13 00:00:00+05:30,0.003587993364819631,1881476.6026656532,0.0
2021-09-14 00:00:00+05:30,0.0038166382833044552,1888657.5182965286,0.0
2021-09-15 00:00:00+05:30,0.011010869118439712,1909453.2790400486,0.0
2021-09-16 00:00:00+05:30,0.006030581366373504,1920968.3924045884,0.0
2021-09-17 00:00:00+05:30,-0.009473923076009834,1902769.285623501,-0.009473923076009805
2021-09-20 00:00:00+05:30,-0.02378173327799648,1857518.133983239,-0.03303035004231636
2021-09-21 00:00:00+05:30,0.00282253591109708,1862761.0456219208,-0.030301043480369882
2021-09-22 00:00:00+05:30,0.009022172869879282,1879567.197790799,-0.0215522518629081
2021-09-23 00:00:00+05:30,0.009862031031732527,1898103.5478216386,-0.01190276980785121
2021-09-24 00:00:00+05:30,-0.008082655137293109,1882761.8314297237,-0.01988921896160889
2021-09-27 00:00:00+05:30,0.0005850313580125533,1883863.306140779,-0.01931582342037541
2021-09-28 00:00:00+05:30,-3.573076828881588e-05,1883795.9942574995,-0.019350864019453295
2021-09-29 00:00:00+05:30,0.0085419322295214,1899887.2519746912,-0.010974225558968542
2021-09-30 00:00:00+05:30,0.006430102876817677,1912103.722459243,-0.0046146880814884605
2021-10-01 00:00:00+05:30,0.0006435282350817971,1913334.2151930507,-0.0039741295284830835
2021-10-04 00:00:00+05:30,0.015750670667267926,1943470.5122929718,0.0
2021-10-05 00:00:00+05:30,0.0036175748142361114,1950501.1622704535,0.0
2021-10-06 00:00:00+05:30,-0.012046310275011995,1927004.820077972,-0.012046310275012018
2021-10-07 00:00:00+05:30,0.00862843436310322,1943631.8546853983,-0.003521816709434411
2021-10-08 00:00:00+05:30,0.002015002827961912,1947548.2783691064,-0.0015139103521014663
2021-10-11 00:00:00+05:30,0.012717808151091236,1972316.8237383927,0.0
2021-10-12 00:00:00+05:30,0.00574545967141779,1983648.6905084401,0.0
2021-10-13 00:00:00+05:30,0.014127508141104063,2011672.7035326886,0.0
2021-10-14 00:00:00+05:30,0.007273269163347261,2026304.1405740401,0.0
2021-10-18 00:00:00+05:30,0.01720192447787096,2061160.471369392,0.0
2021-10-19 00:00:00+05:30,-0.01653286075458946,2027083.592303378,-0.016532860754589374
2021-10-20 00:00:00+05:30,-0.01630493193677014,1994032.132300728,-0.032568225522035865
2021-10-21 00:00:00+05:30,-0.003702668113791576,1986648.893106582,-0.03615030430566424
2021-10-22 00:00:00+05:30,-0.00798296772262142,1970789.5391167307,-0.04384468531585062
2021-10-25 00:00:00+05:30,-0.011655923782767119,1947818.1664569115,-0.0549895587882967
2021-10-26 00:00:00+05:30,0.019872567758939134,1986526.3149519188,-0.03620977476241227
2021-10-27 00:00:00+05:30,-0.004733936954695172,1977122.2246180936,-0.040772296926238405
2021-10-28 00:00:00+05:30,-0.021245305130916124,1935117.6596749665,-0.06115138216806837
2021-10-29 00:00:00+05:30,-0.003995634397759834,1927385.6369902566,-0.0649026779997669
2021-11-01 00:00:00+05:30,0.011792234922642825,1950113.8212081734,-0.05387579070320592
2021-11-02 00:00:00+05:30,0.001847664295869905,1953716.976888502,-0.05212767078223013
2021-11-03 00:00:00+05:30,0.0004576108984012577,1954611.019069518,-0.051693914074086966
2021-11-04 00:00:00+05:30,0.006873638076897869,1968046.3077957185,-0.04517560125331255
2021-11-08 00:00:00+05:30,0.006156746647296122,1980163.070302963,-0.03929698933757253
2021-11-09 00:00:00+05:30,0.0040843865908043306,1988250.821794914,-0.035373106843077706
2021-11-10 00:00:00+05:30,-0.004224964429953911,1979850.532795004,-0.0394486211548426
2021-11-11 00:00:00+05:30,-0.00561179685447485,1968740.0138027347,-0.04483904036120734
2021-11-12 00:00:00+05:30,0.0038446484926632687,1976309.1271292472,-0.04116678221748127
2021-11-15 00:00:00+05:30,-0.0021753056649606497,1972010.0506892896,-0.04325253754787595
2021-11-16 00:00:00+05:30,-0.00042360461538546595,1971174.6981302311,-0.04365782018872899
2021-11-17 00:00:00+05:30,0.001344152159471171,1973824.256857418,-0.0423723507825422
2021-11-18 00:00:00+05:30,-0.011446551075939225,1951230.776686372,-0.05333388458104138
2021-11-22 00:00:00+05:30,-0.020465049318371016,1911298.742609962,-0.07270745332112116
2021-11-23 00:00:00+05:30,0.018038824560125264,1945776.325309891,-0.0559801857556691
2021-11-24 00:00:00+05:30,0.001958639130248129,1949587.3989593536,-0.054131191607760476
2021-11-25 00:00:00+05:30,0.013171322995641006,1975266.0442992786,-0.0416728480209243
2021-11-26 00:00:00+05:30,-0.030319326967629675,1915377.3072541126,-0.07072868228373508
2021-11-29 00:00:00+05:30,-0.012341891604923485,1891737.928145452,-0.0821976481585538
2021-11-30 00:00:00+05:30,0.003931904657969653,1899176.0613167847,-0.07858893681625301
2021-12-01 00:00:00+05:30,0.009663708245967644,1917529.144681076,-0.0696846891270384
2021-12-02 00:00:00+05:30,0.014977243325926313,1946248.44526552,-0.055751130346259226
2021-12-03 00:00:00+05:30,-0.004003744623482056,1938456.1635168279,-0.05953166168136437
2021-12-06 00:00:00+05:30,-0.009410331775227892,1920214.647886399,-0.06838178076904011
2021-12-07 00:00:00+05:30,0.015843817479179945,1950638.178288359,-0.05362139174326608
2021-12-08 00:00:00+05:30,0.013371720431707746,1976721.5666718464,-0.04096668157110839
2021-12-09 00:00:00+05:30,5.29818845970841e-05,1976826.2971057727,-0.04091587017850651
2021-12-10 00:00:00+05:30,0.0075765066448455435,1991803.7346814997,-0.03364936289594822
2021-12-13 00:00:00+05:30,0.0001946293201169827,1992191.3980881872,-0.033461282728454056
2021-12-14 00:00:00+05:30,0.002609577175488288,1997390.1752898425,-0.030939025352636373
2021-12-15 00:00:00+05:30,-0.005030854640813193,1987341.595656971,-0.035814230254171964
2021-12-16 00:00:00+05:30,-0.007911009005994207,1971619.718395742,-0.04344191256208263
2021-12-17 00:00:00+05:30,-0.02059628346734748,1931011.6797858514,-0.06314345408393773
2021-12-20 00:00:00+05:30,-0.028613378948980056,1875758.9108372324,-0.08995008545306649
2021-12-21 00:00:00+05:30,0.012997579587412742,1900139.2365676377,-0.07812163926022475
2021-12-22 00:00:00+05:30,0.01225251709579061,1923420.725048065,-0.06682630888502128
2021-12-23 00:00:00+05:30,0.01056874945946313,1943748.8767962367,-0.05696382994146476
2021-12-24 00:00:00+05:30,-0.00873306283195656,1926773.9957256303,-0.06519942406739354
2021-12-27 00:00:00+05:30,0.0031084283030873663,1932763.2345475964,-0.062293663499422336
2021-12-28 00:00:00+05:30,0.012051875584669894,1956056.6565849883,-0.05099254339696069
2021-12-29 00:00:00+05:30,0.0035767252769142188,1963052.9338716725,-0.047598204438948355
2021-12-30 00:00:00+05:30,-0.0024027769366313538,1958336.1555567791,-0.049886613507728716
2021-12-31 00:00:00+05:30,0.011734532545807782,1981316.3149097923,-0.03873747705172759
2022-01-03 00:00:00+05:30,0.007099445232743406,1995382.5615762353,-0.03191304641576753
2022-01-04 00:00:00+05:30,0.0036340930694814593,2002633.9675142232,-0.028394928327091895
2022-01-05 00:00:00+05:30,0.003455061374305696,2009553.1907822539,-0.025037973172875483
2022-01-06 00:00:00+05:30,-0.0009884164535175104,2007566.915344266,-0.026001641681746235
2022-01-07 00:00:00+05:30,0.0017820468940714007,2011144.493730396,-0.02426593093247431
2022-01-10 00:00:00+05:30,0.010639012413369611,2032541.0849642735,-0.013885084059517383
2022-01-11 00:00:00+05:30,0.0003930314801202451,2033339.937595302,-0.013497509854536793
2022-01-12 00:00:00+05:30,0.00750516036898221,2048600.479911611,-0.006093650461594824
2022-01-13 00:00:00+05:30,0.010262636399273273,2069624.5217643203,0.0
2022-01-14 00:00:00+05:30,0.008096392772395858,2086381.0147839058,0.0
2022-01-17 00:00:00+05:30,-0.0005178555023715209,2085300.5708953566,-0.0005178555023714893
2022-01-18 00:00:00+05:30,-0.01819057493576344,2047367.7545968941,-0.018699010348813272
2022-01-19 00:00:00+05:30,0.004527491702901773,2056637.1951186203,-0.014256178260118157
2022-01-20 00:00:00+05:30,-0.0003748375499502023,2055866.2902712657,-0.014625672059137562
2022-01-21 00:00:00+05:30,-0.01373903579345879,2027620.6697226632,-0.028163765220672654
2022-01-24 00:00:00+05:30,-0.032965736012323894,1960778.6619914547,-0.06020106198361863
2022-01-25 00:00:00+05:30,0.015403949833785601,1990982.3981359284,-0.04572444628856931
2022-01-27 00:00:00+05:30,-0.0074219690056656585,1976205.3884861378,-0.05280704987107987
2022-01-28 00:00:00+05:30,0.0075482307701634915,1991122.2428076721,-0.045657418899634705
2022-01-31 00:00:00+05:30,-0.00032939684277614415,1990466.3734273098,-0.04597177633277605
2022-02-01 00:00:00+05:30,0.014835206735579698,2019995.3535773237,-0.03181857040309477
2022-02-02 00:00:00+05:30,0.012020426887301395,2044276.5600376886,-0.020180616314982247
2022-02-03 00:00:00+05:30,0.0019321239055326643,2048226.3556488575,-0.018287483860660037
2022-02-04 00:00:00+05:30,-0.0013160023981059572,2045530.88485296,-0.019579419886149974
2022-02-07 00:00:00+05:30,-0.012204476142492954,2020566.2519700397,-0.03154493946575854
2022-02-08 00:00:00+05:30,-0.007857733011091163,2004689.1818308379,-0.03915480076467681
2022-02-09 00:00:00+05:30,0.008687234237711849,2022104.386327209,-0.030807713452738805
2022-02-10 00:00:00+05:30,0.007106483847803113,2036474.4384872154,-0.02392016412297515
2022-02-11 00:00:00+05:30,-0.012362052129686732,2011299.4353178618,-0.03598651393682306
2022-02-14 00:00:00+05:30,-0.03504827816186397,1940806.8532420415,-0.0697735267481534
2022-02-15 00:00:00+05:30,0.018587266880596684,1976881.1481869423,-0.05248315903042511
2022-02-16 00:00:00+05:30,0.003299085676622405,1983403.0484673108,-0.04935721979202379
2022-02-17 00:00:00+05:30,0.001306953366360576,1985995.2637583548,-0.04811477401022479
2022-02-18 00:00:00+05:30,-0.0029961626535789255,1980044.8989188974,-0.050966776974828876
2022-02-21 00:00:00+05:30,-0.017862144345341523,1944677.0511241509,-0.06791854539302922
2022-02-22 00:00:00+05:30,-0.007343225348438174,1930396.8493078102,-0.07476302955730807
2022-02-23 00:00:00+05:30,0.009297303802859579,1948344.3352759078,-0.06616082035346504
2022-02-24 00:00:00+05:30,-0.05125103758364306,1848489.6665228044,-0.11402104724660789
2022-02-25 00:00:00+05:30,0.03459823359040346,1912444.1437946071,-0.08336774048306506
2022-02-28 00:00:00+05:30,0.017378506025589886,1945679.565871146,-0.06743804123779984
2022-03-02 00:00:00+05:30,0.009623152569311939,1964403.137184517,-0.05846385522829467
2022-03-03 00:00:00+05:30,0.00854023116880681,1981179.594084802,-0.0504229188981572
2022-03-04 00:00:00+05:30,-0.020496645253032315,1940572.0587622994,-0.06988606346991155
2022-03-07 00:00:00+05:30,-0.01957570883312974,1902583.9851702615,-0.08809370307306064
2022-03-08 00:00:00+05:30,0.012585567230452668,1926529.0838272045,-0.07661684506521338
2022-03-09 00:00:00+05:30,0.015072673074944701,1955567.0268771045,-0.06269899264797052
2022-03-10 00:00:00+05:30,0.014744800009425827,1984401.4715934352,-0.04887867674593127
2022-03-11 00:00:00+05:30,0.005947974304624124,1996204.6405565308,-0.0432214315546362
2022-03-14 00:00:00+05:30,0.0009199027873974854,1998040.9547695944,-0.0423412882826012
2022-03-15 00:00:00+05:30,-0.004581062379166438,1988887.8045196657,-0.04672838257893075
2022-03-16 00:00:00+05:30,0.014374589699225938,2017477.2506674302,-0.033025494206585404
2022-03-17 00:00:00+05:30,0.010994637181597398,2039658.6810606455,-0.022393960351532183
2022-03-21 00:00:00+05:30,-0.0027501152780283348,2034049.3845598972,-0.02508248965706239
2022-03-22 00:00:00+05:30,0.003512789146462658,2041194.571161348,-0.021657810008033462
2022-03-23 00:00:00+05:30,0.0037073247990856684,2048761.9424147736,-0.018030777745084325
2022-03-24 00:00:00+05:30,0.003303839392784577,2055530.7228265614,-0.014786509146096583
2022-03-25 00:00:00+05:30,-0.004252786963783784,2046788.9885648675,-0.018976412236544005
2022-03-28 00:00:00+05:30,0.0007350093182290265,2048293.3975439114,-0.018255350758135336
2022-03-29 00:00:00+05:30,0.009638460343796283,2068035.792228598,-0.00879284388868351
2022-03-30 00:00:00+05:30,0.004789646197018805,2077940.9519961441,-0.004045312302957238
2022-03-31 00:00:00+05:30,0.00621738578675942,2090860.3125368098,0.0
2022-04-01 00:00:00+05:30,0.01634668657736594,2125038.9507429027,0.0
2022-04-04 00:00:00+05:30,0.014685509825914284,2156246.231134488,0.0
2022-04-05 00:00:00+05:30,0.00927176576281244,2176238.441116514,0.0
2022-04-06 00:00:00+05:30,0.007572402558500558,2192717.794655932,0.0
2022-04-07 00:00:00+05:30,-0.007018342235284355,2177328.550747639,-0.007018342235284303
2022-04-08 00:00:00+05:30,0.008105786580014667,2194977.511294572,0.0
2022-04-11 00:00:00+05:30,0.004658151634986726,2205202.0493775676,0.0
2022-04-12 00:00:00+05:30,-0.010057854258867427,2183022.4485535724,-0.010057854258867405
2022-04-13 00:00:00+05:30,0.004076946738218295,2191922.5148046603,-0.006021912856763123
2022-04-18 00:00:00+05:30,0.003002987353113475,2198504.830395623,-0.0030370092318002806
2022-04-19 00:00:00+05:30,-0.009941522642917762,2176648.344843681,-0.012948339378673346
2022-04-20 00:00:00+05:30,0.004282853837738899,2185970.6115608024,-0.008720941385934822
2022-04-21 00:00:00+05:30,0.013112217463796297,2214633.5335890558,0.0
2022-04-22 00:00:00+05:30,-0.0059751293285847246,2201400.811810441,-0.005975129328584572
2022-04-25 00:00:00+05:30,-0.014251296565486266,2170027.995981828,-0.020141272553992118
2022-04-26 00:00:00+05:30,0.012117466016279962,2196323.236477514,-0.008267867723409816
2022-04-27 00:00:00+05:30,-0.0043568100761923,2186754.273270253,-0.01258865627019623
2022-04-28 00:00:00+05:30,0.009752249141433347,2208080.0457542785,-0.0029591748410656704
2022-04-29 00:00:00+05:30,-0.0070994191496212946,2192403.959993554,-0.010037585568153373
2022-05-02 00:00:00+05:30,-0.0039054168069529455,2183841.7087205644,-0.013903801419727357
2022-05-04 00:00:00+05:30,-0.021180561572417128,2137586.7149445964,-0.034789872670083044
2022-05-05 00:00:00+05:30,-0.000344450093729586,2136850.4230002784,-0.03512233938891063
2022-05-06 00:00:00+05:30,-0.02250194075817388,2088767.1413728471,-0.05683395934686697
2022-05-09 00:00:00+05:30,-0.019468023240539107,2048102.974120526,-0.07519553774598942
2022-05-10 00:00:00+05:30,-0.022321081239687537,2002387.101247936,-0.09583817327878674
2022-05-11 00:00:00+05:30,-0.010006489867252057,1982350.2350089822,-0.10488565943622874
2022-05-12 00:00:00+05:30,-0.020528985825033336,1941654.5951342315,-0.12326144904544634
2022-05-13 00:00:00+05:30,0.009911132108375222,1960898.5903354404,-0.11457197744243053
2022-05-16 00:00:00+05:30,0.012078176784371569,1984582.670165737,-0.10387762125614353
2022-05-17 00:00:00+05:30,0.03218757913995654,2048461.5819214832,-0.07503361127123942
2022-05-18 00:00:00+05:30,0.0056858127142552515,2060108.7508286354,-0.06977442561794689
2022-05-19 00:00:00+05:30,-0.02218621767175553,2014402.729655263,-0.09041261269502088
2022-05-20 00:00:00+05:30,0.026473611950715497,2067731.245832618,-0.06633254916824383
2022-05-23 00:00:00+05:30,-0.017084155780854912,2032405.8031158722,-0.08228346934576736
2022-05-24 00:00:00+05:30,-0.010463319169537737,2011140.0925158502,-0.09188583031316344
2022-05-25 00:00:00+05:30,-0.019518736308618032,1971885.1793703437,-0.1096110713294004
2022-05-26 00:00:00+05:30,0.011526090256812956,1994613.3059238384,-0.09934836817387593
2022-05-27 00:00:00+05:30,0.01509473259284063,2024721.4604028803,-0.08575327263215515
2022-05-30 00:00:00+05:30,0.016701405561469273,2058537.1546620794,-0.07048406725513867
2022-05-31 00:00:00+05:30,0.006745694673821854,2072423.4177821476,-0.0642138365783892
2022-06-01 00:00:00+05:30,-0.004527011742334257,2063041.5326347596,-0.06845015152851264
2022-06-02 00:00:00+05:30,0.0017818686830395412,2066717.6017335712,-0.06679025202683109
2022-06-03 00:00:00+05:30,-0.011492018782925337,2042966.8442354463,-0.07751471597894788
2022-06-06 00:00:00+05:30,0.0029970348698494563,2049089.6871055663,-0.07474999541581384
2022-06-07 00:00:00+05:30,-0.004651982145603616,2039557.3584664105,-0.07905424191735921
2022-06-08 00:00:00+05:30,0.00020780186868572695,2039981.1822967916,-0.07886286766787143
2022-06-09 00:00:00+05:30,0.00165987098759417,2043367.2878765238,-0.07733389886631781
2022-06-10 00:00:00+05:30,-0.007565442857762788,2027908.3094226725,-0.08431427653123924
2022-06-13 00:00:00+05:30,-0.02454113340587166,1978141.141066255,-0.10678624202873821
2022-06-14 00:00:00+05:30,-0.0014176723242731793,1975336.7851170592,-0.10805252645307417
2022-06-15 00:00:00+05:30,0.003850920092046294,1982943.6492314248,-0.10461770800614234
2022-06-16 00:00:00+05:30,-0.027553748724534723,1928306.11818559,-0.12928884669213914
2022-06-17 00:00:00+05:30,-0.008127077892682882,1912634.6241621587,-0.13636518405709985
2022-06-20 00:00:00+05:30,-0.019397676581518128,1875533.9563040477,-0.15311769290129917
2022-06-21 00:00:00+05:30,0.03051728367736557,1932770.1580951097,-0.1272731452942264
2022-06-22 00:00:00+05:30,-0.01373364048293827,1906226.1876076797,-0.13925886215656103
2022-06-23 00:00:00+05:30,0.007227568517360726,1920003.5679882015,-0.1330377966070866
2022-06-24 00:00:00+05:30,0.014481522435843372,1947808.142734922,-0.12048286400762387
2022-06-27 00:00:00+05:30,0.00947971497783932,1966272.8087595638,-0.11214529224029057
2022-06-28 00:00:00+05:30,0.0017794129211734745,1969771.6200020225,-0.11056543210117831
2022-06-29 00:00:00+05:30,-0.003090220055159751,1963684.5922378076,-0.11331398064065168
2022-06-30 00:00:00+05:30,-0.005984880564405598,1951932.1744871007,-0.11862069056464564
2022-07-01 00:00:00+05:30,0.005434182567254849,1962539.3302821624,-0.11383111448617289
2022-07-04 00:00:00+05:30,0.003743098774174436,1969885.3088436106,-0.11051409681709456
2022-07-05 00:00:00+05:30,-0.000598866409410847,1968705.6107017521,-0.11104678004615531
2022-07-06 00:00:00+05:30,0.00941847858343363,1987247.8223332323,-0.10267419318234561
2022-07-07 00:00:00+05:30,0.022418736500792083,2031799.407623894,-0.08255728236393989
2022-07-08 00:00:00+05:30,0.00014558150779172237,2032095.200045186,-0.082423719669794
2022-07-11 00:00:00+05:30,0.013403591540464343,2059332.57407793,-0.07012490200102928
2022-07-12 00:00:00+05:30,-0.005196571257879036,2048631.1056130626,-0.07495706420870818
2022-07-13 00:00:00+05:30,0.0006573519872999171,2049977.7773415814,-0.07434898539652823
2022-07-14 00:00:00+05:30,-0.0012744302021891175,2047365.223748321,-0.07552866300622574
2022-07-15 00:00:00+05:30,0.004026067873742214,2055608.0551014713,-0.07180667865615953
2022-07-18 00:00:00+05:30,0.015570287021567784,2087614.4625232476,-0.05735444223133379
2022-07-19 00:00:00+05:30,0.00567308016805408,2099457.6667291312,-0.052006738412052056
2022-07-20 00:00:00+05:30,0.00038272360448125267,2100261.178734798,-0.051643919013953044
2022-07-21 00:00:00+05:30,0.007020681802480911,2115006.444172798,-0.04498581273390234
2022-07-22 00:00:00+05:30,-0.0016293199906543415,2111560.4218929447,-0.046541836440573414
2022-07-25 00:00:00+05:30,-0.0005702341525667883,2110356.3380251736,-0.04708553084847833
2022-07-26 00:00:00+05:30,-0.0061807906186259216,2097312.6673691496,-0.05297529565976311
2022-07-27 00:00:00+05:30,0.010686571046223446,2119725.7481951346,-0.042854848874302354
2022-07-28 00:00:00+05:30,0.011465220526384667,2144028.871353648,-0.03188096864088619
2022-07-29 00:00:00+05:30,0.009253554074908023,2163868.758452883,-0.02292242683325707
2022-08-01 00:00:00+05:30,0.014633901221619956,2195534.6001206315,-0.008623970141675041
2022-08-02 00:00:00+05:30,0.006054852174338193,2208828.237568007,-0.0026213348317004614
2022-08-03 00:00:00+05:30,-0.005601574861540743,2196455.3208389846,-0.008208226089944315
2022-08-04 00:00:00+05:30,0.004268385103632067,2205830.638011247,-0.003974876856281839
2022-08-05 00:00:00+05:30,-0.0014274345983557885,2202681.9590404364,-0.005396637577888774
2022-08-08 00:00:00+05:30,0.0008335454353935107,2204517.9945330187,-0.00456759048511457
2022-08-10 00:00:00+05:30,-0.00020334658195634447,2204069.7133339695,-0.004770008263157877
2022-08-11 00:00:00+05:30,0.0005713149659469698,2205328.9313471876,-0.004201418474319318
2022-08-12 00:00:00+05:30,0.00851278778566256,2224102.4285373283,0.0
2022-08-16 00:00:00+05:30,0.00868172206088098,2243411.4676568196,0.0
2022-08-17 00:00:00+05:30,0.004235253376789677,2252912.883650742,0.0
2022-08-18 00:00:00+05:30,0.0014116981315811833,2256093.316559207,0.0
2022-08-19 00:00:00+05:30,-0.007479790961802181,2239218.210161025,-0.007479790961802291
2022-08-22 00:00:00+05:30,-0.010400365853013852,2215929.5215506195,-0.0178023642523093
2022-08-23 00:00:00+05:30,0.010827528855699682,2239922.5623874054,-0.007167591009251351
2022-08-24 00:00:00+05:30,0.004249577484958036,2249441.2868765765,-0.0029484727576675196
2022-08-25 00:00:00+05:30,0.0018599644726288638,2253625.1677534315,-0.0010939923396164897
2022-08-26 00:00:00+05:30,0.0036897832742764708,2261940.556203896,0.0
2022-08-29 00:00:00+05:30,0.0011765572101994023,2264601.8586743404,0.0
2022-08-30 00:00:00+05:30,0.011924436794140774,2291605.960401996,0.0
2022-09-01 00:00:00+05:30,0.00234018606078756,2296968.7447273466,0.0
2022-09-02 00:00:00+05:30,-0.004744116619279201,2286071.6571315206,-0.004744116619279204
2022-09-05 00:00:00+05:30,0.0021101696057922747,2290895.656059063,-0.0026439579041831474
2022-09-06 00:00:00+05:30,0.003467026677389649,2298838.252413736,0.0
2022-09-07 00:00:00+05:30,0.0021218986911122973,2303716.154292612,0.0
2022-09-08 00:00:00+05:30,0.0035949253323132916,2311997.8418541374,0.0
2022-09-09 00:00:00+05:30,0.0004006797809301513,2312924.2126429225,0.0
2022-09-12 00:00:00+05:30,0.003848047952057317,2321824.455922647,0.0
2022-09-13 00:00:00+05:30,0.004839916020377087,2333061.8913033707,0.0
2022-09-14 00:00:00+05:30,-0.0004842283664320889,2331932.1565549597,-0.00048422836643213785
2022-09-15 00:00:00+05:30,-0.0006601016209681965,2330392.8443584302,-0.001144010347470581
2022-09-16 00:00:00+05:30,-0.016340099570192845,2292313.9932439486,-0.017465416674676493
2022-09-19 00:00:00+05:30,0.00012700950099237134,2292605.138900348,-0.01734062544754067
2022-09-20 00:00:00+05:30,0.013801000968304557,2324245.384642252,-0.0037789424678286165
2022-09-21 00:00:00+05:30,-0.00838709064840346,2304751.727912124,-0.012134338783199361
2022-09-22 00:00:00+05:30,0.006563669627417233,2319879.3568273582,-0.005650314946702095
2022-09-23 00:00:00+05:30,-0.01973967135281424,2274085.700745408,-0.0252784509394286
2022-09-26 00:00:00+05:30,-0.03139117789138631,2202699.471973051,-0.055876108480556685
2022-09-27 00:00:00+05:30,0.0028526629020250885,2208983.0310410587,-0.053182841280303594
2022-09-28 00:00:00+05:30,-0.009531383094293048,2187928.3675234136,-0.062207318340311124
2022-09-29 00:00:00+05:30,0.005344025757466111,2199620.7130749496,-0.05719573009435852
2022-09-30 00:00:00+05:30,0.0112251115495704,2224311.7009459618,-0.046612646995256246
2022-10-03 00:00:00+05:30,-0.011129222594144905,2199556.840907373,-0.05722310706528866
2022-10-04 00:00:00+05:30,0.02051396857849617,2244678.480828363,-0.03788301150709383
2022-10-06 00:00:00+05:30,0.014266478147096135,2276702.1373223574,-0.024156990515809995
2022-10-07 00:00:00+05:30,0.0014532069542531243,2280010.6567010772,-0.02273888866816831
2022-10-10 00:00:00+05:30,-0.003422399551786596,2272207.549251515,-0.026083466657568777
2022-10-11 00:00:00+05:30,-0.015276807256747673,2237495.472474273,-0.04096180182160081
2022-10-12 00:00:00+05:30,0.004159394692158337,2246802.0992662106,-0.03697278343052057
2022-10-13 00:00:00+05:30,-0.004625028063061814,2236410.5765049583,-0.041426811332646585
2022-10-14 00:00:00+05:30,-0.0023229689690858367,2231215.464133602,-0.04365354710451841
2022-10-17 00:00:00+05:30,0.004648515163376958,2241587.3030513884,-0.039207956116792064
2022-10-18 00:00:00+05:30,0.007407579866889951,2258192.0400273483,-0.03209081231625455
2022-10-19 00:00:00+05:30,-0.0015235207466475556,2254751.6376044527,-0.033565442044561355
2022-10-20 00:00:00+05:30,-3.850195605482854e-05,2254664.8252559872,-0.03360265166544152
2022-10-21 00:00:00+05:30,-0.006770129680496448,2239400.4520029505,-0.0401452870365544
2022-10-24 00:00:00+05:30,0.006719743699311469,2254448.6490805326,-0.033695309376863825
2022-10-25 00:00:00+05:30,0.0017709467937456016,2258441.157687286,-0.03198403518322346
2022-10-27 00:00:00+05:30,0.008095952322336257,2276725.389622724,-0.0241470240848064
2022-10-28 00:00:00+05:30,-0.00703992984881613,2260697.4025947615,-0.031016960578007957
2022-10-31 00:00:00+05:30,0.005834997295387108,2273888.5658245906,-0.025362947163704574
2022-11-01 00:00:00+05:30,0.009355816935174397,2295162.650977432,-0.016244421319130287
2022-11-02 00:00:00+05:30,-0.002337559852787029,2289797.570908891,-0.01854400886480978
2022-11-03 00:00:00+05:30,0.0007508626253067266,2291516.894324404,-0.017807070242683243
2022-11-04 00:00:00+05:30,0.010101080502458464,2314663.6909467187,-0.007885860390258959
2022-11-07 00:00:00+05:30,0.004315965203778718,2324653.698895295,-0.0036039302855263022
2022-11-09 00:00:00+05:30,-0.004575272857782727,2314017.773922995,-0.00816271417889236
2022-11-10 00:00:00+05:30,-0.002663460047564408,2307854.4800327974,-0.010804433163361549
2022-11-11 00:00:00+05:30,0.005801219944379242,2321242.851471089,-0.00506589211213726
2022-11-14 00:00:00+05:30,0.005095643159922901,2333071.076729708,0.0
2022-11-15 00:00:00+05:30,0.004921993952288791,2344554.4384596315,0.0
2022-11-16 00:00:00+05:30,-0.00834380696034929,2324991.928817095,-0.008343806960349087
2022-11-17 00:00:00+05:30,-0.00317504374064532,2317609.9777464527,-0.011492358748931952
2022-11-18 00:00:00+05:30,-0.003756136764969782,2308904.7177021788,-0.015205328642688531
2022-11-21 00:00:00+05:30,-0.00048359618241465205,2307788.1401951388,-0.01568157158621919
2022-11-22 00:00:00+05:30,-0.0033320916295761496,2300098.3786503593,-0.018961410782374344
2022-11-23 00:00:00+05:30,0.0015134226236975543,2303579.3995733387,-0.017476684786732144
2022-11-24 00:00:00+05:30,0.0021508655046196595,2308534.0890410333,-0.015363409280555462
2022-11-25 00:00:00+05:30,0.002650169299814478,2314652.095211385,-0.012753955616356949
2022-11-28 00:00:00+05:30,0.003282337395508666,2322249.5643410897,-0.009513481006308444
2022-11-29 00:00:00+05:30,-0.000524958726362297,2321030.4791674977,-0.010033445547798392
2022-11-30 00:00:00+05:30,0.006380699733818847,2335840.2777281073,-0.003716766217315648
2022-12-01 00:00:00+05:30,0.0054167158972926914,2348492.8608940137,0.0
2022-12-02 00:00:00+05:30,0.0026749437827434303,2354774.9472710793,0.0
2022-12-05 00:00:00+05:30,0.0016754112522390145,2358720.1637142277,0.0
2022-12-06 00:00:00+05:30,-0.0016583132374323494,2354808.666843342,-0.0016583132374322629
2022-12-07 00:00:00+05:30,-0.0039343709336026106,2345543.976070318,-0.005586159751634789
2022-12-08 00:00:00+05:30,0.0039819578257626175,2354883.833261502,-0.0016264457784109787
2022-12-09 00:00:00+05:30,-0.006761414454729189,2338961.4876720794,-0.00837686315914421
2022-12-12 00:00:00+05:30,0.004616926514552672,2349760.3009810303,-0.0037986120062196704
2022-12-13 00:00:00+05:30,0.005101316821662781,2361747.1727313,0.0
2022-12-14 00:00:00+05:30,0.007575470329860125,2379638.5183649566,0.0
2022-12-15 00:00:00+05:30,-0.008075769033668153,2360421.107307021,-0.008075769033668134
2022-12-16 00:00:00+05:30,-0.01411378814470712,2327106.623866195,-0.02207557748512845
2022-12-19 00:00:00+05:30,0.007906399409019325,2345505.6583018554,-0.014343716408891316
2022-12-20 00:00:00+05:30,-0.002785854596969527,2338971.420581457,-0.017089611497565493
2022-12-21 00:00:00+05:30,-0.01542752031574804,2302886.891472483,-0.03225348148474638
2022-12-22 00:00:00+05:30,-0.013265973164748463,2272336.8557687583,-0.04509158082964848
2022-12-23 00:00:00+05:30,-0.03151885634571912,2200715.3968426995,-0.07518920211679658
2022-12-26 00:00:00+05:30,0.025576494785934635,2257001.982715373,-0.05153578356676081
2022-12-27 00:00:00+05:30,0.020360801200739197,2302956.351395115,-0.03222429220994871
2022-12-28 00:00:00+05:30,0.0057757185400141575,2316257.579090711,-0.02663469211189029
2022-12-29 00:00:00+05:30,2.5570137399420903e-05,2316316.8061152613,-0.026609803027227596
2022-12-30 00:00:00+05:30,0.007699893039563899,2334152.197768093,-0.019114802624777272
2023-01-02 00:00:00+05:30,0.0048649671412805875,2345507.771512983,-0.014342828370178196
2023-01-03 00:00:00+05:30,0.0018401856039169937,2349823.941147996,-0.012529036232547641
2023-01-04 00:00:00+05:30,-0.009213533743057946,2328173.7589759836,-0.02162713327750898
2023-01-05 00:00:00+05:30,0.003686855330451824,2336757.3988094823,-0.018020014058663714
2023-01-06 00:00:00+05:30,-0.004466081770263712,2326321.2491891305,-0.022405616972640097
2023-01-09 00:00:00+05:30,0.007430879934480859,2343607.863080886,-0.015141230487741075
2023-01-10 00:00:00+05:30,-0.002984953402410058,2336612.3028160683,-0.01808098802268987
2023-01-11 00:00:00+05:30,-0.0009281550215398531,2334443.5643738178,-0.018992361084402054
2023-01-12 00:00:00+05:30,-0.0018688499595754095,2330080.839612907,-0.02082571717073267
2023-01-13 00:00:00+05:30,0.0020811835761819324,2334930.165587486,-0.018787875735088444
2023-01-16 00:00:00+05:30,-0.000530037666286265,2333692.564651577,-0.0193079551195654
2023-01-17 00:00:00+05:30,-0.0020684548542746093,2328865.4269378386,-0.021336472340346968
2023-01-18 00:00:00+05:30,0.003235504459378003,2336400.481411987,-0.01817000213237363
2023-01-19 00:00:00+05:30,0.0010488203520799331,2338850.9457875015,-0.01714023884832727
2023-01-20 00:00:00+05:30,-0.0031693327773811156,2331438.3488236084,-0.020255248504914336
2023-01-23 00:00:00+05:30,-0.0031112140393631353,2324184.745100839,-0.023303444130758022
2023-01-24 00:00:00+05:30,-0.004519820678115031,2313679.8468301725,-0.027717937420219663
2023-01-25 00:00:00+05:30,-0.013690438632861797,2282004.554871055,-0.04102890533180048
2023-01-27 00:00:00+05:30,-0.02375359000617384,2227798.7542824266,-0.06380791154232057
2023-01-30 00:00:00+05:30,-0.0031066033707338723,2220877.867163056,-0.06671628903997762
2023-01-31 00:00:00+05:30,0.017017273689957837,2258671.15366054,-0.050834344700191214
2023-02-01 00:00:00+05:30,-0.009239443699438752,2237802.2887007473,-0.059604107333774636
2023-02-02 00:00:00+05:30,-0.006161744985141694,2224013.521670607,-0.06539858700945855
2023-02-03 00:00:00+05:30,-0.007890960963938981,2206463.9177878317,-0.07277349027620916
2023-02-06 00:00:00+05:30,0.004323523285375409,2216003.615914728,-0.06876460487060099
2023-02-07 00:00:00+05:30,0.001542180806283545,2219421.0941578466,-0.06732847151810051
2023-02-08 00:00:00+05:30,0.008717023154449789,2238767.8392250948,-0.05919835220882774
2023-02-09 00:00:00+05:30,-0.001106152799043891,2236291.419913327,-0.0602390225848769
2023-02-10 00:00:00+05:30,-2.9813374130686505e-05,2236224.7485205596,-0.060267040030490104
2023-02-13 00:00:00+05:30,-0.011621844570925495,2210235.692067597,-0.07118847042943133
2023-02-14 00:00:00+05:30,-0.005737726293057437,2197553.9646233665,-0.07651773676394347
2023-02-15 00:00:00+05:30,-0.0013697385408537792,2194543.890262416,-0.07778266601169259
2023-02-16 00:00:00+05:30,0.00680263605213456,2209472.5736483065,-0.07150915712760042
2023-02-17 00:00:00+05:30,-0.005189516985510964,2198006.4781983383,-0.07632757612757801
2023-02-20 00:00:00+05:30,-0.0028064084232683013,2191837.974303524,-0.07891977819827434
2023-02-21 00:00:00+05:30,0.0004552529589505531,2192835.8150268663,-0.07850045370186809
2023-02-22 00:00:00+05:30,-0.017015578185298287,2155523.445768754,-0.09418030127962107
2023-02-23 00:00:00+05:30,0.0025436064557971174,2161006.2491210336,-0.0918762524461676
2023-02-24 00:00:00+05:30,-0.008135121916463853,2143426.199822194,-0.099263949847754
2023-02-27 00:00:00+05:30,-0.013405977523969133,2114691.476363091,-0.11133919709112383
2023-02-28 00:00:00+05:30,0.0035591130362066328,2122217.90236417,-0.10817635284272475
2023-03-01 00:00:00+05:30,0.01981354783155771,2164266.5682816505,-0.09050616235246
2023-03-02 00:00:00+05:30,-0.001392074946638573,2161253.747014098,-0.0917722459379714
2023-03-03 00:00:00+05:30,0.01437746213019908,2192327.090915544,-0.0787142357983488
2023-03-06 00:00:00+05:30,0.012108030281266524,2218871.8537187907,-0.06755927986769528
2023-03-08 00:00:00+05:30,0.006005983051256885,2232198.360465137,-0.06195905670627888
2023-03-09 00:00:00+05:30,0.0006246116372201989,2233592.617537667,-0.06137314541690864
2023-03-10 00:00:00+05:30,-0.004048601677367396,2224549.690719749,-0.0651732716747957
2023-03-13 00:00:00+05:30,-0.014061422416681894,2193269.3578316392,-0.07831826518818119
2023-03-14 00:00:00+05:30,-0.008779551479647017,2174013.436595824,-0.08641021742681199
2023-03-15 00:00:00+05:30,0.004152575664024101,2183041.1918858932,-0.08261646672879752
2023-03-16 00:00:00+05:30,-0.006739097948470291,2168329.463468229,-0.08879880421582587
2023-03-17 00:00:00+05:30,0.009449289152614995,2188818.635546675,-0.08018860064065259
2023-03-20 00:00:00+05:30,-0.010079434113238583,2166756.582323853,-0.08945977903710112
2023-03-21 00:00:00+05:30,0.004608109153405029,2176741.23316406,-0.08526391031033864
2023-03-22 00:00:00+05:30,0.003767037023079244,2184941.0979790525,-0.08181806559413074
2023-03-23 00:00:00+05:30,0.00020274987967063894,2185384.094523755,-0.0816319043174143
2023-03-24 00:00:00+05:30,-0.010294654605175152,2162886.3200909896,-0.09108618666287893
2023-03-27 00:00:00+05:30,-0.009517617619215725,2142300.795142531,-0.09973688078704479
2023-03-28 00:00:00+05:30,-0.00890181499942408,2123230.429791053,-0.1077508565250831
2023-03-29 00:00:00+05:30,0.015208881683157174,2155522.390183824,-0.09418074487007466
2023-03-31 00:00:00+05:30,0.013462688383188785,2184541.5164258555,-0.08198598250676825
2023-04-03 00:00:00+05:30,0.008815667043644164,2203799.707077683,-0.07389307658714994
2023-04-05 00:00:00+05:30,0.001883390586251133,2207950.322699976,-0.07214885552573214
2023-04-06 00:00:00+05:30,0.004167904798926295,2217152.8494457486,-0.06828166028798843
2023-04-10 00:00:00+05:30,0.0019581219252882915,2221494.305051964,-0.06645724217880511
2023-04-11 00:00:00+05:30,0.009638882692553951,2242907.0280605364,-0.057458933047683236
2023-04-12 00:00:00+05:30,0.0070853286945221795,2258798.7615855993,-0.05078071978024046
2023-04-13 00:00:00+05:30,0.001960645258296621,2263227.464666948,-0.048919637499393875
2023-04-17 00:00:00+05:30,0.006913888772549099,2278875.1676246333,-0.0423439736593092
2023-04-18 00:00:00+05:30,0.0011991752310018693,2281607.938280194,-0.04119557627270176
2023-04-19 00:00:00+05:30,0.0008360860616257197,2283515.5588754844,-0.0403939332581984
2023-04-20 00:00:00+05:30,0.004875020829308781,2294647.7447890528,-0.03571583369490117
2023-04-21 00:00:00+05:30,-0.00014188493484570635,2294322.16884329,-0.03585265109100999
2023-04-24 00:00:00+05:30,0.006185802942564942,2308514.3936665123,-0.02988862558306271
2023-04-25 00:00:00+05:30,0.0057411045877113955,2321767.816242789,-0.02431911472080661
2023-04-26 00:00:00+05:30,0.0027860588701584988,2328236.3980616806,-0.02160081033593042
2023-04-27 00:00:00+05:30,0.0062173591987563954,2342711.8800480487,-0.015517751134016877
2023-04-28 00:00:00+05:30,0.013840424589453252,2375136.00715867,-0.0018920988089318191
2023-05-02 00:00:00+05:30,0.00918778392690182,2396958.2435894483,0.0
2023-05-03 00:00:00+05:30,-0.0022844830619739042,2391482.4330817093,-0.00228448306197393
2023-05-04 00:00:00+05:30,0.008370549259968683,2411500.4545921693,0.0
2023-05-05 00:00:00+05:30,-0.003046821777318049,2404153.042491106,-0.003046821777317854
2023-05-08 00:00:00+05:30,0.01127086456426635,2431249.9258247917,0.0
2023-05-09 00:00:00+05:30,-0.007341004879784517,2413402.1082553365,-0.007341004879784396
2023-05-10 00:00:00+05:30,-0.0025726494203292547,2407193.2707205117,-0.009894768468165172
2023-05-11 00:00:00+05:30,0.007233443537643934,2424605.567328465,-0.002732898179553689
2023-05-12 00:00:00+05:30,-0.0017163073095794274,2420444.199070412,-0.004444514996011173
2023-05-15 00:00:00+05:30,0.001971128389420923,2425215.205346209,-0.002482147316276162
2023-05-16 00:00:00+05:30,-0.0014798788417384108,2421626.180677155,-0.003958352880719107
2023-05-17 00:00:00+05:30,-0.0005820309074353426,2420216.7193937465,-0.004538079904435222
2023-05-18 00:00:00+05:30,-0.002918021628148221,2413154.4746617493,-0.007442859317272177
2023-05-19 00:00:00+05:30,0.0038359918073413036,2422411.315456401,-0.0036354182572949645
2023-05-22 00:00:00+05:30,0.008845585885648833,2443838.9627976385,0.0
2023-05-23 00:00:00+05:30,0.0030874092686252576,2451384.093862408,0.0
2023-05-24 00:00:00+05:30,-0.004700473569766285,2439861.4277198617,-0.004700473569766439
2023-05-25 00:00:00+05:30,0.0012826700715219453,2442990.9649518593,-0.003423832655014225
2023-05-26 00:00:00+05:30,0.008182786625444898,2462981.4387459503,0.0
2023-05-29 00:00:00+05:30,0.0024984082408159784,2469134.9718694896,0.0
2023-05-30 00:00:00+05:30,-0.001338657167013077,2465829.646643074,-0.0013386571670129799
2023-05-31 00:00:00+05:30,0.0015383497309251397,2469622.9550164947,0.0
2023-06-01 00:00:00+05:30,0.00493758280309178,2481816.922849305,0.0
2023-06-02 00:00:00+05:30,0.005906753396405511,2496476.4033876015,0.0
2023-06-05 00:00:00+05:30,0.003612677253293536,2505495.3669035044,0.0
2023-06-06 00:00:00+05:30,0.0005539314346783006,2506883.239546673,0.0
2023-06-07 00:00:00+05:30,0.012824833711694909,2539033.6002284945,0.0
2023-06-08 00:00:00+05:30,-0.00024104051939419503,2538421.590250736,-0.00024104051939422
2023-06-09 00:00:00+05:30,0.000720794498215815,2540251.2705671405,0.0
2023-06-12 00:00:00+05:30,0.005465442246075253,2554134.8671769444,0.0
2023-06-13 00:00:00+05:30,0.004084945537841498,2564568.3690056643,0.0
2023-06-14 00:00:00+05:30,0.003585932336291504,2573764.737648712,0.0
2023-06-15 00:00:00+05:30,0.001153678782085706,2576734.0354166175,0.0
2023-06-16 00:00:00+05:30,0.005758468027994884,2591572.0759762106,0.0
2023-06-19 00:00:00+05:30,-0.0014873407733737372,2587717.5251604747,-0.0014873407733736466
2023-06-20 00:00:00+05:30,0.002442990679674205,2594039.2949560713,0.0
2023-06-21 00:00:00+05:30,-0.0007477114024189411,2592099.7021969096,-0.0007477114024190268
2023-06-22 00:00:00+05:30,-0.0037166690633438034,2582465.725424652,-0.004461601469925025
2023-06-23 00:00:00+05:30,-0.013234272936167926,2548288.669166083,-0.01763682835450764
2023-06-26 00:00:00+05:30,0.00792398119103781,2568481.2606498897,-0.009852601059620603
2023-06-27 00:00:00+05:30,0.00843239360529123,2590139.7056075046,-0.0015032884644998745
2023-06-28 00:00:00+05:30,0.003034442943727264,2597999.336760453,0.0
2023-06-30 00:00:00+05:30,0.002626402532911792,2604822.7287990237,0.0
2023-07-03 00:00:00+05:30,0.006025915733549738,2620519.1710636024,0.0
2023-07-04 00:00:00+05:30,-0.001404041916850485,2616839.8523035184,-0.001404041916850618
2023-07-05 00:00:00+05:30,0.009374684492688848,2641371.9002867583,0.0
2023-07-06 00:00:00+05:30,0.0063175658722493195,2658058.9412599285,0.0
2023-07-07 00:00:00+05:30,-0.005391545300001,2643727.8960680533,-0.005391545300000855
2023-07-10 00:00:00+05:30,-0.0013265314938895837,2640220.9077526443,-0.006710924739249391
2023-07-11 00:00:00+05:30,0.007939188949021984,2661182.1204064507,0.0
2023-07-12 00:00:00+05:30,0.00646629066306471,2678390.0975043504,0.0
2023-07-13 00:00:00+05:30,-0.0050443046250716415,2664879.481947763,-0.0050443046250716606
2023-07-14 00:00:00+05:30,0.01508459070362928,2705078.098207445,0.0
2023-07-17 00:00:00+05:30,0.008185577010348133,2727220.7232993273,0.0
2023-07-18 00:00:00+05:30,-0.0009167777185919416,2724720.4681065246,-0.000916777718591888
2023-07-19 00:00:00+05:30,0.004222883321025689,2736226.644725749,0.0
2023-07-20 00:00:00+05:30,0.006154960081696629,2753068.01049851,0.0
2023-07-21 00:00:00+05:30,0.0033767378813929776,2762364.399539612,0.0
2023-07-24 00:00:00+05:30,0.00024788841464758854,2763049.157671293,0.0
2023-07-25 00:00:00+05:30,0.009450141542568534,2789160.3633003607,0.0
2023-07-26 00:00:00+05:30,-0.0005090288355988665,2787740.600248331,-0.0005090288355990014
2023-07-27 00:00:00+05:30,0.0027123517109878194,2795301.933235205,0.0
2023-07-28 00:00:00+05:30,0.002542579634978006,2802409.2110042637,0.0
2023-07-31 00:00:00+05:30,0.011889541073532156,2835728.570423344,0.0
2023-08-01 00:00:00+05:30,0.0011407037336421614,2838963.296591222,0.0
2023-08-02 00:00:00+05:30,-0.008315179518286139,2815356.807134241,-0.008315179518285976
2023-08-03 00:00:00+05:30,0.009275983764445305,2841472.011168339,0.0
2023-08-04 00:00:00+05:30,0.0038885891192223976,2852521.328313543,0.0
2023-08-07 00:00:00+05:30,0.0033873304004928165,2862183.7605269933,0.0
2023-08-08 00:00:00+05:30,0.005812531479824686,2878820.2937360997,0.0
2023-08-09 00:00:00+05:30,0.007523145326148742,2900478.0771737425,0.0
2023-08-10 00:00:00+05:30,-0.0016052030032773987,2895822.2210533232,-0.0016052030032772668
2023-08-11 00:00:00+05:30,0.015279343563387268,2940068.483667288,0.0
2023-08-14 00:00:00+05:30,-0.007389274874661985,2918343.5094911396,-0.007389274874662011
2023-08-16 00:00:00+05:30,-0.004219355249876578,2906029.981483425,-0.011577452148803347
2023-08-17 00:00:00+05:30,0.008988012481124625,2932149.4152275203,-0.002693497952091839
2023-08-18 00:00:00+05:30,0.0016134204603087939,2936880.205086731,-0.0010844232364887185
2023-08-21 00:00:00+05:30,0.011905964117767788,2971846.595426677,0.0
2023-08-22 00:00:00+05:30,0.010226137372451814,3002237.106961363,0.0
2023-08-23 00:00:00+05:30,0.004035629991567596,3014353.025072013,0.0
2023-08-24 00:00:00+05:30,3.0133998470589782e-05,3014443.8595814602,0.0
2023-08-25 00:00:00+05:30,-0.0025932595439571676,3006626.624272878,-0.0025932595439570605
2023-08-28 00:00:00+05:30,0.008070571957750308,3030891.8207941595,0.0
2023-08-29 00:00:00+05:30,0.0025139126001155316,3038511.2179320413,0.0
2023-08-30 00:00:00+05:30,0.004021688423268114,3050731.163321169,0.0
2023-08-31 00:00:00+05:30,0.0029873281213438642,3059844.6983160186,0.0
2023-09-01 00:00:00+05:30,0.010013974234330638,3090485.904286008,0.0
2023-09-04 00:00:00+05:30,0.011737993487974682,3126762.0077051944,0.0
2023-09-05 00:00:00+05:30,0.002088739397844715,3133292.998698373,0.0
2023-09-06 00:00:00+05:30,0.002195053975982177,3140170.745953082,0.0
2023-09-07 00:00:00+05:30,0.0053737906645589285,3157045.3661928065,0.0
2023-09-08 00:00:00+05:30,0.011186264307994619,3192360.9100913685,0.0
2023-09-11 00:00:00+05:30,0.014906172181483827,3239946.7914826283,0.0
2023-09-12 00:00:00+05:30,-0.03352868365059721,3131315.64046624,-0.033528683650597246
2023-09-13 00:00:00+05:30,0.007710727121405661,3155460.3609008645,-0.026076487059561337
2023-09-14 00:00:00+05:30,0.012318970537890045,3194332.3841202823,-0.014078751997489647
2023-09-15 00:00:00+05:30,0.005142029460219889,3210757.735345163,-0.00900911589480402
2023-09-18 00:00:00+05:30,-0.0018708355721952126,3204750.9355601785,-0.010863096892509083
2023-09-20 00:00:00+05:30,-0.00453994228772095,3190201.5512662153,-0.015353721347272198
2023-09-21 00:00:00+05:30,-0.005124783145339664,3173852.46012605,-0.020399820000233104
2023-09-22 00:00:00+05:30,-0.0011102657051231127,3170328.6405864516,-0.02148743648481921
2023-09-25 00:00:00+05:30,0.0022571131620347717,3177484.4310890953,-0.019278822898492587
2023-09-26 00:00:00+05:30,0.007368134518506992,3200896.5638078214,-0.012052737340460196
2023-09-27 00:00:00+05:30,0.009522684572181054,3231377.692133141,-0.0026448271842037796
2023-09-28 00:00:00+05:30,-0.0024705795248204463,3223394.3165699956,-0.005108872453136182
2023-09-29 00:00:00+05:30,0.009466739571056612,3253909.3510997877,0.0
2023-10-03 00:00:00+05:30,8.067310322356871e-06,3253935.601396284,0.0
2023-10-04 00:00:00+05:30,-0.012502290548485843,3213253.9530815654,-0.01250229054848595
2023-10-05 00:00:00+05:30,0.0010979253171244049,3216781.865947004,-0.011418091812676723
2023-10-06 00:00:00+05:30,0.005815658235297859,3235489.569896856,-0.0056688372970604695
2023-10-09 00:00:00+05:30,-0.014879316831989852,3187347.695479762,-0.020463805702838456
2023-10-10 00:00:00+05:30,0.012005485417478583,3225613.3517582775,-0.008703998206311514
2023-10-11 00:00:00+05:30,0.006121057775089596,3245357.5174444905,-0.0026362181071170054
2023-10-12 00:00:00+05:30,0.01536267287742094,3295214.8833552697,0.0
2023-10-13 00:00:00+05:30,-0.0027683573119362103,3286092.551138532,-0.0027683573119362537
2023-10-16 00:00:00+05:30,0.00011877338068375307,3286482.8514600703,-0.002649912738409421
2023-10-17 00:00:00+05:30,0.002395540297639025,3294355.7535682423,-0.0002607204135205432
2023-10-18 00:00:00+05:30,-0.00440198742482673,3279854.040968129,-0.004661560150365673
2023-10-19 00:00:00+05:30,0.0035902428809483477,3291629.513589265,-0.0010880534025611288
2023-10-20 00:00:00+05:30,-0.004170313915464536,3277902.38522419,-0.005253829793780085
2023-10-23 00:00:00+05:30,-0.02949212550906775,3181230.076672686,-0.0345910086951664
2023-10-25 00:00:00+05:30,-0.005984656526978588,3162191.507330506,-0.04036864991618261
2023-10-26 00:00:00+05:30,-0.004276777531563667,3148667.5177414534,-0.04447277971280528
2023-10-27 00:00:00+05:30,0.022424965853716845,3219276.279311513,-0.023045114425567892
2023-10-30 00:00:00+05:30,0.004690550208935677,3234376.4563360587,-0.018462658482916283
2023-10-31 00:00:00+05:30,0.005297963809536546,3251512.0657481444,-0.013262509169849945
2023-11-01 00:00:00+05:30,-0.003846572545781604,3239004.8887037598,-0.017058066511970726
2023-11-02 00:00:00+05:30,0.011009952534702879,3274666.178788059,-0.006235922479898348
2023-11-03 00:00:00+05:30,0.0077002650338837365,3299881.976262222,0.0
2023-11-06 00:00:00+05:30,0.011761380944521203,3338693.1452570017,0.0
2023-11-07 00:00:00+05:30,0.004882170619227693,3354993.2148373923,0.0
2023-11-08 00:00:00+05:30,0.0011838977556805747,3358965.183774762,0.0
2023-11-09 00:00:00+05:30,-0.0027655693957058477,3349675.732461273,-0.0027655693957057137
2023-11-10 00:00:00+05:30,0.006714687491728289,3372167.758203377,0.0
2023-11-13 00:00:00+05:30,0.018192133108687635,3433514.6829254376,0.0
2023-11-15 00:00:00+05:30,0.003738268985446575,3446350.0843756935,0.0
2023-11-16 00:00:00+05:30,0.0032147306975094485,3457429.1717863004,0.0
2023-11-17 00:00:00+05:30,0.007183286712699567,3482264.8768160925,0.0
2023-11-20 00:00:00+05:30,0.001301717191863027,3486797.8008728647,0.0
2023-11-21 00:00:00+05:30,0.002429110675309115,3495267.6186336093,0.0
2023-11-22 00:00:00+05:30,0.00033977541014455553,3496455.224622296,0.0
2023-11-23 00:00:00+05:30,0.003618763802244017,3509108.070225326,0.0
2023-11-24 00:00:00+05:30,0.0034546374995124735,3521230.7665545684,0.0
2023-11-28 00:00:00+05:30,0.011612355026452028,3562120.5483458657,0.0
2023-11-29 00:00:00+05:30,0.00352566507595545,3574679.392359512,0.0
2023-11-30 00:00:00+05:30,0.007482408145001328,3601426.6025606715,0.0
2023-12-01 00:00:00+05:30,0.0032071265402410934,3612976.8334004744,0.0
2023-12-04 00:00:00+05:30,0.01417811924513215,3664202.049774327,0.0
2023-12-05 00:00:00+05:30,0.014583385163340751,3717638.5195824886,0.0
2023-12-06 00:00:00+05:30,0.007119905161796687,3744107.7532677585,0.0
2023-12-07 00:00:00+05:30,0.00600705347951692,3766598.8087747116,0.0
2023-12-08 00:00:00+05:30,-0.005806560359766621,3744727.8254405367,-0.005806560359766455
2023-12-11 00:00:00+05:30,0.004448465966691318,3761386.1197265303,-0.0013839246792193283
2023-12-12 00:00:00+05:30,-0.0035912356023151833,3747878.0959793143,-0.0049701902819555555
2023-12-13 00:00:00+05:30,0.003369526713637537,3760506.671343174,-0.0016174107572448637
2023-12-14 00:00:00+05:30,0.014881670581493632,3816469.292845612,0.0
2023-12-15 00:00:00+05:30,0.004873126353916954,3835067.429935493,0.0
2023-12-18 00:00:00+05:30,0.007959427045228102,3865592.369357595,0.0
2023-12-19 00:00:00+05:30,0.0004375782394430401,3867283.868460983,0.0
2023-12-20 00:00:00+05:30,-0.030773692590371354,3748273.263533263,-0.030773692590371216
2023-12-21 00:00:00+05:30,0.016628132796732965,3810600.049117738,-0.014657268840676752
2023-12-22 00:00:00+05:30,0.013049750641493505,3860327.429553187,-0.0017987919026395405
2023-12-26 00:00:00+05:30,0.008445708669824008,3892930.6303933235,0.0
2023-12-27 00:00:00+05:30,0.008984439921680631,3927906.431761363,0.0
2023-12-28 00:00:00+05:30,0.009766076893555119,3966266.668004634,0.0
2023-12-29 00:00:00+05:30,0.009128635029244225,4002473.268845505,0.0
2024-01-01 00:00:00+05:30,-0.0007936944543629899,3999296.528008287,-0.0007936944543628366
2024-01-02 00:00:00+05:30,-0.000968690011336907,3995422.4494092306,-0.0017616156218098755
2024-01-03 00:00:00+05:30,0.005474777193831396,4017296.4971149783,0.0
2024-01-04 00:00:00+05:30,0.01041266989878589,4059127.2794249854,0.0
2024-01-05 00:00:00+05:30,-0.0004857673665386322,4057155.487856014,-0.0004857673665386031
2024-01-08 00:00:00+05:30,-0.0074966489798526156,4026740.4173068744,-0.007978774718958581
2024-01-09 00:00:00+05:30,0.004948164930876016,4046665.3930255338,-0.0030700900813380727
2024-01-10 00:00:00+05:30,0.005412572977603996,4068568.2647812287,0.0
2024-01-11 00:00:00+05:30,-0.0018877759967321941,4060887.7192699085,-0.0018877759967321772
2024-01-12 00:00:00+05:30,0.001929710344229404,4068724.0563085387,0.0
2024-01-15 00:00:00+05:30,0.0057659211703356365,4092183.998481062,0.0
2024-01-16 00:00:00+05:30,0.0019684531182630844,4100239.270833378,0.0
2024-01-17 00:00:00+05:30,-0.006250046307844812,4074612.5855174256,-0.00625004630784487
2024-01-18 00:00:00+05:30,-0.0018529998141917092,4067062.3291535587,-0.008091464787389424
2024-01-19 00:00:00+05:30,0.005186652426113455,4088156.767850218,-0.0029467799767461944
2024-01-23 00:00:00+05:30,-0.021530952786016924,4000134.857499799,-0.024414285782213052
2024-01-24 00:00:00+05:30,0.015431912602530087,4061864.589019071,-0.009359132304127105
2024-01-25 00:00:00+05:30,0.003573288703579993,4076378.8038704842,-0.005819286482284802
2024-01-29 00:00:00+05:30,0.011440834320609312,4123015.97839361,0.0
2024-01-30 00:00:00+05:30,-0.001723157526658966,4115911.372377906,-0.0017231575266589694
2024-01-31 00:00:00+05:30,0.014245646868801665,4174545.1923320866,0.0
2024-02-01 00:00:00+05:30,-0.0014495885296719852,4168493.8195046843,-0.0014495885296720301
2024-02-02 00:00:00+05:30,0.006119972952710444,4194004.888933593,0.0
2024-02-05 00:00:00+05:30,0.00492441103788708,4214657.89290161,0.0
2024-02-06 00:00:00+05:30,0.00976080890412198,4255796.36319047,0.0
2024-02-07 00:00:00+05:30,0.008605486758359777,4292419.562440182,0.0
2024-02-08 00:00:00+05:30,-0.003018228719037683,4279464.058442666,-0.0030182287190376744
2024-02-09 00:00:00+05:30,-0.00200114262061959,4270900.240521907,-0.005013331433528778
2024-02-12 00:00:00+05:30,-0.02558609190998318,4161624.5944295437,-0.03047115178467852
2024-02-13 00:00:00+05:30,0.0013648345597915084,4167304.5235008993,-0.029147905305919486
2024-02-14 00:00:00+05:30,0.011302402384889903,4214405.076085879,-0.018174944275473726
2024-02-15 00:00:00+05:30,0.008956327366823471,4252150.667603706,-0.009381397659455226
2024-02-16 00:00:00+05:30,0.007424148194827694,4283719.264306731,-0.0020268983511261274
2024-02-19 00:00:00+05:30,0.0077608456643112915,4316964.5483862525,0.0
2024-02-20 00:00:00+05:30,-0.0014868734253334105,4310545.768521151,-0.0014868734253333793
2024-02-21 00:00:00+05:30,-0.007870290807163307,4276620.519785302,-0.009345462106245872
2024-02-22 00:00:00+05:30,0.005678221497916092,4300904.1183591755,-0.0037203062121695663
2024-02-23 00:00:00+05:30,0.008930680360509778,4339314.118301442,0.0
2024-02-26 00:00:00+05:30,0.004746034850905342,4359908.654335926,0.0
2024-02-27 00:00:00+05:30,0.002458960517816997,4370629.497578227,0.0
2024-02-28 00:00:00+05:30,-0.009725107585387381,4328124.655498411,-0.009725107585387471
2024-02-29 00:00:00+05:30,0.006113372089817356,4354584.091968586,-0.0036711886968529006
2024-03-01 00:00:00+05:30,0.01630371000236899,4425579.968184971,0.0
2024-03-04 00:00:00+05:30,0.007193789189272817,4457416.657516362,0.0
2024-03-05 00:00:00+05:30,0.0015400437534064063,4464281.2741961,0.0
2024-03-06 00:00:00+05:30,-0.011567587777607868,4412640.308692905,-0.011567587777608024
2024-03-07 00:00:00+05:30,0.007434821547198748,4445447.501940013,-0.004218769181267401
2024-03-11 00:00:00+05:30,-0.010808498669060565,4397398.888531916,-0.014981669289247046
2024-03-12 00:00:00+05:30,-0.012240358223465718,4343573.150884815,-0.027038646513827036
2024-03-13 00:00:00+05:30,-0.03964996200675721,4171350.6404786617,-0.06561652721359668
2024-03-14 00:00:00+05:30,0.015143204513539623,4234518.2563251145,-0.05146696719112087
2024-03-15 00:00:00+05:30,0.0008171120450447282,4237978.33219732,-0.05069190942488988
2024-03-18 00:00:00+05:30,-0.002772909662320536,4226226.801131264,-0.05332425500176474
2024-03-19 00:00:00+05:30,-0.01183199844131531,4176222.0922076334,-0.06452532094101504
2024-03-20 00:00:00+05:30,0.003796576982675734,4192077.440877451,-0.06097371930662365
2024-03-21 00:00:00+05:30,0.02452424679048655,4294884.982602361,-0.03794480705614667
2024-03-22 00:00:00+05:30,0.010784423269524026,4341202.840148667,-0.02756959664679659
2024-03-26 00:00:00+05:30,0.008090654574345,4376326.012765476,-0.01970199815567475
2024-03-27 00:00:00+05:30,0.0027024682948187063,4388152.895062764,-0.0170527738862164
2024-03-28 00:00:00+05:30,0.00986554527673756,4431444.416130253,-0.007355463522347283
2024-04-01 00:00:00+05:30,0.020415100761589252,4521912.800404934,0.0
2024-04-02 00:00:00+05:30,0.005696032213298131,4547669.761381766,0.0
2024-04-03 00:00:00+05:30,0.00664985123859028,4577911.088777189,0.0
2024-04-04 00:00:00+05:30,0.005969869391549993,4605240.620063317,0.0
2024-04-05 00:00:00+05:30,0.005840247437294143,4632136.364792765,0.0
2024-04-08 00:00:00+05:30,0.0047100710876525525,4653954.05635864,0.0
2024-04-09 00:00:00+05:30,0.00500104039705989,4677228.668600551,0.0
2024-04-10 00:00:00+05:30,0.0057602143359229,4704170.508229814,0.0
2024-04-12 00:00:00+05:30,-0.007600528898619417,4668416.324337979,-0.0076005288986196184
2024-04-15 00:00:00+05:30,-0.009239066981283382,4625284.513220903,-0.016769374084315447
2024-04-16 00:00:00+05:30,0.00438477084491907,4645565.325903931,-0.012458133101968749
2024-04-18 00:00:00+05:30,-0.00262835576617147,4633355.127492465,-0.015053744462165897
2024-04-19 00:00:00+05:30,-0.0004643209006637017,4631203.763866573,-0.015511075594642598
2024-04-22 00:00:00+05:30,0.007687029364165298,4666803.963190848,-0.007943280324043012
2024-04-23 00:00:00+05:30,0.010286816759032487,4714810.520410518,0.0
2024-04-24 00:00:00+05:30,0.010219831908436396,4762995.091409241,0.0
2024-04-25 00:00:00+05:30,0.010191804269652417,4811538.605118199,0.0
2024-04-26 00:00:00+05:30,-0.0009195387286320492,4807114.209026486,-0.0009195387286318191
2024-04-29 00:00:00+05:30,0.000769276606351731,4810812.209531549,-0.00015096950191295644
2024-04-30 00:00:00+05:30,0.004637199559758173,4833120.905791669,0.0
2024-05-02 00:00:00+05:30,0.005403436070305819,4859236.365626174,0.0
2024-05-03 00:00:00+05:30,-0.003807138679456629,4840736.578905976,-0.00380713867945659
2024-05-06 00:00:00+05:30,-0.01329978624278313,4776355.817148905,-0.01705629079160642
2024-05-07 00:00:00+05:30,-0.014094992074586782,4709033.119760785,-0.030910874582663617
2024-05-08 00:00:00+05:30,0.010520580358435814,4758574.881107764,-0.02071549456422428
2024-05-09 00:00:00+05:30,-0.014058417224382351,4691676.850035685,-0.03448268472301341
2024-05-10 00:00:00+05:30,0.00656613756620157,4722483.045649184,-0.02814296520835491
2024-05-13 00:00:00+05:30,-0.001249008219835418,4716584.625507134,-0.029356822633314628
2024-05-14 00:00:00+05:30,0.01816649394183543,4802268.431532564,-0.011723639231998817
2024-05-15 00:00:00+05:30,0.00960380626846153,4848388.487198151,-0.0022324245234828233
2024-05-16 00:00:00+05:30,0.005522471453125695,4875163.574212366,0.0
2024-05-17 00:00:00+05:30,0.006674852502020687,4907704.571993458,0.0
2024-05-21 00:00:00+05:30,0.014111310597063028,4976958.715527483,0.0
2024-05-22 00:00:00+05:30,-0.002248913081626497,4965765.967965419,-0.002248913081626336
2024-05-23 00:00:00+05:30,0.009193671668966353,5011419.589859821,0.0
2024-05-24 00:00:00+05:30,0.004209012477067047,5032512.71744136,0.0
2024-05-27 00:00:00+05:30,-0.0020156629539592338,5022368.867991484,-0.002015662953959385
2024-05-28 00:00:00+05:30,-0.010316124750711197,4970557.484205197,-0.012310993874181886
2024-05-29 00:00:00+05:30,0.0013523449328642577,4977279.392432472,-0.010975297651501958
2024-05-30 00:00:00+05:30,-0.008049357345919888,4937215.491992299,-0.01893631090464709
2024-05-31 00:00:00+05:30,0.008326229415196555,4978323.88085089,-0.010767749558320161
2024-06-03 00:00:00+05:30,0.026043763749150253,5107978.171870522,0.0
2024-06-04 00:00:00+05:30,-0.07592730526189967,4720143.153943789,-0.07592730526189961
2024-06-05 00:00:00+05:30,0.028109840568801676,4852825.62546307,-0.049951769138828594
2024-06-06 00:00:00+05:30,0.018883041262072294,4944461.731986331,-0.03201196919451832
2024-06-07 00:00:00+05:30,0.01604673241172027,5023804.186319506,-0.016478924286434937
2024-06-10 00:00:00+05:30,0.005442582184047232,5051146.65348011,-0.011126030002121312
2024-06-11 00:00:00+05:30,0.004402318785949383,5073383.411283311,-0.00677269154706317
2024-06-12 00:00:00+05:30,0.007432763942238066,5111092.672567846,0.0
2024-06-13 00:00:00+05:30,0.005250036160768735,5137926.093919868,0.0
2024-06-14 00:00:00+05:30,0.006900346434968661,5173379.56392518,0.0
2024-06-18 00:00:00+05:30,0.002293972923668294,5185247.156568684,0.0
2024-06-19 00:00:00+05:30,-0.005396312195921962,5157265.944098823,-0.0053963121959218485
2024-06-20 00:00:00+05:30,0.005212532075394636,5184148.358253778,-0.00021190857093744686
2024-06-21 00:00:00+05:30,-0.0016769487221267652,5175454.807289089,-0.0018885019332568476
2024-06-24 00:00:00+05:30,0.0011595886862414855,5181456.206129775,-0.0007311031324911399
2024-06-25 00:00:00+05:30,-0.0021629152171477265,5170249.155654552,-0.002892437035548423
2024-06-26 00:00:00+05:30,0.0014845605509023183,5177924.703589373,-0.0014121704825650339
2024-06-27 00:00:00+05:30,-0.0007469688070111053,5174056.95535074,-0.0021580844422753875
2024-06-28 00:00:00+05:30,0.00031823011730408254,5175703.49610258,-0.0018405410924364762
2024-07-01 00:00:00+05:30,0.006458138348433668,5209128.905330882,0.0
2024-07-02 00:00:00+05:30,-0.002224013758303725,5197543.730976649,-0.0022240137583037223
2024-07-03 00:00:00+05:30,0.01231998596453628,5261577.396792344,0.0
2024-07-04 00:00:00+05:30,0.002383083660059893,5274116.17591278,0.0
2024-07-05 00:00:00+05:30,0.010322123971687048,5328556.256921631,0.0
2024-07-08 00:00:00+05:30,-0.0032183357197543058,5311407.17398526,-0.003218335719754384
2024-07-09 00:00:00+05:30,0.0019407511288032136,5321715.2934537055,-0.001283830579632106
2024-07-10 00:00:00+05:30,-0.008202593194025208,5278063.4278070815,-0.00947589303368268
2024-07-11 00:00:00+05:30,0.0033077254289823684,5295521.8124230215,-0.006199511257049983
2024-07-12 00:00:00+05:30,-0.0036702028010761538,5276086.173433906,-0.009846960594545262
2024-07-15 00:00:00+05:30,0.003124196448149273,5292569.703117078,-0.006753527985710495
2024-07-16 00:00:00+05:30,-0.0004937636029819718,5289956.424831434,-0.0072439569423813355
2024-07-18 00:00:00+05:30,-0.011246379965989433,5230463.564874252,-0.018408868616139662
2024-07-19 00:00:00+05:30,-0.024656346974881553,5101499.440379238,-0.04261132013900648
2024-07-22 00:00:00+05:30,0.0059620658512258605,5131914.915982771,-0.036903305784457
2024-07-23 00:00:00+05:30,-0.001902747140902534,5122150.179549029,-0.03873583526578839
2024-07-24 00:00:00+05:30,0.008409969374402469,5165227.3056901265,-0.03065163307966312
2024-07-25 00:00:00+05:30,-0.0022438776012231078,5153637.167833663,-0.03282673216797782
2024-07-26 00:00:00+05:30,0.015984452284499448,5236015.235234521,-0.0173669972174737
2024-07-29 00:00:00+05:30,0.01015210298002922,5289171.801107625,-0.00739120578165009
2024-07-30 00:00:00+05:30,0.0091843688217299,5337749.50569049,0.0
2024-07-31 00:00:00+05:30,0.0017221280031298886,5346941.793587932,0.0
2024-08-01 00:00:00+05:30,0.00311029679939767,5363572.369535094,0.0
2024-08-02 00:00:00+05:30,-0.011569247358159725,5301519.874068553,-0.011569247358159562
2024-08-05 00:00:00+05:30,-0.037931466415010016,5100425.451016813,-0.04906187525555672
2024-08-06 00:00:00+05:30,-0.009199817745565272,5053502.466442616,-0.057810332690515165
2024-08-07 00:00:00+05:30,0.02020528386182311,5155609.918273512,-0.03877312301085023
2024-08-08 00:00:00+05:30,-0.0033592775093021013,5138290.793828322,-0.04200215084005654
2024-08-09 00:00:00+05:30,0.011954926858338424,5199718.684445412,-0.030549356622904034
2024-08-12 00:00:00+05:30,-0.005411020443126105,5171582.900345373,-0.03579507387281933
2024-08-13 00:00:00+05:30,-0.007675628434166892,5131887.751585831,-0.043195952620164846
2024-08-14 00:00:00+05:30,-0.005389786671381419,5104227.971383308,-0.048352922321856506
2024-08-16 00:00:00+05:30,0.017262970849134408,5192342.110060633,-0.03192466656123505
2024-08-19 00:00:00+05:30,0.007135169827952088,5229390.352820743,-0.02501728465089803
2024-08-20 00:00:00+05:30,0.00497137365255443,5255387.606239678,-0.020170281268115486
2024-08-21 00:00:00+05:30,0.0030151075228666063,5271233.164946832,-0.017215989312038715
2024-08-22 00:00:00+05:30,0.0020154873442948546,5281857.268679609,-0.015235200576321994
2024-08-23 00:00:00+05:30,0.0023468346777471803,5294252.914480656,-0.012924120395609862
2024-08-26 00:00:00+05:30,0.00016644002641834794,5295134.090075608,-0.012759831460131488
2024-08-27 00:00:00+05:30,-0.0006880132980105439,5291490.967406888,-0.013439065824417007
2024-08-28 00:00:00+05:30,-0.0008033351169687181,5287240.126891647,-0.014231604867869674
2024-08-29 00:00:00+05:30,-0.004341345466192765,5264286.390938094,-0.018511166020792613
2024-08-30 00:00:00+05:30,0.0059846659621830035,5295791.386517123,-0.012637283203814742
2024-09-02 00:00:00+05:30,-0.0038666320346921893,5275314.509892969,-0.0164550515144396
2024-09-03 00:00:00+05:30,-0.002444101663686802,5262421.104922869,-0.018858935359343798
2024-09-04 00:00:00+05:30,-7.529776664003319e-05,5262024.85636655,-0.01893281309026995
2024-09-05 00:00:00+05:30,0.004087204846944233,5283531.829864232,-0.014922990528754676
2024-09-06 00:00:00+05:30,-0.0132865986744332,5213331.662857233,-0.028011313417009798
2024-09-09 00:00:00+05:30,-0.0023432318258990357,5201115.618185858,-0.030288908241824952
2024-09-10 00:00:00+05:30,0.011123178738466572,5258968.556846369,-0.01950263844352529
2024-09-11 00:00:00+05:30,0.00019905963499450098,5260015.405207743,-0.01930746099662073
2024-09-12 00:00:00+05:30,0.015418142396521974,5341115.071733136,-0.004187003783059806
2024-09-13 00:00:00+05:30,0.004536187688003377,5365343.37216174,0.0
2024-09-16 00:00:00+05:30,0.009495517711376748,5416290.08517972,0.0
2024-09-17 00:00:00+05:30,-0.004353710252046119,5392709.127507818,-0.004353710252046006
2024-09-18 00:00:00+05:30,0.001430835330482164,5400425.20625447,-0.0029291043640110592
2024-09-19 00:00:00+05:30,-0.01080918778955884,5342050.996056598,-0.01370663091444424
2024-09-20 00:00:00+05:30,0.011307003965209143,5402453.5878513595,-0.0025546078793343696
2024-09-23 00:00:00+05:30,0.01000979865413618,5456531.060504067,0.0
2024-09-24 00:00:00+05:30,0.005952551220863549,5489011.34112995,0.0
2024-09-25 00:00:00+05:30,-0.0014818344364028089,5480877.535102858,-0.001481834436402818
2024-09-26 00:00:00+05:30,0.004778736818560772,5507069.206377877,0.0
2024-09-27 00:00:00+05:30,0.0008599072328796845,5511804.77502041,0.0
2024-09-30 00:00:00+05:30,0.0016553467601939543,5520928.723197561,0.0
2024-10-01 00:00:00+05:30,0.0022523278124488622,5533363.664511367,0.0
2024-10-03 00:00:00+05:30,-0.013490789713861043,5458714.218903123,-0.013490789713861195
2024-10-04 00:00:00+05:30,-0.006396761071857689,5423796.128285248,-0.0198012534272487
2024-10-07 00:00:00+05:30,-0.020779071599596886,5311094.680193991,-0.04016887336411912
2024-10-08 00:00:00+05:30,0.016719742569549258,5399894.816009338,-0.02412074401652664
2024-10-09 00:00:00+05:30,0.008015342558169236,5443176.822737735,-0.01629873748440791
2024-10-10 00:00:00+05:30,0.006415225587203365,5478096.029966635,-0.00998807197495355
2024-10-11 00:00:00+05:30,0.0037557879139396397,5498670.596827384,-0.0062697971410209385
2024-10-14 00:00:00+05:30,0.005512765646306654,5528983.4791939305,-0.0007915954170026884
2024-10-15 00:00:00+05:30,0.0012946467833652333,5536141.559870549,0.0
2024-10-16 00:00:00+05:30,-0.0054492051707115885,5505973.988656711,-0.0054492051707115685
2024-10-17 00:00:00+05:30,-0.015935362948738013,5418234.294761156,-0.021297733057272117
2024-10-18 00:00:00+05:30,0.001196028316218832,5424714.656401599,-0.020127177432860854
2024-10-21 00:00:00+05:30,-0.015399523690985408,5341176.634533507,-0.035216752178136246
2024-10-22 00:00:00+05:30,-0.026393675235538403,5200203.353065983,-0.0606809278938345
2024-10-23 00:00:00+05:30,0.002480025005853586,5213099.987417111,-0.05835139310653592
2024-10-24 00:00:00+05:30,-0.0026925378573282423,5199063.518346953,-0.06088681762889703
2024-10-25 00:00:00+05:30,-0.019352419039745973,5098449.062525648,-0.07906092945989185
2024-10-28 00:00:00+05:30,0.013895959022371772,5169296.901776154,-0.0662635978735654
2024-10-29 00:00:00+05:30,0.021657014402220974,5281248.439227276,-0.04604165516483527
2024-10-30 00:00:00+05:30,0.006473722569015427,5315437.776440879,-0.03986599349797515
2024-10-31 00:00:00+05:30,0.012468629480509358,5381714.000602023,-0.027894438319264525
2024-11-01 00:00:00+05:30,0.006850229743837871,5418579.977921776,-0.021235291886488872
2024-11-04 00:00:00+05:30,-0.010874210681874386,5359657.1976452675,-0.031878585530498604
2024-11-05 00:00:00+05:30,0.014214930549270135,5435844.35247769,-0.018116806860553503
2024-11-06 00:00:00+05:30,0.018811730458090353,5538101.991248634,0.0
2024-11-07 00:00:00+05:30,-0.00782991414842484,5494739.128111936,-0.007829914148424821
2024-11-08 00:00:00+05:30,-0.013740155330737133,5419240.558989799,-0.021462485242536355
2024-11-11 00:00:00+05:30,-0.010419700711279347,5362773.694282698,-0.03165855328106826
2024-11-12 00:00:00+05:30,-0.009160152456000173,5313649.869656041,-0.04052870856247759
2024-11-13 00:00:00+05:30,-0.024001758608954774,5186112.928152053,-0.06355770689178308
2024-11-14 00:00:00+05:30,0.002170406360404339,5197368.900637089,-0.061525246582669335
2024-11-18 00:00:00+05:30,0.007372389121421985,5235685.926580163,-0.05460644551984628
2024-11-19 00:00:00+05:30,0.006310968610138447,5268728.176115354,-0.048640096473294925
2024-11-21 00:00:00+05:30,-0.015343773548489042,5187886.004092496,-0.06323754739612109
2024-11-22 00:00:00+05:30,0.008808892981075768,5233585.536700567,-0.054985707202443446
2024-11-25 00:00:00+05:30,0.013082951743655804,5302056.283723515,-0.04262213081270805
2024-11-26 00:00:00+05:30,-0.0013225706689446496,5295043.9395975685,-0.04388833070159204
2024-11-27 00:00:00+05:30,0.013366941303570168,5365822.481137994,-0.031108042138421776
2024-11-28 00:00:00+05:30,0.004349268233314858,5389159.882400814,-0.026894071124580088
2024-11-29 00:00:00+05:30,0.007982617348179875,5432179.483570182,-0.019126138855122488
2024-12-02 00:00:00+05:30,0.007338492979561852,5472043.494574081,-0.01192800291127516
2024-12-03 00:00:00+05:30,0.006938896232900409,5510013.436564849,-0.005071873852841802
2024-12-04 00:00:00+05:30,-0.000177277977162173,5509036.6325286785,-0.005248252698466849
2024-12-05 00:00:00+05:30,0.0065834045490846885,5545304.849356341,0.0
2024-12-06 00:00:00+05:30,0.00011877512788230235,5545963.493648971,0.0
2024-12-09 00:00:00+05:30,0.005112641277616184,5574318.015530753,0.0
2024-12-10 00:00:00+05:30,0.0017984683419691597,5584343.250009753,0.0
2024-12-11 00:00:00+05:30,0.0035786109491817413,5604327.441908227,0.0
2024-12-12 00:00:00+05:30,-0.004824329195018615,5577290.321411785,-0.0048243291950187395
2024-12-13 00:00:00+05:30,-0.00103125216585102,5571538.728688249,-0.0058506062609385845
2024-12-16 00:00:00+05:30,0.000302169479300375,5573222.277644799,-0.00555020465628564
2024-12-17 00:00:00+05:30,-0.008160155902205389,5527743.914981573,-0.013665070023206605
2024-12-18 00:00:00+05:30,-0.009578103420353914,5474798.612082647,-0.02311228798963194
2024-12-19 00:00:00+05:30,-0.0003030734897497962,5473139.3457616065,-0.023408356757604554
2024-12-20 00:00:00+05:30,-0.01594017594714052,5385896.54160695,-0.038975399379395204
2024-12-23 00:00:00+05:30,0.0034018599565075877,5404218.607381734,-0.03570612827332553
2024-12-24 00:00:00+05:30,0.0006276789822753969,5407610.721817209,-0.035100861277305606
2024-12-26 00:00:00+05:30,0.0024693102999372865,5420963.7906706445,-0.03271822589565698
2024-12-27 00:00:00+05:30,-0.001384034993618066,5413460.98708522,-0.03405697771970628
2024-12-30 00:00:00+05:30,-0.006241089040546493,5379675.095047297,-0.04008551412985217
2024-12-31 00:00:00+05:30,0.004395383734307673,5403320.831455927,-0.035866321612332275
2025-01-01 00:00:00+05:30,0.006223329531200985,5436947.4775528805,-0.029866200019596834
2025-01-02 00:00:00+05:30,0.006060908543862967,5469900.318972115,-0.023986307782605354
2025-01-03 00:00:00+05:30,0.0014900653284260273,5478050.827787362,-0.022531983619763163
2025-01-06 00:00:00+05:30,-0.024242262681705012,5345250.480636409,-0.04622802003581805
2025-01-07 00:00:00+05:30,0.012744730537540955,5413374.257667782,-0.03407245315691754
2025-01-08 00:00:00+05:30,-0.009761019167143293,5360534.207779766,-0.04350089045572458
2025-01-09 00:00:00+05:30,-0.009790857881871295,5308049.979180485,-0.052865837301409035
2025-01-10 00:00:00+05:30,-0.01803965193712974,5212294.60509118,-0.06995180793425648
2025-01-13 00:00:00+05:30,-0.03464459134937155,5031716.788505262,-0.10217294748359607
2025-01-14 00:00:00+05:30,0.02816268911505001,5173423.464134912,-0.07688772332449512
2025-01-15 00:00:00+05:30,0.0010377762971029705,5178792.320380868,-0.07592973928419633
2025-01-16 00:00:00+05:30,0.012592969216918947,5244008.69265224,-0.06429295093673204
2025-01-17 00:00:00+05:30,0.001998480965919481,5254488.744209622,-0.0624229582095025
2025-01-20 00:00:00+05:30,0.004796271305170774,5279690.697796818,-0.057926084347575735
2025-01-21 00:00:00+05:30,-0.015276338785061606,5199036.354016935,-0.07231752464365171
2025-01-22 00:00:00+05:30,-0.015860685566129046,5116576.073158998,-0.0870312046904872
2025-01-23 00:00:00+05:30,0.007121830197294763,5153015.459143578,-0.08052919595486396
2025-01-24 00:00:00+05:30,-0.014001528193942157,5080865.36790856,-0.09340319234120853
2025-01-27 00:00:00+05:30,-0.028049333615265012,4938350.4801498465,-0.1188326286537642
2025-01-28 00:00:00+05:30,-0.02019096823481255,4838640.40247277,-0.13662425105816933
2025-01-29 00:00:00+05:30,0.034371094765639564,5004949.770283014,-0.10694908137293468
2025-01-30 00:00:00+05:30,0.013484052418854196,5072436.775339241,-0.09490713597346156
2025-01-31 00:00:00+05:30,0.015180407101223602,5149438.430584108,-0.08116745783312629
2025-02-01 00:00:00+05:30,-0.004467019672379627,5126435.787812982,-0.08527190087460834
2025-02-03 00:00:00+05:30,-0.009225975042326457,5079139.41917853,-0.09371115948765396
2025-02-04 00:00:00+05:30,0.015823200252456735,5159507.659318338,-0.07937076967766032
2025-02-05 00:00:00+05:30,0.006817278796187155,5194681.461482974,-0.07309458354663378
2025-02-06 00:00:00+05:30,-0.006692073767980926,5159918.2699415665,-0.0792975029694809
2025-02-07 00:00:00+05:30,-0.0007541553913253431,5156026.889759491,-0.07999185572142331
2025-02-10 00:00:00+05:30,-0.015243606941954048,5077430.442469852,-0.09401609825620239
2025-02-11 00:00:00+05:30,-0.02535250824926403,4948704.845292071,-0.11698506259886243
2025-02-12 00:00:00+05:30,0.00042043723657429603,4950785.465081848,-0.11661381023872752
2025-02-13 00:00:00+05:30,0.00021337314694237802,4951841.82975637,-0.1164253193474526
2025-02-14 00:00:00+05:30,-0.028804714039305093,4809205.441882368,-0.14187643535601957
2025-02-17 00:00:00+05:30,0.004433008344360005,4830524.689735974,-0.13807236643346088
2025-02-18 00:00:00+05:30,-0.009017244496224751,4786966.667563574,-0.14584457864338285
2025-02-19 00:00:00+05:30,0.012168341894316013,4845216.114611182,-0.13545092344543197
2025-02-20 00:00:00+05:30,0.014014246148890751,4913118.165885916,-0.12333491987879996
2025-02-21 00:00:00+05:30,-0.006050562948252134,4883391.0351510225,-0.12863923713060776
2025-02-24 00:00:00+05:30,-0.0056094354453512085,4855997.968384936,-0.13352707907953554
2025-02-25 00:00:00+05:30,-0.00033132684570948406,4854389.045895299,-0.13381416481931696
2025-02-27 00:00:00+05:30,-0.022376900404770063,4745762.8656892935,-0.15319671898517762
2025-02-28 00:00:00+05:30,-0.01708355847151434,4664688.348281349,-0.16766313235026442
2025-03-03 00:00:00+05:30,0.002109627989327888,4674529.105382375,-0.165907211197721
2025-03-04 00:00:00+05:30,0.005821920399780246,4701743.841740368,-0.1610511893752834
2025-03-05 00:00:00+05:30,0.02661440854327743,4826877.9732102845,-0.13872306298242054
2025-03-06 00:00:00+05:30,0.013793177412457216,4893455.957443055,-0.12684331738887955
2025-03-07 00:00:00+05:30,0.001662050262056641,4901589.127199485,-0.12539208709572935
2025-03-10 00:00:00+05:30,-0.01642290720496046,4821090.783806645,-0.13975569169008017
2025-03-11 00:00:00+05:30,-0.003182292865200458,4805748.661002854,-0.14249324101474414
2025-03-12 00:00:00+05:30,-0.0023818514281446304,4794302.08169134,-0.14453569471327687
2025-03-13 00:00:00+05:30,-0.006452655999946782,4763366.0995983565,-0.15005571159552566
2025-03-17 00:00:00+05:30,0.003522945225110078,4780147.177454388,-0.14706140442308147
2025-03-18 00:00:00+05:30,0.0021026511589437432,4790198.159456984,-0.14526797209658382
2025-03-19 00:00:00+05:30,0.03521723089810577,4958895.674086262,-0.11516667691390303
2025-03-20 00:00:00+05:30,0.0055182335963837965,4986260.018795966,-0.11028395994324958
2025-03-21 00:00:00+05:30,0.012929250043773072,5050728.6213622475,-0.09878059879340029
2025-03-24 00:00:00+05:30,0.009395920857972017,5098184.867763661,-0.09031281262399415
2025-03-25 00:00:00+05:30,-0.010616716683000484,5044058.883425054,-0.09997070376252071
2025-03-26 00:00:00+05:30,-0.009168883771838382,4997810.49378462,-0.10822296777097173
2025-03-27 00:00:00+05:30,0.01210577188544944,5058312.847549083,-0.09742731844612407
2025-03-28 00:00:00+05:30,-0.0009360709820858452,5053577.90767418,-0.09827219054254999
2025-04-01 00:00:00+05:30,-0.007700353267207912,5014663.572521732,-0.10521581322623774
2025-04-02 00:00:00+05:30,0.007993449108944003,5054748.030587159,-0.09806340136577407
2025-04-03 00:00:00+05:30,-0.0006049884604418863,5051689.966358213,-0.09860906259999791
2025-04-04 00:00:00+05:30,-0.03215963081607787,4889229.482042848,-0.12759746236774028
2025-04-07 00:00:00+05:30,-0.03864472814301233,4700286.537880501,-0.1613112212658131
2025-04-08 00:00:00+05:30,0.018978175729015383,4789489.401773122,-0.14539443824104248
2025-04-09 00:00:00+05:30,-0.00746164881104272,4753751.91387288,-0.15177120481485173
2025-04-11 00:00:00+05:30,0.025742171750444402,4876123.812098799,-0.12993595348552311
2025-04-15 00:00:00+05:30,0.031821331270008746,5031288.563237173,-0.10224935723526174
2025-04-16 00:00:00+05:30,0.01095793916778234,5086421.117248684,-0.09241186030400828
2025-04-17 00:00:00+05:30,0.007692340746438197,5125547.60166244,-0.08543038307604067
2025-04-21 00:00:00+05:30,0.014083612297031811,5197733.826894235,-0.07254993917263886
2025-04-22 00:00:00+05:30,0.005970047365215808,5228764.544032578,-0.06701301838062712
2025-04-23 00:00:00+05:30,0.01037130073423429,5282993.633587241,-0.05733672981312721
2025-04-24 00:00:00+05:30,-0.0006067967974597165,5279787.929969382,-0.05790873486655923
2025-04-25 00:00:00+05:30,-0.020278480943726095,5172721.851044582,-0.07701291463381854
2025-04-28 00:00:00+05:30,0.013828463173174663,5244252.644666829,-0.06424942171451631
2025-04-29 00:00:00+05:30,0.0004630722189857895,5246681.112375916,-0.06381610161781259
2025-04-30 00:00:00+05:30,-0.007682077604022862,5206375.700907084,-0.07100793897682112
2025-05-02 00:00:00+05:30,-0.001523545205421,5198443.5521703465,-0.07242330037726719
2025-05-05 00:00:00+05:30,0.019855954045936295,5301663.608452635,-0.05400538005547684
2025-05-06 00:00:00+05:30,-0.016690659603932064,5213175.345829397,-0.06979465424412212
2025-05-07 00:00:00+05:30,0.01459600280163982,5289266.867782564,-0.05621737441136876
2025-05-08 00:00:00+05:30,-0.013263137506086414,5219114.594008776,-0.06873489315040615
2025-05-09 00:00:00+05:30,-6.460061970259338e-05,5218777.435971705,-0.06879505345341586
2025-05-12 00:00:00+05:30,0.042578575528355186,5440985.545194902,-0.029145673304504127
2025-05-13 00:00:00+05:30,0.003127573281447365,5458002.626210795,-0.026109255252153907
2025-05-14 00:00:00+05:30,0.00949499478954756,5509826.332708003,-0.01686216770518456
2025-05-15 00:00:00+05:30,0.014793040289300438,5591333.415634801,-0.0023185701421118976
2025-05-16 00:00:00+05:30,0.007105760164813245,5631064.089887808,0.0
2025-05-19 00:00:00+05:30,0.001976280350268134,5642192.651199753,0.0
2025-05-20 00:00:00+05:30,-0.009467110312049824,5588777.390969008,-0.009467110312049831
2025-05-21 00:00:00+05:30,0.006343252978289305,5624228.419799269,-0.0031839096094431474
2025-05-22 00:00:00+05:30,0.0008489000094137843,5629002.827357783,-0.0023377124209266187
2025-05-23 00:00:00+05:30,0.0075698003111744775,5671613.254711917,0.0
2025-05-26 00:00:00+05:30,0.009102291266077476,5723237.93050485,0.0
2025-05-27 00:00:00+05:30,0.001350771337296788,5730968.7162579065,0.0
2025-05-28 00:00:00+05:30,0.001619538549014259,5740250.241017081,0.0
2025-05-29 00:00:00+05:30,0.00918854068176997,5792994.763880206,0.0
2025-05-30 00:00:00+05:30,-0.00030531076464032224,5791226.100219289,-0.0003053107646402431
2025-06-02 00:00:00+05:30,0.004149981268315903,5815259.580055782,0.0
2025-06-03 00:00:00+05:30,-0.002370457392161144,5801474.754996902,-0.0023704573921611294
2025-06-04 00:00:00+05:30,0.002884225219643825,5818207.514796391,0.0
2025-06-05 00:00:00+05:30,0.005637123624228463,5851005.469828715,0.0
2025-06-06 00:00:00+05:30,0.001089742802896398,5857381.560929168,0.0
2025-06-09 00:00:00+05:30,0.0075499571314150285,5901604.540616524,0.0
2025-06-10 00:00:00+05:30,0.0017244607589923092,5911781.62606191,0.0
2025-06-11 00:00:00+05:30,-0.004944962227260601,5882548.08922522,-0.0049449622272607074
2025-06-12 00:00:00+05:30,-0.015494887233685877,5791398.669935941,-0.020363227828860353
2025-06-13 00:00:00+05:30,-0.003696043283505274,5769993.409779822,-0.023984007740918245
2025-06-16 00:00:00+05:30,0.003329185084989794,5789202.78578015,-0.020734669856777965
2025-06-17 00:00:00+05:30,-0.004811480053180449,5761348.152052552,-0.02544638545953326
2025-06-18 00:00:00+05:30,-0.0017702558924001615,5751149.091538212,-0.027171594738133464
2025-06-19 00:00:00+05:30,-0.014103921131167244,5670035.338337573,-0.040892289840105955
2025-06-20 00:00:00+05:30,0.013157402450818057,5744638.275194442,-0.028272923703849484
2025-06-23 00:00:00+05:30,0.0016007277316146197,5753833.87698964,-0.026717453225261534
2025-06-24 00:00:00+05:30,0.013410816552099077,5830997.487585201,-0.013664939537105791
2025-06-25 00:00:00+05:30,0.013897623507722376,5912034.4953421345,0.0
2025-06-26 00:00:00+05:30,0.008827697946636185,5964224.150117109,0.0
2025-06-27 00:00:00+05:30,0.00771621214613424,6010245.36894651,0.0
2025-06-30 00:00:00+05:30,0.007752114445600964,6056837.478892727,0.0
2025-07-01 00:00:00+05:30,0.0021515100775580205,6069868.825766696,0.0
2025-07-02 00:00:00+05:30,0.001657762828587182,6079931.228680451,0.0
2025-07-03 00:00:00+05:30,-0.0012710005927789813,6072203.632484743,-0.0012710005927789592
2025-07-04 00:00:00+05:30,0.0001864695931887512,6073335.913825853,-0.0010847680025535267
2025-07-07 00:00:00+05:30,-0.0017288381252632506,6062836.0991505,-0.0028117307395368885
2025-07-08 00:00:00+05:30,-0.002710958932015734,6046399.99947416,-0.005515067184989952
2025-07-09 00:00:00+05:30,0.005985086640210743,6082588.227332383,0.0
2025-07-10 00:00:00+05:30,0.0013571507725991198,6090843.21664451,0.0
2025-07-11 00:00:00+05:30,-0.0026031867683353536,6074987.614174936,-0.002603186768335264
2025-07-14 00:00:00+05:30,0.015068967249193214,6166531.403572192,0.0
2025-07-15 00:00:00+05:30,0.011402564105185599,6236845.673208064,0.0
2025-07-16 00:00:00+05:30,0.001726243075149156,6247611.984862214,0.0
2025-07-17 00:00:00+05:30,0.008815300629650519,6302686.562726182,0.0
2025-07-18 00:00:00+05:30,-0.001293078291234151,6294536.695555467,-0.001293078291234262
2025-07-21 00:00:00+05:30,0.005806565648397987,6331086.33610446,0.0
2025-07-22 00:00:00+05:30,-0.001491732861682117,6321642.046566746,-0.001491732861682138
2025-07-23 00:00:00+05:30,0.003624867451622887,6344557.161062156,0.0
2025-07-24 00:00:00+05:30,-0.0024077463881638896,6329281.0764731085,-0.0024077463881639893
2025-07-25 00:00:00+05:30,-0.012593704604983564,6249571.980234094,-0.014971128546371282
2025-07-28 00:00:00+05:30,-0.004227367065065351,6223152.745474097,-0.019135207155692835
2025-07-29 00:00:00+05:30,0.018872375989440433,6340598.423926403,-0.0006239579903304371
2025-07-30 00:00:00+05:30,0.002613155641908485,6357167.394470962,0.0
2025-07-31 00:00:00+05:30,-0.0052300418147123474,6323919.143174753,-0.005230041814712316
2025-08-01 00:00:00+05:30,-0.01142758646803657,6251652.010349252,-0.016597861527679725
2025-08-04 00:00:00+05:30,0.022206133348203354,6390477.028537631,0.0
2025-08-05 00:00:00+05:30,-0.004972860573870777,6358698.077274189,-0.004972860573870808
2025-08-06 00:00:00+05:30,-0.007083519841741575,6313656.113276173,-0.012021155059067201
2025-08-07 00:00:00+05:30,0.0020970864831212992,6326896.396170401,-0.009949277977731708
2025-08-08 00:00:00+05:30,-0.006965614879879242,6282825.672489782,-0.016845590018885304
2025-08-11 00:00:00+05:30,0.0071625840734359895,6327826.939587732,-0.009803663900226245
2025-08-12 00:00:00+05:30,-0.005116371325335591,6295451.427282339,-0.014869876040699448
2025-08-13 00:00:00+05:30,0.015043909461639584,6390159.628574525,-4.966764792180278e-05
2025-08-14 00:00:00+05:30,-0.006608787579928968,6347928.420987438,-0.00665812698491608
2025-08-18 00:00:00+05:30,0.012968567299871768,6430251.957929783,0.0
2025-08-19 00:00:00+05:30,0.014402769124502373,6522865.392292225,0.0
2025-08-20 00:00:00+05:30,-0.002728820259145428,6505065.665062059,-0.002728820259145448
2025-08-21 00:00:00+05:30,-0.00172458052782592,6493847.155483864,-0.004448694716688517
2025-08-22 00:00:00+05:30,-0.0029236760816490548,6474861.249877492,-0.007359364255999701
2025-08-25 00:00:00+05:30,-0.0009128652900898699,6468950.573784331,-0.008265511437903106
2025-08-26 00:00:00+05:30,-0.011189368707139815,6396567.100665994,-0.019362394290011187
2025-08-28 00:00:00+05:30,-0.005147155417995886,6363642.9756572265,-0.024409888455331985
2025-08-29 00:00:00+05:30,0.000645487725740553,6367750.629089007,-0.0237801570129762
2025-09-01 00:00:00+05:30,0.015287269028190652,6465096.146060322,-0.008856421642575274
2025-09-02 00:00:00+05:30,0.006268513584263141,6505622.689075467,-0.0026434246576868548
2025-09-03 00:00:00+05:30,0.011451476946660984,6580121.677323089,0.0
2025-09-04 00:00:00+05:30,-0.0032649851262429464,6558637.67791776,-0.0032649851262429586
2025-09-05 00:00:00+05:30,0.0026905397885474,6576283.953548864,-0.0005832299100866356
2025-09-08 00:00:00+05:30,0.01596089761508549,6681247.3484191885,0.0
2025-09-09 00:00:00+05:30,0.00877817173015981,6739896.485015287,0.0
2025-09-10 00:00:00+05:30,0.004416795375519482,6769665.228641783,0.0
2025-09-11 00:00:00+05:30,-8.092906902734052e-06,6769610.442371325,-8.092906902734676e-06
2025-09-12 00:00:00+05:30,0.005904585457822238,6809582.185744471,0.0
2025-09-15 00:00:00+05:30,0.0069715157102050365,6857055.294932321,0.0
2025-09-16 00:00:00+05:30,0.004563756217518104,6888349.223668434,0.0
2025-09-17 00:00:00+05:30,0.0046490951839979,6920373.814869887,0.0
2025-09-18 00:00:00+05:30,8.152771030220199e-05,6920938.017101448,0.0
2025-09-19 00:00:00+05:30,0.010473368740302589,6993423.5529833315,0.0
2025-09-22 00:00:00+05:30,0.005654076512842772,7032964.904838615,0.0
2025-09-23 00:00:00+05:30,-0.0031672215473654746,7010689.946850145,-0.003167221547365484
2025-09-24 00:00:00+05:30,-0.0065773407548096454,6964578.250143394,-0.00972373040681207
2025-09-25 00:00:00+05:30,-0.007863543440580068,6909811.9865280725,-0.017510810870933646
2025-09-26 00:00:00+05:30,-0.02026390808326927,6769792.191560395,-0.03741988149225084
2025-09-29 00:00:00+05:30,0.008579165314210423,6827871.357914642,-0.02916174752740064
2025-09-30 00:00:00+05:30,-0.00400967038454351,6800493.8443413405,-0.03305448891652174
2025-10-01 00:00:00+05:30,0.014571168515558647,6899584.986136258,-0.01896496292916139
2025-10-03 00:00:00+05:30,0.006258335731996417,6942764.905390942,-0.012825316302320311
2025-10-06 00:00:00+05:30,0.007959911124697606,6998028.696997522,-0.004967493555535385
2025-10-07 00:00:00+05:30,0.00017757767860849437,6999271.390688372,-0.0047907979929009414
2025-10-08 00:00:00+05:30,-0.0010005613555807114,6992268.190217627,-0.0057865658611475634
2025-10-09 00:00:00+05:30,0.01041570208850066,7065097.572609835,0.0
2025-10-10 00:00:00+05:30,0.001182848080175132,7073454.509709846,0.0
2025-10-13 00:00:00+05:30,0.004012547281576295,7101837.0803741375,0.0
2025-10-14 00:00:00+05:30,-0.003277111076987679,7078563.571411081,-0.0032771110769878042
2025-10-15 00:00:00+05:30,0.00914505477510334,7143297.423000687,0.0
2025-10-16 00:00:00+05:30,0.011472463178320508,7225248.639657853,0.0
2025-10-17 00:00:00+05:30,0.0009519480901107939,7232126.701300952,0.0
2025-10-20 00:00:00+05:30,0.010793408582743472,7310185.999710262,0.0
2025-10-21 00:00:00+05:30,0.005840361070285707,7352880.125439517,0.0
2025-10-23 00:00:00+05:30,-0.008859520375502859,7287737.134149556,-0.00885952037550286
2025-10-24 00:00:00+05:30,-0.004128840585340039,7257647.22929479,-0.012951781413549801
2025-10-27 00:00:00+05:30,0.011101877762196866,7338220.741675568,-0.001993692745408837
2025-10-28 00:00:00+05:30,0.007640299198437487,7394286.943726148,0.0
2025-10-29 00:00:00+05:30,0.007200213871229805,7447527.391146218,0.0
2025-10-30 00:00:00+05:30,0.0005976759508284485,7451978.599161042,0.0
2025-10-31 00:00:00+05:30,-0.006091560848165227,7406584.4180850275,-0.006091560848165201
2025-11-03 00:00:00+05:30,0.00836929343393827,7468572.296423216,0.0
2025-11-04 00:00:00+05:30,-0.0013339384974048892,7458609.680316366,-0.0013339384974048185
2025-11-06 00:00:00+05:30,-0.013288464076169121,7359496.213521315,-0.01460467657977138
2025-11-07 00:00:00+05:30,0.01097484591447412,7440265.550472867,-0.0037901147403910374
2025-11-10 00:00:00+05:30,0.004544003664221749,7474074.144396997,0.0
2025-11-11 00:00:00+05:30,0.009809050921692595,7547387.718271893,0.0
2025-11-12 00:00:00+05:30,0.011108656797734208,7631229.058153611,0.0
2025-11-13 00:00:00+05:30,0.001397339618112938,7641892.476851462,0.0
2025-11-14 00:00:00+05:30,0.00740423374198984,7698474.834981224,0.0
2025-11-17 00:00:00+05:30,0.0034390969425300184,7724950.636248352,0.0
2025-11-18 00:00:00+05:30,-0.0034235951146279575,7698503.532989349,-0.0034235951146280863
2025-11-19 00:00:00+05:30,0.006814895911139634,7750968.033238213,0.0
2025-11-20 00:00:00+05:30,-0.0009837709014986552,7743342.856428666,-0.000983770901498704
2025-11-21 00:00:00+05:30,-0.01351864527940796,7638663.351075769,-0.014489116931053148
2025-11-24 00:00:00+05:30,-0.0054533704312868,7597006.890222459,-0.019863472840492613
2025-11-25 00:00:00+05:30,0.00560883245804261,7639617.229052312,-0.014366051273647207
2025-11-26 00:00:00+05:30,0.010526381821581271,7720034.7569760475,-0.003990891993040702
2025-11-27 00:00:00+05:30,0.0002661026877526229,7722089.078974422,-0.003725851292374016
2025-11-28 00:00:00+05:30,0.00020172430054730798,7723646.811992642,-0.0035248785865726884
2025-12-01 00:00:00+05:30,-2.0986717390380748e-05,7723484.717999775,-0.003545791328332437
2025-12-02 00:00:00+05:30,-0.00453939138806044,7688424.79798507,-0.00806908698177311
2025-12-03 00:00:00+05:30,-0.006350441980907777,7639599.902380894,-0.014368286693964172
2025-12-04 00:00:00+05:30,-0.002139186004750638,7623257.377187827,-0.016476736260906844
2025-12-05 00:00:00+05:30,-0.0025564983963115508,7603768.531928375,-0.018991111907391
2025-12-08 00:00:00+05:30,-0.014006198763210085,7497268.638520745,-0.0327313173824918
2025-12-09 00:00:00+05:30,0.00888797829824601,7563904.199476038,-0.02413425432281424
2025-12-10 00:00:00+05:30,-0.005741978315880392,7520472.42557925,-0.029737654273703118
2025-12-11 00:00:00+05:30,0.008400929613083396,7583651.385083675,-0.021586548601031375
2025-12-12 00:00:00+05:30,0.01112745877995029,7668038.153272708,-0.010699293250840292
2025-12-15 00:00:00+05:30,0.005033691349376099,7706636.690591522,-0.005719458841345504
2025-12-16 00:00:00+05:30,-0.0040422327346638694,7675484.6714866515,-0.009738572192256267
2025-12-17 00:00:00+05:30,-0.00404657759127844,7644425.227212812,-0.013745741895530572
2025-12-18 00:00:00+05:30,-0.0031778107268666993,7620132.690725044,-0.01687987125635293
2025-12-19 00:00:00+05:30,0.01514347080037063,7735527.947621988,-0.0019920202934670117
2025-12-22 00:00:00+05:30,0.012742139734477744,7834095.125650546,0.0
2025-12-23 00:00:00+05:30,0.004809712495391045,7871774.870866468,0.0
2025-12-24 00:00:00+05:30,-4.859114406811251e-05,7871392.372319646,-4.859114406807752e-05
2025-12-26 00:00:00+05:30,0.0013203330796397843,7881785.232051645,0.0
2025-12-29 00:00:00+05:30,-0.0014986912987455393,7869972.869105788,-0.0014986912987455803
2025-12-30 00:00:00+05:30,0.011192448644806417,7958057.136279275,0.0
2025-12-31 00:00:00+05:30,0.01173434900644538,8051439.75612961,0.0
2026-01-01 00:00:00+05:30,0.005366182417629392,8094645.250585556,0.0
2026-01-02 00:00:00+05:30,-0.0010503201217828362,8086143.281800172,-0.001050320121782855
2026-01-05 00:00:00+05:30,-0.0055356429104325,8041381.280069533,-0.0065801488350796244
2026-01-06 00:00:00+05:30,0.007229706523385053,8099518.106767079,0.0
2026-01-07 00:00:00+05:30,0.004254908387963571,8133980.8142980235,0.0
2026-01-08 00:00:00+05:30,-0.026747120706005253,7916420.247637664,-0.026747120706005156
2026-01-09 00:00:00+05:30,-0.010357303071725697,7834427.483889735,-0.036827395742282665
2026-01-12 00:00:00+05:30,-0.0012008664154203074,7825019.383040287,-0.03798403737498868
2026-01-13 00:00:00+05:30,0.0029000755032900062,7847712.530065811,-0.03519411844800591
2026-01-14 00:00:00+05:30,0.005811968752842777,7893323.190071846,-0.029586696811866764
2026-01-15 00:00:00+05:30,0.0,7893323.190071846,-0.029586696811866764
2026-01-16 00:00:00+05:30,-0.007516566099114103,7833992.504572001,-0.03688087254874006
2026-01-19 00:00:00+05:30,-0.004799863355747277,7796390.411020108,-0.04150371275581266
2026-01-20 00:00:00+05:30,-0.027970602113003857,7578320.676915825,-0.06831343103311127
2026-01-21 00:00:00+05:30,-0.005103913703229577,7539641.582165446,-0.07306867887957635
2026-01-22 00:00:00+05:30,0.020611981308214143,7695048.533527674,-0.05396278781464403
2026-01-23 00:00:00+05:30,-0.019002109936486537,7548826.375326982,-0.0719394909245974
2026-01-27 00:00:00+05:30,0.011579500150025006,7636238.011472593,-0.06119301412052647
2026-01-28 00:00:00+05:30,0.022358135759067456,7806970.057621649,-0.04020304007867226
2026-01-29 00:00:00+05:30,0.011962733360587303,7900362.758775067,-0.028721244966830928
2026-01-30 00:00:00+05:30,0.003454733823327974,7927656.409214367,-0.025365735399938028
2026-02-02 00:00:00+05:30,-0.007976691947986907,7864419.936168579,-0.03314009269060558
2026-02-03 00:00:00+05:30,0.046731137202837066,8231933.223226402,0.0
2026-02-04 00:00:00+05:30,0.014388872292266104,8350381.459093869,0.0
2026-02-05 00:00:00+05:30,-0.0008227567721923228,8343511.12619801,-0.0008227567721923457
2026-02-06 00:00:00+05:30,0.002248715820806318,8362273.311668563,0.0
2026-02-09 00:00:00+05:30,0.01763146756770133,8509712.462355502,0.0
2026-02-10 00:00:00+05:30,0.004187544990474174,8545347.266147615,0.0
2026-02-11 00:00:00+05:30,0.00929850630349986,8624806.231567485,0.0
2026-02-12 00:00:00+05:30,-0.00027084349677276723,8622470.25888874,-0.00027084349677275465
2026-02-13 00:00:00+05:30,-0.017395702983867972,8472476.327277876,-0.017661834967615753
2026-02-16 00:00:00+05:30,0.0033791566850546574,8501106.152298165,-0.014342360390262154
2026-02-17 00:00:00+05:30,0.005690374043997527,8549480.626092471,-0.008733599741558962
2026-02-18 00:00:00+05:30,0.010018272690713266,8635131.654368635,0.0
2026-02-19 00:00:00+05:30,-0.015914206665182624,8497710.384639954,-0.015914206665182395
2026-02-20 00:00:00+05:30,0.007622972163671668,8562488.194357008,-0.008412548055926394
2026-02-23 00:00:00+05:30,0.007650313753106636,8627993.91555111,-0.0008265929349108303
2026-02-24 00:00:00+05:30,0.002875433397460796,8652803.137408974,0.0
2026-02-25 00:00:00+05:30,0.007125669241980422,8714460.15058212,0.0
2026-02-26 00:00:00+05:30,0.005950255827973883,8766313.417880766,0.0
2026-02-27 00:00:00+05:30,-0.006646269271099864,8708050.138390675,-0.006646269271099792
2026-03-02 00:00:00+05:30,-0.013271957039660493,8592477.271054745,-0.019830017310520254
2026-03-04 00:00:00+05:30,-0.025073011988935145,8377037.985422937,-0.044405831037687804
2026-03-05 00:00:00+05:30,0.02494084715139868,8585968.409398833,-0.020572502930830683
2026-03-06 00:00:00+05:30,-0.0018052466606528156,8570468.618599294,-0.022340611149266554
2026-03-09 00:00:00+05:30,-0.014534039629459101,8445905.088053538,-0.03654995145093576
2026-03-10 00:00:00+05:30,0.013504244068221443,8559960.651739646,-0.023539286847789387
2026-03-11 00:00:00+05:30,-0.013479103563857888,8444580.0556123,-0.03670110192640641
2026-03-12 00:00:00+05:30,0.00021398711123433618,8446387.086903986,-0.03649496837795263
2026-03-13 00:00:00+05:30,-0.03392992081655344,8159801.841859375,-0.06918661780723934
2026-03-16 00:00:00+05:30,0.00378280041463956,8190668.743650137,-0.06566553655912855
2026-03-17 00:00:00+05:30,0.018205509798562475,8339784.043719441,-0.048655501329820994
2026-03-18 00:00:00+05:30,0.014089839502040983,8457290.26237713,-0.03525121003240861
2026-03-19 00:00:00+05:30,-0.022862660464055946,8263934.106662436,-0.05730793405054624
2026-03-20 00:00:00+05:30,0.01362707383848716,8376547.346930318,-0.04446179966089703
2026-03-23 00:00:00+05:30,-0.03774162885795545,8060402.805851382,-0.08052536777769415
2026-03-24 00:00:00+05:30,0.026528138312221665,8274230.286337226,-0.05613341755952184
2026-03-25 00:00:00+05:30,0.02404933813779136,8473220.048323302,-0.03343405096144958
2026-03-27 00:00:00+05:30,-0.008055042000252659,8404967.904956676,-0.04121978027696893
2026-03-30 00:00:00+05:30,-0.02159219177064407,8223486.2261267435,-0.06192194664712891
2026-04-01 00:00:00+05:30,0.022594120363077425,8409288.66372396,-0.04072689819971276
2026-04-02 00:00:00+05:30,-0.0026023817887539584,8387404.484049111,-0.04322329305027928
2026-04-06 00:00:00+05:30,0.015067538778022678,8513782.02635948,-0.02880702291640569
2026-04-07 00:00:00+05:30,0.001491394325040927,8526479.43255823,-0.02735859122186346
2026-04-08 00:00:00+05:30,0.03709474903585771,8842767.04726838,0.0
2026-04-09 00:00:00+05:30,0.012468342014216026,8953021.69116576,0.0
2026-04-10 00:00:00+05:30,0.0223407702391716,9153039.091714414,0.0
2026-04-13 00:00:00+05:30,0.0007906987208707065,9160276.388016311,0.0
2026-04-15 00:00:00+05:30,0.012626953297848175,9275942.770163177,0.0
2026-04-16 00:00:00+05:30,0.011682088230200113,9384305.152022507,0.0
2026-04-17 00:00:00+05:30,0.017120459985413543,9544968.77286862,0.0
2026-04-20 00:00:00+05:30,0.00722415701419089,9613923.125979371,0.0
2026-04-21 00:00:00+05:30,0.006261456250815151,9674120.285031391,0.0
2026-04-22 00:00:00+05:30,0.008695153995149824,9758238.250677342,0.0
2026-04-23 00:00:00+05:30,0.0008255363446979709,9766294.0310135,0.0
2026-04-24 00:00:00+05:30,-0.003789318724369744,9729286.430174079,-0.003789318724369828
2026-04-27 00:00:00+05:30,0.018284492501448316,9907181.49495104,0.0
2026-04-28 00:00:00+05:30,0.0010160902504514548,9917248.085477512,0.0
2026-04-29 00:00:00+05:30,0.0032875085565311933,9949851.123415763,0.0
2026-04-30 00:00:00+05:30,-0.005788011575888826,9892261.26993506,-0.0057880115758889294
2026-05-01 00:00:00+05:30,0.0,9892261.26993506,-0.0057880115758889294
2026-05-04 00:00:00+05:30,0.019083828103158552,10081043.483562032,0.0
2026-05-05 00:00:00+05:30,0.008375559994831425,10165477.86806911,0.0
2026-05-06 00:00:00+05:30,0.004072612807610896,10206877.923430096,0.0
2026-05-07 00:00:00+05:30,0.018670559887337252,10397446.04896224,0.0
2026-05-08 00:00:00+05:30,-0.0012695366070320081,10384246.110583441,-0.0012695366070319958
2026-05-11 00:00:00+05:30,-0.004108385064487489,10341583.62895676,-0.005372705926284249
2026-05-12 00:00:00+05:30,-0.027327193819870137,10058977.168723863,-0.0325530787699696
2026-05-13 00:00:00+05:30,0.012025602796856197,10179942.43269758,-0.020918946368215896
2026-05-14 00:00:00+05:30,0.009194265855593844,10273539.529818444,-0.011917014866950182
2026-05-15 00:00:00+05:30,-0.007846830686043872,10192924.804581579,-0.01967033475505009
2026-05-18 00:00:00+05:30,-0.005414964365797879,10137730.479981514,-0.024978784959085898
2026-05-19 00:00:00+05:30,0.0015376934283313647,10153319.201518774,-0.023479501244234036
2026-05-20 00:00:00+05:30,0.012995043378197055,10285262.024975194,-0.010789575003203988
2026-05-21 00:00:00+05:30,0.0062754078518530146,10349806.239045087,-0.00458187613504446
2026-05-22 00:00:00+05:30,0.00010179420248476674,10350859.789317064,-0.004480548340986545
2026-05-25 00:00:00+05:30,0.010555669800603452,10460120.047405438,0.0
2026-05-26 00:00:00+05:30,0.011376418721466356,10579118.752941526,0.0
2026-05-27 00:00:00+05:30,0.012222357121132144,10708420.520366846,0.0
2026-05-28 00:00:00+05:30,0.0,10708420.520366846,0.0
2026-05-29 00:00:00+05:30,-0.0033824307812832504,10672200.029179832,-0.0033824307812831966
2026-06-01 00:00:00+05:30,-0.012552273308053502,10538239.65761535,-0.015892246893724482
2026-06-02 00:00:00+05:30,0.006759135596264444,10609469.048407104,-0.009240529149143972
2026-06-03 00:00:00+05:30,0.011194616001258909,10728237.980381262,0.0
2026-06-04 00:00:00+05:30,0.0032200509044914565,10762783.452793589,0.0
2026-06-05 00:00:00+05:30,0.0034087952032871884,10799471.57740149,0.0
2026-06-08 00:00:00+05:30,-0.016191751307929072,10624609.219363159,-0.016191751307928937
2026-06-09 00:00:00+05:30,0.016482547402444828,10799729.844453763,0.0
2026-06-10 00:00:00+05:30,-0.008097306537249339,10712281.121383741,-0.008097306537249271
2026-06-11 00:00:00+05:30,-0.0052607428103698724,10655926.56549176,-0.013315451500470088
2026-06-12 00:00:00+05:30,0.018065863281722543,10848435.07796401,0.0
2026-06-15 00:00:00+05:30,0.007732203560421818,10932317.38629885,0.0
2026-06-16 00:00:00+05:30,-0.0035687470863245627,10893302.71047972,-0.0035687470863247084
2026-06-17 00:00:00+05:30,0.007290732628695609,10972722.867985273,0.0
2026-06-18 00:00:00+05:30,0.007561940839625795,11055697.949162586,0.0
2026-06-19 00:00:00+05:30,0.011515610352442182,11183011.058919435,0.0
2026-06-22 00:00:00+05:30,0.005531220374737379,11244866.757539444,0.0
2026-06-23 00:00:00+05:30,-0.0034036366187069223,11206593.317271002,-0.0034036366187070177
2026-06-24 00:00:00+05:30,-0.004423400139732958,11157022.070825456,-0.007811981111745081
2026-06-25 00:00:00+05:30,0.00023229234835844636,11159613.761682974,-0.007581503426824399
2026-06-26 00:00:00+05:30,0.0,11159613.761682974,-0.007581503426824399
2026-06-29 00:00:00+05:30,0.012334566789039825,11297262.76296634,0.0
2026-06-30 00:00:00+05:30,0.0023253801978931213,11323533.194085738,0.0
2026-07-01 00:00:00+05:30,-0.0023344440677107877,11297099.039195277,-0.0023344440677108835
2026-07-02 00:00:00+05:30,0.0038445933547378943,11340531.791089185,0.0
2026-07-03 00:00:00+05:30,-0.009338848790376062,11234624.279489748,-0.009338848790376275
2026-07-06 00:00:00+05:30,0.009029784606771805,11336070.51687155,-0.00039339197665677617
2026-07-07 00:00:00+05:30,-0.007899729633946799,11246518.62467691,-0.008290013920347672
2026-07-08 00:00:00+05:30,-0.007633681111661367,11160666.287879765,-0.015860411709329947
2026-07-09 00:00:00+05:30,0.017410294809013606,11354976.778216772,0.0
2026-07-10 00:00:00+05:30,0.00954470268787978,11463356.65559263,0.0
2026-07-13 00:00:00+05:30,-0.00375821252146827,11420274.925071526,-0.0037582125214681295
2026-07-14 00:00:00+05:30,0.0015731288352723808,11438240.488862894,-0.002190995838682319
2026-07-15 00:00:00+05:30,0.00762237306954634,11525427.025128197,0.0
2026-07-16 00:00:00+05:30,-0.003923071054165845,11480211.955979016,-0.003923071054165894
2026-07-17 00:00:00+05:30,-0.008447078984450003,11383237.698828634,-0.012337011547559729
2026-07-20 00:00:00+05:30,0.0071750133831936435,11464912.581661804,-0.00525051638732843
2026-07-21 00:00:00+05:30,0.0053669986665631905,11526444.752199845,0.0
2026-07-22 00:00:00+05:30,-0.005337150958829918,11464926.376538742,-0.005337150958829917
2026-07-23 00:00:00+05:30,-0.009990105370506657,11350390.553972017,-0.015273937628879741
2026-07-24 00:00:00+05:30,-0.00628670632573316,11279033.98187682,-0.02146462119430248
2026-07-27 00:00:00+05:30,0.011786292139143445,11411971.971434547,-0.00993131735121111
2026-07-28 00:00:00+05:30,-0.003949280996810546,11366902.887391625,-0.013841376785133308
2026-07-29 00:00:00+05:30,0.009524381178967489,11475165.60331545,-0.004448826154708985
2026-07-30 00:00:00+05:30,-0.0021471773742828514,11450526.387365863,-0.0065864511101303425
2026-07-31 00:00:00+05:30,0.011093806532921517,11577556.311807413,0.0
2026-08-04 00:00:00+05:30,0.018735443191469518,11794466.96038332,0.0
